ts,cash,margin_used,unrealized_pnl,equity,open_positions
2026-09-14T04:15:00+00:00,10000,0,0,10000,0
2026-09-14T04:30:00+00:00,10000,0,0,10000,0
2026-09-14T04:45:00+00:00,10000,0,0,10000,0
2026-09-14T05:00:00+00:00,10000,0,0,10000,0
2026-09-14T05:15:00+00:00,10000,0,0,10000,0
2026-09-14T05:30:00+00:00,10000,0,0,10000,0
2026-09-14T05:45:00+00:00,10000,0,0,10000,0
2026-09-14T06:00:00+00:00,10000,0,0,10000,0
2026-09-14T06:15:00+00:00,10000,0,0,10000,0
2026-09-14T06:30:00+00:00,10000,0,0,10000,0
2026-09-14T06:45:00+00:00,10000,0,0,10000,0
2026-09-14T07:00:00+00:00,10000,0,0,10000,0
2026-09-14T07:15:00+00:00,10000,0,0,10000,0
2026-09-14T07:30:00+00:00,10000,0,0,10000,0
2026-09-14T07:45:00+00:00,10000,0,0,10000,0
2026-09-14T08:00:00+00:00,10000,0,0,10000,0
2026-09-14T08:15:00+00:00,10000,0,0,10000,0
2026-09-14T08:30:00+00:00,10000,0,0,10000,0
2026-09-14T08:45:00+00:00,10000,0,0,10000,0
2026-09-14T09:00:00+00:00,10000,0,0,10000,0
2026-09-14T09:15:00+00:00,10000,0,0,10000,0
2026-09-14T09:30:00+00:00,10000,0,0,10000,0
2026-09-14T09:45:00+00:00,10000,0,0,10000,0
2026-09-14T10:00:00+00:00,10000,0,0,10000,0
2026-09-14T10:15:00+00:00,10000,0,0,10000,0
2026-09-14T10:30:00+00:00,10000,0,0,10000,0
2026-09-14T10:45:00+00:00,10000,0,0,10000,0
2026-09-14T11:00:00+00:00,10000,0,0,10000,0
2026-09-14T11:15:00+00:00,10000,0,0,10000,0
2026-09-14T11:30:00+00:00,10000,0,0,10000,0
2026-09-14T11:45:00+00:00,10000,0,0,10000,0
2026-09-14T12:00:00+00:00,10000,0,0,10000,0
2026-09-14T12:15:00+00:00,10000,0,0,10000,0
2026-09-14T12:30:00+00:00,10000,0,0,10000,0
2026-09-14T12:45:00+00:00,9744.817691,250,5.596669475,10000.41436,1
2026-09-14T13:00:00+00:00,9759.923047,250.0104393,7.538594495,10017.47208,1
2026-09-14T13:15:00+00:00,9505.183824,500.8646354,-0.4266953316,10005.62176,1
2026-09-14T13:30:00+00:00,9446.900915,499.9059399,7.221304776,9954.02816,1
2026-09-14T13:45:00+00:00,9405.854426,497.3281941,-12.56454202,9890.618079,1
2026-09-14T14:00:00+00:00,9815.209662,0,0,9815.209662,0
2026-09-14T14:15:00+00:00,9734.061526,0,0,9734.061526,0
2026-09-14T14:30:00+00:00,9636.455387,0,0,9636.455387,0
2026-09-14T14:45:00+00:00,9607.492922,0,0,9607.492922,0
2026-09-14T15:00:00+00:00,8616.854747,960.0291204,9.716879191,9586.600747,2
2026-09-14T15:15:00+00:00,8091.294125,1438.271927,-7.062944673,9522.503108,3
2026-09-14T15:30:00+00:00,8316.693887,1197.761695,15.34707879,9529.80266,3
2026-09-14T15:45:00+00:00,8539.974591,959.6826927,3.208239121,9502.865522,2
2026-09-14T16:00:00+00:00,8060.118038,1434.826967,10.90378057,9505.848785,3
2026-09-14T16:15:00+00:00,8995.604524,475.1129691,6.476007337,9477.1935,2
2026-09-14T16:30:00+00:00,8991.772817,473.8761106,-0.8084725503,9464.840455,1
2026-09-14T16:45:00+00:00,8885.625915,472.1778493,38.95457104,9396.758335,1
2026-09-14T17:00:00+00:00,8677.736128,705.9637292,44.98980831,9428.689665,2
2026-09-14T17:15:00+00:00,8944.419893,469.8748045,19.27607731,9433.570775,1
2026-09-14T17:30:00+00:00,8467.991477,941.5861073,31.76760389,9441.345189,2
2026-09-14T17:45:00+00:00,7534.742958,1887.057907,-0.7724367656,9421.028428,4
2026-09-14T18:00:00+00:00,7791.724083,1651.202256,8.223036695,9451.149375,4
2026-09-14T18:15:00+00:00,8905.165099,471.4282173,-2.9795848,9373.613732,1
2026-09-14T18:30:00+00:00,8431.82898,940.0778406,-17.69203425,9354.214786,2
2026-09-14T18:45:00+00:00,7959.565182,1407.665759,-31.77129861,9335.459642,3
2026-09-14T19:00:00+00:00,7913.067141,1407.665759,-14.63984227,9306.093057,3
2026-09-14T19:15:00+00:00,8785.11634,468.6496234,30.68850796,9284.454472,1
2026-09-14T19:30:00+00:00,7802.936357,1396.746845,60.98809817,9260.671301,3
2026-09-14T19:45:00+00:00,7802.936357,1396.746845,36.09942204,9235.782625,3
2026-09-14T20:00:00+00:00,8184.439696,932.8723469,-13.35871933,9103.953323,2
2026-09-14T20:15:00+00:00,8379.795556,696.3055727,-32.93500952,9043.166119,2
2026-09-14T20:30:00+00:00,8621.696164,468.6496234,-7.849908375,9082.495879,1
2026-09-14T20:45:00+00:00,7704.708137,1376.558561,85.57293627,9166.839634,3
2026-09-14T21:00:00+00:00,8191.168352,922.6040921,151.7545276,9265.526971,3
2026-09-14T21:15:00+00:00,9258.268863,0,0,9258.268863,0
2026-09-14T21:30:00+00:00,8286.235411,925.4796433,6.967625561,9218.68268,2
2026-09-14T21:45:00+00:00,7820.738677,1386.367499,22.01930745,9229.125483,3
2026-09-14T22:00:00+00:00,7820.738677,1386.367499,-29.35397171,9177.752204,3
2026-09-14T22:15:00+00:00,8054.929878,1155.923571,20.18748027,9231.040929,3
2026-09-14T22:30:00+00:00,8284.776376,925.4796433,27.73959586,9237.995616,2
2026-09-14T22:45:00+00:00,7352.056469,1848.9647,50.77013871,9251.791308,4
2026-09-14T23:00:00+00:00,7352.056469,1848.9647,69.2079716,9270.229141,4
2026-09-14T23:15:00+00:00,7352.056469,1848.9647,107.008031,9308.0292,4
2026-09-14T23:30:00+00:00,7352.056469,1848.9647,145.8409847,9346.862154,4
2026-09-14T23:45:00+00:00,7896.66694,1386.051257,63.76382517,9346.482022,3
2026-09-15T00:00:00+00:00,7897.354053,1386.051257,40.45955964,9323.864869,3
2026-09-15T00:15:00+00:00,8294.839973,924.4819757,66.11879287,9285.440742,2
2026-09-15T00:30:00+00:00,7825.955802,1388.723729,56.06421885,9270.74375,3
2026-09-15T00:45:00+00:00,7357.81383,1852.230633,80.01403364,9290.058496,4
2026-09-15T01:00:00+00:00,7856.499109,1389.989645,113.1354904,9359.624244,4
2026-09-15T01:15:00+00:00,8349.027208,927.7486569,87.18880425,9363.964669,2
2026-09-15T01:30:00+00:00,8612.969151,695.6277803,59.67657057,9368.273502,2
2026-09-15T01:45:00+00:00,8868.257678,463.5069037,30.7747141,9362.539296,1
2026-09-15T02:00:00+00:00,8379.552492,935.9027759,-20.96819331,9294.487075,2
2026-09-15T02:15:00+00:00,7441.207537,1864.957187,-30.82842604,9275.336298,4
2026-09-15T02:30:00+00:00,6972.868481,2328.659223,-23.96281671,9277.564887,5
2026-09-15T02:45:00+00:00,7414.891896,1864.306251,18.56249891,9297.760646,4
2026-09-15T03:00:00+00:00,7864.898202,1396.179287,60.94181716,9322.019305,3
2026-09-15T03:15:00+00:00,7394.185213,1862.231751,52.29073741,9308.707701,4
2026-09-15T03:30:00+00:00,7360.202804,1861.614672,44.93442918,9266.751905,4
2026-09-15T03:45:00+00:00,7757.349164,1396.179287,74.00867437,9227.537125,3
2026-09-15T04:00:00+00:00,7291.358539,1857.556143,73.46680429,9222.381486,4
2026-09-15T04:15:00+00:00,6825.788801,2318.516279,53.43601332,9197.741094,5
2026-09-15T04:30:00+00:00,8438.330923,696.5524577,20.87924055,9155.762621,2
2026-09-15T04:45:00+00:00,7761.316645,1379.934418,-7.98208425,9133.268978,3
2026-09-15T05:00:00+00:00,8169.881804,920.9106837,8.942684927,9099.735173,2
2026-09-15T05:15:00+00:00,8409.204584,692.8060617,4.201918545,9106.212564,2
2026-09-15T05:30:00+00:00,7722.97964,1374.947139,3.775548973,9101.702328,3
2026-09-15T05:45:00+00:00,7722.97964,1374.947139,31.45757811,9129.384357,3
2026-09-15T06:00:00+00:00,7722.97964,1374.947139,33.59825866,9131.525037,3
2026-09-15T06:15:00+00:00,8641.186291,454.9521427,1.570203489,9097.708637,1
2026-09-15T06:30:00+00:00,8629.88214,454.8854318,-1.061444658,9083.706127,1
2026-09-15T06:45:00+00:00,7677.768248,1362.575135,-13.89492957,9026.448453,3
2026-09-15T07:00:00+00:00,8104.470065,908.3898291,-10.78145538,9002.078439,2
2026-09-15T07:15:00+00:00,8093.334362,903.6451651,2.909593386,8999.889121,2
2026-09-15T07:30:00+00:00,8047.834007,900.1448614,-19.50637301,8928.472495,2
2026-09-15T07:45:00+00:00,8473.496576,450.1407678,-13.13288359,8910.50446,1
2026-09-15T08:00:00+00:00,8442.132271,445.5236207,2.883506283,8890.539398,1
2026-09-15T08:15:00+00:00,7544.450762,1334.317194,16.08539491,8894.853351,3
2026-09-15T08:30:00+00:00,7544.450762,1334.317194,22.80505951,8901.573016,3
2026-09-15T08:45:00+00:00,7544.450762,1334.317194,39.31244835,8918.080404,3
2026-09-15T09:00:00+00:00,7544.450762,1334.317194,25.19927124,8903.967227,3
2026-09-15T09:15:00+00:00,7544.450762,1334.317194,31.4791099,8910.247066,3
2026-09-15T09:30:00+00:00,7544.450762,1334.317194,60.61549552,8939.383452,3
2026-09-15T09:45:00+00:00,7792.035198,1111.555383,45.32064366,8948.911225,3
2026-09-15T10:00:00+00:00,8034.763494,888.7935729,22.80826827,8946.365336,2
2026-09-15T10:15:00+00:00,7582.9918,1336.09228,7.404048794,8926.488129,3
2026-09-15T10:30:00+00:00,7569.773022,1338.186583,22.43578762,8930.395393,3
2026-09-15T10:45:00+00:00,7582.264566,1340.142883,5.049626579,8927.457075,3
2026-09-15T11:00:00+00:00,7541.246297,1340.142883,4.134661337,8885.523841,3
2026-09-15T11:15:00+00:00,8410.440196,447.298707,-2.961401806,8854.777501,1
2026-09-15T11:30:00+00:00,8410.440196,447.298707,-6.736736795,8851.002166,1
2026-09-15T11:45:00+00:00,8410.440196,447.298707,-7.108462086,8850.630441,1
2026-09-15T12:00:00+00:00,7520.742273,1332.130058,0.7899921311,8853.662323,3
2026-09-15T12:15:00+00:00,7520.742273,1332.130058,4.121110464,8856.993441,3
2026-09-15T12:30:00+00:00,7520.742273,1332.130058,-5.577458136,8847.294873,3
2026-09-15T12:45:00+00:00,7489.323524,1332.130058,1.390200514,8822.843782,3
2026-09-15T13:00:00+00:00,8384.942827,447.298707,-3.031100298,8829.210434,1
2026-09-15T13:15:00+00:00,7497.398704,1329.988039,-13.29738297,8814.08936,3
2026-09-15T13:30:00+00:00,8757.663321,0,0,8757.663321,0
2026-09-15T13:45:00+00:00,8731.289569,0,0,8731.289569,0
2026-09-15T14:00:00+00:00,8674.46107,0,0,8674.46107,0
2026-09-15T14:15:00+00:00,8238.35254,433.7230535,11.69050825,8683.766102,1
2026-09-15T14:30:00+00:00,8692.40968,0,0,8692.40968,0
2026-09-15T14:45:00+00:00,8692.40968,0,0,8692.40968,0
2026-09-15T15:00:00+00:00,7619.710291,1086.095027,23.12999476,8728.935312,3
2026-09-15T15:15:00+00:00,7842.664996,869.0128465,51.00348515,8762.681328,2
2026-09-15T15:30:00+00:00,7831.845211,872.8623756,26.76977076,8731.477358,2
2026-09-15T15:45:00+00:00,7392.871383,1309.435054,20.98285754,8723.289295,3
2026-09-15T16:00:00+00:00,7813.372665,872.8623756,-6.1619429,8680.073098,2
2026-09-15T16:15:00+00:00,7813.372665,872.8623756,23.7052646,8709.940306,2
2026-09-15T16:30:00+00:00,7375.480417,1308.359391,1.213479956,8685.053287,3
2026-09-15T16:45:00+00:00,7375.480417,1308.359391,5.490994197,8689.330802,3
2026-09-15T17:00:00+00:00,7375.480417,1308.359391,-17.26365212,8666.576155,3
2026-09-15T17:15:00+00:00,7375.480417,1308.359391,31.63469966,8715.474507,3
2026-09-15T17:30:00+00:00,7843.952751,873.7389069,25.22980004,8742.921458,2
2026-09-15T17:45:00+00:00,7646.196014,1093.157504,50.83596228,8790.18948,3
2026-09-15T18:00:00+00:00,7881.169019,875.4089962,17.95972232,8774.537738,2
2026-09-15T18:15:00+00:00,7850.334602,876.969682,40.5453902,8767.849674,2
2026-09-15T18:30:00+00:00,8585.283267,0,0,8585.283267,0
2026-09-15T18:45:00+00:00,8585.283267,0,0,8585.283267,0
2026-09-15T19:00:00+00:00,7291.087447,1287.116678,-9.101358638,8569.102766,3
2026-09-15T19:15:00+00:00,7291.087447,1287.116678,-30.95404517,8547.25008,3
2026-09-15T19:30:00+00:00,7291.087447,1287.116678,-34.0005866,8544.203538,3
2026-09-15T19:45:00+00:00,7291.087447,1287.116678,16.19479835,8594.398923,3
2026-09-15T20:00:00+00:00,7679.545879,858.3030166,10.960395,8548.809291,2
2026-09-15T20:15:00+00:00,7679.545879,858.3030166,-25.204886,8512.64401,2
2026-09-15T20:30:00+00:00,7679.545879,858.3030166,-6.276888499,8531.572007,2
2026-09-15T20:45:00+00:00,7250.620812,1284.881899,9.575840395,8545.078552,3
2026-09-15T21:00:00+00:00,7250.620812,1284.881899,-14.629275,8520.873437,3
2026-09-15T21:15:00+00:00,7250.620812,1284.881899,-47.91455623,8487.588156,3
2026-09-15T21:30:00+00:00,7648.389086,855.6177361,-12.96799139,8491.03883,2
2026-09-15T21:45:00+00:00,7619.571611,855.6177361,-53.75247498,8421.436872,2
2026-09-15T22:00:00+00:00,8013.862018,426.5788828,-19.69219505,8420.748705,1
2026-09-15T22:15:00+00:00,7550.311246,841.8099891,11.38108384,8403.502319,2
2026-09-15T22:30:00+00:00,7127.851744,1261.958673,29.48599867,8419.296416,3
2026-09-15T22:45:00+00:00,7127.851744,1261.958673,61.76244129,8451.572858,3
2026-09-15T23:00:00+00:00,7356.127503,1051.561421,98.91587282,8506.604797,3
2026-09-15T23:15:00+00:00,7356.127503,1051.561421,70.3596684,8478.048593,3
2026-09-15T23:30:00+00:00,7584.403262,841.1641689,30.01947037,8455.586902,2
2026-09-15T23:45:00+00:00,7584.403262,841.1641689,12.48368921,8438.051121,2
2026-09-16T00:00:00+00:00,7584.031896,841.1641689,13.49414696,8438.690212,2
2026-09-16T00:15:00+00:00,7159.793271,1263.082244,43.60271925,8466.478235,3
2026-09-16T00:30:00+00:00,7159.793271,1263.082244,37.53678905,8460.412304,3
2026-09-16T00:45:00+00:00,7159.793271,1263.082244,23.85139414,8446.72691,3
2026-09-16T01:00:00+00:00,7159.793271,1263.082244,30.49856653,8453.374082,3
2026-09-16T01:15:00+00:00,7159.793271,1263.082244,40.41321512,8463.288731,3
2026-09-16T01:30:00+00:00,7562.69073,841.1641689,-1.879833155,8401.975065,2
2026-09-16T01:45:00+00:00,7527.242897,841.1641689,-22.46004668,8345.947019,2
2026-09-16T02:00:00+00:00,7527.242897,841.1641689,6.995137336,8375.402203,2
2026-09-16T02:15:00+00:00,7106.169271,1259.934557,67.52243312,8433.626262,3
2026-09-16T02:30:00+00:00,7321.510561,1050.549363,76.37950604,8448.43943,3
2026-09-16T02:45:00+00:00,7536.851851,841.1641689,44.19102857,8422.207048,2
2026-09-16T03:00:00+00:00,7536.851851,841.1641689,68.66620169,8446.682222,2
2026-09-16T03:15:00+00:00,7112.194902,1263.49828,51.97435355,8427.667536,3
2026-09-16T03:30:00+00:00,7519.602879,841.1641689,61.94119407,8422.708242,2
2026-09-16T03:45:00+00:00,7519.602879,841.1641689,67.17624735,8427.943295,2
2026-09-16T04:00:00+00:00,7095.904555,1262.544898,94.78038077,8453.229834,3
2026-09-16T04:15:00+00:00,7095.904555,1262.544898,104.8673819,8463.316835,3
2026-09-16T04:30:00+00:00,7512.861946,841.1641689,97.59913991,8451.625255,2
2026-09-16T04:45:00+00:00,7087.956206,1263.74571,75.34435877,8427.046275,3
2026-09-16T05:00:00+00:00,7496.582673,841.1641689,64.38045768,8402.127299,2
2026-09-16T05:15:00+00:00,7074.181969,1261.254377,79.20490307,8414.641249,3
2026-09-16T05:30:00+00:00,7074.181969,1261.254377,85.58818147,8421.024527,3
2026-09-16T05:45:00+00:00,7074.181969,1261.254377,74.78201191,8410.218357,3
2026-09-16T06:00:00+00:00,7074.181969,1261.254377,73.97308626,8409.409432,3
2026-09-16T06:15:00+00:00,7074.181969,1261.254377,56.80039036,8392.236736,3
2026-09-16T06:30:00+00:00,7467.441647,841.1641689,62.73401847,8371.339834,2
2026-09-16T06:45:00+00:00,7046.572257,1259.731439,99.9513169,8406.255013,3
2026-09-16T07:00:00+00:00,7046.572257,1259.731439,57.48414146,8363.787837,3
2026-09-16T07:15:00+00:00,7046.572257,1259.731439,32.99733724,8339.301033,3
2026-09-16T07:30:00+00:00,7046.572257,1259.731439,23.68541322,8329.989109,3
2026-09-16T07:45:00+00:00,7046.572257,1259.731439,3.066884616,8309.37058,3
2026-09-16T08:00:00+00:00,7848.520049,421.0154848,3.812621582,8273.348156,1
2026-09-16T08:15:00+00:00,7848.520049,421.0154848,-12.62250896,8256.913025,1
2026-09-16T08:30:00+00:00,7018.505329,1246.490095,-1.249301338,8263.746122,3
2026-09-16T08:45:00+00:00,7231.417861,1040.067269,19.37373322,8290.858864,3
2026-09-16T09:00:00+00:00,7231.417861,1040.067269,8.026108919,8279.511239,3
2026-09-16T09:15:00+00:00,7444.330393,833.6444437,11.78880337,8289.76364,2
2026-09-16T09:30:00+00:00,7027.546001,1248.149061,27.90558996,8303.600652,3
2026-09-16T09:45:00+00:00,7027.546001,1248.149061,47.9979626,8323.693024,3
2026-09-16T10:00:00+00:00,7027.546001,1248.149061,32.87283823,8308.5679,3
2026-09-16T10:15:00+00:00,7247.510501,1041.834581,70.39578263,8359.740865,3
2026-09-16T10:30:00+00:00,7247.510501,1041.834581,72.51331491,8361.858397,3
2026-09-16T10:45:00+00:00,7247.510501,1041.834581,79.41483109,8368.759913,3
2026-09-16T11:00:00+00:00,7247.510501,1041.834581,60.09855167,8349.443634,3
2026-09-16T11:15:00+00:00,7247.510501,1041.834581,69.04980008,8358.394882,3
2026-09-16T11:30:00+00:00,7459.892358,834.5822728,122.8588983,8417.333529,3
2026-09-16T11:45:00+00:00,7459.892358,834.5822728,111.2900858,8405.764716,3
2026-09-16T12:00:00+00:00,7911.089046,421.0154848,22.87737301,8354.981903,1
2026-09-16T12:15:00+00:00,7911.089046,421.0154848,6.113539857,8338.21807,1
2026-09-16T12:30:00+00:00,7911.089046,421.0154848,0.5255954746,8332.630126,1
2026-09-16T12:45:00+00:00,7492.182591,837.630556,2.728462384,8332.54161,2
2026-09-16T13:00:00+00:00,7858.212944,421.0154848,-15.90953506,8263.318894,1
2026-09-16T13:15:00+00:00,7858.212944,421.0154848,-14.92342723,8264.305002,1
2026-09-16T13:30:00+00:00,7419.727866,834.030275,-16.42664525,8237.331496,2
2026-09-16T13:45:00+00:00,7403.363293,834.030275,-27.79569663,8209.597871,2
2026-09-16T14:00:00+00:00,7771.509127,421.0154848,-33.98817865,8158.536433,1
2026-09-16T14:15:00+00:00,7771.509127,421.0154848,-18.86785856,8173.656753,1
2026-09-16T14:30:00+00:00,7731.888486,421.0154848,-33.33077343,8119.573197,1
2026-09-16T14:45:00+00:00,7682.232725,421.0154848,-48.12239092,8055.125819,1
2026-09-16T15:00:00+00:00,7277.244749,823.7882109,-25.00891969,8076.02404,2
2026-09-16T15:15:00+00:00,7234.798017,824.8347007,-57.8390543,8001.793663,2
2026-09-16T15:30:00+00:00,7625.739842,421.0154848,-44.5066622,8002.248665,1
2026-09-16T15:45:00+00:00,6821.324903,1221.030342,-47.20627234,7995.148973,3
2026-09-16T16:00:00+00:00,6820.938821,1221.030342,-30.33505114,8011.634112,3
2026-09-16T16:15:00+00:00,6820.938821,1221.030342,-37.83535292,8004.13381,3
2026-09-16T16:30:00+00:00,6820.938821,1221.030342,-68.0728612,7973.896302,3
2026-09-16T16:45:00+00:00,6420.06771,1619.708722,-40.16970278,7999.606729,4
2026-09-16T17:00:00+00:00,6420.06771,1619.708722,-43.9342104,7995.842222,4
2026-09-16T17:15:00+00:00,6420.06771,1619.708722,-54.85877291,7984.917659,4
2026-09-16T17:30:00+00:00,7617.52119,421.0154848,-85.59448854,7952.942187,1
2026-09-16T17:45:00+00:00,7580.562736,421.0154848,-64.88622406,7936.691997,1
2026-09-16T18:00:00+00:00,7553.82906,421.0154848,-21.82618206,7953.018363,1
2026-09-16T18:15:00+00:00,7139.970719,818.4576859,27.63613538,7986.06454,2
2026-09-16T18:30:00+00:00,7519.140645,421.0154848,28.79402,7968.95015,1
2026-09-16T18:45:00+00:00,7472.021138,421.0154848,-9.664185458,7883.372437,1
2026-09-16T19:00:00+00:00,7409.556537,421.0154848,27.80791217,7858.379934,1
2026-09-16T19:15:00+00:00,7366.590863,421.0154848,6.770945079,7794.377293,1
2026-09-16T19:30:00+00:00,7309.505034,421.0154848,51.80320275,7782.323722,1
2026-09-16T19:45:00+00:00,6527.230787,1199.010758,67.93282023,7794.174365,3
2026-09-16T20:00:00+00:00,6726.013596,1004.460882,99.15949779,7829.633976,3
2026-09-16T20:15:00+00:00,6923.755564,809.911007,96.43111924,7830.09769,2
2026-09-16T20:30:00+00:00,6530.097402,1201.415892,60.15221384,7791.665508,3
2026-09-16T20:45:00+00:00,6468.91665,1201.415892,78.16709131,7748.499633,3
2026-09-16T21:00:00+00:00,6468.91665,1201.415892,45.00559246,7715.338134,3
2026-09-16T21:15:00+00:00,6468.91665,1201.415892,32.80730383,7703.139845,3
2026-09-16T21:30:00+00:00,6468.91665,1201.415892,-0.06611336362,7670.266428,3
2026-09-16T21:45:00+00:00,6083.27748,1584.945648,-22.89856565,7645.324562,4
2026-09-16T22:00:00+00:00,6800.82905,804.5452414,-28.37062413,7577.003667,2
2026-09-16T22:15:00+00:00,6800.82905,804.5452414,-40.43010509,7564.944186,2
2026-09-16T22:30:00+00:00,6800.82905,804.5452414,-45.06204374,7560.312247,2
2026-09-16T22:45:00+00:00,6040.806113,1560.410917,-27.35353714,7573.863493,4
2026-09-16T23:00:00+00:00,6040.806113,1560.410917,-28.44246118,7572.774569,4
2026-09-16T23:15:00+00:00,6341.74141,1176.88116,87.98189501,7606.604465,3
2026-09-16T23:30:00+00:00,6738.163604,798.9483225,89.92396927,7627.035896,3
2026-09-16T23:45:00+00:00,7134.568105,421.0154848,58.70595758,7614.289548,1
2026-09-17T00:00:00+00:00,6369.12038,1182.240968,48.4483127,7599.809661,3
2026-09-17T00:15:00+00:00,6345.638827,1181.542263,47.82393445,7575.005025,3
2026-09-17T00:30:00+00:00,6345.638827,1181.542263,55.44627289,7582.627363,3
2026-09-17T00:45:00+00:00,6327.574212,1180.184365,51.44323362,7559.20181,3
2026-09-17T01:00:00+00:00,6327.574212,1180.184365,46.45647127,7554.215048,3
2026-09-17T01:15:00+00:00,5771.419949,1746.513446,59.61880047,7577.552196,5
2026-09-17T01:30:00+00:00,6366.335063,1177.657009,79.27697814,7623.269051,3
2026-09-17T01:45:00+00:00,5600.245133,1939.556492,83.05469232,7622.856318,5
2026-09-17T02:00:00+00:00,6292.635319,1177.657009,130.9524962,7601.244824,3
2026-09-17T02:15:00+00:00,6292.635319,1177.657009,123.292117,7593.584445,3
2026-09-17T02:30:00+00:00,5898.850267,1559.524025,112.0120795,7570.386372,4
2026-09-17T02:45:00+00:00,5898.850267,1559.524025,80.38955982,7538.763852,4
2026-09-17T03:00:00+00:00,5519.936829,1936.364839,59.72665034,7516.028318,5
2026-09-17T03:15:00+00:00,5519.936829,1936.364839,52.06424409,7508.365912,5
2026-09-17T03:30:00+00:00,5829.35619,1559.524025,115.4576661,7504.337881,4
2026-09-17T03:45:00+00:00,5829.35619,1559.524025,108.8380618,7497.718277,4
2026-09-17T04:00:00+00:00,5452.506318,1934.31256,87.76291573,7474.581794,5
2026-09-17T04:15:00+00:00,6203.888851,1174.958903,71.46893244,7450.316686,3
2026-09-17T04:30:00+00:00,6120.949569,1174.958903,67.47392359,7363.382395,3
2026-09-17T04:45:00+00:00,5380.703257,1911.15613,80.89344746,7372.752834,5
2026-09-17T05:00:00+00:00,5568.419954,1727.058509,69.26841683,7364.74688,5
2026-09-17T05:15:00+00:00,5752.307701,1542.960888,74.15458434,7369.423173,4
2026-09-17T05:30:00+00:00,5739.018991,1542.960888,74.73321258,7356.713091,4
2026-09-17T05:45:00+00:00,6075.657431,1174.958903,75.13788594,7325.754219,3
2026-09-17T06:00:00+00:00,6075.657431,1174.958903,65.79250719,7316.40884,3
2026-09-17T06:15:00+00:00,6049.768964,1174.958903,71.31996918,7296.047836,3
2026-09-17T06:30:00+00:00,5522.663321,1722.014972,125.9054492,7370.583742,5
2026-09-17T06:45:00+00:00,5728.913344,1539.726768,94.95347469,7363.593586,4
2026-09-17T07:00:00+00:00,5868.524887,1357.342835,87.40632763,7313.27405,4
2026-09-17T07:15:00+00:00,5500.825058,1723.031377,87.24558297,7311.102018,5
2026-09-17T07:30:00+00:00,5500.825058,1723.031377,82.56433814,7306.420773,5
2026-09-17T07:45:00+00:00,5855.308773,1357.342835,97.00897514,7309.660584,4
2026-09-17T08:00:00+00:00,5488.236288,1722.783268,89.67212829,7300.691684,5
2026-09-17T08:15:00+00:00,5488.236288,1722.783268,79.0472043,7290.06676,5
2026-09-17T08:30:00+00:00,5488.236288,1722.783268,65.07985543,7276.099411,5
2026-09-17T08:45:00+00:00,5800.194576,1357.342835,82.06921408,7239.606625,4
2026-09-17T09:00:00+00:00,6140.815442,982.5543001,104.8892009,7228.258943,3
2026-09-17T09:15:00+00:00,5414.171794,1705.223269,120.2116575,7239.60672,5
2026-09-17T09:30:00+00:00,5786.79877,1343.983682,103.5843227,7234.366775,4
2026-09-17T09:45:00+00:00,5807.972146,1342.649735,83.33798966,7233.959871,4
2026-09-17T10:00:00+00:00,5807.972146,1342.649735,86.31305628,7236.934937,4
2026-09-17T10:15:00+00:00,6383.876153,800.1703674,58.60077168,7242.647292,2
2026-09-17T10:30:00+00:00,6019.75206,1162.302732,73.76399265,7255.818785,3
2026-09-17T10:45:00+00:00,5655.007733,1525.051938,53.23531596,7233.294988,4
2026-09-17T11:00:00+00:00,5823.990488,1343.24,87.70866652,7254.939154,4
2026-09-17T11:15:00+00:00,6021.004178,1161.865396,67.45465432,7250.324228,3
2026-09-17T11:30:00+00:00,5643.513177,1525.031319,91.54680158,7260.091298,4
2026-09-17T11:45:00+00:00,5998.604072,1162.505658,62.74942648,7223.859156,3
2026-09-17T12:00:00+00:00,6703.836218,421.0154848,86.31697688,7211.16868,1
2026-09-17T12:15:00+00:00,6703.836218,421.0154848,102.4234048,7227.275108,1
2026-09-17T12:30:00+00:00,6340.501488,782.3628051,78.16981324,7201.034106,2
2026-09-17T12:45:00+00:00,5616.720854,1502.18442,89.5824631,7208.487737,4
2026-09-17T13:00:00+00:00,5616.720854,1502.18442,91.52434978,7210.429624,4
2026-09-17T13:15:00+00:00,5616.720854,1502.18442,116.4889067,7235.394181,4
2026-09-17T13:30:00+00:00,5997.615419,1142.273613,95.67062392,7235.559656,4
2026-09-17T13:45:00+00:00,6728.462253,421.0154848,72.51146723,7221.989205,1
2026-09-17T14:00:00+00:00,6728.462253,421.0154848,94.20583954,7243.683577,1
2026-09-17T14:15:00+00:00,6728.462253,421.0154848,112.9418883,7262.419626,1
2026-09-17T14:30:00+00:00,6363.344106,784.1364661,94.8352519,7242.315824,2
2026-09-17T14:45:00+00:00,5635.370576,1508.128042,91.89473257,7235.393351,4
2026-09-17T15:00:00+00:00,5635.370576,1508.128042,107.6091926,7251.107811,4
2026-09-17T15:15:00+00:00,5829.081756,1327.177684,115.049352,7271.308792,4
2026-09-17T15:30:00+00:00,6728.172041,421.0154848,85.33086905,7234.518394,1
2026-09-17T15:45:00+00:00,6728.172041,421.0154848,86.64567949,7235.833205,1
2026-09-17T16:00:00+00:00,5637.362621,1505.813923,79.74029257,7222.916836,4
2026-09-17T16:15:00+00:00,5637.362621,1505.813923,72.62315916,7215.799703,4
2026-09-17T16:30:00+00:00,5637.362621,1505.813923,76.00493225,7219.181476,4
2026-09-17T16:45:00+00:00,5991.546295,1144.214477,61.06208635,7196.822858,3
2026-09-17T17:00:00+00:00,5991.546295,1144.214477,68.203376,7203.964148,3
2026-09-17T17:15:00+00:00,5629.341968,1504.437577,55.96540001,7189.744945,4
2026-09-17T17:30:00+00:00,5629.341968,1504.437577,67.61066941,7201.390214,4
2026-09-17T17:45:00+00:00,5629.341968,1504.437577,65.75262117,7199.532166,4
2026-09-17T18:00:00+00:00,5629.341968,1504.437577,65.08424018,7198.863785,4
2026-09-17T18:15:00+00:00,5629.341968,1504.437577,69.4645539,7203.244099,4
2026-09-17T18:30:00+00:00,5820.101419,1324.326027,72.48175518,7216.909201,4
2026-09-17T18:45:00+00:00,6005.712373,1144.214477,65.50827233,7215.435122,3
2026-09-17T19:00:00+00:00,5642.956373,1504.986233,55.39947552,7203.342081,4
2026-09-17T19:15:00+00:00,5642.956373,1504.986233,41.7513853,7189.693991,4
2026-09-17T19:30:00+00:00,5981.80305,1143.196802,60.61803269,7185.617885,3
2026-09-17T19:45:00+00:00,5620.504556,1502.519024,52.94577089,7175.969351,4
2026-09-17T20:00:00+00:00,6293.823669,782.4250459,68.87526083,7145.123976,2
2026-09-17T20:15:00+00:00,5934.602561,1139.681245,112.2909232,7186.574729,3
2026-09-17T20:30:00+00:00,5934.602561,1139.681245,80.16783398,7154.45164,3
2026-09-17T20:45:00+00:00,5574.937534,1497.378934,85.52786955,7157.844338,4
2026-09-17T21:00:00+00:00,5911.86638,1139.681245,100.1631911,7151.710816,3
2026-09-17T21:15:00+00:00,5552.381832,1497.199443,101.7090449,7151.290319,4
2026-09-17T21:30:00+00:00,5902.311331,1139.943244,52.50507141,7094.759646,3
2026-09-17T21:45:00+00:00,5545.605765,1494.697661,56.54389933,7096.847325,4
2026-09-17T22:00:00+00:00,5742.505194,1313.992881,51.70943721,7108.207512,4
2026-09-17T22:15:00+00:00,5935.061036,1133.2881,31.5369863,7099.886122,3
2026-09-17T22:30:00+00:00,5915.542811,1133.2881,25.77143919,7074.60235,3
2026-09-17T22:45:00+00:00,6252.406368,775.7699023,38.98651365,7067.162784,2
2026-09-17T23:00:00+00:00,6214.015224,774.1639049,34.10229084,7022.28142,2
2026-09-17T23:15:00+00:00,6490.542898,421.0154848,54.43282364,6965.991207,1
2026-09-17T23:30:00+00:00,6475.081939,421.0154848,50.48839231,6946.585816,1
2026-09-17T23:45:00+00:00,5762.122929,1115.126988,47.29658542,6924.546503,3
2026-09-18T00:00:00+00:00,5414.421193,1461.354567,52.2410417,6928.016802,4
2026-09-18T00:15:00+00:00,5592.152182,1288.240778,61.61801028,6942.01097,4
2026-09-18T00:30:00+00:00,5765.601384,1115.126988,51.9066234,6932.634996,3
2026-09-18T00:45:00+00:00,6434.561498,421.0154848,63.30779413,6918.884777,1
2026-09-18T01:00:00+00:00,6434.561498,421.0154848,65.93741501,6921.514398,1
2026-09-18T01:15:00+00:00,5738.785958,1112.985192,59.53002476,6911.301174,3
2026-09-18T01:30:00+00:00,6358.325239,421.0154848,70.86795417,6850.208678,1
2026-09-18T01:45:00+00:00,6358.325239,421.0154848,77.770709,6857.111432,1
2026-09-18T02:00:00+00:00,6013.583961,763.8710564,100.2683602,6877.723378,2
2026-09-18T02:15:00+00:00,5920.47637,764.7577985,80.71836029,6765.952529,2
2026-09-18T02:30:00+00:00,5896.319946,759.2907559,72.57558558,6728.186288,2
2026-09-18T02:45:00+00:00,5219.978443,1431.932728,75.3870276,6727.298199,4
2026-09-18T03:00:00+00:00,5534.506606,1095.523413,89.3356375,6719.365657,3
2026-09-18T03:15:00+00:00,5809.587693,757.2481422,126.8666226,6693.702458,2
2026-09-18T03:30:00+00:00,5136.712629,1426.442636,111.3780939,6674.53336,4
2026-09-18T03:45:00+00:00,5388.748987,1091.933265,116.8246526,6597.506905,3
2026-09-18T04:00:00+00:00,5388.748987,1091.933265,138.9770246,6619.659277,3
2026-09-18T04:15:00+00:00,5056.02428,1422.837996,141.1910453,6620.053321,4
2026-09-18T04:30:00+00:00,5056.02428,1422.837996,121.9655403,6600.827816,4
2026-09-18T04:45:00+00:00,5056.02428,1422.837996,125.7568419,6604.619118,4
2026-09-18T05:00:00+00:00,5363.159736,1091.933265,126.702415,6581.795416,3
2026-09-18T05:15:00+00:00,5032.282405,1421.000724,139.4855542,6592.768684,4
2026-09-18T05:30:00+00:00,5032.282405,1421.000724,139.7262706,6593.0094,4
2026-09-18T05:45:00+00:00,5032.282405,1421.000724,149.70714,6602.99027,4
2026-09-18T06:00:00+00:00,5032.282405,1421.000724,136.9257893,6590.208919,4
2026-09-18T06:15:00+00:00,5032.282405,1421.000724,139.8182163,6593.101346,4
2026-09-18T06:30:00+00:00,5032.282405,1421.000724,137.4825755,6590.765705,4
2026-09-18T06:45:00+00:00,5032.282405,1421.000724,131.5629266,6584.846056,4
2026-09-18T07:00:00+00:00,5336.877178,1086.315601,158.1390272,6581.331807,3
2026-09-18T07:15:00+00:00,5005.984196,1415.398627,146.8395937,6568.222417,4
2026-09-18T07:30:00+00:00,5005.984196,1415.398627,139.9330755,6561.315899,4
2026-09-18T07:45:00+00:00,5005.984196,1415.398627,136.3984947,6557.781318,4
2026-09-18T08:00:00+00:00,5311.034246,1086.331168,146.662598,6544.028012,3
2026-09-18T08:15:00+00:00,5295.094671,1086.331168,159.0526054,6540.478444,3
2026-09-18T08:30:00+00:00,4966.251156,1413.375936,153.8034026,6533.430495,4
2026-09-18T08:45:00+00:00,4966.251156,1413.375936,171.2525926,6550.879685,4
2026-09-18T09:00:00+00:00,4966.251156,1413.375936,169.1161894,6548.743282,4
2026-09-18T09:15:00+00:00,5286.588809,1086.331168,148.8105265,6521.730503,3
2026-09-18T09:30:00+00:00,4958.808432,1412.318614,146.1208973,6517.247943,4
2026-09-18T09:45:00+00:00,4958.808432,1412.318614,126.6448254,6497.771871,4
2026-09-18T10:00:00+00:00,4958.808432,1412.318614,124.6159928,6495.743038,4
2026-09-18T10:15:00+00:00,5247.442695,1083.235588,156.4437536,6487.122036,3
2026-09-18T10:30:00+00:00,5247.442695,1083.235588,156.4960797,6487.174363,3
2026-09-18T10:45:00+00:00,4921.394982,1407.499847,156.9332768,6485.828106,4
2026-09-18T11:00:00+00:00,5228.985547,1081.512401,171.5399187,6482.037866,3
2026-09-18T11:15:00+00:00,4903.101093,1405.614295,167.9980412,6476.713429,4
2026-09-18T11:30:00+00:00,4903.101093,1405.614295,163.0009277,6471.716315,4
2026-09-18T11:45:00+00:00,4903.101093,1405.614295,161.6213021,6470.336689,4
2026-09-18T12:00:00+00:00,4903.101093,1405.614295,158.8546603,6467.570048,4
2026-09-18T12:15:00+00:00,4903.101093,1405.614295,162.969946,6471.685333,4
2026-09-18T12:30:00+00:00,4903.101093,1405.614295,154.2762387,6462.991626,4
2026-09-18T12:45:00+00:00,4903.101093,1405.614295,157.3515466,6466.066934,4
2026-09-18T13:00:00+00:00,5076.874811,1243.482165,129.2176487,6449.574625,4
2026-09-18T13:15:00+00:00,5246.157973,1081.350036,127.1462031,6454.654211,3
2026-09-18T13:30:00+00:00,5861.727589,546.7403998,63.32780412,6471.795793,2
2026-09-18T13:45:00+00:00,6196.022117,336.2326574,-34.5397625,6497.715012,1
2026-09-18T14:00:00+00:00,5815.143152,661.118408,-37.14515806,6439.116402,2
2026-09-18T14:15:00+00:00,5793.482399,658.2086043,-67.27804861,6384.412955,2
2026-09-18T14:30:00+00:00,5472.563312,977.3722909,-111.1889755,6338.746628,3
2026-09-18T14:45:00+00:00,5979.819366,321.9759469,-14.79907319,6286.996239,1
2026-09-18T15:00:00+00:00,5979.819366,321.9759469,0.5164742957,6302.311787,1
2026-09-18T15:15:00+00:00,5346.288301,952.0416505,-33.7005776,6264.629374,3
2026-09-18T15:30:00+00:00,5346.288301,952.0416505,11.08749734,6309.417449,3
2026-09-18T15:45:00+00:00,5346.288301,952.0416505,-11.98149876,6286.348453,3
2026-09-18T16:00:00+00:00,5347.204074,952.0416505,-50.4926881,6248.753037,3
2026-09-18T16:15:00+00:00,5347.204074,952.0416505,-54.14470903,6245.101016,3
2026-09-18T16:30:00+00:00,5615.144158,637.0915363,-24.09572674,6228.139968,2
2026-09-18T16:45:00+00:00,5302.002837,948.5200015,-0.4040800346,6250.118758,3
2026-09-18T17:00:00+00:00,5302.002837,948.5200015,-3.407848425,6247.11499,3
2026-09-18T17:15:00+00:00,5302.002837,948.5200015,-13.2049151,6237.317923,3
2026-09-18T17:30:00+00:00,5302.002837,948.5200015,-25.66515655,6224.857682,3
2026-09-18T17:45:00+00:00,5302.002837,948.5200015,-58.31716219,6192.205676,3
2026-09-18T18:00:00+00:00,5597.105733,626.5440546,-32.6097338,6191.040054,2
2026-09-18T18:15:00+00:00,5285.851195,936.0960573,-49.2214017,6172.72585,3
2026-09-18T18:30:00+00:00,5554.091959,624.667592,-15.71682403,6163.042727,2
2026-09-18T18:45:00+00:00,5244.245583,932.8191338,-13.59443723,6163.47028,3
2026-09-18T19:00:00+00:00,5244.245583,932.8191338,-58.80046799,6118.264249,3
2026-09-18T19:15:00+00:00,5788.790881,315.1155893,-20.81515287,6083.091318,1
2026-09-18T19:30:00+00:00,5177.296647,923.2650019,-36.65001597,6063.911633,3
2026-09-18T19:45:00+00:00,5177.296647,923.2650019,-20.94036038,6079.621288,3
2026-09-18T20:00:00+00:00,5177.296647,923.2650019,-11.84999133,6088.711657,3
2026-09-18T20:15:00+00:00,5456.079091,619.2701552,1.79257394,6077.14182,2
2026-09-18T20:30:00+00:00,5150.53084,923.1470837,-17.58831955,6056.089604,3
2026-09-18T20:45:00+00:00,5150.53084,923.1470837,-8.091363913,6065.58656,3
2026-09-18T21:00:00+00:00,5150.53084,923.1470837,-26.68252704,6046.995396,3
2026-09-18T21:15:00+00:00,5150.53084,923.1470837,-13.00902336,6060.6689,3
2026-09-18T21:30:00+00:00,5150.53084,923.1470837,-12.97439543,6060.703528,3
2026-09-18T21:45:00+00:00,5150.53084,923.1470837,-8.172131901,6065.505792,3
2026-09-18T22:00:00+00:00,5150.53084,923.1470837,-10.6645507,6063.013373,3
2026-09-18T22:15:00+00:00,5150.53084,923.1470837,-12.90678494,6060.771138,3
2026-09-18T22:30:00+00:00,5150.53084,923.1470837,9.647329377,6083.325253,3
2026-09-18T22:45:00+00:00,5150.53084,923.1470837,2.837765176,6076.515689,3
2026-09-18T23:00:00+00:00,5150.53084,923.1470837,4.358286454,6078.03621,3
2026-09-18T23:15:00+00:00,5150.53084,923.1470837,22.62990976,6096.307833,3
2026-09-18T23:30:00+00:00,5311.749542,771.0698008,21.08146781,6103.900811,3
2026-09-18T23:45:00+00:00,5471.077422,618.9925178,10.31686469,6100.386805,2
2026-09-19T00:00:00+00:00,5164.966589,924.0435299,0.4657881608,6089.475907,3
2026-09-19T00:15:00+00:00,5452.528246,618.9925178,-2.508346223,6069.012418,2
2026-09-19T00:30:00+00:00,5427.717234,618.9925178,-16.80748721,6029.902265,2
2026-09-19T00:45:00+00:00,5124.563701,920.4878263,-38.13975419,6006.911774,3
2026-09-19T01:00:00+00:00,5692.289805,301.4953085,6.419942671,6000.205056,1
2026-09-19T01:15:00+00:00,5089.08565,901.3999874,19.45767175,6009.943309,3
2026-09-19T01:30:00+00:00,5089.08565,901.3999874,22.76643428,6013.252072,3
2026-09-19T01:45:00+00:00,5382.963653,601.368871,20.02203476,6004.354559,2
2026-09-19T02:00:00+00:00,5376.427296,600.0710012,-12.14614863,5964.352149,2
2026-09-19T02:15:00+00:00,5359.461561,598.0917443,20.28872799,5977.842034,2
2026-09-19T02:30:00+00:00,5058.926131,896.9832716,14.55545317,5970.464855,3
2026-09-19T02:45:00+00:00,5058.926131,896.9832716,-6.55784001,5949.351562,3
2026-09-19T03:00:00+00:00,5337.221483,597.1097091,19.25060044,5953.581792,2
2026-09-19T03:15:00+00:00,5037.887957,894.8059055,63.34272742,5996.03659,3
2026-09-19T03:30:00+00:00,5216.125841,745.6968146,38.33597531,6000.158631,3
2026-09-19T03:45:00+00:00,5388.631502,596.5877237,13.20147614,5998.420702,2
2026-09-19T04:00:00+00:00,5373.076169,596.5877237,0.5748924131,5970.238786,2
2026-09-19T04:15:00+00:00,5072.922414,895.099663,55.47453048,6023.496608,3
2026-09-19T04:30:00+00:00,5557.418435,447.5498315,53.17451243,6058.142779,3
2026-09-19T04:45:00+00:00,5709.023598,298.1040678,43.7490752,6050.876741,2
2026-09-19T05:00:00+00:00,6020.872736,0,0,6020.872736,0
2026-09-19T05:15:00+00:00,6020.872736,0,0,6020.872736,0
2026-09-19T05:30:00+00:00,5394.435151,601.6130999,25.64387833,6021.692129,2
2026-09-19T05:45:00+00:00,5091.646958,902.7450671,44.11133873,6038.503363,3
2026-09-19T06:00:00+00:00,5258.67104,752.3812927,61.57424975,6072.626583,3
2026-09-19T06:15:00+00:00,5424.208888,602.0175184,48.49816577,6074.724572,2
2026-09-19T06:30:00+00:00,5118.80211,905.753747,29.24448756,6053.800345,3
2026-09-19T06:45:00+00:00,5118.80211,905.753747,31.26409588,6055.819953,3
2026-09-19T07:00:00+00:00,5408.51603,602.0175184,26.70331719,6037.236866,2
2026-09-19T07:15:00+00:00,5391.900897,602.8139365,59.61431623,6054.32915,2
2026-09-19T07:30:00+00:00,5087.560401,905.4897154,92.3118014,6085.361918,3
2026-09-19T07:45:00+00:00,5267.204256,755.0469398,49.36200059,6071.613196,3
2026-09-19T08:00:00+00:00,5735.569692,301.9283853,18.01534002,6055.513417,1
2026-09-19T08:15:00+00:00,5735.569692,301.9283853,7.438899065,6044.936976,1
2026-09-19T08:30:00+00:00,5431.660486,604.1752341,-6.784960753,6029.050759,2
2026-09-19T08:45:00+00:00,5128.560695,905.6170949,12.09772845,6046.275518,3
2026-09-19T09:00:00+00:00,5422.309454,604.1752341,36.52682327,6063.011512,2
2026-09-19T09:15:00+00:00,5117.532453,907.2851311,54.98525572,6079.80284,3
2026-09-19T09:30:00+00:00,5117.532453,907.2851311,43.39885239,6068.216436,3
2026-09-19T09:45:00+00:00,5117.532453,907.2851311,20.90549793,6045.723082,3
2026-09-19T10:00:00+00:00,5117.532453,907.2851311,34.52167027,6059.339254,3
2026-09-19T10:15:00+00:00,5117.532453,907.2851311,-1.340126869,6023.477457,3
2026-09-19T10:30:00+00:00,5990.743891,0,0,5990.743891,0
2026-09-19T10:45:00+00:00,5087.664339,898.1397828,12.34466803,5998.14879,3
2026-09-19T11:00:00+00:00,5668.603788,299.3799001,5.358392659,5973.34208,1
2026-09-19T11:15:00+00:00,5368.294015,598.0470041,-0.2561152814,5966.084903,2
2026-09-19T11:30:00+00:00,5068.361121,896.3392899,-9.612331845,5955.088079,3
2026-09-19T11:45:00+00:00,5346.457474,597.6721859,0.5636304524,5944.69329,2
2026-09-19T12:00:00+00:00,5334.941122,596.6143809,0.8203521825,5932.375855,2
2026-09-19T12:15:00+00:00,5036.67756,893.2464663,9.441931399,5939.365958,3
2026-09-19T12:30:00+00:00,5036.67756,893.2464663,8.48670828,5938.410735,3
2026-09-19T12:45:00+00:00,5036.67756,893.2464663,-2.122846254,5927.80118,3
2026-09-19T13:00:00+00:00,5466.157838,447.9971405,10.25021127,5924.40519,2
2026-09-19T13:15:00+00:00,5603.886064,299.3799001,9.449352651,5912.715316,1
2026-09-19T13:30:00+00:00,5009.518638,890.4961859,0.3748973339,5900.389721,3
2026-09-19T13:45:00+00:00,5295.412134,594.8604201,-2.463008507,5887.809546,2
2026-09-19T14:00:00+00:00,5278.235114,593.7565384,23.92179986,5895.913452,2
2026-09-19T14:15:00+00:00,5844.907174,0,0,5844.907174,0
2026-09-19T14:30:00+00:00,5844.907174,0,0,5844.907174,0
2026-09-19T14:45:00+00:00,5246.805298,584.0304019,-1.21648044,5829.61922,2
2026-09-19T15:00:00+00:00,5512.002686,291.480407,3.81686662,5807.299959,1
2026-09-19T15:15:00+00:00,4928.231991,872.057925,32.44367195,5832.733588,3
2026-09-19T15:30:00+00:00,5213.734645,580.577518,-9.288591618,5785.023572,2
2026-09-19T15:45:00+00:00,5213.734645,580.577518,5.330659471,5799.642823,2
2026-09-19T16:00:00+00:00,5343.740485,435.1741638,-1.605444692,5777.309204,2
2026-09-19T16:15:00+00:00,5475.399812,288.8558417,7.40276829,5771.658422,1
2026-09-19T16:30:00+00:00,5171.770875,577.2470247,-9.12509855,5739.892801,2
2026-09-19T16:45:00+00:00,5155.495892,577.2470247,-17.7695248,5714.973392,2
2026-09-19T17:00:00+00:00,5137.163075,574.6447285,-19.28930955,5692.518494,2
2026-09-19T17:15:00+00:00,5247.099421,427.5203681,16.123275,5690.743064,2
2026-09-19T17:30:00+00:00,5254.311448,426.8501155,5.005604436,5686.167168,2
2026-09-19T17:45:00+00:00,5115.117094,568.8455116,-0.7489617277,5683.213644,2
2026-09-19T18:00:00+00:00,5100.545129,568.8455116,9.880987563,5679.271629,2
2026-09-19T18:15:00+00:00,5230.686034,426.576935,2.265581543,5659.528551,2
2026-09-19T18:30:00+00:00,5087.805335,567.2845169,-8.493308726,5646.596543,2
2026-09-19T18:45:00+00:00,4803.922694,849.6143441,-20.51949544,5633.017542,3
2026-09-19T19:00:00+00:00,5065.139664,566.6381856,3.414468599,5635.192318,2
2026-09-19T19:15:00+00:00,5039.537418,566.0679743,-2.591270391,5603.014122,2
2026-09-19T19:30:00+00:00,5039.537418,566.0679743,1.977652789,5607.583045,2
2026-09-19T19:45:00+00:00,4757.61618,846.4471265,0.7189068535,5604.782213,3
2026-09-19T20:00:00+00:00,4757.61618,846.4471265,-2.74469893,5601.318608,3
2026-09-19T20:15:00+00:00,4757.61618,846.4471265,8.265406734,5612.328713,3
2026-09-19T20:30:00+00:00,4757.61618,846.4471265,-6.80176319,5597.261543,3
2026-09-19T20:45:00+00:00,4903.671196,704.2929473,2.598176927,5610.56232,3
2026-09-19T21:00:00+00:00,5047.940949,562.1387681,22.01106173,5632.090778,2
2026-09-19T21:15:00+00:00,5058.692353,562.6613074,3.543124945,5624.896785,3
2026-09-19T21:30:00+00:00,5341.02319,281.5919234,-1.79134624,5620.823767,1
2026-09-19T21:45:00+00:00,5037.593421,562.6331117,-9.438658412,5590.787874,2
2026-09-19T22:00:00+00:00,5037.593421,562.6331117,1.897114239,5602.123647,2
2026-09-19T22:15:00+00:00,4755.947193,842.7387581,-5.269546775,5593.416405,3
2026-09-19T22:30:00+00:00,5283.924782,281.0411883,-6.92600253,5558.039967,1
2026-09-19T22:45:00+00:00,5283.924782,281.0411883,-8.490922279,5556.475048,1
2026-09-19T23:00:00+00:00,5519.7379,0,0,5519.7379,0
2026-09-19T23:15:00+00:00,4964.873979,551.8288624,7.937592953,5524.640434,2
2026-09-19T23:30:00+00:00,4687.122681,828.0608841,-1.85881704,5513.324748,3
2026-09-19T23:45:00+00:00,4687.122681,828.0608841,4.808695093,5519.99226,3
2026-09-20T00:00:00+00:00,4687.848676,828.0608841,8.77635246,5524.685912,3
2026-09-20T00:15:00+00:00,4687.848676,828.0608841,7.706179253,5523.615739,3
2026-09-20T00:30:00+00:00,4937.255274,552.2189167,10.29928153,5499.773472,2
2026-09-20T00:45:00+00:00,4660.743824,827.2178726,22.85772944,5510.819426,3
2026-09-20T01:00:00+00:00,4911.746997,552.2189167,39.48979188,5503.455705,2
2026-09-20T01:15:00+00:00,4635.060761,827.391702,38.79502767,5501.247491,3
2026-09-20T01:30:00+00:00,4779.14629,689.2756911,35.01856278,5503.440544,3
2026-09-20T01:45:00+00:00,4920.604952,551.1596803,25.97458297,5497.739215,2
2026-09-20T02:00:00+00:00,4644.206113,826.046641,4.774909448,5475.027664,3
2026-09-20T02:15:00+00:00,4904.050292,551.1596803,37.30073283,5492.510705,2
2026-09-20T02:30:00+00:00,5067.612535,412.8925229,56.2419827,5536.747041,3
2026-09-20T02:45:00+00:00,5209.159009,275.5798401,55.51976228,5540.258612,2
2026-09-20T03:00:00+00:00,4930.627413,552.5878922,53.82311296,5537.038418,3
2026-09-20T03:15:00+00:00,4930.627413,552.5878922,34.57733809,5517.792643,3
2026-09-20T03:30:00+00:00,4930.627413,552.5878922,36.9072286,5520.122534,3
2026-09-20T03:45:00+00:00,4930.627413,552.5878922,25.3209021,5508.536207,3
2026-09-20T04:00:00+00:00,4930.627413,552.5878922,27.82370113,5511.039006,3
2026-09-20T04:15:00+00:00,4930.627413,552.5878922,30.77523527,5513.990541,3
2026-09-20T04:30:00+00:00,4930.627413,552.5878922,35.69240738,5518.907713,3
2026-09-20T04:45:00+00:00,4930.627413,552.5878922,35.84938802,5519.064693,3
2026-09-20T05:00:00+00:00,5073.555669,415.0014996,19.08814556,5507.645314,2
2026-09-20T05:15:00+00:00,5073.555669,415.0014996,26.39124882,5514.948417,2
2026-09-20T05:30:00+00:00,4796.286732,690.7537989,28.81125541,5515.851786,3
2026-09-20T05:45:00+00:00,4796.286732,690.7537989,26.18612205,5513.226653,3
2026-09-20T06:00:00+00:00,4796.286732,690.7537989,24.21312488,5511.253655,3
2026-09-20T06:15:00+00:00,4796.286732,690.7537989,25.99241386,5513.032944,3
2026-09-20T06:30:00+00:00,4796.286732,690.7537989,36.41985009,5523.460381,3
2026-09-20T06:45:00+00:00,4796.286732,690.7537989,38.50845605,5525.548987,3
2026-09-20T07:00:00+00:00,4796.286732,690.7537989,33.74449438,5520.785025,3
2026-09-20T07:15:00+00:00,4796.286732,690.7537989,29.99439449,5517.034925,3
2026-09-20T07:30:00+00:00,4796.286732,690.7537989,37.24609803,5524.286629,3
2026-09-20T07:45:00+00:00,4796.286732,690.7537989,37.344683,5524.385214,3
2026-09-20T08:00:00+00:00,4796.819654,690.7537989,27.04676833,5514.620222,3
2026-09-20T08:15:00+00:00,4242.470456,1242.070754,28.20166849,5512.742879,5
2026-09-20T08:30:00+00:00,4505.607519,966.4846387,42.77655183,5514.86871,4
2026-09-20T08:45:00+00:00,4505.607519,966.4846387,40.7331331,5512.825291,4
2026-09-20T09:00:00+00:00,4228.468731,1242.107501,39.68393982,5510.260172,5
2026-09-20T09:15:00+00:00,4228.468731,1242.107501,38.34218217,5508.918414,5
2026-09-20T09:30:00+00:00,4653.682592,828.5652301,19.43604982,5501.683872,4
2026-09-20T09:45:00+00:00,4797.964339,690.7537989,25.5798856,5514.298023,3
2026-09-20T10:00:00+00:00,4797.964339,690.7537989,34.67846366,5523.396601,3
2026-09-20T10:15:00+00:00,4797.964339,690.7537989,37.15962458,5525.877762,3
2026-09-20T10:30:00+00:00,4775.194976,690.7537989,40.01632213,5505.965097,3
2026-09-20T10:45:00+00:00,4775.194976,690.7537989,45.78550898,5511.734284,3
2026-09-20T11:00:00+00:00,4498.092166,966.3408804,43.96790625,5508.400953,4
2026-09-20T11:15:00+00:00,4498.400379,966.3408804,46.45767929,5511.198938,4
2026-09-20T11:30:00+00:00,4221.329757,1241.895949,44.9631457,5508.188852,5
2026-09-20T11:45:00+00:00,4654.80922,828.5473397,34.96202769,5518.318587,4
2026-09-20T12:00:00+00:00,4797.945586,690.7537989,24.8348404,5513.534226,3
2026-09-20T12:15:00+00:00,4784.205182,690.7537989,40.46609077,5515.425072,3
2026-09-20T12:30:00+00:00,4784.205182,690.7537989,40.05849295,5515.017474,3
2026-09-20T12:45:00+00:00,4506.937678,966.5046726,32.87824942,5506.320601,4
2026-09-20T13:00:00+00:00,4230.123902,1241.804302,28.02833945,5499.956543,5
2026-09-20T13:15:00+00:00,4502.533641,966.5046726,28.75782825,5497.796142,4
2026-09-20T13:30:00+00:00,4502.533641,966.5046726,26.991341,5496.029655,4
2026-09-20T13:45:00+00:00,4226.221292,1241.305617,14.57511051,5482.102019,5
2026-09-20T14:00:00+00:00,4226.221292,1241.305617,11.54494631,5479.071855,5
2026-09-20T14:15:00+00:00,4748.737869,690.7537989,31.1529948,5470.644663,3
2026-09-20T14:30:00+00:00,4198.817289,1237.66636,32.63978509,5469.123434,5
2026-09-20T14:45:00+00:00,4198.817289,1237.66636,13.17673583,5449.660384,5
2026-09-20T15:00:00+00:00,4893.24095,550.5097791,33.52233072,5477.27306,3
2026-09-20T15:15:00+00:00,4489.023893,961.3390548,16.88794409,5467.250892,4
2026-09-20T15:30:00+00:00,4473.57757,961.3390548,30.17743659,5465.094062,4
2026-09-20T15:45:00+00:00,5193.663268,273.8685273,10.16767957,5477.699475,1
2026-09-20T16:00:00+00:00,5478.477474,0,0,5478.477474,0
2026-09-20T16:15:00+00:00,5203.047019,273.9238737,37.70843569,5514.679328,1
2026-09-20T16:30:00+00:00,5451.816094,0,0,5451.816094,0
2026-09-20T16:45:00+00:00,5451.816094,0,0,5451.816094,0
2026-09-20T17:00:00+00:00,4629.977651,817.3430565,16.71685056,5464.037558,3
2026-09-20T17:15:00+00:00,4774.141042,681.1907608,30.40066641,5485.73247,3
2026-09-20T17:30:00+00:00,4915.607461,545.0384652,-0.05547678135,5460.590449,2
2026-09-20T17:45:00+00:00,4641.076627,818.0676388,27.16386456,5486.30813,3
2026-09-20T18:00:00+00:00,4858.464319,545.0384652,19.68826829,5423.191053,2
2026-09-20T18:15:00+00:00,4585.813558,816.1978501,-20.71300468,5381.298403,3
2026-09-20T18:30:00+00:00,4585.813558,816.1978501,20.39527136,5422.406679,3
2026-09-20T18:45:00+00:00,4585.813558,816.1978501,26.78490989,5428.796318,3
2026-09-20T19:00:00+00:00,4585.813558,816.1978501,1.576269078,5403.587677,3
2026-09-20T19:15:00+00:00,4585.813558,816.1978501,5.295979323,5407.307387,3
2026-09-20T19:30:00+00:00,4585.813558,816.1978501,-60.68185554,5341.329552,3
2026-09-20T19:45:00+00:00,4585.813558,816.1978501,-79.09129435,5322.920113,3
2026-09-20T20:00:00+00:00,4746.939257,545.0384652,11.48271885,5303.460441,2
2026-09-20T20:15:00+00:00,4480.307952,810.2113195,7.937761915,5298.457034,3
2026-09-20T20:30:00+00:00,4480.307952,810.2113195,7.316248811,5297.835521,3
2026-09-20T20:45:00+00:00,4480.307952,810.2113195,11.20704754,5301.726319,3
2026-09-20T21:00:00+00:00,4907.09835,408.7430628,28.20710281,5344.048515,2
2026-09-20T21:15:00+00:00,5034.13056,272.4476604,15.14473572,5321.722957,1
2026-09-20T21:30:00+00:00,5034.13056,272.4476604,18.35742712,5324.935648,1
2026-09-20T21:45:00+00:00,5008.415387,272.4476604,7.634682193,5288.497729,1
2026-09-20T22:00:00+00:00,5275.275622,0,0,5275.275622,0
2026-09-20T22:15:00+00:00,5275.275622,0,0,5275.275622,0
2026-09-20T22:30:00+00:00,4480.049916,790.8758892,7.452785039,5278.37859,3
2026-09-20T22:45:00+00:00,4731.473493,527.3890533,-2.487404166,5256.375142,2
2026-09-20T23:00:00+00:00,4701.441432,527.3890533,5.009621684,5233.840107,2
2026-09-20T23:15:00+00:00,5186.227331,0,0,5186.227331,0
2026-09-20T23:30:00+00:00,4628.518837,518.4865622,-9.459643867,5137.545755,2
2026-09-20T23:45:00+00:00,4868.147909,259.3113665,-0.9613158871,5126.49796,1
2026-09-21T00:00:00+00:00,5080.181859,0,0,5080.181859,0
2026-09-21T00:15:00+00:00,5080.181859,0,0,5080.181859,0
2026-09-21T00:30:00+00:00,4824.775716,254.0090929,-6.498475324,5072.286334,1
2026-09-21T00:45:00+00:00,4314.924082,761.0718819,-5.783777583,5070.212186,3
2026-09-21T01:00:00+00:00,4547.121618,507.062789,-13.06232234,5041.122085,2
2026-09-21T01:15:00+00:00,4767.813951,252.0449718,-4.236442023,5015.622481,1
2026-09-21T01:30:00+00:00,4263.625526,753.4755284,0.2699732252,5017.371028,3
2026-09-21T01:45:00+00:00,4537.834837,502.0624805,57.64524511,5097.542562,3
2026-09-21T02:00:00+00:00,4809.554058,250.6494326,16.13892961,5076.34242,1
2026-09-21T02:15:00+00:00,4774.034597,250.6494326,11.36223069,5036.04626,1
2026-09-21T02:30:00+00:00,4774.034597,250.6494326,17.01934078,5041.70337,1
2026-09-21T02:45:00+00:00,4267.224427,754.6873934,3.586254912,5025.498076,3
2026-09-21T03:00:00+00:00,4497.863435,502.7346011,9.392805356,5009.990841,2
2026-09-21T03:15:00+00:00,4484.33578,501.1491299,4.258564478,4989.743475,2
2026-09-21T03:30:00+00:00,4484.33578,501.1491299,8.48506836,4993.969979,2
2026-09-21T03:45:00+00:00,4233.28064,750.8310203,8.724291331,4992.835951,3
2026-09-21T04:00:00+00:00,4233.28064,750.8310203,28.46650542,5012.578165,3
2026-09-21T04:15:00+00:00,4233.28064,750.8310203,36.82208158,5020.933741,3
2026-09-21T04:30:00+00:00,4233.28064,750.8310203,18.48935275,5002.601013,3
2026-09-21T04:45:00+00:00,4478.643026,500.331323,14.89447692,4993.868826,2
2026-09-21T05:00:00+00:00,4227.587057,750.0140376,21.35801106,4998.959106,3
2026-09-21T05:15:00+00:00,4464.767389,500.331323,0.2933301234,4965.392042,2
2026-09-21T05:30:00+00:00,4215.132304,748.6009251,0.7284296809,4964.461659,3
2026-09-21T05:45:00+00:00,4215.132304,748.6009251,20.18036045,4983.91359,3
2026-09-21T06:00:00+00:00,4215.132304,748.6009251,51.96324276,5015.696472,3
2026-09-21T06:15:00+00:00,4686.498978,248.2696021,36.26130824,4971.029889,1
2026-09-21T06:30:00+00:00,4839.397971,124.1348011,32.08536193,4995.618134,1
2026-09-21T06:45:00+00:00,4966.163735,0,0,4966.163735,0
2026-09-21T07:00:00+00:00,4966.163735,0,0,4966.163735,0
2026-09-21T07:15:00+00:00,4217.535351,744.5334501,0.3824491072,4962.45125,3
2026-09-21T07:30:00+00:00,4472.892003,496.4208184,8.693690166,4978.006512,3
2026-09-21T07:45:00+00:00,4961.598381,0,0,4961.598381,0
2026-09-21T08:00:00+00:00,4462.840653,496.0295651,-14.51449223,4944.355726,2
2026-09-21T08:15:00+00:00,4877.535127,0,0,4877.535127,0
2026-09-21T08:30:00+00:00,4877.535127,0,0,4877.535127,0
2026-09-21T08:45:00+00:00,4632.317048,243.8767563,-5.775396452,4870.418408,1
2026-09-21T09:00:00+00:00,4142.72506,730.7907182,-5.242876626,4868.272901,3
2026-09-21T09:15:00+00:00,4367.517298,487.2697978,-52.04538719,4802.741709,2
2026-09-21T09:30:00+00:00,4772.230301,0,0,4772.230301,0
2026-09-21T09:45:00+00:00,4532.306423,238.6115151,36.22147775,4807.139416,1
2026-09-21T10:00:00+00:00,4282.849613,480.5318953,0.4006348863,4763.782143,2
2026-09-21T10:15:00+00:00,4043.350323,718.7211445,9.569523394,4771.640991,3
2026-09-21T10:30:00+00:00,4043.350323,718.7211445,5.979119654,4768.050587,3
2026-09-21T10:45:00+00:00,4043.350323,718.7211445,-1.058188262,4761.013279,3
2026-09-21T11:00:00+00:00,4043.350323,718.7211445,-16.99158241,4745.079885,3
2026-09-21T11:15:00+00:00,4043.350323,718.7211445,-18.89577492,4743.175692,3
2026-09-21T11:30:00+00:00,4249.638045,480.5318953,-12.37784902,4717.792091,2
2026-09-21T11:45:00+00:00,4012.450905,716.4216419,-6.592789607,4722.279757,3
2026-09-21T12:00:00+00:00,4012.450905,716.4216419,-6.014350679,4722.858196,3
2026-09-21T12:15:00+00:00,4012.450905,716.4216419,-8.239804749,4720.632742,3
2026-09-21T12:30:00+00:00,4012.450905,716.4216419,-32.14721166,4696.725335,3
2026-09-21T12:45:00+00:00,4012.450905,716.4216419,-29.82477587,4699.047771,3
2026-09-21T13:00:00+00:00,4012.450905,716.4216419,-22.84515456,4706.027392,3
2026-09-21T13:15:00+00:00,4012.450905,716.4216419,-17.61879687,4711.25375,3
2026-09-21T13:30:00+00:00,4012.450905,716.4216419,-3.540704548,4725.331842,3
2026-09-21T13:45:00+00:00,4217.010207,476.0925929,-12.01550605,4681.087294,2
2026-09-21T14:00:00+00:00,3981.67695,710.1385965,27.42749342,4719.24304,3
2026-09-21T14:15:00+00:00,3981.67695,710.1385965,-2.833723497,4688.981823,3
2026-09-21T14:30:00+00:00,3981.67695,710.1385965,5.025406533,4696.840953,3
2026-09-21T14:45:00+00:00,4421.420016,235.8897466,-11.95013944,4645.359623,1
2026-09-21T15:00:00+00:00,4187.866598,468.165647,-27.69882353,4628.333422,2
2026-09-21T15:15:00+00:00,3955.179634,699.5798338,17.29591064,4672.055378,3
2026-09-21T15:30:00+00:00,3955.179634,699.5798338,-14.12246325,4640.637004,3
2026-09-21T15:45:00+00:00,3955.179634,699.5798338,4.884891398,4659.644359,3
2026-09-21T16:00:00+00:00,3955.644199,699.5798338,9.447616903,4664.67165,3
2026-09-21T16:15:00+00:00,3955.644199,699.5798338,5.365999431,4660.590033,3
2026-09-21T16:30:00+00:00,3955.644199,699.5798338,11.82020775,4667.044241,3
2026-09-21T16:45:00+00:00,3955.644199,699.5798338,29.07783239,4684.301866,3
2026-09-21T17:00:00+00:00,4233.433133,467.7347902,36.92041538,4738.088338,3
2026-09-21T17:15:00+00:00,4504.288532,235.8897466,-8.782462767,4731.395815,1
2026-09-21T17:30:00+00:00,4028.655673,708.9209337,-7.762686513,4729.81392,3
2026-09-21T17:45:00+00:00,4028.655673,708.9209337,-6.492314451,4731.084292,3
2026-09-21T18:00:00+00:00,4260.259903,472.4674566,-35.5461864,4697.181173,2
2026-09-21T18:15:00+00:00,4458.51619,236.57771,-2.65037446,4692.443525,1
2026-09-21T18:30:00+00:00,4208.912359,471.1997484,-0.8824938977,4679.229613,2
2026-09-21T18:45:00+00:00,4193.259011,471.1997484,-13.46125798,4650.997502,2
2026-09-21T19:00:00+00:00,3959.430112,703.7496234,-2.993497298,4660.186238,3
2026-09-21T19:15:00+00:00,4400.162566,232.5498751,6.471327144,4639.183769,1
2026-09-21T19:30:00+00:00,4598.499483,0,0,4598.499483,0
2026-09-21T19:45:00+00:00,3905.294945,689.4127678,-36.86630464,4557.841408,3
2026-09-21T20:00:00+00:00,4090.351187,457.5509058,-12.59487232,4535.307221,2
2026-09-21T20:15:00+00:00,3878.160294,683.089678,-32.47293204,4528.77704,3
2026-09-21T20:30:00+00:00,3878.160294,683.089678,52.30179217,4613.551764,3
2026-09-21T20:45:00+00:00,4079.677545,456.3270791,46.30936115,4582.313986,2
2026-09-21T21:00:00+00:00,4203.534744,344.011109,40.30153677,4587.847389,2
2026-09-21T21:15:00+00:00,4112.059377,458.561699,0.4125975458,4571.033673,2
2026-09-21T21:30:00+00:00,4084.971919,458.561699,-10.48418943,4533.049428,2
2026-09-21T21:45:00+00:00,3843.902302,685.0952062,0.9846251989,4529.982133,3
2026-09-21T22:00:00+00:00,3843.902302,685.0952062,-27.13286175,4501.864646,3
2026-09-21T22:15:00+00:00,3617.53468,910.2246163,-15.35856217,4512.400734,4
2026-09-21T22:30:00+00:00,3804.635634,683.6911091,0.5782781908,4488.905022,3
2026-09-21T22:45:00+00:00,3698.965146,795.5716551,-7.161314111,4487.375487,4
2026-09-21T23:00:00+00:00,3818.442587,683.0069501,-26.27004052,4475.179497,3
2026-09-21T23:15:00+00:00,3593.444178,906.774637,-2.718774879,4497.50004,4
2026-09-21T23:30:00+00:00,3802.687877,683.0069501,20.185056,4505.879883,3
2026-09-21T23:45:00+00:00,3802.687877,683.0069501,-1.638989239,4484.055838,3
2026-09-22T00:00:00+00:00,3803.371084,683.0069501,6.361471535,4492.739506,3
2026-09-22T00:15:00+00:00,3803.371084,683.0069501,5.921749941,4492.299784,3
2026-09-22T00:30:00+00:00,3577.502479,907.6400731,3.511603428,4488.654155,4
2026-09-22T00:45:00+00:00,3909.177686,568.3107654,38.75544539,4516.243897,3
2026-09-22T01:00:00+00:00,4154.227487,341.3919551,42.50659645,4538.126038,2
2026-09-22T01:15:00+00:00,4179.094763,341.4909667,13.17678179,4533.762512,2
2026-09-22T01:30:00+00:00,4197.67187,340.2526089,7.181132878,4545.105612,2
2026-09-22T01:45:00+00:00,3858.813906,681.3135537,2.923105497,4543.050565,3
2026-09-22T02:00:00+00:00,3858.813906,681.3135537,10.46850419,4550.595964,3
2026-09-22T02:15:00+00:00,3858.813906,681.3135537,1.506154604,4541.633614,3
2026-09-22T02:30:00+00:00,3843.733799,681.3135537,-5.957905868,4519.089447,3
2026-09-22T02:45:00+00:00,3966.407668,567.7415761,13.91269249,4548.061936,3
2026-09-22T03:00:00+00:00,4084.244121,454.1695986,18.67683498,4557.090555,2
2026-09-22T03:15:00+00:00,3855.136809,682.0237127,5.360021071,4542.520543,3
2026-09-22T03:30:00+00:00,3838.999906,682.0237127,18.07999988,4539.103619,3
2026-09-22T03:45:00+00:00,4061.252757,455.1174108,5.115817437,4521.485985,2
2026-09-22T04:00:00+00:00,3833.935049,681.19171,37.60087414,4552.727633,3
2026-09-22T04:15:00+00:00,3833.935049,681.19171,22.31018264,4537.436941,3
2026-09-22T04:30:00+00:00,3833.935049,681.19171,44.82828552,4559.955044,3
2026-09-22T04:45:00+00:00,3833.935049,681.19171,72.00654327,4587.133302,3
2026-09-22T05:00:00+00:00,3973.12931,568.1545604,51.12469581,4592.408566,3
2026-09-22T05:15:00+00:00,4233.571404,341.4857624,28.16949623,4603.226662,2
2026-09-22T05:30:00+00:00,4123.391842,458.0254196,-6.692969246,4574.724292,2
2026-09-22T05:45:00+00:00,4333.622195,228.7362146,-10.87722407,4551.481186,1
2026-09-22T06:00:00+00:00,4084.25269,455.0286137,1.899812412,4541.181117,2
2026-09-22T06:15:00+00:00,3855.945229,682.0872531,1.955225869,4539.987708,3
2026-09-22T06:30:00+00:00,4073.029503,454.5131938,-2.360937736,4525.181759,2
2026-09-22T06:45:00+00:00,3618.161524,906.8930842,-3.226752798,4521.827855,4
2026-09-22T07:00:00+00:00,3618.161524,906.8930842,-3.44737454,4521.607233,4
2026-09-22T07:15:00+00:00,3825.778826,680.7625436,13.93870135,4520.480071,3
2026-09-22T07:30:00+00:00,3942.504859,567.6378687,16.26962026,4526.412348,3
2026-09-22T07:45:00+00:00,4056.344275,454.5131938,10.38017542,4521.237644,2
2026-09-22T08:00:00+00:00,3602.235368,906.5381517,6.512957488,4515.286477,4
2026-09-22T08:15:00+00:00,3825.816603,680.5850307,32.75868768,4539.160321,3
2026-09-22T08:30:00+00:00,4040.010088,453.1304763,-24.8784343,4468.26213,2
2026-09-22T08:45:00+00:00,4025.898118,449.4849435,-12.8501228,4462.532939,2
2026-09-22T09:00:00+00:00,3911.989045,560.5729798,21.13226376,4493.694288,3
2026-09-22T09:15:00+00:00,4024.231846,449.0335507,6.545145886,4479.810543,2
2026-09-22T09:30:00+00:00,3573.884563,896.9174721,-2.472712338,4468.329323,4
2026-09-22T09:45:00+00:00,3786.354907,672.9166972,-0.1962476374,4459.075357,3
2026-09-22T10:00:00+00:00,4007.887896,449.0335507,21.89902743,4478.820475,2
2026-09-22T10:15:00+00:00,3782.725501,672.9643267,41.64447825,4497.334306,3
2026-09-22T10:30:00+00:00,3782.725501,672.9643267,24.52935666,4480.219184,3
2026-09-22T10:45:00+00:00,3557.492786,896.9650382,14.49253774,4468.950362,4
2026-09-22T11:00:00+00:00,3770.890079,672.9643267,23.91834736,4467.772753,3
2026-09-22T11:15:00+00:00,3770.890079,672.9643267,18.55534515,4462.409751,3
2026-09-22T11:30:00+00:00,3770.890079,672.9643267,2.605498492,4446.459904,3
2026-09-22T11:45:00+00:00,3760.508002,672.9643267,27.06396695,4460.536296,3
2026-09-22T12:00:00+00:00,3760.508002,672.9643267,42.53671331,4476.009042,3
2026-09-22T12:15:00+00:00,3760.508002,672.9643267,17.05493133,4450.52726,3
2026-09-22T12:30:00+00:00,3652.21801,784.2223192,23.16757236,4459.607901,4
2026-09-22T12:45:00+00:00,3985.535108,450.0026129,-25.65713116,4409.88059,2
2026-09-22T13:00:00+00:00,3749.865124,670.4966424,-37.80519168,4382.556575,3
2026-09-22T13:15:00+00:00,3952.95219,450.0026129,-16.03571077,4386.919092,2
2026-09-22T13:30:00+00:00,4123.001338,223.930776,1.867394917,4348.799508,1
2026-09-22T13:45:00+00:00,4091.529866,217.2115389,13.68130297,4322.422708,1
2026-09-22T14:00:00+00:00,4214.042396,108.0605677,16.03619012,4338.139154,1
2026-09-22T14:15:00+00:00,4121.798604,216.8378204,10.94491745,4349.581342,2
2026-09-22T14:30:00+00:00,4015.987789,325.5774209,22.42175985,4363.98697,3
2026-09-22T14:45:00+00:00,4353.457489,0,0,4353.457489,0
2026-09-22T15:00:00+00:00,4134.587414,217.6728745,-6.123297793,4346.136991,1
2026-09-22T15:15:00+00:00,4332.973135,0,0,4332.973135,0
2026-09-22T15:30:00+00:00,3670.217234,649.2636033,-13.09171741,4306.38912,3
2026-09-22T15:45:00+00:00,3657.219465,648.0907064,-6.520716322,4298.789455,3
2026-09-22T16:00:00+00:00,3637.530321,646.7231904,42.6357389,4326.88925,3
2026-09-22T16:15:00+00:00,3637.530321,646.7231904,65.46161941,4349.71513,3
2026-09-22T16:30:00+00:00,3637.530321,646.7231904,46.16328217,4330.416793,3
2026-09-22T16:45:00+00:00,3630.343835,648.310731,22.10649793,4300.761064,3
2026-09-22T17:00:00+00:00,3414.156713,863.315328,24.17393846,4301.645979,4
2026-09-22T17:15:00+00:00,3625.102007,647.9533358,10.14550674,4283.20085,3
2026-09-22T17:30:00+00:00,3409.757991,862.1194383,20.84731341,4292.724743,4
2026-09-22T17:45:00+00:00,3409.757991,862.1194383,17.90065885,4289.778088,4
2026-09-22T18:00:00+00:00,3409.757991,862.1194383,33.79541384,4305.672843,4
2026-09-22T18:15:00+00:00,3409.757991,862.1194383,41.53308613,4313.410515,4
2026-09-22T18:30:00+00:00,3409.757991,862.1194383,22.33084049,4294.20827,4
2026-09-22T18:45:00+00:00,3409.757991,862.1194383,15.09314146,4286.970571,4
2026-09-22T19:00:00+00:00,3620.35322,647.1148413,2.231533072,4269.699594,3
2026-09-22T19:15:00+00:00,3620.35322,647.1148413,1.653228647,4269.12129,3
2026-09-22T19:30:00+00:00,3619.991433,644.0297504,1.57126451,4265.592448,3
2026-09-22T19:45:00+00:00,3619.991433,644.0297504,6.660091002,4270.681275,3
2026-09-22T20:00:00+00:00,3619.991433,644.0297504,26.6021372,4290.623321,3
2026-09-22T20:15:00+00:00,3735.361319,537.308517,-6.970245043,4265.699591,3
2026-09-22T20:30:00+00:00,3628.395694,643.877114,1.332036077,4273.604844,3
2026-09-22T20:45:00+00:00,3635.399502,643.3866564,-5.969947893,4272.816211,3
2026-09-22T21:00:00+00:00,3420.572773,857.0383021,-1.581200899,4276.029874,4
2026-09-22T21:15:00+00:00,3623.244862,643.7484718,-1.588208735,4265.405125,3
2026-09-22T21:30:00+00:00,3623.244862,643.7484718,1.683254652,4268.676588,3
2026-09-22T21:45:00+00:00,3623.244862,643.7484718,1.712448718,4268.705783,3
2026-09-22T22:00:00+00:00,3611.310667,643.7484718,20.08688329,4275.146023,3
2026-09-22T22:15:00+00:00,3611.310667,643.7484718,1.281905827,4256.341045,3
2026-09-22T22:30:00+00:00,3815.886286,429.238622,-3.738974425,4241.385934,2
2026-09-22T22:45:00+00:00,3930.727747,322.8299016,-6.215201393,4247.342447,2
2026-09-22T23:00:00+00:00,4202.651202,0,0,4202.651202,0
2026-09-22T23:15:00+00:00,4202.651202,0,0,4202.651202,0
2026-09-22T23:30:00+00:00,3569.119135,630.0667007,4.859602807,4204.045438,3
2026-09-22T23:45:00+00:00,3569.119135,630.0667007,1.154607236,4200.340443,3
2026-09-23T00:00:00+00:00,3771.147826,419.9341406,-5.057394183,4186.024572,2
2026-09-23T00:15:00+00:00,3758.906285,419.3234429,-0.2650233779,4177.964705,2
2026-09-23T00:30:00+00:00,3748.1939,418.2180645,13.55404024,4179.966004,2
2026-09-23T00:45:00+00:00,3538.05546,627.2070644,21.86956675,4187.132091,3
2026-09-23T01:00:00+00:00,3934.965185,209.3012286,19.59967349,4163.866087,1
2026-09-23T01:15:00+00:00,3934.965185,209.3012286,27.22593321,4171.492347,1
2026-09-23T01:30:00+00:00,3622.142775,522.0675725,48.41884098,4192.629188,3
2026-09-23T01:45:00+00:00,3958.367529,208.8878068,22.64067017,4189.896006,2
2026-09-23T02:00:00+00:00,3975.096423,209.4992619,13.83510848,4198.430793,1
2026-09-23T02:15:00+00:00,3956.173333,209.8113046,-6.562461816,4159.422175,1
2026-09-23T02:30:00+00:00,3724.894248,417.6732025,-8.067541499,4134.499909,2
2026-09-23T02:45:00+00:00,3517.042811,624.3877095,-28.9812467,4112.449274,3
2026-09-23T03:00:00+00:00,3896.341955,206.714507,-2.467209845,4100.589252,1
2026-09-23T03:15:00+00:00,3870.590725,204.9216769,-3.610545775,4071.901856,1
2026-09-23T03:30:00+00:00,3849.889374,204.9216769,-16.13991226,4038.671139,1
2026-09-23T03:45:00+00:00,4030.059472,0,0,4030.059472,0
2026-09-23T04:00:00+00:00,3615.035676,402.68856,-4.298222381,4013.426014,2
2026-09-23T04:15:00+00:00,3980.424152,0,0,3980.424152,0
2026-09-23T04:30:00+00:00,3380.391882,596.7501446,17.42618262,3994.568209,3
2026-09-23T04:45:00+00:00,3575.126831,397.9379042,12.3883799,3985.453115,2
2026-09-23T05:00:00+00:00,3374.749225,597.2194621,29.48756035,4001.456247,3
2026-09-23T05:15:00+00:00,3554.715216,398.3027655,41.3422194,3994.360201,2
2026-09-23T05:30:00+00:00,3353.908034,598.0115493,32.7442119,3984.663795,3
2026-09-23T05:45:00+00:00,3579.704685,398.8601665,35.82134894,4014.3862,3
2026-09-23T06:00:00+00:00,3803.537449,199.7087838,2.797200928,4006.043434,1
2026-09-23T06:15:00+00:00,3602.133731,400.0108403,3.706348711,4005.85092,2
2026-09-23T06:30:00+00:00,3503.236108,500.4489944,-2.713639797,4000.971463,3
2026-09-23T06:45:00+00:00,3602.903476,400.5946025,3.92945323,4007.427532,2
2026-09-23T07:00:00+00:00,3401.439425,600.9566617,14.05483705,4016.450924,3
2026-09-23T07:15:00+00:00,3401.439425,600.9566617,6.797485047,4009.193572,3
2026-09-23T07:30:00+00:00,3720.125758,300.4783308,15.79908616,4036.403175,3
2026-09-23T07:45:00+00:00,4029.895073,0,0,4029.895073,0
2026-09-23T08:00:00+00:00,3624.795515,402.8836974,-15.83122058,4011.847992,2
2026-09-23T08:15:00+00:00,3548.752756,401.0149773,2.782430449,3952.550163,2
2026-09-23T08:30:00+00:00,3350.061176,598.6197306,9.194370929,3957.875278,3
2026-09-23T08:45:00+00:00,3151.101877,796.4907397,16.20177505,3963.794391,4
2026-09-23T09:00:00+00:00,3151.101877,796.4907397,21.63293833,3969.225555,4
2026-09-23T09:15:00+00:00,3151.101877,796.4907397,30.70582753,3978.298444,4
2026-09-23T09:30:00+00:00,3151.101877,796.4907397,43.93804994,3991.530666,4
2026-09-23T09:45:00+00:00,3377.076555,596.0359106,29.46405328,4002.576519,3
2026-09-23T10:00:00+00:00,3377.076555,596.0359106,34.59388493,4007.706351,3
2026-09-23T10:15:00+00:00,3594.132545,398.2980294,25.99794419,4018.428518,3
2026-09-23T10:30:00+00:00,3804.399189,200.5601482,4.958596374,4009.917933,1
2026-09-23T10:45:00+00:00,3602.809129,401.0475279,-0.7404632077,4003.116193,2
2026-09-23T11:00:00+00:00,3401.543898,601.2118545,35.79091158,4038.546664,3
2026-09-23T11:15:00+00:00,3510.502066,500.9317804,64.62117473,4076.055021,3
2026-09-23T11:30:00+00:00,3618.208215,400.6517063,51.36007208,4070.219993,2
2026-09-23T11:45:00+00:00,3405.13372,607.383254,36.36323978,4048.880214,3
2026-09-23T12:00:00+00:00,3715.028116,303.7450588,33.46562258,4052.238797,2
2026-09-23T12:15:00+00:00,3634.174788,406.1133089,4.017149986,4044.305247,2
2026-09-23T12:30:00+00:00,3227.626668,810.4376452,0.2299993388,4038.294312,4
2026-09-23T12:45:00+00:00,3227.626668,810.4376452,-5.152430816,4032.911882,4
2026-09-23T13:00:00+00:00,3411.616616,608.3285712,31.55148721,4051.496674,3
2026-09-23T13:15:00+00:00,3411.616616,608.3285712,4.876756754,4024.821944,3
2026-09-23T13:30:00+00:00,3402.093303,606.9917122,-3.703031993,4005.381983,3
2026-09-23T13:45:00+00:00,3392.839339,606.9917122,3.499317352,4003.330369,3
2026-09-23T14:00:00+00:00,4035.669468,0,0,4035.669468,0
2026-09-23T14:15:00+00:00,3956.033511,100.8387559,31.65674019,4088.529007,1
2026-09-23T14:30:00+00:00,4076.814964,0,0,4076.814964,0
2026-09-23T14:45:00+00:00,3462.252028,611.2013279,-2.885907362,4070.567449,3
2026-09-23T15:00:00+00:00,3462.252028,611.2013279,4.173517698,4077.626874,3
2026-09-23T15:15:00+00:00,3462.252028,611.2013279,-15.55933206,4057.894024,3
2026-09-23T15:30:00+00:00,3384.623702,712.6535543,-16.14531279,4081.131944,4
2026-09-23T15:45:00+00:00,3509.475417,611.2013279,-85.67134926,4035.005396,3
2026-09-23T16:00:00+00:00,4003.685123,0,0,4003.685123,0
2026-09-23T16:15:00+00:00,3400.146208,600.2376085,-8.716188904,3991.667628,3
2026-09-23T16:30:00+00:00,3400.146208,600.2376085,-1.1348538,3999.248963,3
2026-09-23T16:45:00+00:00,3400.146208,600.2376085,-11.22917881,3989.154638,3
2026-09-23T17:00:00+00:00,3400.146208,600.2376085,-33.0829033,3967.300913,3
2026-09-23T17:15:00+00:00,3400.146208,600.2376085,5.030784467,4005.414601,3
2026-09-23T17:30:00+00:00,3400.146208,600.2376085,8.915575491,4009.299392,3
2026-09-23T17:45:00+00:00,3400.146208,600.2376085,6.154526877,4006.538343,3
2026-09-23T18:00:00+00:00,3400.146208,600.2376085,-9.647753896,3990.736063,3
2026-09-23T18:15:00+00:00,3400.146208,600.2376085,-26.66164107,3973.722175,3
2026-09-23T18:30:00+00:00,3400.146208,600.2376085,-15.09667405,3985.287142,3
2026-09-23T18:45:00+00:00,3400.146208,600.2376085,-7.552008654,3992.831808,3
2026-09-23T19:00:00+00:00,3400.146208,600.2376085,-5.854623984,3994.529192,3
2026-09-23T19:15:00+00:00,3400.146208,600.2376085,3.317822996,4003.701639,3
2026-09-23T19:30:00+00:00,3400.146208,600.2376085,-1.030050526,3999.353766,3
2026-09-23T19:45:00+00:00,3400.146208,600.2376085,10.12771528,4010.511532,3
2026-09-23T20:00:00+00:00,3400.146208,600.2376085,-2.394419737,3997.989397,3
2026-09-23T20:15:00+00:00,3400.146208,600.2376085,-14.34163713,3986.042179,3
2026-09-23T20:30:00+00:00,3400.146208,600.2376085,1.61601801,4001.999834,3
2026-09-23T20:45:00+00:00,3400.146208,600.2376085,-16.20231791,3984.181499,3
2026-09-23T21:00:00+00:00,3377.548038,600.2376085,-4.956911254,3972.828735,3
2026-09-23T21:15:00+00:00,3377.548038,600.2376085,2.758482164,3980.544129,3
2026-09-23T21:30:00+00:00,3377.548038,600.2376085,15.02702513,3992.812672,3
2026-09-23T21:45:00+00:00,3377.548038,600.2376085,3.343486809,3981.129133,3
2026-09-23T22:00:00+00:00,3348.848812,600.2376085,25.49434259,3974.580763,3
2026-09-23T22:15:00+00:00,3348.848812,600.2376085,14.21128655,3963.297707,3
2026-09-23T22:30:00+00:00,3149.602236,798.3943223,27.5207764,3975.517335,4
2026-09-23T22:45:00+00:00,3149.602236,798.3943223,38.10703679,3986.103595,4
2026-09-23T23:00:00+00:00,3149.602236,798.3943223,35.62138119,3983.617939,4
2026-09-23T23:15:00+00:00,3149.602236,798.3943223,23.91335018,3971.909908,4
2026-09-23T23:30:00+00:00,3149.602236,798.3943223,28.5218559,3976.518414,4
2026-09-23T23:45:00+00:00,3149.602236,798.3943223,36.64134157,3984.6379,4
2026-09-24T00:00:00+00:00,3381.712821,600.2376085,-7.12500448,3974.825425,3
2026-09-24T00:15:00+00:00,3381.712821,600.2376085,-1.452042999,3980.498386,3
2026-09-24T00:30:00+00:00,3381.712821,600.2376085,-10.58003187,3971.370397,3
2026-09-24T00:45:00+00:00,3381.712821,600.2376085,-18.39721697,3963.553212,3
2026-09-24T01:00:00+00:00,3381.712821,600.2376085,-20.04699859,3961.903431,3
2026-09-24T01:15:00+00:00,3381.712821,600.2376085,-22.88838948,3959.06204,3
2026-09-24T01:30:00+00:00,3381.712821,600.2376085,-28.92833747,3953.022092,3
2026-09-24T01:45:00+00:00,3381.712821,600.2376085,-26.80375448,3955.146675,3
2026-09-24T02:00:00+00:00,3381.712821,600.2376085,-25.14392941,3956.8065,3
2026-09-24T02:15:00+00:00,3381.712821,600.2376085,2.876056546,3984.826486,3
2026-09-24T02:30:00+00:00,3381.712821,600.2376085,26.53573712,4008.486166,3
2026-09-24T02:45:00+00:00,3603.638575,400.0533523,12.68044225,4016.37237,2
2026-09-24T03:00:00+00:00,3596.676085,400.0533523,15.39830813,4012.127746,2
2026-09-24T03:15:00+00:00,3588.517491,400.0533523,-10.46228013,3978.108563,2
2026-09-24T03:30:00+00:00,3588.517491,400.0533523,-8.998223697,3979.57262,2
2026-09-24T03:45:00+00:00,3388.454213,599.022301,-13.26690826,3974.209606,3
2026-09-24T04:00:00+00:00,3580.170637,400.0533523,-9.349766752,3970.874222,2
2026-09-24T04:15:00+00:00,3486.101923,499.3252079,16.26454353,4001.691674,3
2026-09-24T04:30:00+00:00,3591.668911,400.0533523,9.278641051,4001.000904,2
2026-09-24T04:45:00+00:00,3390.526807,600.0952261,31.97163927,4022.593672,3
2026-09-24T05:00:00+00:00,3603.321637,400.0533523,35.99340281,4039.368392,2
2026-09-24T05:15:00+00:00,3400.232655,602.0314542,32.10744113,4034.37155,3
2026-09-24T05:30:00+00:00,3197.39501,803.7595942,28.94756159,4030.102166,4
2026-09-24T05:45:00+00:00,3393.134708,601.7814922,6.904459535,4001.82066,3
2026-09-24T06:00:00+00:00,3393.134708,601.7814922,-9.155999239,3985.760201,3
2026-09-24T06:15:00+00:00,3192.712011,801.1078937,19.13832057,4012.958225,4
2026-09-24T06:30:00+00:00,3192.712011,801.1078937,26.90255813,4020.722463,4
2026-09-24T06:45:00+00:00,3192.712011,801.1078937,25.66596015,4019.485865,4
2026-09-24T07:00:00+00:00,3386.284939,601.7814922,6.53285427,3994.599286,3
2026-09-24T07:15:00+00:00,3386.284939,601.7814922,15.9619458,4004.028377,3
2026-09-24T07:30:00+00:00,3382.555509,600.272625,17.75050134,4000.578636,3
2026-09-24T07:45:00+00:00,3382.555509,600.272625,26.67135995,4009.499494,3
2026-09-24T08:00:00+00:00,3580.530651,400.0533523,15.77027734,3996.354281,2
2026-09-24T08:15:00+00:00,3379.595988,599.8889202,-0.846591006,3978.638317,3
2026-09-24T08:30:00+00:00,3379.595988,599.8889202,4.399656358,3983.884564,3
2026-09-24T08:45:00+00:00,3847.999541,99.91778394,16.42517895,3964.342503,1
2026-09-24T09:00:00+00:00,3737.319994,198.0141035,-13.50645172,3921.827645,1
2026-09-24T09:15:00+00:00,3918.01866,0,0,3918.01866,0
2026-09-24T09:30:00+00:00,3721.040272,195.900933,-20.11383576,3896.827369,1
2026-09-24T09:45:00+00:00,3721.040272,195.900933,-22.20670677,3894.734498,1
2026-09-24T10:00:00+00:00,3329.527493,585.2721704,-20.80756066,3893.992103,3
2026-09-24T10:15:00+00:00,3329.527493,585.2721704,-22.56199477,3892.237668,3
2026-09-24T10:30:00+00:00,3329.527493,585.2721704,-17.5566345,3897.243029,3
2026-09-24T10:45:00+00:00,3329.527493,585.2721704,5.351867188,3920.15153,3
2026-09-24T11:00:00+00:00,3329.527493,585.2721704,8.946061983,3923.745725,3
2026-09-24T11:15:00+00:00,3329.527493,585.2721704,-2.329949366,3912.469714,3
2026-09-24T11:30:00+00:00,3329.527493,585.2721704,-11.55348036,3903.246183,3
2026-09-24T11:45:00+00:00,3329.527493,585.2721704,-5.273372814,3909.52629,3
2026-09-24T12:00:00+00:00,3329.527493,585.2721704,5.29874512,3920.098408,3
2026-09-24T12:15:00+00:00,3329.527493,585.2721704,12.43534211,3927.235005,3
2026-09-24T12:30:00+00:00,3329.527493,585.2721704,-2.84451265,3911.955151,3
2026-09-24T12:45:00+00:00,3329.527493,585.2721704,11.37940264,3926.179066,3
2026-09-24T13:00:00+00:00,3329.527493,585.2721704,32.38400814,3947.183671,3
2026-09-24T13:15:00+00:00,3431.546893,487.9038079,34.70044245,3954.151144,3
2026-09-24T13:30:00+00:00,3641.400784,293.2181892,24.62997354,3959.248947,2
2026-09-24T13:45:00+00:00,3546.575884,393.8932785,33.2123755,3973.681538,2
2026-09-24T14:00:00+00:00,3448.543165,493.5810647,37.90861631,3980.032846,3
2026-09-24T14:15:00+00:00,3775.284281,197.292446,47.02710396,4019.603831,2
2026-09-24T14:30:00+00:00,3869.479269,97.9504665,26.86730626,3994.297042,1
2026-09-24T14:45:00+00:00,3908.363591,99.86490059,27.23804245,4035.466534,1
2026-09-24T15:00:00+00:00,4026.840312,0,0,4026.840312,0
2026-09-24T15:15:00+00:00,3419.810848,603.7090641,19.30677121,4042.826684,3
2026-09-24T15:30:00+00:00,3419.810848,603.7090641,48.97730864,4072.497221,3
2026-09-24T15:45:00+00:00,3419.810848,603.7090641,47.97456199,4071.494474,3
2026-09-24T16:00:00+00:00,3419.639187,603.7090641,37.0720741,4060.420325,3
2026-09-24T16:15:00+00:00,3875.221031,201.2891759,20.92932215,4097.439529,2
2026-09-24T16:30:00+00:00,3886.061957,204.8719765,-0.8277836232,4090.10615,1
2026-09-24T16:45:00+00:00,3474.890056,613.7948019,-20.66727521,4068.017583,3
2026-09-24T17:00:00+00:00,3474.890056,613.7948019,-5.898416079,4082.786442,3
2026-09-24T17:15:00+00:00,3474.890056,613.7948019,-25.49513748,4063.189721,3
2026-09-24T17:30:00+00:00,3856.533016,204.4077147,21.80320337,4082.743934,1
2026-09-24T17:45:00+00:00,3835.84024,204.4077147,-10.67959929,4029.568355,1
2026-09-24T18:00:00+00:00,3633.25369,405.8861325,-6.672003729,4032.467819,2
2026-09-24T18:15:00+00:00,3025.354792,1010.459875,6.976441363,4042.791109,5
2026-09-24T18:30:00+00:00,3222.642833,809.041088,31.18300854,4062.866929,4
2026-09-24T18:45:00+00:00,3222.642833,809.041088,28.37965799,4060.063578,4
2026-09-24T19:00:00+00:00,3422.156661,607.4106948,18.21976115,4047.787117,3
2026-09-24T19:15:00+00:00,3374.366881,605.4072816,34.91126711,4014.685429,3
2026-09-24T19:30:00+00:00,3374.366881,605.4072816,19.23412107,3999.008283,3
2026-09-24T19:45:00+00:00,3459.800841,502.0709195,-1.464952809,3960.406808,3
2026-09-24T20:00:00+00:00,3524.971558,399.4625704,-1.105948392,3923.32818,2
2026-09-24T20:15:00+00:00,3130.533762,791.7428248,30.73628874,3953.012875,4
2026-09-24T20:30:00+00:00,3232.834741,693.3650086,34.99768883,3961.197438,4
2026-09-24T20:45:00+00:00,3349.763289,595.3207013,18.34331535,3963.427305,3
2026-09-24T21:00:00+00:00,3330.284632,597.3245416,13.92141842,3941.530592,3
2026-09-24T21:15:00+00:00,3118.599554,794.4010712,7.645990935,3920.646616,4
2026-09-24T21:30:00+00:00,3118.599554,794.4010712,1.366759177,3914.367384,4
2026-09-24T21:45:00+00:00,3127.340704,794.4010712,-8.705379761,3913.036395,4
2026-09-24T22:00:00+00:00,3127.976946,794.4010712,-16.80488006,3905.573137,4
2026-09-24T22:15:00+00:00,3509.640541,392.3551864,-9.381805514,3892.613921,2
2026-09-24T22:30:00+00:00,3482.24651,391.6858075,-12.02815603,3861.904161,2
2026-09-24T22:45:00+00:00,3274.149626,583.0514913,-7.947951298,3849.253166,3
2026-09-24T23:00:00+00:00,3179.491954,679.2793069,-7.213513413,3851.557748,4
2026-09-24T23:15:00+00:00,3371.338916,486.5324207,-5.493732875,3852.377604,3
2026-09-24T23:30:00+00:00,3177.660213,679.151718,-8.799042402,3848.012888,4
2026-09-24T23:45:00+00:00,3082.178584,775.0436297,-8.501137219,3848.721077,4
2026-09-25T00:00:00+00:00,3533.600623,288.8474744,9.241065295,3831.689162,2
2026-09-25T00:15:00+00:00,3438.349733,384.213848,-2.280357009,3820.283224,2
2026-09-25T00:30:00+00:00,3233.255567,574.3468489,7.359903743,3814.962319,3
2026-09-25T00:45:00+00:00,3041.456427,765.0968634,3.22528719,3809.778578,4
2026-09-25T01:00:00+00:00,3594.029363,190.5142989,1.401106679,3785.944769,1
2026-09-25T01:15:00+00:00,3762.522168,0,0,3762.522168,0
2026-09-25T01:30:00+00:00,3296.760849,470.1177174,1.923929753,3768.802496,3
2026-09-25T01:45:00+00:00,3194.05097,564.923476,-1.825212911,3757.149233,3
2026-09-25T02:00:00+00:00,3354.963687,376.2199711,10.08322845,3741.266887,2
2026-09-25T02:15:00+00:00,3345.465778,375.3234458,3.110632402,3723.899856,2
2026-09-25T02:30:00+00:00,3168.258692,561.525423,2.044169627,3731.828284,3
2026-09-25T02:45:00+00:00,3369.894936,374.9373254,4.35949008,3749.191752,3
2026-09-25T03:00:00+00:00,3731.435982,0,0,3731.435982,0
2026-09-25T03:15:00+00:00,3168.937495,559.421668,4.965164895,3733.324327,3
2026-09-25T03:30:00+00:00,3332.681763,372.8498689,5.309573696,3710.841206,2
2026-09-25T03:45:00+00:00,3146.147445,558.3638598,20.10843518,3724.61974,3
2026-09-25T04:00:00+00:00,3325.849627,372.8498689,16.75544573,3715.454941,2
2026-09-25T04:15:00+00:00,3157.75256,558.1745459,29.3699103,3745.297016,4
2026-09-25T04:30:00+00:00,3633.547327,93.18799836,12.68848549,3739.423811,1
2026-09-25T04:45:00+00:00,3360.167792,373.8539859,-5.645456988,3728.376321,2
2026-09-25T05:00:00+00:00,3172.723211,560.273261,-3.646725757,3729.349746,3
2026-09-25T05:15:00+00:00,3353.35927,373.2971985,-4.965503489,3721.690965,2
2026-09-25T05:30:00+00:00,2979.242152,745.3679278,-7.047480649,3717.562599,4
2026-09-25T05:45:00+00:00,3153.330299,558.9486527,-4.452151237,3707.826801,3
2026-09-25T06:00:00+00:00,3331.124036,372.0707292,-5.093792779,3698.100972,2
2026-09-25T06:15:00+00:00,3317.933409,372.0707292,-4.848571383,3685.155567,2
2026-09-25T06:30:00+00:00,3486.456339,185.9865291,-5.036532856,3667.406336,1
2026-09-25T06:45:00+00:00,3486.456339,185.9865291,-3.667511208,3668.775357,1
2026-09-25T07:00:00+00:00,3287.476433,369.2327827,-5.502838917,3651.206377,2
2026-09-25T07:15:00+00:00,3459.405813,185.9865291,3.373171553,3648.765513,1
2026-09-25T07:30:00+00:00,3447.357938,185.9865291,-1.320616954,3632.02385,1
2026-09-25T07:45:00+00:00,3422.854573,185.9865291,7.089087455,3615.93019,1
2026-09-25T08:00:00+00:00,3059.200282,547.4659879,11.45893701,3618.125207,3
2026-09-25T08:15:00+00:00,3449.665572,180.7397294,9.988669374,3640.393971,2
2026-09-25T08:30:00+00:00,3266.644819,362.7593741,1.256860087,3630.661053,3
2026-09-25T08:45:00+00:00,3432.734545,181.4377251,-5.241788631,3608.930481,1
2026-09-25T09:00:00+00:00,3332.478721,270.4804121,3.657287411,3606.61642,2
2026-09-25T09:15:00+00:00,3580.890916,0,0,3580.890916,0
2026-09-25T09:30:00+00:00,3400.861625,179.0445458,-1.752250513,3578.153921,1
2026-09-25T09:45:00+00:00,3220.969937,357.9522418,1.780965117,3580.703144,2
2026-09-25T10:00:00+00:00,3206.451327,357.9934435,12.45314595,3576.897917,2
2026-09-25T10:15:00+00:00,3026.622785,536.8383394,1.351804154,3564.812928,3
2026-09-25T10:30:00+00:00,2847.409426,715.0714166,15.79159797,3578.27244,4
2026-09-25T10:45:00+00:00,3008.540034,536.0276846,20.33797628,3564.905695,3
2026-09-25T11:00:00+00:00,3184.75778,357.0965497,-33.21927477,3508.635055,2
2026-09-25T11:15:00+00:00,3184.75778,357.0965497,-26.6419445,3515.212385,2
2026-09-25T11:30:00+00:00,3008.036882,532.8507999,-20.64559871,3520.242083,3
2026-09-25T11:45:00+00:00,3008.036882,532.8507999,-26.92950022,3513.958181,3
2026-09-25T12:00:00+00:00,3008.036882,532.8507999,-25.86182275,3515.025859,3
2026-09-25T12:15:00+00:00,3008.036882,532.8507999,-10.74517432,3530.142507,3
2026-09-25T12:30:00+00:00,3355.36382,178.2516539,-31.11286458,3502.502609,1
2026-09-25T12:45:00+00:00,3355.36382,178.2516539,-35.0703975,3498.545076,1
2026-09-25T13:00:00+00:00,2827.972714,702.7579749,-61.7484096,3468.982279,4
2026-09-25T13:15:00+00:00,2996.402664,527.8307211,-40.36252942,3483.870856,3
2026-09-25T13:30:00+00:00,3099.75644,349.5790672,14.70338629,3464.038894,2
2026-09-25T13:45:00+00:00,2925.608009,522.7749207,12.43841641,3460.821346,3
2026-09-25T14:00:00+00:00,3130.803991,347.9853871,20.18771744,3498.977096,3
2026-09-25T14:15:00+00:00,3323.138119,173.1958535,-4.348894364,3491.985078,1
2026-09-25T14:30:00+00:00,2783.719269,696.6053944,-12.20496884,3468.119695,4
2026-09-25T14:45:00+00:00,2956.387855,522.1050347,5.246019354,3483.738909,3
2026-09-25T15:00:00+00:00,3104.374568,348.9091812,25.40541756,3478.689166,2
2026-09-25T15:15:00+00:00,2752.464076,696.1214096,31.49972067,3480.085207,4
2026-09-25T15:30:00+00:00,3117.805438,347.6862659,43.26910669,3508.760811,3
2026-09-25T15:45:00+00:00,3475.358784,0,0,3475.358784,0
2026-09-25T16:00:00+00:00,3300.635121,173.7679392,12.64901744,3487.052077,1
2026-09-25T16:15:00+00:00,2950.086172,522.399415,19.84368383,3492.329271,3
2026-09-25T16:30:00+00:00,3119.174509,348.1294361,16.07936862,3483.383314,2
2026-09-25T16:45:00+00:00,2851.383522,608.9165197,33.90616279,3494.206204,4
2026-09-25T17:00:00+00:00,3112.868963,347.7542317,10.73736418,3471.360559,2
2026-09-25T17:15:00+00:00,2928.391862,520.8365322,20.67495773,3469.903352,3
2026-09-25T17:30:00+00:00,3163.957152,260.6760899,8.151043539,3432.784285,2
2026-09-25T17:45:00+00:00,2735.124483,688.6529777,6.674791721,3430.452252,4
2026-09-25T18:00:00+00:00,3076.588491,345.631931,7.237563463,3429.457985,2
2026-09-25T18:15:00+00:00,2730.011123,685.8132221,4.225053026,3420.049398,4
2026-09-25T18:30:00+00:00,2717.160507,685.8132221,3.758556309,3406.732285,4
2026-09-25T18:45:00+00:00,3050.15725,343.1248224,1.636123771,3394.918196,2
2026-09-25T19:00:00+00:00,2538.387241,852.0954922,-7.358349305,3383.124384,5
2026-09-25T19:15:00+00:00,2538.387241,852.0954922,-5.090195245,3385.392538,5
2026-09-25T19:30:00+00:00,2697.915453,682.4386179,6.510051415,3386.864122,4
2026-09-25T19:45:00+00:00,2527.63674,851.7859199,-5.784729277,3373.637931,5
2026-09-25T20:00:00+00:00,2527.63674,851.7859199,-9.513365174,3369.909295,5
2026-09-25T20:15:00+00:00,2832.133388,512.8708346,-1.276844863,3343.727378,3
2026-09-25T20:30:00+00:00,2984.581901,343.1248224,6.115767941,3333.822492,2
2026-09-25T20:45:00+00:00,3072.361721,249.9491532,8.365138759,3330.676013,2
2026-09-25T21:00:00+00:00,2990.086322,333.1373916,19.1958277,3342.419541,2
2026-09-25T21:15:00+00:00,2908.554902,417.0262237,3.110649868,3328.691775,3
2026-09-25T21:30:00+00:00,2979.295605,332.7818202,0.02993801126,3312.107364,2
2026-09-25T21:45:00+00:00,2646.350852,663.9053944,-13.05552689,3297.200719,4
2026-09-25T22:00:00+00:00,2775.033355,497.6483965,6.100132143,3278.781884,3
2026-09-25T22:15:00+00:00,2940.803276,332.7818202,5.612268527,3279.197365,2
2026-09-25T22:30:00+00:00,2781.188743,494.2251675,-15.62347833,3259.790433,4
2026-09-25T22:45:00+00:00,2866.901632,411.0515518,-17.26171665,3260.691467,3
2026-09-25T23:00:00+00:00,2845.916877,410.1539975,-10.02210149,3246.048773,3
2026-09-25T23:15:00+00:00,2766.973488,489.2391418,-3.339587199,3252.873043,3
2026-09-25T23:30:00+00:00,2603.443522,651.8746126,-4.171713979,3251.146421,4
2026-09-25T23:45:00+00:00,2603.443522,651.8746126,-1.337264343,3253.980871,4
2026-09-26T00:00:00+00:00,2603.769453,651.8746126,3.142295108,3258.786361,4
2026-09-26T00:15:00+00:00,2921.246867,326.9367031,5.957189509,3254.140759,2
2026-09-26T00:30:00+00:00,2757.654924,489.633812,14.87986834,3262.168604,3
2026-09-26T00:45:00+00:00,2917.0154,326.9367031,20.00174394,3263.953847,2
2026-09-26T01:00:00+00:00,2588.864151,653.2929918,5.448184948,3247.605328,4
2026-09-26T01:15:00+00:00,2735.442605,490.1576828,6.527562555,3232.12785,3
2026-09-26T01:30:00+00:00,2881.629354,327.0950585,-5.320705014,3203.403707,2
2026-09-26T01:45:00+00:00,2881.629354,327.0950585,2.292727742,3211.01714,2
2026-09-26T02:00:00+00:00,2558.846549,648.1122688,14.54654608,3221.505363,4
2026-09-26T02:15:00+00:00,2558.846549,648.1122688,28.20878269,3235.1676,4
2026-09-26T02:30:00+00:00,2558.846549,648.1122688,25.89942867,3232.858246,4
2026-09-26T02:45:00+00:00,2558.846549,648.1122688,33.4414589,3240.400276,4
2026-09-26T03:00:00+00:00,2890.855615,324.382684,36.35834879,3251.596648,3
2026-09-26T03:15:00+00:00,2976.606392,244.1494588,16.78050934,3237.53636,2
2026-09-26T03:30:00+00:00,2972.292597,244.1494588,30.45293759,3246.894993,2
2026-09-26T03:45:00+00:00,2809.038252,406.5108166,26.24720208,3241.79627,3
2026-09-26T04:00:00+00:00,2962.327706,244.1494588,22.87899696,3229.356162,2
2026-09-26T04:15:00+00:00,2958.048055,244.1494588,27.04427122,3229.241785,2
2026-09-26T04:30:00+00:00,2795.714624,405.5949398,13.23845708,3214.548021,3
2026-09-26T04:45:00+00:00,2634.123231,566.3024413,18.14032702,3218.565999,4
2026-09-26T05:00:00+00:00,2791.482551,405.5949398,28.25916777,3225.336659,3
2026-09-26T05:15:00+00:00,2791.482551,405.5949398,25.92523837,3223.00273,3
2026-09-26T05:30:00+00:00,2791.482551,405.5949398,13.86074862,3210.93824,3
2026-09-26T05:45:00+00:00,2787.437371,405.5949398,26.65569652,3219.688007,3
2026-09-26T06:00:00+00:00,2787.437371,405.5949398,29.89492538,3222.927236,3
2026-09-26T06:15:00+00:00,2947.950679,241.7208609,16.32940093,3206.000941,2
2026-09-26T06:30:00+00:00,2625.671885,562.2368175,10.69035644,3198.599059,4
2026-09-26T06:45:00+00:00,2625.671885,562.2368175,14.55125193,3202.459954,4
2026-09-26T07:00:00+00:00,2776.238698,402.020908,8.58708485,3186.846691,3
2026-09-26T07:15:00+00:00,2776.238698,402.020908,10.78408724,3189.043693,3
2026-09-26T07:30:00+00:00,2615.917744,561.46492,7.771336277,3185.154,4
2026-09-26T07:45:00+00:00,2696.513884,481.3148965,3.113513102,3180.942294,4
2026-09-26T08:00:00+00:00,2777.422019,401.1648729,14.1489641,3192.735856,3
2026-09-26T08:15:00+00:00,2777.422019,401.1648729,6.417599455,3185.004491,3
2026-09-26T08:30:00+00:00,2935.569325,241.072239,-4.745766157,3171.895798,2
2026-09-26T08:45:00+00:00,3015.561737,161.4454811,-1.469081852,3175.538136,1
2026-09-26T09:00:00+00:00,3110.901921,79.38845341,3.22370393,3193.514078,1
2026-09-26T09:15:00+00:00,2789.871773,398.6625931,1.126950975,3189.661317,3
2026-09-26T09:30:00+00:00,2629.508241,558.1489507,-3.843790729,3183.813401,4
2026-09-26T09:45:00+00:00,2469.473714,717.3081017,-6.197314158,3180.584502,5
2026-09-26T10:00:00+00:00,3010.645721,159.4863575,0.8160774666,3170.948156,1
2026-09-26T10:15:00+00:00,3010.645721,159.4863575,1.262055141,3171.394134,1
2026-09-26T10:30:00+00:00,2851.203881,318.0560642,11.85959265,3181.119538,2
2026-09-26T10:45:00+00:00,2681.947731,477.095915,3.428384899,3162.472031,3
2026-09-26T11:00:00+00:00,2678.288384,476.6336837,-1.154615647,3153.767452,3
2026-09-26T11:15:00+00:00,2663.714247,476.2552718,-2.907364314,3137.062155,3
2026-09-26T11:30:00+00:00,2655.045528,475.3646265,8.602101465,3139.012256,3
2026-09-26T11:45:00+00:00,2497.231592,632.3153342,14.07426302,3143.621189,4
2026-09-26T12:00:00+00:00,2497.231592,632.3153342,17.58987775,3147.136804,4
2026-09-26T12:15:00+00:00,2580.786382,553.8399804,31.37830352,3166.004666,4
2026-09-26T12:30:00+00:00,2994.013993,157.9391345,19.33898848,3171.292116,2
2026-09-26T12:45:00+00:00,3005.649199,158.5686724,-2.499414662,3161.718456,1
2026-09-26T13:00:00+00:00,3001.374084,158.5686724,1.569155729,3161.511912,1
2026-09-26T13:15:00+00:00,2683.58072,474.6237332,10.21493745,3168.419391,3
2026-09-26T13:30:00+00:00,2683.58072,474.6237332,6.156121233,3164.360574,3
2026-09-26T13:45:00+00:00,2679.855128,474.2274111,-4.687562422,3149.394977,3
2026-09-26T14:00:00+00:00,2679.855128,474.2274111,-11.69015804,3142.392381,3
2026-09-26T14:15:00+00:00,2826.25299,316.2413837,-2.392971863,3140.101402,2
2026-09-26T14:30:00+00:00,2656.382163,473.2464538,-5.036236264,3124.59238,3
2026-09-26T14:45:00+00:00,2646.550343,471.4070394,8.552167784,3126.50955,3
2026-09-26T15:00:00+00:00,2489.359524,627.7380382,4.953818855,3122.051381,4
2026-09-26T15:15:00+00:00,2787.473581,314.4019693,3.778444922,3105.653995,2
2026-09-26T15:30:00+00:00,3020.237071,79.08617516,1.422221384,3100.745467,1
2026-09-26T15:45:00+00:00,2632.489394,464.867621,11.72382876,3109.080844,3
2026-09-26T16:00:00+00:00,2714.909334,387.4303769,23.08729322,3125.427005,3
2026-09-26T16:15:00+00:00,2795.142493,309.9931328,15.20085605,3120.336482,2
2026-09-26T16:30:00+00:00,2940.458514,155.0372734,7.583192709,3103.07898,1
2026-09-26T16:45:00+00:00,2628.585864,465.2040064,18.05053042,3111.840401,3
2026-09-26T17:00:00+00:00,2712.1345,387.6853697,27.80186903,3127.621739,3
2026-09-26T17:15:00+00:00,2712.1345,387.6853697,28.8455126,3128.665382,3
2026-09-26T17:30:00+00:00,2864.077272,232.5612734,34.27040835,3130.908954,2
2026-09-26T17:45:00+00:00,2706.655816,389.1216475,34.05656245,3129.834026,3
2026-09-26T18:00:00+00:00,2706.655816,389.1216475,41.47028716,3137.247751,3
2026-09-26T18:15:00+00:00,2706.655816,389.1216475,46.58766621,3142.36513,3
2026-09-26T18:30:00+00:00,2706.655816,389.1216475,62.41907656,3158.19654,3
2026-09-26T18:45:00+00:00,2706.655816,389.1216475,61.53138164,3157.308845,3
2026-09-26T19:00:00+00:00,2547.91406,546.9950995,50.87269367,3145.781853,4
2026-09-26T19:15:00+00:00,2547.91406,546.9950995,63.38316719,3158.292327,4
2026-09-26T19:30:00+00:00,2632.145796,468.7149125,67.90111266,3168.761821,4
2026-09-26T19:45:00+00:00,2713.966256,390.4347254,67.92152405,3172.322506,3
2026-09-26T20:00:00+00:00,2814.083217,313.6458965,57.2499347,3184.979048,3
2026-09-26T20:15:00+00:00,2919.874532,236.1245781,21.33451116,3177.333621,2
2026-09-26T20:30:00+00:00,3122.795476,79.44449682,8.837262168,3211.077235,1
2026-09-26T20:45:00+00:00,2885.223735,321.0234127,3.358271534,3209.60542,2
2026-09-26T21:00:00+00:00,3036.353612,160.3960389,2.535293361,3199.284944,1
2026-09-26T21:15:00+00:00,3199.569266,0,0,3199.569266,0
2026-09-26T21:30:00+00:00,3199.569266,0,0,3199.569266,0
2026-09-26T21:45:00+00:00,2717.247599,479.6834078,1.531053069,3198.46206,3
2026-09-26T22:00:00+00:00,2870.031613,319.7049446,-10.99469928,3178.741858,2
2026-09-26T22:15:00+00:00,2710.233575,478.6289008,13.10385153,3201.966328,3
2026-09-26T22:30:00+00:00,2803.603291,399.1669227,11.83805917,3214.608273,3
2026-09-26T22:45:00+00:00,2894.531751,319.7049446,-3.736306592,3210.500389,2
2026-09-26T23:00:00+00:00,2711.089261,480.7762733,-16.24078627,3175.624748,3
2026-09-26T23:15:00+00:00,2711.089261,480.7762733,-10.99184898,3180.873685,3
2026-09-26T23:30:00+00:00,2551.15971,639.8310234,-7.213779356,3183.776954,4
2026-09-26T23:45:00+00:00,2551.15971,639.8310234,-14.19733188,3176.793401,4
2026-09-27T00:00:00+00:00,2551.288935,639.8310234,-7.745736412,3183.374222,4
2026-09-27T00:15:00+00:00,2634.313796,560.3036484,-10.11954175,3184.497903,4
2026-09-27T00:30:00+00:00,2715.881101,480.7762733,-12.89692617,3183.760448,3
2026-09-27T00:45:00+00:00,2555.778443,640.0031837,10.08196752,3205.863594,4
2026-09-27T01:00:00+00:00,2705.738552,479.4781642,-7.130581531,3178.086135,3
2026-09-27T01:15:00+00:00,2534.765269,638.3778416,11.29514838,3184.438259,4
2026-09-27T01:30:00+00:00,2534.765269,638.3778416,-8.8561148,3164.286996,4
2026-09-27T01:45:00+00:00,2517.26083,636.7554044,-2.184955491,3151.831278,4
2026-09-27T02:00:00+00:00,2358.787569,794.3618299,-5.993770955,3147.155628,5
2026-09-27T02:15:00+00:00,2358.787569,794.3618299,7.211653683,3160.361052,5
2026-09-27T02:30:00+00:00,2358.787569,794.3618299,9.375551398,3162.52495,5
2026-09-27T02:45:00+00:00,2825.843412,319.6676743,11.44718404,3156.95827,2
2026-09-27T03:00:00+00:00,2819.928708,319.6676743,2.662326689,3142.258709,2
2026-09-27T03:15:00+00:00,2649.92903,476.6314024,2.027507428,3128.58794,3
2026-09-27T03:30:00+00:00,2649.92903,476.6314024,8.658114129,3135.218546,3
2026-09-27T03:45:00+00:00,2334.711735,790.1244852,23.34145865,3148.177679,5
2026-09-27T04:00:00+00:00,2638.867147,476.3730687,18.31349331,3133.553709,3
2026-09-27T04:15:00+00:00,2620.485633,476.3730687,28.12615441,3124.984856,3
2026-09-27T04:30:00+00:00,2616.258426,475.8956991,15.82134051,3107.975465,3
2026-09-27T04:45:00+00:00,2616.258426,475.8956991,18.29349441,3110.447619,3
2026-09-27T05:00:00+00:00,2303.603797,786.8401333,0.1040088484,3090.547939,5
2026-09-27T05:15:00+00:00,2303.603797,786.8401333,-2.947342863,3087.496587,5
2026-09-27T05:30:00+00:00,2744.227257,315.912981,-9.201350505,3050.938888,3
2026-09-27T05:45:00+00:00,2874.915302,155.4722171,16.35135744,3046.738876,2
2026-09-27T06:00:00+00:00,2800.165434,229.9414844,2.467855349,3032.574774,2
2026-09-27T06:15:00+00:00,2647.696413,381.5765133,-15.71086385,3013.562062,3
2026-09-27T06:30:00+00:00,2618.566775,380.6132973,3.313173881,3002.493246,3
2026-09-27T06:45:00+00:00,2467.613833,530.7405388,2.939133568,3001.293506,4
2026-09-27T07:00:00+00:00,2467.613833,530.7405388,2.997367287,3001.351739,4
2026-09-27T07:15:00+00:00,2609.187127,378.5555692,8.997769718,2996.740466,3
2026-09-27T07:30:00+00:00,2690.743506,300.511693,3.859943638,2995.115142,2
2026-09-27T07:45:00+00:00,2686.07441,299.5819802,4.218599234,2989.874989,2
2026-09-27T08:00:00+00:00,2536.042565,449.0906877,14.74181243,2999.875065,3
2026-09-27T08:15:00+00:00,2536.042565,449.0906877,6.270907729,2991.40416,3
2026-09-27T08:30:00+00:00,2536.042565,449.0906877,40.76551642,3025.898769,3
2026-09-27T08:45:00+00:00,2536.042565,449.0906877,43.61878889,3028.752041,3
2026-09-27T09:00:00+00:00,2536.042565,449.0906877,79.18774051,3064.320993,3
2026-09-27T09:15:00+00:00,2536.042565,449.0906877,73.03138398,3058.164636,3
2026-09-27T09:30:00+00:00,2536.042565,449.0906877,57.69550234,3042.828755,3
2026-09-27T09:45:00+00:00,2536.042565,449.0906877,64.09774441,3049.230997,3
2026-09-27T10:00:00+00:00,2682.713716,299.3485875,61.20966231,3043.271966,2
2026-09-27T10:15:00+00:00,2529.719959,451.5054817,77.68607394,3058.911515,3
2026-09-27T10:30:00+00:00,2529.719959,451.5054817,83.16398798,3064.389429,3
2026-09-27T10:45:00+00:00,2529.719959,451.5054817,85.17363794,3066.399079,3
2026-09-27T11:00:00+00:00,2618.432449,376.7511279,83.19149963,3078.375076,3
2026-09-27T11:15:00+00:00,2703.572792,301.9967742,75.83151264,3081.401079,2
2026-09-27T11:30:00+00:00,2663.808841,381.1709818,40.42400526,3085.403828,3
2026-09-27T11:45:00+00:00,2778.139585,306.2510417,-3.425465236,3080.965162,2
2026-09-27T12:00:00+00:00,2768.607626,306.2510417,-14.58964193,3060.269026,2
2026-09-27T12:15:00+00:00,2899.656232,154.0941476,-1.802838344,3051.947541,1
2026-09-27T12:30:00+00:00,2592.863297,459.2089506,-5.214056896,3046.858191,3
2026-09-27T12:45:00+00:00,2592.863297,459.2089506,11.1569495,3063.229197,3
2026-09-27T13:00:00+00:00,2752.005803,306.6515491,14.78281674,3073.440169,3
2026-09-27T13:15:00+00:00,3060.564026,0,0,3060.564026,0
2026-09-27T13:30:00+00:00,3054.072588,0,0,3054.072588,0
2026-09-27T13:45:00+00:00,2886.781804,152.5432945,-5.114068252,3034.211031,1
2026-09-27T14:00:00+00:00,2877.738078,152.5432945,-3.000739854,3027.280632,1
2026-09-27T14:15:00+00:00,2804.514799,228.2253103,12.23193907,3044.972049,2
2026-09-27T14:30:00+00:00,2809.313473,228.514034,3.380448843,3041.207956,2
2026-09-27T14:45:00+00:00,2878.771418,152.2423868,-4.672210086,3026.341595,1
2026-09-27T15:00:00+00:00,2574.538629,454.8110487,-3.758061956,3025.591616,3
2026-09-27T15:15:00+00:00,2861.211888,151.2445989,-2.125114697,3010.331373,1
2026-09-27T15:30:00+00:00,2709.873733,301.7549471,-2.917524438,3008.711156,2
2026-09-27T15:45:00+00:00,2696.97545,301.7549471,-1.758851518,2996.971546,2
2026-09-27T16:00:00+00:00,2546.209505,451.5986176,0.1772901347,2997.985413,3
2026-09-27T16:15:00+00:00,2546.209505,451.5986176,-6.865124444,2990.942998,3
2026-09-27T16:30:00+00:00,2533.615928,451.3132814,2.301170966,2987.23038,3
2026-09-27T16:45:00+00:00,2383.42793,600.6797643,3.688449805,2987.796144,4
2026-09-27T17:00:00+00:00,2529.919084,451.12143,-1.456982275,2979.583532,3
2026-09-27T17:15:00+00:00,2529.919084,451.12143,-0.637011244,2980.403503,3
2026-09-27T17:30:00+00:00,2520.529168,451.12143,-2.999903104,2968.650695,3
2026-09-27T17:45:00+00:00,2520.529168,451.12143,1.697097978,2973.347696,3
2026-09-27T18:00:00+00:00,2659.432843,299.876831,6.399026177,2965.7087,2
2026-09-27T18:15:00+00:00,2740.744768,224.621657,2.850256347,2968.216681,2
2026-09-27T18:30:00+00:00,2740.744768,224.621657,7.401921225,2972.768346,2
2026-09-27T18:45:00+00:00,2806.17388,149.3664829,-5.411611887,2950.128751,1
2026-09-27T19:00:00+00:00,2797.52921,149.3664829,-0.7472060175,2946.148487,1
2026-09-27T19:15:00+00:00,2501.382416,443.8933786,2.330316488,2947.606111,3
2026-09-27T19:30:00+00:00,2501.382416,443.8933786,1.891254324,2947.167049,3
2026-09-27T19:45:00+00:00,2353.219609,591.2457482,0.4048567143,2944.870214,4
2026-09-27T20:00:00+00:00,2353.219609,591.2457482,-7.88785097,2936.577506,4
2026-09-27T20:15:00+00:00,2489.803622,443.8933786,9.929638369,2943.626638,3
2026-09-27T20:30:00+00:00,2489.803622,443.8933786,7.123402645,2940.820403,3
2026-09-27T20:45:00+00:00,2341.959205,590.9290983,9.403569088,2942.291873,4
2026-09-27T21:00:00+00:00,2623.257957,296.6686068,2.427114173,2922.353678,2
2026-09-27T21:15:00+00:00,2476.342043,442.7809033,8.469061017,2927.592007,3
2026-09-27T21:30:00+00:00,2541.078783,369.3971452,14.24143792,2924.717366,3
2026-09-27T21:45:00+00:00,2758.32735,149.3664829,7.415504254,2915.109337,1
2026-09-27T22:00:00+00:00,2825.644707,74.68324145,9.220231791,2909.54818,1
2026-09-27T22:15:00+00:00,2886.104981,0,0,2886.104981,0
2026-09-27T22:30:00+00:00,2861.316916,0,0,2861.316916,0
2026-09-27T22:45:00+00:00,2717.464208,143.0658458,-7.843518485,2852.686535,1
2026-09-27T23:00:00+00:00,2287.433553,570.7442698,6.067069973,2864.244893,4
2026-09-27T23:15:00+00:00,2287.433553,570.7442698,17.22351355,2875.401336,4
2026-09-27T23:30:00+00:00,2287.433553,570.7442698,26.2679397,2884.445762,4
2026-09-27T23:45:00+00:00,2516.258698,356.9424708,19.79181393,2892.992982,3
2026-09-28T00:00:00+00:00,2730.158053,142.5594616,6.757576286,2879.475091,1
2026-09-28T00:15:00+00:00,2777.255099,71.27973079,9.714119333,2858.248949,1
2026-09-28T00:30:00+00:00,2856.581469,0,0,2856.581469,0
2026-09-28T00:45:00+00:00,2810.139411,0,0,2810.139411,0
2026-09-28T01:00:00+00:00,2527.654047,280.9401925,-4.576184771,2804.018055,2
2026-09-28T01:15:00+00:00,2513.009046,280.9401925,-4.363575847,2789.585663,2
2026-09-28T01:30:00+00:00,2506.716431,280.9401925,-19.75125569,2767.905368,2
2026-09-28T01:45:00+00:00,2631.805752,140.4332219,0.6204908583,2772.859465,1
2026-09-28T02:00:00+00:00,2621.373009,140.4332219,-5.465346984,2756.340884,1
2026-09-28T02:15:00+00:00,2335.288139,415.9949736,-3.012834891,2748.270278,3
2026-09-28T02:30:00+00:00,2460.162121,277.8335057,7.369962554,2745.365589,2
2026-09-28T02:45:00+00:00,2606.236814,140.4332219,15.17358135,2761.843617,1
2026-09-28T03:00:00+00:00,2467.385126,278.5254028,19.07352334,2764.984052,2
2026-09-28T03:15:00+00:00,2321.118011,416.7878355,13.71121515,2751.617062,3
2026-09-28T03:30:00+00:00,2321.118011,416.7878355,8.389218174,2746.295065,3
2026-09-28T03:45:00+00:00,2183.034807,554.1157359,15.3964605,2752.547004,4
2026-09-28T04:00:00+00:00,2393.407883,346.5712245,12.83817539,2752.817283,3
2026-09-28T04:15:00+00:00,2337.22211,413.9954777,4.363451369,2755.581039,3
2026-09-28T04:30:00+00:00,2337.22211,413.9954777,5.993039142,2757.210627,3
2026-09-28T04:45:00+00:00,2337.22211,413.9954777,4.160246853,2755.377834,3
2026-09-28T05:00:00+00:00,2337.22211,413.9954777,-10.74742013,2740.470167,3
2026-09-28T05:15:00+00:00,2455.821138,275.1156892,4.554516855,2735.491344,2
2026-09-28T05:30:00+00:00,2662.66343,68.51175418,-1.000561491,2730.174623,1
2026-09-28T05:45:00+00:00,2317.205022,409.3112809,-1.326049368,2725.190253,3
2026-09-28T06:00:00+00:00,2317.205022,409.3112809,4.457665508,2730.973968,3
2026-09-28T06:15:00+00:00,2317.205022,409.3112809,-10.63435973,2715.881943,3
2026-09-28T06:30:00+00:00,2317.205022,409.3112809,-6.031536312,2720.484766,3
2026-09-28T06:45:00+00:00,2317.205022,409.3112809,-6.451130459,2720.065172,3
2026-09-28T07:00:00+00:00,2317.205022,409.3112809,-9.773901579,2716.742401,3
2026-09-28T07:15:00+00:00,2440.746602,272.9458122,-8.326608334,2705.365806,2
2026-09-28T07:30:00+00:00,2571.535274,136.4370811,-4.417992737,2703.554363,1
2026-09-28T07:45:00+00:00,2299.764225,406.721566,-6.077279279,2700.408512,3
2026-09-28T08:00:00+00:00,2299.620797,406.721566,18.8106581,2725.153021,3
2026-09-28T08:15:00+00:00,2299.620797,406.721566,3.321282672,2709.663645,3
2026-09-28T08:30:00+00:00,2428.884993,270.2844849,-0.3536022726,2698.815875,2
2026-09-28T08:45:00+00:00,2293.212122,405.215237,6.407953598,2704.835312,3
2026-09-28T09:00:00+00:00,2557.252216,135.1067667,-6.499316054,2685.859666,1
2026-09-28T09:15:00+00:00,2287.280089,403.6021684,-7.198353169,2683.683904,3
2026-09-28T09:30:00+00:00,2401.288498,268.4954017,-13.37800011,2656.4059,2
2026-09-28T09:45:00+00:00,2525.398069,134.21246,-3.025584859,2656.584944,1
2026-09-28T10:00:00+00:00,2325.78617,333.428263,3.122527085,2662.336961,3
2026-09-28T10:15:00+00:00,2392.837122,267.0462357,3.93058022,2663.813938,2
2026-09-28T10:30:00+00:00,2326.394942,333.8200448,12.89768738,2673.112674,3
2026-09-28T10:45:00+00:00,2461.524031,200.8078084,7.110987498,2669.442827,2
2026-09-28T11:00:00+00:00,2394.563796,267.6846013,2.99505117,2665.243449,2
2026-09-28T11:15:00+00:00,2260.568601,400.9468542,8.144861923,2669.660317,3
2026-09-28T11:30:00+00:00,2332.664717,333.8406242,7.91896723,2674.424309,3
2026-09-28T11:45:00+00:00,2403.798183,266.7343942,4.422875091,2674.955452,2
2026-09-28T12:00:00+00:00,2547.615495,133.6099168,7.258873334,2688.484285,2
2026-09-28T12:15:00+00:00,2482.043664,201.1574684,8.944895226,2692.146027,2
2026-09-28T12:30:00+00:00,2346.696062,335.7647296,6.031093949,2688.491886,3
2026-09-28T12:45:00+00:00,2346.696062,335.7647296,19.43594218,2701.896734,3
2026-09-28T13:00:00+00:00,2543.510765,134.4213978,8.595880915,2686.528044,1
2026-09-28T13:15:00+00:00,2543.510765,134.4213978,12.07125042,2690.003413,1
2026-09-28T13:30:00+00:00,2347.475085,336.1404444,13.29624751,2696.911777,3
2026-09-28T13:45:00+00:00,2421.344823,268.9297455,-2.304936693,2687.969632,2
2026-09-28T14:00:00+00:00,2672.585133,0,0,2672.585133,0
2026-09-28T14:15:00+00:00,2672.585133,0,0,2672.585133,0
2026-09-28T14:30:00+00:00,2672.585133,0,0,2672.585133,0
2026-09-28T14:45:00+00:00,2672.585133,0,0,2672.585133,0
2026-09-28T15:00:00+00:00,2269.704016,400.6773907,-7.9548175,2662.426589,3
2026-09-28T15:15:00+00:00,2401.338909,267.1182727,4.640126456,2673.097308,2
2026-09-28T15:30:00+00:00,2266.939172,400.7828552,12.22443299,2679.94646,3
2026-09-28T15:45:00+00:00,2266.939172,400.7828552,32.62031285,2700.34234,3
2026-09-28T16:00:00+00:00,2405.648395,267.1535986,26.45037499,2699.252369,2
2026-09-28T16:15:00+00:00,2733.988582,0,0,2733.988582,0
2026-09-28T16:30:00+00:00,2585.795717,136.627679,-13.28028794,2709.143108,1
2026-09-28T16:45:00+00:00,2705.153574,0,0,2705.153574,0
2026-09-28T17:00:00+00:00,2444.535714,270.3024145,55.52172165,2770.35985,2
2026-09-28T17:15:00+00:00,2596.882254,135.1157292,18.0185122,2750.016496,1
2026-09-28T17:30:00+00:00,2458.625175,272.616554,20.68416729,2751.925896,2
2026-09-28T17:45:00+00:00,2320.274664,410.2102997,23.43081405,2753.915777,3
2026-09-28T18:00:00+00:00,2320.274664,410.2102997,20.03224461,2750.517208,3
2026-09-28T18:15:00+00:00,2320.274664,410.2102997,17.44640802,2747.931371,3
2026-09-28T18:30:00+00:00,2320.274664,410.2102997,9.273651892,2739.758615,3
2026-09-28T18:45:00+00:00,2320.274664,410.2102997,10.79484884,2741.279812,3
2026-09-28T19:00:00+00:00,2553.665742,137.5008248,-4.675898398,2686.490668,1
2026-09-28T19:15:00+00:00,2553.665742,137.5008248,7.378890161,2698.545457,1
2026-09-28T19:30:00+00:00,2535.805871,137.5008248,15.89881591,2689.205512,1
2026-09-28T19:45:00+00:00,2535.805871,137.5008248,9.463552844,2682.770249,1
2026-09-28T20:00:00+00:00,2131.539686,539.5557077,16.78323629,2687.87863,4
2026-09-28T20:15:00+00:00,2131.539686,539.5557077,16.69319296,2687.788587,4
2026-09-28T20:30:00+00:00,2207.997132,472.5817382,9.634266338,2690.213136,4
2026-09-28T20:45:00+00:00,2282.094933,405.6077686,-1.386940417,2686.315761,3
2026-09-28T21:00:00+00:00,2147.044965,539.9190248,-2.620026525,2684.343963,4
2026-09-28T21:15:00+00:00,2147.044965,539.9190248,-7.696547416,2679.267442,4
2026-09-28T21:30:00+00:00,2147.044965,539.9190248,-4.882649251,2682.08134,4
2026-09-28T21:45:00+00:00,2276.443725,405.6077686,-7.617113419,2674.43438,3
2026-09-28T22:00:00+00:00,2398.604504,271.5191068,3.099531314,2673.223142,2
2026-09-28T22:15:00+00:00,2264.210874,405.1776149,6.68265084,2676.07114,3
2026-09-28T22:30:00+00:00,2129.690163,538.9625094,17.8654816,2686.518154,4
2026-09-28T22:45:00+00:00,2129.690163,538.9625094,14.77169562,2683.424368,4
2026-09-28T23:00:00+00:00,2129.690163,538.9625094,12.14215111,2680.794823,4
2026-09-28T23:15:00+00:00,2129.690163,538.9625094,18.12705094,2686.779723,4
2026-09-28T23:30:00+00:00,2129.690163,538.9625094,13.61080772,2682.26348,4
2026-09-28T23:45:00+00:00,2129.690163,538.9625094,12.39841489,2681.051087,4
2026-09-29T00:00:00+00:00,2226.75765,401.4616846,38.76944151,2666.988776,3
2026-09-29T00:15:00+00:00,2226.75765,401.4616846,40.29061147,2668.509946,3
2026-09-29T00:30:00+00:00,2209.802817,401.4616846,47.46239468,2658.726896,3
2026-09-29T00:45:00+00:00,2209.802817,401.4616846,8.878558068,2620.14306,3
2026-09-29T01:00:00+00:00,2342.949265,264.7848666,1.264000277,2608.998132,2
2026-09-29T01:15:00+00:00,2469.511843,130.9999722,13.72503366,2614.236849,1
2026-09-29T01:30:00+00:00,2469.511843,130.9999722,8.109034616,2608.620849,1
2026-09-29T01:45:00+00:00,2076.260249,522.1005124,19.81953911,2618.180301,4
2026-09-29T02:00:00+00:00,2151.737586,456.6005264,11.04253823,2619.380651,4
2026-09-29T02:15:00+00:00,2225.968325,391.1005403,-7.024158118,2610.044707,3
2026-09-29T02:30:00+00:00,2094.753933,521.5972005,2.067679582,2618.418813,4
2026-09-29T02:45:00+00:00,2094.753933,521.5972005,4.289454369,2620.640588,4
2026-09-29T03:00:00+00:00,2094.753933,521.5972005,15.4084877,2631.759622,4
2026-09-29T03:15:00+00:00,2165.945977,456.4479963,30.74407331,2653.138047,4
2026-09-29T03:30:00+00:00,2236.842596,391.2987921,29.79904056,2657.940428,3
2026-09-29T03:45:00+00:00,2103.21036,524.2000707,26.1947202,2653.605151,4
2026-09-29T04:00:00+00:00,2261.993234,393.7034105,15.20532715,2670.901972,3
2026-09-29T04:15:00+00:00,2328.899725,328.485762,14.99414478,2672.379632,3
2026-09-29T04:30:00+00:00,2395.212537,263.2681135,11.6473137,2670.127964,2
2026-09-29T04:45:00+00:00,2395.212537,263.2681135,18.16792857,2676.648579,2
2026-09-29T05:00:00+00:00,2260.64403,397.1005424,26.86377513,2684.608347,3
2026-09-29T05:15:00+00:00,2260.64403,397.1005424,32.89784037,2690.642412,3
2026-09-29T05:30:00+00:00,2390.183097,263.2681135,24.22609456,2677.677305,2
2026-09-29T05:45:00+00:00,2327.116291,331.9532818,28.33645641,2687.406029,3
2026-09-29T06:00:00+00:00,2703.771723,0,0,2703.771723,0
2026-09-29T06:15:00+00:00,2422.536451,270.3062152,-2.662843523,2690.179823,2
2026-09-29T06:30:00+00:00,2422.536451,270.3062152,-1.23143848,2691.611228,2
2026-09-29T06:45:00+00:00,2287.209992,404.8924506,14.82230617,2706.924748,3
2026-09-29T07:00:00+00:00,2411.350332,269.7748216,21.04419721,2702.16935,2
2026-09-29T07:15:00+00:00,2275.498767,404.8832891,11.28994498,2691.672002,3
2026-09-29T07:30:00+00:00,2354.997258,337.5901714,15.06345308,2707.650883,3
2026-09-29T07:45:00+00:00,2354.997258,337.5901714,17.97389059,2710.56132,3
2026-09-29T08:00:00+00:00,2298.245569,405.8151343,-2.352859022,2701.707844,3
2026-09-29T08:15:00+00:00,2241.508187,473.3560649,19.75947256,2734.623724,4
2026-09-29T08:30:00+00:00,2449.605348,270.6132449,6.896700408,2727.115293,2
2026-09-29T08:45:00+00:00,2449.605348,270.6132449,-4.1282052,2716.090387,2
2026-09-29T09:00:00+00:00,2431.62202,270.8996837,5.323142464,2707.844846,2
2026-09-29T09:15:00+00:00,2295.49236,406.2847259,-2.135654121,2699.641432,3
2026-09-29T09:30:00+00:00,2295.49236,406.2847259,11.09480516,2712.871891,3
2026-09-29T09:45:00+00:00,2410.26879,270.8996837,13.30811107,2694.476585,2
2026-09-29T10:00:00+00:00,2410.26879,270.8996837,11.32979523,2692.498269,2
2026-09-29T10:15:00+00:00,2410.26879,270.8996837,10.2657887,2691.434263,2
2026-09-29T10:30:00+00:00,2139.730606,539.9580466,-2.997797291,2676.690856,4
2026-09-29T10:45:00+00:00,2005.157536,673.795014,4.952472307,2683.905022,5
2026-09-29T11:00:00+00:00,2005.157536,673.795014,0.6127673293,2679.565317,5
2026-09-29T11:15:00+00:00,2005.157536,673.795014,0.9778305095,2679.93038,5
2026-09-29T11:30:00+00:00,2207.856888,471.3282413,4.699195143,2683.884324,4
2026-09-29T11:45:00+00:00,2393.728489,269.9436917,43.00376368,2706.675945,3
2026-09-29T12:00:00+00:00,2477.860897,202.3961095,21.85807568,2702.115082,2
2026-09-29T12:15:00+00:00,2542.071697,134.4938498,0.0264402351,2676.591987,1
2026-09-29T12:30:00+00:00,2526.792245,134.4938498,7.54333352,2668.829428,1
2026-09-29T12:45:00+00:00,2258.511905,401.3067192,15.74405221,2675.562676,3
2026-09-29T13:00:00+00:00,2258.511905,401.3067192,8.885189868,2668.703814,3
2026-09-29T13:15:00+00:00,2124.337017,534.7476819,-2.132002876,2656.952696,4
2026-09-29T13:30:00+00:00,2236.502705,401.3067192,17.77939921,2655.588823,3
2026-09-29T13:45:00+00:00,2366.449027,267.9353212,35.83640822,2670.220756,2
2026-09-29T14:00:00+00:00,2441.310963,200.6883963,36.73420322,2678.733562,2
2026-09-29T14:15:00+00:00,2464.966803,200.6403659,6.471747464,2672.078916,2
2026-09-29T14:30:00+00:00,2402.593044,267.523576,1.243004847,2671.359625,2
2026-09-29T14:45:00+00:00,2268.281893,401.1000568,13.06331256,2682.445262,3
2026-09-29T15:00:00+00:00,2551.241938,133.7480555,22.13687767,2707.126871,2
2026-09-29T15:15:00+00:00,2485.706797,202.147462,35.7997846,2723.654043,2
2026-09-29T15:30:00+00:00,2348.770529,338.3347001,6.23330363,2693.338533,3
2026-09-29T15:45:00+00:00,2228.930512,472.2238244,-8.448372861,2692.705964,4
2026-09-29T16:00:00+00:00,2228.932089,472.2238244,-4.115705007,2697.040208,4
2026-09-29T16:15:00+00:00,2228.932089,472.2238244,-10.04052652,2691.115386,4
2026-09-29T16:30:00+00:00,2324.330888,405.435584,-15.61946915,2714.147002,3
2026-09-29T16:45:00+00:00,2452.303203,270.7760714,-11.81739661,2711.261878,2
2026-09-29T17:00:00+00:00,2179.739578,541.8487963,-3.173649819,2718.414725,4
2026-09-29T17:15:00+00:00,2297.32795,406.348013,11.04173147,2714.717695,3
2026-09-29T17:30:00+00:00,2297.32795,406.348013,6.972590074,2710.648553,3
2026-09-29T17:45:00+00:00,2544.169652,136.1872382,14.1829449,2694.539835,1
2026-09-29T18:00:00+00:00,2544.169652,136.1872382,9.051249304,2689.40814,1
2026-09-29T18:15:00+00:00,2281.494165,405.0397811,6.226028646,2692.759975,3
2026-09-29T18:30:00+00:00,2295.355702,405.0397811,-10.9194437,2689.476039,3
2026-09-29T18:45:00+00:00,2295.355702,405.0397811,-1.837356786,2698.558126,3
2026-09-29T19:00:00+00:00,2295.355702,405.0397811,-11.12209947,2689.273384,3
2026-09-29T19:15:00+00:00,2295.355702,405.0397811,-12.49498191,2687.900501,3
2026-09-29T19:30:00+00:00,2295.355702,405.0397811,-13.23540794,2687.160075,3
2026-09-29T19:45:00+00:00,2160.253024,539.4034594,-15.24668351,2684.409799,4
2026-09-29T20:00:00+00:00,2277.527482,405.0397811,-21.80256016,2660.764703,3
2026-09-29T20:15:00+00:00,2143.760727,538.074843,-14.16235635,2667.673214,4
2026-09-29T20:30:00+00:00,2009.643456,671.4585037,-18.41896485,2662.682995,5
2026-09-29T20:45:00+00:00,2009.643456,671.4585037,-13.91533389,2667.186626,5
2026-09-29T21:00:00+00:00,2128.214814,538.074843,0.340694281,2666.630351,4
2026-09-29T21:15:00+00:00,2259.853374,405.0397811,2.622135402,2667.51529,3
2026-09-29T21:30:00+00:00,2125.761835,538.3978501,0.7966095059,2664.956295,4
2026-09-29T21:45:00+00:00,1991.772261,671.6545126,0.1944584168,2663.621232,5
2026-09-29T22:00:00+00:00,1991.772261,671.6545126,-3.22768648,2660.199087,5
2026-09-29T22:15:00+00:00,1991.772261,671.6545126,-4.206532751,2659.220241,5
2026-09-29T22:30:00+00:00,1991.772261,671.6545126,-6.834023493,2656.59275,5
2026-09-29T22:45:00+00:00,1991.772261,671.6545126,-3.439504342,2659.98727,5
2026-09-29T23:00:00+00:00,2135.529416,537.2635289,-15.09929951,2657.693645,4
2026-09-29T23:15:00+00:00,2001.904971,670.1570589,-8.388943839,2663.673087,5
2026-09-29T23:30:00+00:00,2128.91219,537.2635289,5.971813593,2672.147533,4
2026-09-29T23:45:00+00:00,2128.91219,537.2635289,-5.819859427,2660.35586,4
2026-09-30T00:00:00+00:00,1995.412647,670.2993488,-1.839997774,2663.871998,5
2026-09-30T00:15:00+00:00,2252.643347,402.5811271,-3.683765963,2651.540708,3
2026-09-30T00:30:00+00:00,2114.895298,535.0885761,-6.253272962,2643.730602,4
2026-09-30T00:45:00+00:00,1981.981742,667.2751062,-7.136378575,2642.12047,5
2026-09-30T01:00:00+00:00,2051.167692,601.1818412,-18.94771405,2633.401819,5
2026-09-30T01:15:00+00:00,2051.167692,601.1818412,-20.82073236,2631.5288,5
2026-09-30T01:30:00+00:00,2120.743688,535.0885761,-19.60511469,2636.227149,4
2026-09-30T01:45:00+00:00,1988.204425,666.9028601,-13.21053721,2641.896748,5
2026-09-30T02:00:00+00:00,1988.204425,666.9028601,-7.166380903,2647.940904,5
2026-09-30T02:15:00+00:00,2256.238922,402.0527562,1.34113865,2659.632817,3
2026-09-30T02:30:00+00:00,2115.603722,535.4271087,0.273355708,2651.304187,4
2026-09-30T02:45:00+00:00,2057.418298,601.5452752,-3.436957915,2655.526615,5
2026-09-30T03:00:00+00:00,2131.166791,535.0922737,-3.502611331,2662.756453,4
2026-09-30T03:15:00+00:00,2202.67129,468.5781371,-7.865167625,2663.38426,4
2026-09-30T03:30:00+00:00,2395.086317,268.7584061,-3.146549153,2660.698174,2
2026-09-30T03:45:00+00:00,2127.605539,534.7760877,-3.008527716,2659.373098,4
2026-09-30T04:00:00+00:00,2127.605539,534.7760877,-0.9690748999,2661.412551,4
2026-09-30T04:15:00+00:00,2127.605539,534.7760877,-4.770878135,2657.610748,4
2026-09-30T04:30:00+00:00,2127.605539,534.7760877,-5.474357934,2656.907268,4
2026-09-30T04:45:00+00:00,2256.932568,401.7323312,1.148908491,2659.813808,3
2026-09-30T05:00:00+00:00,2123.228222,534.7053261,1.740711306,2659.674259,4
2026-09-30T05:15:00+00:00,1989.491085,667.7109319,-2.721191942,2654.480825,5
2026-09-30T05:30:00+00:00,2386.421809,268.7584061,1.146493824,2656.326709,2
2026-09-30T05:45:00+00:00,2246.563712,401.6108097,3.035978172,2651.2105,3
2026-09-30T06:00:00+00:00,2431.161188,202.5257122,19.37244708,2653.059347,2
2026-09-30T06:15:00+00:00,2502.215464,136.1872382,9.228204324,2647.630907,1
2026-09-30T06:30:00+00:00,2355.158324,268.3692754,16.70817197,2640.235771,2
2026-09-30T06:45:00+00:00,2478.820363,136.1872382,27.1006614,2642.108262,1
2026-09-30T07:00:00+00:00,2478.820363,136.1872382,27.98543651,2642.993037,1
2026-09-30T07:15:00+00:00,2421.209445,202.2576402,23.13866984,2646.605756,2
2026-09-30T07:30:00+00:00,2222.572225,400.7957996,18.05856451,2641.426589,3
2026-09-30T07:45:00+00:00,2089.774503,532.8671291,9.332136722,2631.973769,4
2026-09-30T08:00:00+00:00,2470.766997,136.1872382,15.77554009,2622.729775,1
2026-09-30T08:15:00+00:00,2470.766997,136.1872382,17.36813527,2624.322371,1
2026-09-30T08:30:00+00:00,2202.97149,398.4305768,19.87567661,2621.277743,3
2026-09-30T08:45:00+00:00,2071.204544,529.4767684,13.47868634,2614.159999,4
2026-09-30T09:00:00+00:00,2071.204544,529.4767684,20.48212793,2621.16344,4
2026-09-30T09:15:00+00:00,2341.573251,267.2744872,19.9558673,2628.803606,2
2026-09-30T09:30:00+00:00,2280.839485,333.0932102,20.55066476,2634.48336,3
2026-09-30T09:45:00+00:00,2410.822889,201.7308627,18.73409022,2631.287842,2
2026-09-30T10:00:00+00:00,2410.822889,201.7308627,19.86179642,2632.415548,2
2026-09-30T10:15:00+00:00,2410.822889,201.7308627,17.93189066,2630.485642,2
2026-09-30T10:30:00+00:00,2278.58412,333.2462971,16.3484978,2628.178915,3
2026-09-30T10:45:00+00:00,2278.58412,333.2462971,21.26504248,2633.095459,3
2026-09-30T11:00:00+00:00,2270.697511,333.3987638,24.45027565,2628.546551,3
2026-09-30T11:15:00+00:00,2138.550305,464.8231356,24.27096051,2627.644401,4
2026-09-30T11:30:00+00:00,2006.446029,596.2048128,34.37664239,2637.027484,5
2026-09-30T11:45:00+00:00,2006.446029,596.2048128,38.28891931,2640.939761,5
2026-09-30T12:00:00+00:00,2006.446029,596.2048128,35.94307891,2638.593921,5
2026-09-30T12:15:00+00:00,2290.637347,333.5673251,18.4949536,2642.699625,3
2026-09-30T12:30:00+00:00,2495.569036,136.1872382,-15.36854354,2616.387731,1
2026-09-30T12:45:00+00:00,2500.77463,136.1872382,-18.55373391,2618.408135,1
2026-09-30T13:00:00+00:00,2237.598396,397.9239203,-35.19117798,2600.331139,3
2026-09-30T13:15:00+00:00,2237.598396,397.9239203,-46.54812825,2588.974188,3
2026-09-30T13:30:00+00:00,2479.519268,130.8339709,-4.831876775,2605.521362,1
2026-09-30T13:45:00+00:00,2217.627584,391.2931295,-7.429962038,2601.490751,3
2026-09-30T14:00:00+00:00,2217.627584,391.2931295,-4.644959623,2604.275754,3
2026-09-30T14:15:00+00:00,2367.666681,261.0293478,34.4047676,2663.100796,2
2026-09-30T14:30:00+00:00,2367.666681,261.0293478,30.65197533,2659.348004,2
2026-09-30T14:45:00+00:00,2367.666681,261.0293478,25.7977266,2654.493755,2
2026-09-30T15:00:00+00:00,2361.741221,263.5547643,22.02641108,2647.322396,2
2026-09-30T15:15:00+00:00,2447.80145,198.1377788,16.7548754,2662.694104,2
2026-09-30T15:30:00+00:00,2398.243848,265.854026,3.993437381,2668.091311,2
2026-09-30T15:45:00+00:00,2398.243848,265.854026,-4.789802252,2659.308072,2
2026-09-30T16:00:00+00:00,2514.191991,132.7207934,15.12336578,2662.036151,1
2026-09-30T16:15:00+00:00,2514.191991,132.7207934,16.99160697,2663.904392,1
2026-09-30T16:30:00+00:00,2591.190996,66.36039668,11.76522558,2669.316618,1
2026-09-30T16:45:00+00:00,2668.19,0,0,2668.19,0
2026-09-30T17:00:00+00:00,2516.615642,133.3394433,12.87299151,2662.828076,1
2026-09-30T17:15:00+00:00,2516.615642,133.3394433,3.271884829,2653.22697,1
2026-09-30T17:30:00+00:00,2383.212279,266.0131009,32.70196217,2681.927342,2
2026-09-30T17:45:00+00:00,2513.817164,132.6736576,20.39569938,2666.886521,1
2026-09-30T18:00:00+00:00,2327.142967,332.9390434,23.44051261,2683.522523,3
2026-09-30T18:15:00+00:00,2519.911166,133.3360997,-3.819337241,2649.427929,1
2026-09-30T18:30:00+00:00,2519.911166,133.3360997,-5.859507187,2647.387759,1
2026-09-30T18:45:00+00:00,2253.78622,398.0053651,0.592898133,2652.384483,3
2026-09-30T19:00:00+00:00,2113.177433,530.5473585,-0.1324465278,2643.592345,4
2026-09-30T19:15:00+00:00,2231.973376,398.0053651,2.186278884,2632.16502,3
2026-09-30T19:30:00+00:00,1967.370935,661.1604535,20.45622724,2648.987615,5
2026-09-30T19:45:00+00:00,2166.187441,461.6396598,32.20573065,2660.032831,4
2026-09-30T20:00:00+00:00,2247.831386,395.4549659,18.93093284,2662.217285,3
2026-09-30T20:15:00+00:00,2185.65368,462.759788,34.70511644,2683.118584,4
2026-09-30T20:30:00+00:00,2336.287499,330.8038072,15.68481071,2682.776117,3
2026-09-30T20:45:00+00:00,2539.267282,133.1108643,3.2266081,2675.604754,1
2026-09-30T21:00:00+00:00,2657.641296,0,0,2657.641296,0
2026-09-30T21:15:00+00:00,2123.610265,531.1099267,4.557466253,2659.277658,4
2026-09-30T21:30:00+00:00,2123.610265,531.1099267,5.219890953,2659.940082,4
2026-09-30T21:45:00+00:00,2376.545314,265.4155436,12.24280195,2654.203659,2
2026-09-30T22:00:00+00:00,2498.703061,132.6930786,-0.8413716503,2630.554768,1
2026-09-30T22:15:00+00:00,2350.04021,264.2252729,11.57767251,2625.843155,2
2026-09-30T22:30:00+00:00,2496.148165,132.6930786,3.614573961,2632.455817,1
2026-09-30T22:45:00+00:00,2357.460575,264.2467839,-4.192331606,2617.515027,2
2026-09-30T23:00:00+00:00,2341.79893,264.2467839,-1.593540129,2604.452174,2
2026-09-30T23:15:00+00:00,2210.866959,394.4625684,-2.924576007,2602.404951,3
2026-09-30T23:30:00+00:00,2080.037912,524.5759919,-1.966909044,2602.646995,4
2026-09-30T23:45:00+00:00,2080.037912,524.5759919,0.3702647277,2604.984168,4
2026-10-01T00:00:00+00:00,1949.248956,654.8145438,9.318623026,2613.382122,5
2026-10-01T00:15:00+00:00,2141.852509,458.2041268,2.676591823,2602.733228,4
2026-10-01T00:30:00+00:00,2081.314927,523.292552,1.602079074,2606.209558,4
2026-10-01T00:45:00+00:00,2334.77811,262.9088631,-2.593865325,2595.093107,2
2026-10-01T01:00:00+00:00,2191.871932,392.6645685,-8.253683108,2576.282818,3
2026-10-01T01:15:00+00:00,2045.571932,520.4753558,5.625954357,2571.673242,4
2026-10-01T01:30:00+00:00,2171.258718,391.658303,1.17430308,2564.091324,3
2026-10-01T01:45:00+00:00,1913.514896,647.9922882,5.730537663,2567.237722,5
2026-10-01T02:00:00+00:00,2036.473428,519.7916349,-1.001892548,2555.26317,4
2026-10-01T02:15:00+00:00,2096.954907,452.9476843,11.89747478,2561.800066,4
2026-10-01T02:30:00+00:00,2233.159471,324.8576714,8.209453586,2566.226596,3
2026-10-01T02:45:00+00:00,2238.975015,324.9850762,4.635642257,2568.595733,3
2026-10-01T03:00:00+00:00,2177.66678,389.2512765,1.381394894,2568.299451,3
2026-10-01T03:15:00+00:00,1919.499674,646.0062301,8.57754756,2574.083452,5
2026-10-01T03:30:00+00:00,2293.766902,260.8264105,1.032706442,2555.626019,2
2026-10-01T03:45:00+00:00,2302.851204,255.8348786,-4.958918162,2553.727165,2
2026-10-01T04:00:00+00:00,2296.505909,255.8158524,-3.02021805,2549.301543,2
2026-10-01T04:15:00+00:00,2280.675643,255.5901733,-9.224309486,2527.041507,2
2026-10-01T04:30:00+00:00,2026.661744,508.2146379,-5.46523696,2529.411145,4
2026-10-01T04:45:00+00:00,2150.456386,381.869232,-3.964867581,2528.360751,3
2026-10-01T05:00:00+00:00,2268.259043,254.4123906,-4.255923912,2518.41551,2
2026-10-01T05:15:00+00:00,2268.259043,254.4123906,3.778746963,2526.450181,2
2026-10-01T05:30:00+00:00,2014.307735,506.9746065,2.646829616,2523.929171,4
2026-10-01T05:45:00+00:00,2014.307735,506.9746065,-5.654792721,2515.627549,4
2026-10-01T06:00:00+00:00,2014.307735,506.9746065,-9.653988422,2511.628353,4
2026-10-01T06:15:00+00:00,2014.307735,506.9746065,-14.02107295,2507.261269,4
2026-10-01T06:30:00+00:00,2133.696087,380.6955477,-2.938360456,2511.453275,3
2026-10-01T06:45:00+00:00,2133.696087,380.6955477,-3.836628462,2510.555007,3
2026-10-01T07:00:00+00:00,2007.461372,506.2397696,7.338367198,2521.039509,4
2026-10-01T07:15:00+00:00,2485.888309,64.06666596,16.8098325,2566.764807,1
2026-10-01T07:30:00+00:00,2433.464194,128.3258868,8.479049981,2570.26913,1
2026-10-01T07:45:00+00:00,2304.25598,256.827342,12.69259167,2573.775914,2
2026-10-01T08:00:00+00:00,2297.294591,257.0324766,20.12021124,2574.447279,2
2026-10-01T08:15:00+00:00,2375.101709,192.8695333,13.03795425,2581.009196,2
2026-10-01T08:30:00+00:00,2444.611307,129.0564605,-1.916442962,2571.751325,1
2026-10-01T08:45:00+00:00,2444.611307,129.0564605,2.987849147,2576.655617,1
2026-10-01T09:00:00+00:00,2315.069946,257.8892413,4.576157069,2577.535345,2
2026-10-01T09:15:00+00:00,2315.069946,257.8892413,8.539684411,2581.498872,2
2026-10-01T09:30:00+00:00,2384.871613,193.3610111,5.649445654,2583.882069,2
2026-10-01T09:45:00+00:00,2453.435564,128.8327809,-3.047868397,2579.220476,1
2026-10-01T10:00:00+00:00,2573.923735,0,0,2573.923735,0
2026-10-01T10:15:00+00:00,2573.923735,0,0,2573.923735,0
2026-10-01T10:30:00+00:00,2573.923735,0,0,2573.923735,0
2026-10-01T10:45:00+00:00,2315.183624,257.324824,4.923710358,2577.432158,2
2026-10-01T11:00:00+00:00,2315.183624,257.324824,0.7594016531,2573.26785,2
2026-10-01T11:15:00+00:00,2315.183624,257.324824,0.07174243005,2572.580191,2
2026-10-01T11:30:00+00:00,2315.183624,257.324824,7.675929047,2580.184377,2
2026-10-01T11:45:00+00:00,2315.183624,257.324824,8.826992258,2581.33544,2
2026-10-01T12:00:00+00:00,2254.554485,322.0817783,4.397249252,2581.033512,3
2026-10-01T12:15:00+00:00,2193.938883,386.8252692,-4.245313011,2576.518839,3
2026-10-01T12:30:00+00:00,2064.417173,515.6385069,-5.954082349,2574.101597,4
2026-10-01T12:45:00+00:00,2433.355108,129.0712729,3.043437143,2565.469818,1
2026-10-01T13:00:00+00:00,2304.384543,257.3363795,-8.242722905,2553.4782,2
2026-10-01T13:15:00+00:00,2415.297502,129.0712729,5.558743743,2549.927518,1
2026-10-01T13:30:00+00:00,2360.042649,191.1233274,11.38190995,2562.547886,2
2026-10-01T13:45:00+00:00,2297.878006,255.504322,2.566899307,2555.949227,2
2026-10-01T14:00:00+00:00,2538.749176,0,0,2538.749176,0
2026-10-01T14:15:00+00:00,2532.407308,0,0,2532.407308,0
2026-10-01T14:30:00+00:00,2150.657417,379.6617515,-4.779795894,2525.539373,3
2026-10-01T14:45:00+00:00,2391.661029,126.2052881,1.835480414,2519.701797,1
2026-10-01T15:00:00+00:00,2515.278067,0,0,2515.278067,0
2026-10-01T15:15:00+00:00,2201.183815,314.2777551,-1.748777978,2513.712793,3
2026-10-01T15:30:00+00:00,2502.166244,0,0,2502.166244,0
2026-10-01T15:45:00+00:00,2502.166244,0,0,2502.166244,0
2026-10-01T16:00:00+00:00,2124.975067,375.1279723,1.629293296,2501.732333,3
2026-10-01T16:15:00+00:00,2124.975067,375.1279723,0.7201264689,2500.823166,3
2026-10-01T16:30:00+00:00,2356.428354,125.1083122,-1.477910769,2480.058755,1
2026-10-01T16:45:00+00:00,2478.64054,0,0,2478.64054,0
2026-10-01T17:00:00+00:00,2472.342556,0,0,2472.342556,0
2026-10-01T17:15:00+00:00,2424.328168,61.74369737,5.439842081,2491.511708,1
2026-10-01T17:30:00+00:00,2477.775994,0,0,2477.775994,0
2026-10-01T17:45:00+00:00,2215.735058,247.5825924,0.4634347165,2463.781085,2
2026-10-01T18:00:00+00:00,2091.868464,370.7716466,2.30365563,2464.943766,3
2026-10-01T18:15:00+00:00,1844.09967,617.1851661,3.113373329,2464.398209,5
2026-10-01T18:30:00+00:00,2027.553242,432.4089033,2.464331876,2462.426477,4
2026-10-01T18:45:00+00:00,2089.44143,370.8216947,-2.267486701,2457.995638,3
2026-10-01T19:00:00+00:00,2335.225218,123.6937927,-5.149649238,2453.769361,1
2026-10-01T19:15:00+00:00,2317.705807,122.6949416,2.018059064,2442.418808,1
2026-10-01T19:30:00+00:00,2317.705807,122.6949416,1.458955874,2441.859705,1
2026-10-01T19:45:00+00:00,1949.605373,488.7818974,19.5469755,2457.934246,4
2026-10-01T20:00:00+00:00,2078.751465,366.6888397,18.70265097,2464.142956,3
2026-10-01T20:15:00+00:00,2078.751465,366.6888397,19.20409391,2464.644399,3
2026-10-01T20:30:00+00:00,1830.979751,613.105264,14.10225369,2458.187268,5
2026-10-01T20:45:00+00:00,1830.979751,613.105264,3.485012228,2447.570027,5
2026-10-01T21:00:00+00:00,2184.165017,245.9355121,1.327676809,2431.428206,2
2026-10-01T21:15:00+00:00,2184.165017,245.9355121,1.580228528,2431.680758,2
2026-10-01T21:30:00+00:00,2184.165017,245.9355121,4.244114561,2434.344644,2
2026-10-01T21:45:00+00:00,2184.165017,245.9355121,1.517131092,2431.617661,2
2026-10-01T22:00:00+00:00,1935.020372,487.2702059,7.934506853,2430.225084,4
2026-10-01T22:15:00+00:00,1935.020372,487.2702059,10.36186028,2432.652438,4
2026-10-01T22:30:00+00:00,1932.909152,487.4374592,6.185685893,2426.532297,4
2026-10-01T22:45:00+00:00,1932.909152,487.4374592,8.732470198,2429.079081,4
2026-10-01T23:00:00+00:00,1926.731016,487.4374592,8.214195144,2422.38267,4
2026-10-01T23:15:00+00:00,1921.698409,487.4374592,9.00016223,2418.136031,4
2026-10-01T23:30:00+00:00,1864.210383,547.5497404,6.968126222,2418.72825,5
2026-10-01T23:45:00+00:00,1927.832077,486.7552925,1.177159223,2415.764528,4
2026-10-02T00:00:00+00:00,1925.925933,486.6319924,0.1524012712,2412.710327,4
2026-10-02T00:15:00+00:00,1804.638884,607.2556114,3.699789314,2415.594285,5
2026-10-02T00:30:00+00:00,1929.078321,486.4721823,2.320278508,2417.870782,4
2026-10-02T00:45:00+00:00,1807.519795,607.3657939,-3.301359426,2411.584229,5
2026-10-02T01:00:00+00:00,1927.769193,485.8407169,-1.473241373,2412.136668,4
2026-10-02T01:15:00+00:00,2287.132823,122.6949416,1.758785823,2411.586551,1
2026-10-02T01:30:00+00:00,1916.371777,484.1798073,-4.422219745,2396.129365,4
2026-10-02T01:45:00+00:00,2039.469583,363.3006853,8.847274772,2411.617543,4
2026-10-02T02:00:00+00:00,2280.276242,120.5160083,6.210642876,2407.002893,1
2026-10-02T02:15:00+00:00,2388.201001,0,0,2388.201001,0
2026-10-02T02:30:00+00:00,1908.311948,477.2641006,-2.965225188,2382.610823,4
2026-10-02T02:45:00+00:00,2131.067448,238.3525039,12.53232004,2381.952272,2
2026-10-02T03:00:00+00:00,2272.0395,119.0976136,-2.432198105,2388.704915,1
2026-10-02T03:15:00+00:00,2264.752632,119.4352458,0.5417664985,2384.729644,1
2026-10-02T03:30:00+00:00,2139.60792,238.671728,-3.556022392,2374.723626,2
2026-10-02T03:45:00+00:00,1894.503125,475.4568573,3.093152701,2373.053135,4
2026-10-02T04:00:00+00:00,2011.869601,356.8452867,-4.728519564,2363.986368,3
2026-10-02T04:15:00+00:00,2364.58952,0,0,2364.58952,0
2026-10-02T04:30:00+00:00,2245.709781,118.229476,4.526826359,2368.466084,1
2026-10-02T04:45:00+00:00,1997.366585,355.0138973,-0.04328385041,2352.337198,3
2026-10-02T05:00:00+00:00,1996.091292,354.4012127,2.86132216,2353.353827,3
2026-10-02T05:15:00+00:00,1996.091292,354.4012127,10.73634372,2361.228849,3
2026-10-02T05:30:00+00:00,2043.417934,295.2206542,14.531282,2353.169871,3
2026-10-02T05:45:00+00:00,2105.379609,236.0400956,13.42237637,2354.842081,2
2026-10-02T06:00:00+00:00,1986.982354,353.7897275,17.72049805,2358.492579,3
2026-10-02T06:15:00+00:00,1986.982354,353.7897275,14.36577553,2355.137857,3
2026-10-02T06:30:00+00:00,1986.982354,353.7897275,12.46168119,2353.233763,3
2026-10-02T06:45:00+00:00,1868.68151,471.4434758,3.397636436,2343.522622,4
2026-10-02T07:00:00+00:00,1861.614297,470.9617885,9.784048266,2342.360134,4
2026-10-02T07:15:00+00:00,1861.614297,470.9617885,6.795362517,2339.371448,4
2026-10-02T07:30:00+00:00,1987.890773,352.9417407,4.989201626,2345.821715,4
2026-10-02T07:45:00+00:00,2106.348109,235.0327436,6.168178527,2347.549031,2
2026-10-02T08:00:00+00:00,1988.19038,352.391824,-6.963681799,2333.618522,3
2026-10-02T08:15:00+00:00,1924.264984,410.3578367,1.789597843,2336.412418,4
2026-10-02T08:30:00+00:00,1986.237177,351.7162809,0.3150802072,2338.268538,3
2026-10-02T08:45:00+00:00,1867.29704,468.1386727,3.759993155,2339.195706,4
2026-10-02T09:00:00+00:00,1867.29704,468.1386727,-5.417698942,2330.018013,4
2026-10-02T09:15:00+00:00,1750.171489,584.6235566,-1.903620319,2332.891425,5
2026-10-02T09:30:00+00:00,1750.171489,584.6235566,0.1419901848,2334.937036,5
2026-10-02T09:45:00+00:00,1911.67535,409.7735461,9.807851245,2331.256747,4
2026-10-02T10:00:00+00:00,1854.704879,468.0830304,13.40028048,2336.18819,4
2026-10-02T10:15:00+00:00,1854.704879,468.0830304,5.603496013,2328.391405,4
2026-10-02T10:30:00+00:00,1907.425046,409.731305,9.488851708,2326.645203,4
2026-10-02T10:45:00+00:00,1966.503914,351.5311041,7.531622544,2325.566641,3
2026-10-02T11:00:00+00:00,1959.558134,351.5311041,8.252547921,2319.341786,3
2026-10-02T11:15:00+00:00,1842.953294,467.4981256,3.151386159,2313.602806,4
2026-10-02T11:30:00+00:00,1726.64872,583.1665241,9.164421859,2318.979666,5
2026-10-02T11:45:00+00:00,1949.360347,350.2780673,8.804992819,2308.443407,3
2026-10-02T12:00:00+00:00,1833.311407,465.6922293,8.497416098,2307.501052,4
2026-10-02T12:15:00+00:00,1828.124466,465.6531199,13.97998687,2307.757573,4
2026-10-02T12:30:00+00:00,2161.439485,117.7496319,3.255556514,2282.444674,1
2026-10-02T12:45:00+00:00,2144.160813,117.7496319,8.541070878,2270.451516,1
2026-10-02T13:00:00+00:00,2095.062044,172.3378066,7.397378171,2274.797228,2
2026-10-02T13:15:00+00:00,1924.077156,341.0524389,0.6199227633,2265.749518,3
2026-10-02T13:30:00+00:00,2249.575394,0,0,2249.575394,0
2026-10-02T13:45:00+00:00,2236.670317,0,0,2236.670317,0
2026-10-02T14:00:00+00:00,2221.273732,0,0,2221.273732,0
2026-10-02T14:15:00+00:00,2204.790934,0,0,2204.790934,0
2026-10-02T14:30:00+00:00,1985.865295,220.3633295,2.005724539,2208.234349,3
2026-10-02T14:45:00+00:00,2192.432151,0,0,2192.432151,0
2026-10-02T15:00:00+00:00,1861.932186,328.6921577,-1.024537097,2189.599807,3
2026-10-02T15:15:00+00:00,1968.643977,219.18565,3.440234473,2191.269862,2
2026-10-02T15:30:00+00:00,1739.252489,438.2692697,0.8429671615,2178.364726,4
2026-10-02T15:45:00+00:00,1835.909243,328.7562153,4.91674488,2169.582203,3
2026-10-02T16:00:00+00:00,2046.020653,109.6216076,5.541516912,2161.183778,1
2026-10-02T16:15:00+00:00,1994.887982,162.8700567,1.99468074,2159.752719,2
2026-10-02T16:30:00+00:00,1940.39478,215.9185009,-3.151993128,2153.161288,2
2026-10-02T16:45:00+00:00,1832.136953,323.5841671,-3.098736678,2152.622384,3
2026-10-02T17:00:00+00:00,1832.136953,323.5841671,1.13730293,2156.858423,3
2026-10-02T17:15:00+00:00,2047.479582,107.6656662,4.595881346,2159.741129,1
2026-10-02T17:30:00+00:00,2146.574321,0,0,2146.574321,0
2026-10-02T17:45:00+00:00,2146.574321,0,0,2146.574321,0
2026-10-02T18:00:00+00:00,1822.987151,321.8171752,-15.49527869,2129.309047,3
2026-10-02T18:15:00+00:00,2010.0025,107.2723819,-20.78886453,2096.486018,1
2026-10-02T18:30:00+00:00,2084.928005,0,0,2084.928005,0
2026-10-02T18:45:00+00:00,2084.928005,0,0,2084.928005,0
2026-10-02T19:00:00+00:00,1770.633761,312.5750804,-5.414488843,2077.794353,3
2026-10-02T19:15:00+00:00,1770.633761,312.5750804,4.215565964,2087.424408,3
2026-10-02T19:30:00+00:00,1770.633761,312.5750804,12.51670117,2095.725543,3
2026-10-02T19:45:00+00:00,1770.633761,312.5750804,7.786141547,2090.994983,3
2026-10-02T20:00:00+00:00,1770.633761,312.5750804,14.55740791,2097.76625,3
2026-10-02T20:15:00+00:00,1770.633761,312.5750804,16.44747175,2099.656314,3
2026-10-02T20:30:00+00:00,1770.633761,312.5750804,7.287879558,2090.496721,3
2026-10-02T20:45:00+00:00,1770.633761,312.5750804,5.18757194,2088.396414,3
2026-10-02T21:00:00+00:00,1770.633761,312.5750804,14.80131908,2098.010161,3
2026-10-02T21:15:00+00:00,1770.633761,312.5750804,6.567518653,2089.77636,3
2026-10-02T21:30:00+00:00,1770.633761,312.5750804,20.2204381,2103.42928,3
2026-10-02T21:45:00+00:00,1770.633761,312.5750804,27.26082836,2110.46967,3
2026-10-02T22:00:00+00:00,1770.633761,312.5750804,22.93679704,2106.145639,3
2026-10-02T22:15:00+00:00,1770.633761,312.5750804,29.48936497,2112.698207,3
2026-10-02T22:30:00+00:00,1770.633761,312.5750804,33.76236917,2116.971211,3
2026-10-02T22:45:00+00:00,1770.633761,312.5750804,38.47403448,2121.682876,3
2026-10-02T23:00:00+00:00,1770.633761,312.5750804,38.90132299,2122.110165,3
2026-10-02T23:15:00+00:00,1830.998556,260.4792385,40.01910605,2131.496901,3
2026-10-02T23:30:00+00:00,1891.363351,208.3833965,38.28538111,2138.032129,2
2026-10-02T23:45:00+00:00,1783.851891,315.3067781,35.97008885,2135.128758,3
2026-10-03T00:00:00+00:00,1888.072333,208.3833965,38.73730978,2135.19304,2
2026-10-03T00:15:00+00:00,1911.742683,211.031388,18.78551024,2141.559581,2
2026-10-03T00:30:00+00:00,1858.350049,264.7168732,19.53582145,2142.602743,3
2026-10-03T00:45:00+00:00,1912.164488,211.3243793,16.76635363,2140.255221,2
2026-10-03T01:00:00+00:00,1804.5641,318.3362024,21.50934447,2144.409647,3
2026-10-03T01:15:00+00:00,2039.579665,107.0118231,0.4246193485,2147.016108,1
2026-10-03T01:30:00+00:00,1931.63843,214.3626285,-0.6339051485,2145.367154,2
2026-10-03T01:45:00+00:00,1823.774116,321.6369343,-3.082082246,2142.328968,3
2026-10-03T02:00:00+00:00,1823.774116,321.6369343,-4.144405129,2141.266645,3
2026-10-03T02:15:00+00:00,1823.774116,321.6369343,-2.43708106,2142.973969,3
2026-10-03T02:30:00+00:00,1823.774116,321.6369343,0.04287953288,2145.45393,3
2026-10-03T02:45:00+00:00,1823.774116,321.6369343,-7.073397338,2138.337653,3
2026-10-03T03:00:00+00:00,1823.774116,321.6369343,-7.954778361,2137.456272,3
2026-10-03T03:15:00+00:00,1823.774116,321.6369343,-4.381275574,2141.029775,3
2026-10-03T03:30:00+00:00,1823.774116,321.6369343,0.1940521101,2145.605102,3
2026-10-03T03:45:00+00:00,1823.774116,321.6369343,-0.3052849633,2145.105765,3
2026-10-03T04:00:00+00:00,1823.774116,321.6369343,-1.831817875,2143.579232,3
2026-10-03T04:15:00+00:00,1823.774116,321.6369343,-11.238094,2134.172956,3
2026-10-03T04:30:00+00:00,1922.982065,214.2861289,-5.107902756,2132.160291,2
2026-10-03T04:45:00+00:00,1815.787908,320.8939436,-2.000606676,2134.681244,3
2026-10-03T05:00:00+00:00,1815.787908,320.8939436,0.03523737845,2136.717088,3
2026-10-03T05:15:00+00:00,1815.787908,320.8939436,4.493921893,2141.175773,3
2026-10-03T05:30:00+00:00,1815.787908,320.8939436,4.358832831,2141.040684,3
2026-10-03T05:45:00+00:00,1815.787908,320.8939436,5.989986065,2142.671837,3
2026-10-03T06:00:00+00:00,1815.787908,320.8939436,4.268715948,2140.950567,3
2026-10-03T06:15:00+00:00,1815.787908,320.8939436,9.990074969,2146.671926,3
2026-10-03T06:30:00+00:00,1933.532399,213.6196378,0.5588652676,2147.710902,2
2026-10-03T06:45:00+00:00,1825.556233,321.0051829,0.01498602163,2146.576402,3
2026-10-03T07:00:00+00:00,1929.911472,213.6196378,0.8832691699,2144.414379,2
2026-10-03T07:15:00+00:00,1929.911472,213.6196378,1.182964963,2144.714075,2
2026-10-03T07:30:00+00:00,1822.086173,320.8551416,-1.041869895,2141.899444,3
2026-10-03T07:45:00+00:00,1822.086173,320.8551416,-0.9451347008,2141.99618,3
2026-10-03T08:00:00+00:00,1926.044607,213.6196378,2.500627717,2142.164872,2
2026-10-03T08:15:00+00:00,1921.897957,213.6196378,0.3054992469,2135.823094,2
2026-10-03T08:30:00+00:00,1814.519388,320.4108555,1.659154941,2136.589398,3
2026-10-03T08:45:00+00:00,1814.519388,320.4108555,2.660781936,2137.591025,3
2026-10-03T09:00:00+00:00,1814.519388,320.4108555,5.752904957,2140.683149,3
2026-10-03T09:15:00+00:00,1923.24326,213.6196378,2.365396061,2139.228294,2
2026-10-03T09:30:00+00:00,1815.693621,320.5809894,0.3956629649,2136.670274,3
2026-10-03T09:45:00+00:00,1815.693621,320.5809894,-0.3135085606,2135.961102,3
2026-10-03T10:00:00+00:00,1815.693621,320.5809894,1.474195361,2137.748806,3
2026-10-03T10:15:00+00:00,1815.693621,320.5809894,2.629242032,2138.903853,3
2026-10-03T10:30:00+00:00,1922.881769,213.6196378,1.947427918,2138.448834,2
2026-10-03T10:45:00+00:00,1815.371391,320.5419426,1.722548806,2137.635883,3
2026-10-03T11:00:00+00:00,1815.371391,320.5419426,0.2601145057,2136.173448,3
2026-10-03T11:15:00+00:00,1919.360998,213.6196378,2.514014401,2135.494651,2
2026-10-03T11:30:00+00:00,1811.999269,320.3941074,2.792324226,2135.185701,3
2026-10-03T11:45:00+00:00,1811.999269,320.3941074,2.477812289,2134.871189,3
2026-10-03T12:00:00+00:00,1811.999269,320.3941074,3.61885644,2136.012233,3
2026-10-03T12:15:00+00:00,2027.349961,107.0118231,1.851743312,2136.213528,1
2026-10-03T12:30:00+00:00,2027.349961,107.0118231,1.192148203,2135.553932,1
2026-10-03T12:45:00+00:00,2027.349961,107.0118231,1.759799752,2136.121584,1
2026-10-03T13:00:00+00:00,1812.619304,320.5679216,-0.1498696384,2133.037356,3
2026-10-03T13:15:00+00:00,2126.529524,0,0,2126.529524,0
2026-10-03T13:30:00+00:00,1906.273771,212.5971443,1.266887337,2120.137803,2
2026-10-03T13:45:00+00:00,1799.672057,318.6157556,7.456809242,2125.744622,3
2026-10-03T14:00:00+00:00,2008.452949,106.2706681,1.930365244,2116.653982,1
2026-10-03T14:15:00+00:00,2065.947587,53.13533404,9.404450189,2128.487371,1
2026-10-03T14:30:00+00:00,2060.246457,53.13533404,11.39705503,2124.778847,1
2026-10-03T14:45:00+00:00,2007.247531,106.2269241,14.00017163,2127.474627,2
2026-10-03T15:00:00+00:00,2010.330247,106.3161131,3.856089748,2120.50245,1
2026-10-03T15:15:00+00:00,2010.330247,106.3161131,6.336227621,2122.982588,1
2026-10-03T15:30:00+00:00,1791.166122,318.5029711,6.738185825,2116.407279,3
2026-10-03T15:45:00+00:00,1684.762753,424.3243224,9.397570383,2118.484646,4
2026-10-03T16:00:00+00:00,1684.727782,424.3243224,7.368607081,2116.420712,4
2026-10-03T16:15:00+00:00,1944.682822,159.1957851,3.819014145,2107.697621,2
2026-10-03T16:30:00+00:00,1789.549878,316.7358978,1.618914958,2107.90469,3
2026-10-03T16:45:00+00:00,1789.549878,316.7358978,-3.297163876,2102.988612,3
2026-10-03T17:00:00+00:00,1781.04777,316.7358978,6.039922769,2103.82359,3
2026-10-03T17:15:00+00:00,1835.129071,264.0751829,-0.3157764528,2098.888478,3
2026-10-03T17:30:00+00:00,1783.007855,316.3586953,-2.432221574,2096.934329,3
2026-10-03T17:45:00+00:00,1730.709733,368.5105898,0.6278603879,2099.848183,4
2026-10-03T18:00:00+00:00,1780.341095,315.8222201,-2.573584119,2093.589731,3
2026-10-03T18:15:00+00:00,1675.079186,420.5083554,-8.014622076,2087.57292,4
2026-10-03T18:30:00+00:00,1675.079186,420.5083554,5.547248988,2101.134791,4
2026-10-03T18:45:00+00:00,1671.578522,420.5083554,0.8842563945,2092.971134,4
2026-10-03T19:00:00+00:00,1566.322343,525.1887922,-7.155667267,2084.355468,5
2026-10-03T19:15:00+00:00,1664.28539,420.2445648,8.447328361,2092.977284,4
2026-10-03T19:30:00+00:00,1559.045076,524.9092233,14.38625555,2098.340555,5
2026-10-03T19:45:00+00:00,1559.045076,524.9092233,5.757176043,2089.711476,5
2026-10-03T20:00:00+00:00,1775.097235,315.385673,11.3764708,2101.859379,4
2026-10-03T20:15:00+00:00,1726.159613,368.1471175,16.46889689,2110.775627,4
2026-10-03T20:30:00+00:00,1620.033706,473.6925249,18.95876805,2112.684999,5
2026-10-03T20:45:00+00:00,1620.033706,473.6925249,17.71662079,2111.442851,5
2026-10-03T21:00:00+00:00,1782.440708,315.8040499,8.491575104,2106.736333,3
2026-10-03T21:15:00+00:00,1570.639067,526.4471538,0.5486223813,2097.634843,5
2026-10-03T21:30:00+00:00,1570.639067,526.4471538,0.5346149543,2097.620836,5
2026-10-03T21:45:00+00:00,1570.639067,526.4471538,9.021748601,2106.10797,5
2026-10-03T22:00:00+00:00,1624.968697,473.8963224,3.611095193,2102.476114,5
2026-10-03T22:15:00+00:00,1677.646453,421.3454909,3.985140195,2102.977084,4
2026-10-03T22:30:00+00:00,1677.646453,421.3454909,11.78372261,2110.775666,4
2026-10-03T22:45:00+00:00,1571.539657,526.8718914,0.7475278951,2099.159076,5
2026-10-03T23:00:00+00:00,1571.539657,526.8718914,15.15944907,2113.570998,5
2026-10-03T23:15:00+00:00,1736.718538,368.6985387,10.88650055,2116.303577,4
2026-10-03T23:30:00+00:00,1792.638558,316.0515865,6.840468932,2115.530613,3
2026-10-03T23:45:00+00:00,1789.555241,316.0515865,8.360425667,2113.967253,3
2026-10-04T00:00:00+00:00,1577.06251,527.3944504,2.642142315,2107.099102,5
2026-10-04T00:15:00+00:00,1577.06251,527.3944504,17.07138627,2121.528346,5
2026-10-04T00:30:00+00:00,1636.084241,474.5726108,12.38241031,2123.039262,5
2026-10-04T00:45:00+00:00,1746.122478,368.9011788,8.474278589,2123.497935,4
2026-10-04T01:00:00+00:00,1801.841619,317.2255072,1.572935272,2120.640062,4
2026-10-04T01:15:00+00:00,1852.360214,264.3873321,0.1001666805,2116.847713,3
2026-10-04T01:30:00+00:00,1745.934348,370.231058,1.582839899,2117.748246,4
2026-10-04T01:45:00+00:00,1694.658786,423.7874813,-5.036088523,2113.410178,4
2026-10-04T02:00:00+00:00,1690.244525,423.4522297,-5.498544927,2108.19821,4
2026-10-04T02:15:00+00:00,1584.244262,528.8726798,-4.104138659,2109.012804,5
2026-10-04T02:30:00+00:00,1584.244262,528.8726798,-6.310130773,2106.806811,5
2026-10-04T02:45:00+00:00,1687.222545,423.190657,-4.333563556,2106.079639,4
2026-10-04T03:00:00+00:00,1581.343217,528.4908346,-5.993400661,2103.840651,5
2026-10-04T03:15:00+00:00,1581.343217,528.4908346,-7.835959819,2101.998092,5
2026-10-04T03:30:00+00:00,1779.442968,316.6093802,-0.9752008673,2095.077147,3
2026-10-04T03:45:00+00:00,1674.119933,421.3563068,-2.498204404,2092.978035,4
2026-10-04T04:00:00+00:00,1568.902235,525.9984734,-1.56546245,2093.335245,5
2026-10-04T04:15:00+00:00,1568.902235,525.9984734,-3.262926289,2091.637782,5
2026-10-04T04:30:00+00:00,1568.902235,525.9984734,-2.572631574,2092.328076,5
2026-10-04T04:45:00+00:00,1568.902235,525.9984734,-2.328011796,2092.572696,5
2026-10-04T05:00:00+00:00,1668.359217,420.5780234,0.3198680765,2089.257108,4
2026-10-04T05:15:00+00:00,1563.32509,525.0376223,-0.39053128,2087.972181,5
2026-10-04T05:30:00+00:00,1662.795489,420.5780234,0.9026768838,2084.276189,4
2026-10-04T05:45:00+00:00,1662.795489,420.5780234,1.006368752,2084.379881,4
2026-10-04T06:00:00+00:00,1557.995334,524.8049305,0.3709889999,2083.171253,5
2026-10-04T06:15:00+00:00,1817.414842,262.3158075,-0.4449154075,2079.285735,3
2026-10-04T06:30:00+00:00,1866.949168,209.9423442,-1.96918491,2074.922328,2
2026-10-04T06:45:00+00:00,1811.393442,261.7587841,-0.648176627,2072.50405,3
2026-10-04T07:00:00+00:00,1910.499529,157.1106107,1.73021399,2069.340354,2
2026-10-04T07:15:00+00:00,1751.422082,312.1044151,-0.1807879086,2063.34571,3
2026-10-04T07:30:00+00:00,1700.413574,363.6024854,0.6698460796,2064.685905,4
2026-10-04T07:45:00+00:00,1755.621403,309.8648453,2.212348985,2067.698597,3
2026-10-04T08:00:00+00:00,1701.987442,361.6420835,-2.367395464,2061.26213,4
2026-10-04T08:15:00+00:00,1650.517219,413.0752881,-6.106452982,2057.486054,4
2026-10-04T08:30:00+00:00,1645.76439,412.5479728,-2.038145955,2056.274216,4
2026-10-04T08:45:00+00:00,1743.861032,309.0915537,-2.283184749,2050.669401,3
2026-10-04T09:00:00+00:00,1537.710932,514.1140301,-1.380162769,2050.444799,5
2026-10-04T09:15:00+00:00,1635.531985,410.9420506,8.245188085,2054.719223,4
2026-10-04T09:30:00+00:00,1635.531985,410.9420506,10.74505815,2057.219094,4
2026-10-04T09:45:00+00:00,1587.384972,462.394549,9.967887945,2059.747409,5
2026-10-04T10:00:00+00:00,1642.690407,410.9604759,7.709443599,2061.360327,4
2026-10-04T10:15:00+00:00,1695.381937,359.5171901,5.594376836,2060.493504,4
2026-10-04T10:30:00+00:00,1643.226805,411.0939015,3.216903589,2057.53761,4
2026-10-04T10:45:00+00:00,1539.779398,513.97546,3.720483833,2057.475341,5
2026-10-04T11:00:00+00:00,1640.717421,410.924032,4.431594704,2056.073048,4
2026-10-04T11:15:00+00:00,1747.931078,308.385884,0.05261276733,2056.369575,3
2026-10-04T11:30:00+00:00,1743.180503,308.385884,0.6296658674,2052.196052,3
2026-10-04T11:45:00+00:00,1743.180503,308.385884,1.30097761,2052.867364,3
2026-10-04T12:00:00+00:00,1738.448362,308.0200274,-1.162339223,2045.30605,3
2026-10-04T12:15:00+00:00,1839.293036,205.3658868,1.087498972,2045.746421,2
2026-10-04T12:30:00+00:00,1633.702424,409.8319348,-0.8957185216,2042.638641,4
2026-10-04T12:45:00+00:00,1729.955598,307.5185685,0.9364029063,2038.410569,3
2026-10-04T13:00:00+00:00,1729.955598,307.5185685,-1.324931814,2036.149235,3
2026-10-04T13:15:00+00:00,1525.232425,511.1219226,0.5704665257,2036.924815,5
2026-10-04T13:30:00+00:00,1677.027024,357.7270767,-0.3378545592,2034.416247,4
2026-10-04T13:45:00+00:00,1727.387841,306.4362147,-5.880259037,2027.943796,3
2026-10-04T14:00:00+00:00,1622.188191,407.7735037,-1.710744993,2028.250949,4
2026-10-04T14:15:00+00:00,1671.100688,356.6513768,-0.9132161311,2026.838848,4
2026-10-04T14:30:00+00:00,1760.05516,254.8992678,8.050896569,2023.005324,3
2026-10-04T14:45:00+00:00,1857.305856,153.550203,6.08523663,2016.941296,2
2026-10-04T15:00:00+00:00,1811.815312,203.7313756,1.741061342,2017.287749,2
2026-10-04T15:15:00+00:00,1811.430047,203.7524673,7.080456654,2022.262971,2
2026-10-04T15:30:00+00:00,1709.754219,304.8721372,3.381011476,2018.007367,3
2026-10-04T15:45:00+00:00,1709.754219,304.8721372,10.08350501,2024.709861,3
2026-10-04T16:00:00+00:00,1706.887089,304.8721372,3.43899944,2015.198226,3
2026-10-04T16:15:00+00:00,1797.799944,203.7524673,6.853811799,2008.406223,2
2026-10-04T16:30:00+00:00,1893.826393,100.8709088,10.33707873,2005.03438,1
2026-10-04T16:45:00+00:00,1795.11381,201.1226278,9.624735835,2005.861174,2
2026-10-04T17:00:00+00:00,1593.477425,401.6560788,12.18319156,2007.316695,4
2026-10-04T17:15:00+00:00,1593.477425,401.6560788,11.39958503,2006.533089,4
2026-10-04T17:30:00+00:00,1593.477425,401.6560788,12.49558757,2007.629091,4
2026-10-04T17:45:00+00:00,1593.477425,401.6560788,17.41755533,2012.551059,4
2026-10-04T18:00:00+00:00,1691.299025,301.4043598,16.26259767,2008.965983,3
2026-10-04T18:15:00+00:00,1691.299025,301.4043598,16.70082204,2009.404207,3
2026-10-04T18:30:00+00:00,1691.299025,301.4043598,15.66544483,2008.36883,3
2026-10-04T18:45:00+00:00,1691.299025,301.4043598,16.16931447,2008.872699,3
2026-10-04T19:00:00+00:00,1691.299025,301.4043598,18.16920281,2010.872588,3
2026-10-04T19:15:00+00:00,1651.050561,351.5255917,8.45673239,2011.032885,4
2026-10-04T19:30:00+00:00,1710.928649,301.0901373,-2.996269668,2009.022517,3
2026-10-04T19:45:00+00:00,1609.935807,401.5305573,-3.865449034,2007.600915,4
2026-10-04T20:00:00+00:00,1811.647795,200.533451,-4.740542597,2007.440703,2
2026-10-04T20:15:00+00:00,1806.549176,200.618792,0.4302608368,2007.598229,2
2026-10-04T20:30:00+00:00,1701.201184,300.9384759,-0.5163372631,2001.623323,3
2026-10-04T20:45:00+00:00,1696.460502,300.70031,-4.049747896,1993.111064,3
2026-10-04T21:00:00+00:00,1788.520424,199.8950395,3.942550253,1992.358014,2
2026-10-04T21:15:00+00:00,1688.339948,299.5275367,9.055038124,1996.922523,3
2026-10-04T21:30:00+00:00,1688.339948,299.5275367,9.491584157,1997.359069,3
2026-10-04T21:45:00+00:00,1740.484325,249.7112881,15.0344253,2005.230038,3
2026-10-04T22:00:00+00:00,1976.203607,0,0,1976.203607,0
2026-10-04T22:15:00+00:00,1976.203607,0,0,1976.203607,0
2026-10-04T22:30:00+00:00,1678.29919,296.2749052,-6.316508058,1968.257587,3
2026-10-04T22:45:00+00:00,1678.29919,296.2749052,-5.11330852,1969.460786,3
2026-10-04T23:00:00+00:00,1678.29919,296.2749052,-9.606749952,1964.967345,3
2026-10-04T23:15:00+00:00,1862.269301,98.75829263,-0.9811358277,1960.046458,1
2026-10-04T23:30:00+00:00,1665.238377,294.711475,4.43499244,1964.384844,3
2026-10-04T23:45:00+00:00,1665.238377,294.711475,3.964882788,1963.914734,3
2026-10-05T00:00:00+00:00,1665.532681,294.711475,8.1803131,1968.424469,3
2026-10-05T00:15:00+00:00,1716.801025,245.3323287,11.41468013,1973.548033,3
2026-10-05T00:30:00+00:00,1767.577711,195.9531823,1.597433145,1965.128327,2
2026-10-05T00:45:00+00:00,1767.577711,195.9531823,-3.188265639,1960.342628,2
2026-10-05T01:00:00+00:00,1767.577711,195.9531823,-7.310044333,1956.220849,2
2026-10-05T01:15:00+00:00,1849.154258,97.81104246,-0.9020660026,1946.063234,1
2026-10-05T01:30:00+00:00,1704.567836,243.7198465,11.26963879,1959.557321,3
2026-10-05T01:45:00+00:00,1754.553597,195.0665458,6.460255568,1956.080399,2
2026-10-05T02:00:00+00:00,1752.016764,195.0595232,-13.67857584,1933.397712,2
2026-10-05T02:15:00+00:00,1832.303429,97.80401994,0.754074516,1930.861523,1
2026-10-05T02:30:00+00:00,1638.206278,290.839475,-1.197212661,1927.848541,3
2026-10-05T02:45:00+00:00,1638.206278,290.839475,6.601308269,1935.647062,3
2026-10-05T03:00:00+00:00,1688.420796,242.5932856,4.232558623,1935.246641,3
2026-10-05T03:15:00+00:00,1738.079483,194.3470961,3.866381807,1936.292961,2
2026-10-05T03:30:00+00:00,1640.732355,291.1617441,9.488470013,1941.382569,3
2026-10-05T03:45:00+00:00,1841.597092,97.17354804,5.860436562,1944.631077,2
2026-10-05T04:00:00+00:00,1844.573202,97.23155383,-0.1178688547,1941.686887,1
2026-10-05T04:15:00+00:00,1699.354852,242.8070889,5.290566856,1947.452507,3
2026-10-05T04:30:00+00:00,1747.928567,194.2649167,8.972391126,1951.165875,2
2026-10-05T04:45:00+00:00,1744.895327,194.7717014,2.342443354,1942.009472,2
2026-10-05T05:00:00+00:00,1549.667215,388.9319324,1.651573125,1940.250721,4
2026-10-05T05:15:00+00:00,1549.667215,388.9319324,3.450476098,1942.049624,4
2026-10-05T05:30:00+00:00,1644.90472,291.7003786,1.07920298,1937.684302,3
2026-10-05T05:45:00+00:00,1644.90472,291.7003786,0.5676924966,1937.172791,3
2026-10-05T06:00:00+00:00,1923.905491,0,0,1923.905491,0
2026-10-05T06:15:00+00:00,1827.181142,96.19527455,3.761978845,1927.138396,1
2026-10-05T06:30:00+00:00,1633.458254,288.8585147,11.56404809,1933.880817,3
2026-10-05T06:45:00+00:00,1896.035138,0,0,1896.035138,0
2026-10-05T07:00:00+00:00,1896.035138,0,0,1896.035138,0
2026-10-05T07:15:00+00:00,1800.711972,94.80175692,0.6012771284,1896.115006,1
2026-10-05T07:30:00+00:00,1696.465666,189.6015321,-2.172062609,1883.895135,2
2026-10-05T07:45:00+00:00,1690.723476,188.9975673,0.2851080673,1880.006151,2
2026-10-05T08:00:00+00:00,1685.392193,188.9975673,4.810452375,1879.200213,2
2026-10-05T08:15:00+00:00,1590.915402,282.957578,13.66482078,1887.537801,3
2026-10-05T08:30:00+00:00,1739.272598,141.1758157,20.98663939,1901.435053,2
2026-10-05T08:45:00+00:00,1692.211418,189.2675631,19.31741435,1900.796396,2
2026-10-05T09:00:00+00:00,1596.648879,284.3073828,26.60184186,1907.558104,3
2026-10-05T09:15:00+00:00,1695.384073,189.2356302,21.69165501,1906.311358,2
2026-10-05T09:30:00+00:00,1599.538206,284.5572285,25.02387131,1909.119306,3
2026-10-05T09:45:00+00:00,1599.538206,284.5572285,27.6653244,1911.760759,3
2026-10-05T10:00:00+00:00,1599.538206,284.5572285,23.71047964,1907.805914,3
2026-10-05T10:15:00+00:00,1599.538206,284.5572285,23.9775563,1908.072991,3
2026-10-05T10:30:00+00:00,1599.538206,284.5572285,24.09118664,1908.186621,3
2026-10-05T10:45:00+00:00,1690.323374,189.5174087,22.79352384,1902.634307,2
2026-10-05T11:00:00+00:00,1690.323374,189.5174087,26.50600219,1906.346785,2
2026-10-05T11:15:00+00:00,1685.411625,189.5174087,20.5899821,1895.519016,2
2026-10-05T11:30:00+00:00,1590.109418,284.298321,29.71661624,1904.124355,3
2026-10-05T11:45:00+00:00,1590.109418,284.298321,26.58600662,1900.993745,3
2026-10-05T12:00:00+00:00,1590.109418,284.298321,36.58397149,1910.99171,3
2026-10-05T12:15:00+00:00,1652.354512,237.2004158,23.80137124,1913.356299,3
2026-10-05T12:30:00+00:00,1766.620496,142.7120545,9.125076287,1918.457627,2
2026-10-05T12:45:00+00:00,1721.636305,191.2444797,4.185580383,1917.066366,2
2026-10-05T13:00:00+00:00,1808.543041,95.32159833,2.599261973,1906.463901,1
2026-10-05T13:15:00+00:00,1808.543041,95.32159833,-0.6753050205,1903.189334,1
2026-10-05T13:30:00+00:00,1761.190383,142.9013317,1.783687437,1905.875402,2
2026-10-05T13:45:00+00:00,1804.114993,95.32159833,-0.1791585063,1899.257433,1
2026-10-05T14:00:00+00:00,1804.114993,95.32159833,-3.156037592,1896.280554,1
2026-10-05T14:15:00+00:00,1804.114993,95.32159833,3.095408488,1902.532,1
2026-10-05T14:30:00+00:00,1911.311787,0,0,1911.311787,0
2026-10-05T14:45:00+00:00,1869.972459,47.73262397,2.941450711,1920.646533,1
2026-10-05T15:00:00+00:00,1908.173924,0,0,1908.173924,0
2026-10-05T15:15:00+00:00,1616.373421,285.975734,0.8150925213,1903.164248,3
2026-10-05T15:30:00+00:00,1665.523436,238.0709785,11.48193519,1915.07635,3
2026-10-05T15:45:00+00:00,1621.009231,286.184344,6.378066134,1913.571641,3
2026-10-05T16:00:00+00:00,1726.925381,190.952676,3.085878328,1920.963935,2
2026-10-05T16:15:00+00:00,1681.931049,239.1664597,3.571081094,1924.66859,3
2026-10-05T16:30:00+00:00,1827.142274,95.25849445,-2.749377169,1919.651392,1
2026-10-05T16:45:00+00:00,1827.142274,95.25849445,-0.4071658776,1921.993603,1
2026-10-05T17:00:00+00:00,1827.142274,95.25849445,-0.2005001754,1922.200269,1
2026-10-05T17:15:00+00:00,1722.371922,191.3685079,1.817331489,1915.557761,2
2026-10-05T17:30:00+00:00,1722.371922,191.3685079,-2.980793406,1910.759636,2
2026-10-05T17:45:00+00:00,1722.371922,191.3685079,-2.660220279,1911.080209,2
2026-10-05T18:00:00+00:00,1722.371922,191.3685079,-0.3180089871,1913.422421,2
2026-10-05T18:15:00+00:00,1821.777308,96.11001343,-5.284151367,1912.60317,1
2026-10-05T18:30:00+00:00,1821.777308,96.11001343,-8.270024361,1909.617297,1
2026-10-05T18:45:00+00:00,1905.990946,0,0,1905.990946,0
2026-10-05T19:00:00+00:00,1905.990946,0,0,1905.990946,0
2026-10-05T19:15:00+00:00,1810.167252,95.29954732,-7.899641588,1897.567157,1
2026-10-05T19:30:00+00:00,1618.144335,284.8883013,-6.670862661,1896.361773,3
2026-10-05T19:45:00+00:00,1705.122187,190.0690402,-11.11147015,1884.079757,2
2026-10-05T20:00:00+00:00,1785.620334,94.76949283,-3.372142619,1877.017684,1
2026-10-05T20:15:00+00:00,1785.620334,94.76949283,-5.262180518,1875.127646,1
2026-10-05T20:30:00+00:00,1691.348292,188.5258752,-13.19042143,1866.683745,2
2026-10-05T20:45:00+00:00,1687.878835,188.5258752,-16.74590404,1859.658806,2
2026-10-05T21:00:00+00:00,1667.888222,187.7740825,1.208017037,1856.870321,2
2026-10-05T21:15:00+00:00,1574.527731,280.6238987,1.358121121,1856.509751,3
2026-10-05T21:30:00+00:00,1574.527731,280.6238987,1.061534535,1856.213165,3
2026-10-05T21:45:00+00:00,1574.527731,280.6238987,-4.013035002,1851.138595,3
2026-10-05T22:00:00+00:00,1659.41577,187.7740825,-1.728638838,1845.461213,2
2026-10-05T22:15:00+00:00,1656.148773,187.7740825,3.156790977,1847.079646,2
2026-10-05T22:30:00+00:00,1563.293178,280.1217647,5.795261703,1849.210205,3
2026-10-05T22:45:00+00:00,1563.293178,280.1217647,7.108166405,1850.52311,3
2026-10-05T23:00:00+00:00,1563.293178,280.1217647,11.54483911,1854.959782,3
2026-10-05T23:15:00+00:00,1563.293178,280.1217647,13.09293677,1856.50788,3
2026-10-05T23:30:00+00:00,1563.293178,280.1217647,15.60570751,1859.020651,3
2026-10-05T23:45:00+00:00,1469.82458,373.0790974,16.74475699,1859.648435,4
2026-10-06T00:00:00+00:00,1560.206768,280.1217647,14.7481115,1855.076645,3
2026-10-06T00:15:00+00:00,1560.206768,280.1217647,11.33541456,1851.663948,3
2026-10-06T00:30:00+00:00,1555.553506,280.1217647,18.51023905,1854.18551,3
2026-10-06T00:45:00+00:00,1555.553506,280.1217647,16.72806071,1852.403332,3
2026-10-06T01:00:00+00:00,1550.473467,280.3877789,17.51547086,1848.376716,3
2026-10-06T01:15:00+00:00,1605.209406,232.8111349,15.42015082,1853.440691,3
2026-10-06T01:30:00+00:00,1807.854287,46.21089937,4.554606105,1858.619793,1
2026-10-06T01:45:00+00:00,1843.878393,0,0,1843.878393,0
2026-10-06T02:00:00+00:00,1839.339872,0,0,1839.339872,0
2026-10-06T02:15:00+00:00,1746.86706,91.96699359,0.4079821702,1839.242035,1
2026-10-06T02:30:00+00:00,1469.60898,367.7084954,-3.96487195,1833.352603,4
2026-10-06T02:45:00+00:00,1469.60898,367.7084954,3.547279472,1840.864754,4
2026-10-06T03:00:00+00:00,1377.059504,459.7517331,9.378353375,1846.189591,5
2026-10-06T03:15:00+00:00,1377.059504,459.7517331,8.382950164,1845.194187,5
2026-10-06T03:30:00+00:00,1513.679227,321.9292497,8.591916356,1844.200393,4
2026-10-06T03:45:00+00:00,1561.90165,275.9723331,3.966034347,1841.840018,3
2026-10-06T04:00:00+00:00,1554.458724,276.0141714,9.679578359,1840.152474,3
2026-10-06T04:15:00+00:00,1554.458724,276.0141714,10.72773109,1841.200627,3
2026-10-06T04:30:00+00:00,1554.458724,276.0141714,12.77006811,1843.242964,3
2026-10-06T04:45:00+00:00,1554.458724,276.0141714,12.98886199,1843.461758,3
2026-10-06T05:00:00+00:00,1595.904451,229.9716334,6.498183713,1832.374269,3
2026-10-06T05:15:00+00:00,1643.549985,183.9290954,6.500607323,1833.979688,2
2026-10-06T05:30:00+00:00,1643.549985,183.9290954,10.533041,1838.012122,2
2026-10-06T05:45:00+00:00,1512.340961,321.7103068,7.399077065,1841.450345,4
2026-10-06T06:00:00+00:00,1696.907161,138.0163538,8.037405155,1842.96092,2
2026-10-06T06:15:00+00:00,1742.640745,92.13543043,0.2534009658,1835.029576,1
2026-10-06T06:30:00+00:00,1466.017652,367.2454179,0.6592517635,1833.922322,4
2026-10-06T06:45:00+00:00,1466.017652,367.2454179,2.212659441,1835.47573,4
2026-10-06T07:00:00+00:00,1373.735307,459.0229868,8.842947617,1841.601241,5
2026-10-06T07:15:00+00:00,1373.735307,459.0229868,7.193270892,1839.951564,5
2026-10-06T07:30:00+00:00,1639.004039,183.4066668,7.495324466,1829.90603,2
2026-10-06T07:45:00+00:00,1688.728306,137.3190592,1.566148363,1827.613513,2
2026-10-06T08:00:00+00:00,1736.557045,91.49146527,0.1291874891,1828.177698,1
2026-10-06T08:15:00+00:00,1460.984594,365.5565587,-6.261147864,1820.280005,4
2026-10-06T08:30:00+00:00,1545.899375,274.2015359,-7.023439342,1813.077472,3
2026-10-06T08:45:00+00:00,1545.899375,274.2015359,-8.450220851,1811.65069,3
2026-10-06T09:00:00+00:00,1582.519777,227.6381005,1.054149297,1811.212026,3
2026-10-06T09:15:00+00:00,1766.059712,45.65352496,6.776134304,1818.489371,1
2026-10-06T09:30:00+00:00,1802.609085,0,0,1802.609085,0
2026-10-06T09:45:00+00:00,1621.404309,180.2136013,0.38286537,1802.000775,2
2026-10-06T10:00:00+00:00,1621.268726,180.1736605,-5.810538505,1795.631849,2
2026-10-06T10:15:00+00:00,1621.268726,180.1736605,-2.473716432,1798.968671,2
2026-10-06T10:30:00+00:00,1621.268726,180.1736605,-1.572699239,1799.869688,2
2026-10-06T10:45:00+00:00,1440.339347,360.1133715,3.202976614,1803.655695,4
2026-10-06T11:00:00+00:00,1525.266952,270.1198871,-0.7925235439,1794.594315,3
2026-10-06T11:15:00+00:00,1603.190048,180.0293736,4.296840193,1787.516261,2
2026-10-06T11:30:00+00:00,1603.190048,180.0293736,0.2446113223,1783.464033,2
2026-10-06T11:45:00+00:00,1603.190048,180.0293736,1.044351661,1784.263773,2
2026-10-06T12:00:00+00:00,1688.624041,89.94622656,6.568571774,1785.13884,1
2026-10-06T12:15:00+00:00,1598.86758,179.2117277,14.9191867,1792.998494,2
2026-10-06T12:30:00+00:00,1561.867232,223.9046137,4.373760815,1790.145607,3
2026-10-06T12:45:00+00:00,1613.154345,178.9315004,0.05603956402,1792.141885,2
2026-10-06T13:00:00+00:00,1523.038249,268.5546692,8.600299485,1800.193217,3
2026-10-06T13:15:00+00:00,1571.418894,223.9219186,3.919697417,1799.26051,3
2026-10-06T13:30:00+00:00,1613.420605,179.6169321,2.526066233,1795.563603,2
2026-10-06T13:45:00+00:00,1523.165756,269.3780947,10.2833659,1802.827216,3
2026-10-06T14:00:00+00:00,1600.845007,179.7912711,16.46660134,1797.102879,2
2026-10-06T14:15:00+00:00,1598.320032,179.4841577,32.62598375,1810.430174,2
2026-10-06T14:30:00+00:00,1682.650024,89.62316878,12.8619319,1785.135125,1
2026-10-06T14:45:00+00:00,1592.896637,178.8856132,16.17011542,1787.952365,2
2026-10-06T15:00:00+00:00,1593.317394,179.0264752,13.21824621,1785.562115,2
2026-10-06T15:15:00+00:00,1548.995412,223.662684,21.79477657,1794.452872,3
2026-10-06T15:30:00+00:00,1593.991511,179.0264752,30.08107003,1803.099057,2
2026-10-06T15:45:00+00:00,1717.978248,89.40330641,8.598457207,1815.980011,1
2026-10-06T16:00:00+00:00,1535.526546,270.9450895,9.104152258,1815.575788,3
2026-10-06T16:15:00+00:00,1444.239727,361.7325767,7.794694557,1813.766999,4
2026-10-06T16:30:00+00:00,1489.331836,316.3590505,5.541108171,1811.231994,4
2026-10-06T16:45:00+00:00,1717.055257,90.78748717,-0.801470351,1807.041274,1
2026-10-06T17:00:00+00:00,1797.207436,0,0,1797.207436,0
2026-10-06T17:15:00+00:00,1706.852832,89.86037182,-2.434191622,1794.279013,1
2026-10-06T17:30:00+00:00,1526.485425,269.2411845,-1.324214093,1794.402396,3
2026-10-06T17:45:00+00:00,1528.46477,269.3140382,-1.570580549,1796.208228,3
2026-10-06T18:00:00+00:00,1528.46477,269.3140382,2.300362767,1800.079171,3
2026-10-06T18:15:00+00:00,1437.949327,359.3343693,3.11309725,1800.396794,4
2026-10-06T18:30:00+00:00,1437.949327,359.3343693,-2.517378238,1794.766318,4
2026-10-06T18:45:00+00:00,1524.360487,269.6204187,-2.172868203,1791.808037,3
2026-10-06T19:00:00+00:00,1613.158182,179.880703,2.470373903,1795.509259,2
2026-10-06T19:15:00+00:00,1660.982977,134.8705374,8.189205824,1804.04272,2
2026-10-06T19:30:00+00:00,1707.760306,89.86037182,4.181358377,1801.802036,1
2026-10-06T19:45:00+00:00,1527.960639,270.0263585,3.979262579,1801.96626,3
2026-10-06T20:00:00+00:00,1437.355965,360.1354328,-2.280040592,1795.211357,4
2026-10-06T20:15:00+00:00,1347.08017,449.9174269,-0.9888189735,1796.008778,5
2026-10-06T20:30:00+00:00,1347.08017,449.9174269,2.878203676,1799.875801,5
2026-10-06T20:45:00+00:00,1347.08017,449.9174269,-2.959164931,1794.038432,5
2026-10-06T21:00:00+00:00,1430.847826,360.1354328,1.36524432,1792.348503,4
2026-10-06T21:15:00+00:00,1425.363622,360.1354328,6.719672096,1792.218726,4
2026-10-06T21:30:00+00:00,1474.535562,315.2052469,0.3844692341,1790.125278,4
2026-10-06T21:45:00+00:00,1474.535562,315.2052469,3.227315698,1792.968125,4
2026-10-06T22:00:00+00:00,1517.175554,270.275061,-2.202655286,1785.247959,3
2026-10-06T22:15:00+00:00,1517.175554,270.275061,-4.265431693,1783.185183,3
2026-10-06T22:30:00+00:00,1337.923361,448.5467595,-15.95281722,1770.517303,5
2026-10-06T22:45:00+00:00,1491.053741,269.3252458,3.960236982,1764.339224,3
2026-10-06T23:00:00+00:00,1358.555353,401.613048,6.236227299,1766.404629,5
2026-10-06T23:15:00+00:00,1494.562025,268.3424195,1.978935352,1764.88338,3
2026-10-06T23:30:00+00:00,1402.714039,356.534617,8.171601999,1767.420258,4
2026-10-06T23:45:00+00:00,1313.857275,444.9053421,8.311909553,1767.074527,5
2026-10-07T00:00:00+00:00,1480.760402,268.3581841,8.94482616,1758.063413,3
2026-10-07T00:15:00+00:00,1612.944605,134.2027394,7.505897637,1754.653242,2
2026-10-07T00:30:00+00:00,1573.072176,177.8391352,-1.735790824,1749.175521,2
2026-10-07T00:45:00+00:00,1478.563744,264.9895181,1.487030292,1745.040292,3
2026-10-07T01:00:00+00:00,1649.212109,90.1066407,1.332705238,1740.651455,1
2026-10-07T01:15:00+00:00,1474.235223,264.1264183,4.941789177,1743.30343,3
2026-10-07T01:30:00+00:00,1559.438308,177.139381,0.1236897227,1736.701379,2
2026-10-07T01:45:00+00:00,1686.234287,43.51637017,8.628464172,1738.379122,1
2026-10-07T02:00:00+00:00,1749.455922,0,0,1749.455922,0
2026-10-07T02:15:00+00:00,1749.455922,0,0,1749.455922,0
