ts,cash,margin_used,unrealized_pnl,equity,open_positions
2026-09-22T12:45:00+00:00,10000,0,0,10000,0
2026-09-22T13:00:00+00:00,10000,0,0,10000,0
2026-09-22T13:15:00+00:00,10000,0,0,10000,0
2026-09-22T13:30:00+00:00,3340.602442,6655.736903,-1.638632873,9994.700712,1
2026-09-22T13:45:00+00:00,642.5055606,9352.350647,-7.84217389,9987.014033,2
2026-09-22T14:00:00+00:00,642.5055606,9352.350647,-10.01894091,9984.837266,2
2026-09-22T14:15:00+00:00,642.5055606,9352.350647,-22.81047251,9972.045735,2
2026-09-22T14:30:00+00:00,642.5055606,9352.350647,-27.26203471,9967.594172,2
2026-09-22T14:45:00+00:00,0,9993.695713,-2.547255245,9991.148458,3
2026-09-22T15:00:00+00:00,0,9993.695713,-4.045593775,9989.650119,3
2026-09-22T15:15:00+00:00,0,9993.695713,13.09391224,10006.78963,3
2026-09-22T15:30:00+00:00,0,9993.695713,17.15870558,10010.85442,3
2026-09-22T15:45:00+00:00,0,9993.695713,-0.8329159055,9992.862797,3
2026-09-22T16:00:00+00:00,-0.5079827496,9993.695713,17.01966676,10010.2074,3
2026-09-22T16:15:00+00:00,-0.5079827496,9993.695713,17.75648443,10010.94421,3
2026-09-22T16:30:00+00:00,-0.5079827496,9993.695713,17.31787644,10010.50561,3
2026-09-22T16:45:00+00:00,-0.5079827496,9993.695713,13.58737931,10006.77511,3
2026-09-22T17:00:00+00:00,-0.5079827496,9993.695713,4.425817435,9997.613548,3
2026-09-22T17:15:00+00:00,-0.5079827496,9993.695713,-8.223528441,9984.964202,3
2026-09-22T17:30:00+00:00,-0.5079827496,9993.695713,-7.953711565,9985.234019,3
2026-09-22T17:45:00+00:00,-0.5079827496,9993.695713,-0.4167759637,9992.770954,3
2026-09-22T18:00:00+00:00,-0.5079827496,9993.695713,-15.87614307,9977.311587,3
2026-09-22T18:15:00+00:00,-0.5079827496,9993.695713,-31.05119131,9962.136539,3
2026-09-22T18:30:00+00:00,-0.5079827496,9993.695713,-28.92904125,9964.258689,3
2026-09-22T18:45:00+00:00,-0.5079827496,9993.695713,-16.7455423,9976.442188,3
2026-09-22T19:00:00+00:00,-0.5079827496,9993.695713,-5.955813846,9987.231916,3
2026-09-22T19:15:00+00:00,-0.5079827496,9993.695713,-18.91270516,9974.275025,3
2026-09-22T19:30:00+00:00,-0.5079827496,9993.695713,-15.92282419,9977.264906,3
2026-09-22T19:45:00+00:00,-0.5079827496,9993.695713,-28.96915623,9964.218574,3
2026-09-22T20:00:00+00:00,-0.5079827496,9993.695713,-37.84185439,9955.345876,3
2026-09-22T20:15:00+00:00,-0.5079827496,9993.695713,-25.72709513,9967.460635,3
2026-09-22T20:30:00+00:00,-0.5079827496,9993.695713,-29.8829571,9963.304773,3
2026-09-22T20:45:00+00:00,-0.5079827496,9993.695713,-25.36581427,9967.821916,3
2026-09-22T21:00:00+00:00,-0.5079827496,9993.695713,-22.3814686,9970.806262,3
2026-09-22T21:15:00+00:00,-0.5079827496,9993.695713,-15.74697878,9977.440751,3
2026-09-22T21:30:00+00:00,-0.5079827496,9993.695713,-10.23417723,9982.953553,3
2026-09-22T21:45:00+00:00,-0.5079827496,9993.695713,-7.287667045,9985.900063,3
2026-09-22T22:00:00+00:00,-0.5079827496,9993.695713,1.975057743,9995.162788,3
2026-09-22T22:15:00+00:00,-0.5079827496,9993.695713,2.865281029,9996.053011,3
2026-09-22T22:30:00+00:00,-0.5079827496,9993.695713,15.66716511,10008.8549,3
2026-09-22T22:45:00+00:00,-0.5079827496,9993.695713,35.54616132,10028.73389,3
2026-09-22T23:00:00+00:00,-0.5079827496,9993.695713,48.94130568,10042.12904,3
2026-09-22T23:15:00+00:00,-0.5079827496,9993.695713,31.01855908,10024.20629,3
2026-09-22T23:30:00+00:00,-0.5079827496,9993.695713,43.84526937,10037.033,3
2026-09-22T23:45:00+00:00,-0.5079827496,9993.695713,42.09450662,10035.28224,3
2026-09-23T00:00:00+00:00,-0.8590404421,9993.695713,49.70724838,10042.54392,3
2026-09-23T00:15:00+00:00,-0.8590404421,9993.695713,56.02157689,10048.85825,3
2026-09-23T00:30:00+00:00,-0.8590404421,9993.695713,43.13366935,10035.97034,3
2026-09-23T00:45:00+00:00,-0.8590404421,9993.695713,29.36640545,10022.20308,3
2026-09-23T01:00:00+00:00,-0.8590404421,9993.695713,27.60101769,10020.43769,3
2026-09-23T01:15:00+00:00,-0.8590404421,9993.695713,30.76145089,10023.59812,3
2026-09-23T01:30:00+00:00,-0.8590404421,9993.695713,14.21444664,10007.05112,3
2026-09-23T01:45:00+00:00,-0.8590404421,9993.695713,11.61938124,10004.45605,3
2026-09-23T02:00:00+00:00,-0.8590404421,9993.695713,22.33783426,10015.17451,3
2026-09-23T02:15:00+00:00,-0.8590404421,9993.695713,35.36247287,10028.19915,3
2026-09-23T02:30:00+00:00,-0.8590404421,9993.695713,59.26892921,10052.1056,3
2026-09-23T02:45:00+00:00,-0.8590404421,9993.695713,65.92802746,10058.7647,3
2026-09-23T03:00:00+00:00,-0.8590404421,9993.695713,75.68322888,10068.5199,3
2026-09-23T03:15:00+00:00,-0.8590404421,9993.695713,68.8238261,10061.6605,3
2026-09-23T03:30:00+00:00,-0.8590404421,9993.695713,92.94940191,10085.78607,3
2026-09-23T03:45:00+00:00,-0.8590404421,9993.695713,74.84612985,10067.6828,3
2026-09-23T04:00:00+00:00,-0.8590404421,9993.695713,60.50579226,10053.34246,3
2026-09-23T04:15:00+00:00,-0.8590404421,9993.695713,67.89917047,10060.73584,3
2026-09-23T04:30:00+00:00,-0.8590404421,9993.695713,68.78874217,10061.62541,3
2026-09-23T04:45:00+00:00,-0.8590404421,9993.695713,43.52384333,10036.36052,3
2026-09-23T05:00:00+00:00,-0.8590404421,9993.695713,42.51833637,10035.35501,3
2026-09-23T05:15:00+00:00,-0.8590404421,9993.695713,58.92316903,10051.75984,3
2026-09-23T05:30:00+00:00,-0.8590404421,9993.695713,50.2487804,10043.08545,3
2026-09-23T05:45:00+00:00,-0.8590404421,9993.695713,52.98082291,10045.8175,3
2026-09-23T06:00:00+00:00,-0.8590404421,9993.695713,46.88220876,10039.71888,3
2026-09-23T06:15:00+00:00,-0.8590404421,9993.695713,48.24066735,10041.07734,3
2026-09-23T06:30:00+00:00,-0.8590404421,9993.695713,50.92996241,10043.76663,3
2026-09-23T06:45:00+00:00,-0.8590404421,9993.695713,42.96337336,10035.80005,3
2026-09-23T07:00:00+00:00,-0.8590404421,9993.695713,28.31296873,10021.14964,3
2026-09-23T07:15:00+00:00,-0.8590404421,9993.695713,30.13678608,10022.97346,3
2026-09-23T07:30:00+00:00,-0.8590404421,9993.695713,21.73888937,10014.57556,3
2026-09-23T07:45:00+00:00,-0.8590404421,9993.695713,35.47006674,10028.30674,3
2026-09-23T08:00:00+00:00,-1.489927404,9993.695713,31.96965077,10024.17544,3
2026-09-23T08:15:00+00:00,-1.489927404,9993.695713,29.29550928,10021.50129,3
2026-09-23T08:30:00+00:00,-1.489927404,9993.695713,31.26489118,10023.47068,3
2026-09-23T08:45:00+00:00,-1.489927404,9993.695713,6.640407779,9998.846193,3
2026-09-23T09:00:00+00:00,-1.489927404,9993.695713,19.33354608,10011.53933,3
2026-09-23T09:15:00+00:00,-1.489927404,9993.695713,6.124868011,9998.330654,3
2026-09-23T09:30:00+00:00,-1.489927404,9993.695713,-3.700210891,9988.505575,3
2026-09-23T09:45:00+00:00,-1.489927404,9993.695713,-12.67407196,9979.531714,3
2026-09-23T10:00:00+00:00,-1.489927404,9993.695713,12.38105534,10004.58684,3
2026-09-23T10:15:00+00:00,-1.489927404,9993.695713,7.055682268,9999.261468,3
2026-09-23T10:30:00+00:00,-1.489927404,9993.695713,27.32575009,10019.53154,3
2026-09-23T10:45:00+00:00,-1.489927404,9993.695713,28.9024466,10021.10823,3
2026-09-23T11:00:00+00:00,-1.489927404,9993.695713,20.71850116,10012.92429,3
2026-09-23T11:15:00+00:00,-1.489927404,9993.695713,5.723189641,9997.928975,3
2026-09-23T11:30:00+00:00,-1.489927404,9993.695713,7.652198354,9999.857984,3
2026-09-23T11:45:00+00:00,-1.489927404,9993.695713,16.89740943,10009.10319,3
2026-09-23T12:00:00+00:00,6547.365254,3337.95881,21.40668393,9906.730749,2
2026-09-23T12:15:00+00:00,6547.365254,3337.95881,12.04921307,9897.373278,2
2026-09-23T12:30:00+00:00,6547.365254,3337.95881,6.422618595,9891.746683,2
2026-09-23T12:45:00+00:00,6547.365254,3337.95881,7.799621749,9893.123686,2
2026-09-23T13:00:00+00:00,6547.365254,3337.95881,3.086799886,9888.410865,2
2026-09-23T13:15:00+00:00,6547.365254,3337.95881,-8.107836445,9877.216228,2
2026-09-23T13:30:00+00:00,6547.365254,3337.95881,-4.653966415,9880.670098,2
2026-09-23T13:45:00+00:00,5448.98831,4435.731979,19.34295602,9904.063245,3
2026-09-23T14:00:00+00:00,5988.724931,3794.386913,169.9467525,9953.058597,2
2026-09-23T14:15:00+00:00,5988.724931,3794.386913,217.6783946,10000.79024,2
2026-09-23T14:30:00+00:00,5988.724931,3794.386913,186.0012429,9969.113087,2
2026-09-23T14:45:00+00:00,5988.724931,3794.386913,185.296122,9968.407966,2
2026-09-23T15:00:00+00:00,8817.465353,1097.773169,46.34144734,9961.579969,1
2026-09-23T15:15:00+00:00,8817.465353,1097.773169,62.46672447,9977.705246,1
2026-09-23T15:30:00+00:00,8817.465353,1097.773169,70.42327569,9985.661797,1
2026-09-23T15:45:00+00:00,8817.465353,1097.773169,72.33284798,9987.571369,1
2026-09-23T16:00:00+00:00,8817.516619,1097.773169,59.60236603,9974.892154,1
2026-09-23T16:15:00+00:00,8817.516619,1097.773169,63.31542327,9978.605211,1
2026-09-23T16:30:00+00:00,8817.516619,1097.773169,58.11714314,9973.406931,1
2026-09-23T16:45:00+00:00,8817.516619,1097.773169,67.34674255,9982.636531,1
2026-09-23T17:00:00+00:00,8817.516619,1097.773169,79.2285257,9994.518314,1
2026-09-23T17:15:00+00:00,8817.516619,1097.773169,72.54502268,9987.834811,1
2026-09-23T17:30:00+00:00,8817.516619,1097.773169,70.63545039,9985.925239,1
2026-09-23T17:45:00+00:00,8817.516619,1097.773169,72.75719738,9988.046986,1
2026-09-23T18:00:00+00:00,8817.516619,1097.773169,83.25984498,9998.549633,1
2026-09-23T18:15:00+00:00,8817.516619,1097.773169,85.59376667,10000.88355,1
2026-09-23T18:30:00+00:00,8817.516619,1097.773169,83.25984498,9998.549633,1
2026-09-23T18:45:00+00:00,8817.516619,1097.773169,82.30505884,9997.594847,1
2026-09-23T19:00:00+00:00,8817.516619,1097.773169,81.03201064,9996.321799,1
2026-09-23T19:15:00+00:00,8817.516619,1097.773169,69.04414014,9984.333928,1
2026-09-23T19:30:00+00:00,8817.516619,1097.773169,72.12067328,9987.410461,1
2026-09-23T19:45:00+00:00,8817.516619,1097.773169,75.40938112,9990.699169,1
2026-09-23T20:00:00+00:00,8817.516619,1097.773169,74.98503172,9990.27482,1
2026-09-23T20:15:00+00:00,8817.516619,1097.773169,74.87894437,9990.168733,1
2026-09-23T20:30:00+00:00,8817.516619,1097.773169,69.36240219,9984.65219,1
2026-09-23T20:45:00+00:00,8817.516619,1097.773169,71.27197448,9986.561763,1
2026-09-23T21:00:00+00:00,8817.516619,1097.773169,60.02671543,9975.316504,1
2026-09-23T21:15:00+00:00,8817.516619,1097.773169,54.6162606,9969.906049,1
2026-09-23T21:30:00+00:00,8817.516619,1097.773169,51.11537807,9966.405166,1
2026-09-23T21:45:00+00:00,8817.516619,1097.773169,53.76756181,9969.05735,1
2026-09-23T22:00:00+00:00,8817.516619,1097.773169,46.76579674,9962.055585,1
2026-09-23T22:15:00+00:00,8817.516619,1097.773169,47.93275758,9963.222546,1
2026-09-23T22:30:00+00:00,8817.516619,1097.773169,58.43540519,9973.725193,1
2026-09-23T22:45:00+00:00,8817.516619,1097.773169,59.07192928,9974.361717,1
2026-09-23T23:00:00+00:00,8817.516619,1097.773169,59.60236603,9974.892154,1
2026-09-23T23:15:00+00:00,8817.516619,1097.773169,53.97973651,9969.269525,1
2026-09-23T23:30:00+00:00,8817.516619,1097.773169,64.48238411,9979.772172,1
2026-09-23T23:45:00+00:00,8817.516619,1097.773169,64.16412206,9979.45391,1
2026-09-24T00:00:00+00:00,8817.568305,1097.773169,69.46848954,9984.809963,1
2026-09-24T00:15:00+00:00,8817.568305,1097.773169,69.99892629,9985.3404,1
2026-09-24T00:30:00+00:00,8817.568305,1097.773169,68.93805279,9984.279527,1
2026-09-24T00:45:00+00:00,8817.568305,1097.773169,76.47025461,9991.811729,1
2026-09-24T01:00:00+00:00,8817.568305,1097.773169,78.69808895,9994.039563,1
2026-09-24T01:15:00+00:00,8817.568305,1097.773169,79.6528751,9994.994349,1
2026-09-24T01:30:00+00:00,8817.568305,1097.773169,79.6528751,9994.994349,1
2026-09-24T01:45:00+00:00,8817.568305,1097.773169,81.24418534,9996.585659,1
2026-09-24T02:00:00+00:00,8817.568305,1097.773169,71.27197448,9986.613448,1
2026-09-24T02:15:00+00:00,8817.568305,1097.773169,67.2406552,9982.582129,1
2026-09-24T02:30:00+00:00,8817.568305,1097.773169,60.45106483,9975.792539,1
2026-09-24T02:45:00+00:00,1518.432546,8392.89661,64.34481665,9975.673973,2
2026-09-24T03:00:00+00:00,1518.432546,8392.89661,66.64702136,9977.976177,2
2026-09-24T03:15:00+00:00,0,9907.824743,77.6458014,9985.470545,3
2026-09-24T03:30:00+00:00,0,9907.824743,78.31902559,9986.143769,3
2026-09-24T03:45:00+00:00,0,9907.824743,82.42374505,9990.248488,3
2026-09-24T04:00:00+00:00,0,9907.824743,84.8874735,9992.712217,3
2026-09-24T04:15:00+00:00,0,9907.824743,78.59161979,9986.416363,3
2026-09-24T04:30:00+00:00,0,9907.824743,70.25638702,9978.08113,3
2026-09-24T04:45:00+00:00,0,9907.824743,57.06709753,9964.891841,3
2026-09-24T05:00:00+00:00,0,9907.824743,30.15583986,9937.980583,3
2026-09-24T05:15:00+00:00,0,9907.824743,38.17729446,9946.002038,3
2026-09-24T05:30:00+00:00,0,9907.824743,43.36259391,9951.187337,3
2026-09-24T05:45:00+00:00,0,9907.824743,43.10923524,9950.933979,3
2026-09-24T06:00:00+00:00,0,9907.824743,29.83533587,9937.660079,3
2026-09-24T06:15:00+00:00,0,9907.824743,41.07611104,9948.900854,3
2026-09-24T06:30:00+00:00,0,9907.824743,46.74216648,9954.56691,3
2026-09-24T06:45:00+00:00,0,9907.824743,47.60384595,9955.428589,3
2026-09-24T07:00:00+00:00,0,9907.824743,43.99687607,9951.821619,3
2026-09-24T07:15:00+00:00,0,9907.824743,36.23550596,9944.060249,3
2026-09-24T07:30:00+00:00,0,9907.824743,32.17598339,9940.000727,3
2026-09-24T07:45:00+00:00,0,9907.824743,34.35189502,9942.176638,3
2026-09-24T08:00:00+00:00,-1.387778781e-17,9907.918663,41.39952405,9949.318187,4
2026-09-24T08:15:00+00:00,-1.387778781e-17,9907.918663,58.71806319,9966.636726,4
2026-09-24T08:30:00+00:00,-1.387778781e-17,9907.918663,64.72217051,9972.640833,4
2026-09-24T08:45:00+00:00,-1.387778781e-17,9907.918663,64.08599387,9972.004657,4
2026-09-24T09:00:00+00:00,-1.387778781e-17,9907.918663,72.53741574,9980.456078,4
2026-09-24T09:15:00+00:00,-1.387778781e-17,9907.918663,77.1755171,9985.09418,4
2026-09-24T09:30:00+00:00,0.08023278987,9907.824743,83.45641525,9991.361391,3
2026-09-24T09:45:00+00:00,0.08023278987,9907.824743,80.32795941,9988.232935,3
2026-09-24T10:00:00+00:00,0.08023278987,9907.824743,78.99000783,9986.894984,3
2026-09-24T10:15:00+00:00,0.08023278987,9907.824743,73.15296167,9981.057938,3
2026-09-24T10:30:00+00:00,0,9907.904756,75.74068753,9983.645444,4
2026-09-24T10:45:00+00:00,0,9907.904756,70.42721876,9978.331975,4
2026-09-24T11:00:00+00:00,0,9907.904756,64.33423377,9972.23899,4
2026-09-24T11:15:00+00:00,0,9907.904756,66.54443981,9974.449196,4
2026-09-24T11:30:00+00:00,0,9907.904756,69.24956011,9977.154316,4
2026-09-24T11:45:00+00:00,0,9907.904756,72.24677643,9980.151532,4
2026-09-24T12:00:00+00:00,0,9907.904756,65.68679392,9973.59155,4
2026-09-24T12:15:00+00:00,0,9907.904756,64.46819693,9972.372953,4
2026-09-24T12:30:00+00:00,0,9907.904756,71.40027864,9979.305035,4
2026-09-24T12:45:00+00:00,0,9907.904756,68.89610307,9976.800859,4
2026-09-24T13:00:00+00:00,0,9907.904756,57.75570211,9965.660458,4
2026-09-24T13:15:00+00:00,0,9907.904756,31.7613092,9939.666065,4
2026-09-24T13:30:00+00:00,0,9907.904756,45.25712045,9953.161876,4
2026-09-24T13:45:00+00:00,0,9907.904756,42.47761751,9950.382374,4
2026-09-24T14:00:00+00:00,0,9907.904756,37.33530321,9945.240059,4
2026-09-24T14:15:00+00:00,0,9907.904756,9.867501615,9917.772258,4
2026-09-24T14:30:00+00:00,7180.200972,2612.781314,94.6360874,9887.618374,3
2026-09-24T14:45:00+00:00,7180.200972,2612.781314,98.03046416,9891.01275,3
2026-09-24T15:00:00+00:00,5047.114097,4744.696526,79.2293884,9871.040011,3
2026-09-24T15:15:00+00:00,3794.760196,6044.048927,56.14968758,9894.958811,3
2026-09-24T15:30:00+00:00,3794.760196,6044.048927,58.91753731,9897.72666,3
2026-09-24T15:45:00+00:00,3794.760196,6044.048927,58.35071318,9897.159836,3
2026-09-24T16:00:00+00:00,3794.034191,6044.048927,60.43729037,9898.520408,3
2026-09-24T16:15:00+00:00,0.2457730277,9835.751908,81.3652744,9917.362956,4
2026-09-24T16:30:00+00:00,0.2457730277,9835.751908,69.55081486,9905.548496,4
2026-09-24T16:45:00+00:00,0.2457730277,9835.751908,69.74327925,9905.740961,4
2026-09-24T17:00:00+00:00,0.2457730277,9835.751908,62.72870729,9898.726389,4
2026-09-24T17:15:00+00:00,0,9835.997007,91.34637535,9927.343383,5
2026-09-24T17:30:00+00:00,0,9835.997007,81.85357979,9917.850587,5
2026-09-24T17:45:00+00:00,0,9835.997007,85.48002336,9921.477031,5
2026-09-24T18:00:00+00:00,0,9835.997007,72.50189324,9908.498901,5
2026-09-24T18:15:00+00:00,0,9835.997007,82.41513767,9918.412145,5
2026-09-24T18:30:00+00:00,0,9835.997007,80.70478458,9916.701792,5
2026-09-24T18:45:00+00:00,0,9835.997007,81.94965713,9917.946664,5
2026-09-24T19:00:00+00:00,0,9835.997007,65.91234731,9901.909355,5
2026-09-24T19:15:00+00:00,0,9835.997007,59.47012437,9895.467132,5
2026-09-24T19:30:00+00:00,0,9835.997007,52.53819409,9888.535201,5
2026-09-24T19:45:00+00:00,0,9835.997007,49.02058917,9885.017596,5
2026-09-24T20:00:00+00:00,0,9835.997007,62.37774699,9898.374754,5
2026-09-24T20:15:00+00:00,0,9835.997007,48.43761293,9884.43462,5
2026-09-24T20:30:00+00:00,0,9835.997007,59.36230431,9895.359312,5
2026-09-24T20:45:00+00:00,0,9835.997007,67.96050565,9903.957513,5
2026-09-24T21:00:00+00:00,0,9835.997007,69.29575619,9905.292764,5
2026-09-24T21:15:00+00:00,0,9835.997007,58.02044097,9894.017448,5
2026-09-24T21:30:00+00:00,0,9835.997007,38.16456024,9874.161568,5
2026-09-24T21:45:00+00:00,0,9835.997007,47.10661699,9883.103624,5
2026-09-24T22:00:00+00:00,0,9835.997007,52.09521543,9888.092223,5
2026-09-24T22:15:00+00:00,0,9835.997007,81.33082927,9917.327837,5
2026-09-24T22:30:00+00:00,0,9835.997007,87.13221428,9923.129222,5
2026-09-24T22:45:00+00:00,0,9835.997007,93.59876958,9929.595777,5
2026-09-24T23:00:00+00:00,0,9835.997007,103.2942565,9939.291264,5
2026-09-24T23:15:00+00:00,0,9835.997007,98.35891211,9934.355919,5
2026-09-24T23:30:00+00:00,0,9835.997007,98.60264446,9934.599652,5
2026-09-24T23:45:00+00:00,0,9835.997007,89.72220772,9925.719215,5
2026-09-25T00:00:00+00:00,-0.5509558605,9835.997007,105.2949654,9940.741017,5
2026-09-25T00:15:00+00:00,-0.5509558605,9835.997007,111.6143594,9947.060411,5
2026-09-25T00:30:00+00:00,-0.5509558605,9835.997007,110.180787,9945.626839,5
2026-09-25T00:45:00+00:00,-0.5509558605,9835.997007,98.21232325,9933.658375,5
2026-09-25T01:00:00+00:00,-0.5509558605,9835.997007,102.4336719,9937.879723,5
2026-09-25T01:15:00+00:00,-0.5509558605,9835.997007,89.83991767,9925.285969,5
2026-09-25T01:30:00+00:00,-0.5509558605,9835.997007,86.76291691,9922.208968,5
2026-09-25T01:45:00+00:00,-0.5509558605,9835.997007,90.97899071,9926.425042,5
2026-09-25T02:00:00+00:00,-0.5509558605,9835.997007,100.730708,9936.176759,5
2026-09-25T02:15:00+00:00,-0.5509558605,9835.997007,81.1212813,9916.567333,5
2026-09-25T02:30:00+00:00,-0.5509558605,9835.997007,78.16191391,9913.607965,5
2026-09-25T02:45:00+00:00,-0.5509558605,9835.997007,64.39970987,9899.845761,5
2026-09-25T03:00:00+00:00,-0.5509558605,9835.997007,73.72441657,9909.170468,5
2026-09-25T03:15:00+00:00,-0.5509558605,9835.997007,56.0980939,9891.544145,5
2026-09-25T03:30:00+00:00,-0.5509558605,9835.997007,66.09710459,9901.543156,5
2026-09-25T03:45:00+00:00,-0.5509558605,9835.997007,65.97830896,9901.42436,5
2026-09-25T04:00:00+00:00,-0.5509558605,9835.997007,53.09423804,9888.54029,5
2026-09-25T04:15:00+00:00,-0.5509558605,9835.997007,57.75229105,9893.198343,5
2026-09-25T04:30:00+00:00,1511.926308,8321.068874,53.99441647,9886.989599,4
2026-09-25T04:45:00+00:00,0,9831.286103,34.6081279,9865.894231,5
2026-09-25T05:00:00+00:00,0,9831.286103,35.60467669,9866.89078,5
2026-09-25T05:15:00+00:00,0,9831.286103,40.52453069,9871.810634,5
2026-09-25T05:30:00+00:00,0,9831.286103,32.84812486,9864.134228,5
2026-09-25T05:45:00+00:00,0,9831.286103,35.18976509,9866.475868,5
2026-09-25T06:00:00+00:00,0,9831.286103,40.96538774,9872.251491,5
2026-09-25T06:15:00+00:00,0,9831.286103,47.53820906,9878.824312,5
2026-09-25T06:30:00+00:00,0,9831.286103,45.13957874,9876.425682,5
2026-09-25T06:45:00+00:00,0,9831.286103,47.78775393,9879.073857,5
2026-09-25T07:00:00+00:00,0,9831.286103,48.28529135,9879.571395,5
2026-09-25T07:15:00+00:00,0,9831.286103,68.43118426,9899.717287,5
2026-09-25T07:30:00+00:00,0,9831.286103,56.24137839,9887.527482,5
2026-09-25T07:45:00+00:00,0,9831.286103,62.65707674,9893.94318,5
2026-09-25T08:00:00+00:00,-0.1691575053,9831.286103,60.88364086,9892.000587,5
2026-09-25T08:15:00+00:00,-0.1691575053,9831.286103,60.34408843,9891.461034,5
2026-09-25T08:30:00+00:00,-0.1691575053,9831.286103,49.56009834,9880.677044,5
2026-09-25T08:45:00+00:00,-0.1691575053,9831.286103,47.13549918,9878.252445,5
2026-09-25T09:00:00+00:00,-0.1691575053,9831.286103,50.38878702,9881.505733,5
2026-09-25T09:15:00+00:00,-0.1691575053,9831.286103,61.36610244,9892.483048,5
2026-09-25T09:30:00+00:00,-0.1691575053,9831.286103,71.96980306,9903.086749,5
2026-09-25T09:45:00+00:00,-0.1691575053,9831.286103,61.9633148,9893.08026,5
2026-09-25T10:00:00+00:00,-0.1691575053,9831.286103,59.34806915,9890.465015,5
2026-09-25T10:15:00+00:00,-0.1691575053,9831.286103,65.0816526,9896.198598,5
2026-09-25T10:30:00+00:00,-0.1691575053,9831.286103,54.91589191,9886.032838,5
2026-09-25T10:45:00+00:00,-0.1691575053,9831.286103,71.81025053,9902.927196,5
2026-09-25T11:00:00+00:00,-0.1691575053,9831.286103,104.453652,9935.570598,5
2026-09-25T11:15:00+00:00,-0.1691575053,9831.286103,102.9654646,9934.08241,5
2026-09-25T11:30:00+00:00,-0.1691575053,9831.286103,107.1781148,9938.295061,5
2026-09-25T11:45:00+00:00,-0.1691575053,9831.286103,137.5565573,9968.673503,5
2026-09-25T12:00:00+00:00,4617.01648,5302.165309,66.43021901,9985.612008,3
2026-09-25T12:15:00+00:00,0,9916.240143,53.64016227,9969.880306,4
2026-09-25T12:30:00+00:00,0,9916.240143,72.94006945,9989.180213,4
2026-09-25T12:45:00+00:00,0,9916.240143,81.56982293,9997.809966,4
2026-09-25T13:00:00+00:00,0,9916.240143,76.20592722,9992.446071,4
2026-09-25T13:15:00+00:00,0,9916.240143,86.46957395,10002.70972,4
2026-09-25T13:30:00+00:00,0,9916.240143,96.3775279,10012.61767,4
2026-09-25T13:45:00+00:00,0,9916.240143,108.1604952,10024.40064,4
2026-09-25T14:00:00+00:00,0,9916.240143,108.6528143,10024.89296,4
2026-09-25T14:15:00+00:00,0,9916.240143,95.7161954,10011.95634,4
2026-09-25T14:30:00+00:00,0,9916.240143,89.13944774,10005.37959,4
2026-09-25T14:45:00+00:00,0,9916.240143,86.90052612,10003.14067,4
2026-09-25T15:00:00+00:00,0,9916.240143,100.6366581,10016.8768,4
2026-09-25T15:15:00+00:00,0,9916.240143,90.8543715,10007.09451,4
2026-09-25T15:30:00+00:00,0,9916.240143,106.038152,10022.2783,4
2026-09-25T15:45:00+00:00,0,9916.240143,94.28986888,10010.53001,4
2026-09-25T16:00:00+00:00,0.3455584632,9916.240143,103.2361761,10019.82188,4
2026-09-25T16:15:00+00:00,0.3455584632,9916.240143,106.1064688,10022.69217,4
2026-09-25T16:30:00+00:00,0.3455584632,9916.240143,105.6059893,10022.19169,4
2026-09-25T16:45:00+00:00,0.3455584632,9916.240143,99.79648077,10016.38218,4
2026-09-25T17:00:00+00:00,0.3455584632,9916.240143,95.26890031,10011.8546,4
2026-09-25T17:15:00+00:00,0.3455584632,9916.240143,101.1144528,10017.70015,4
2026-09-25T17:30:00+00:00,3812.517704,6124.537162,74.36594978,10011.42082,3
2026-09-25T17:45:00+00:00,3812.517704,6124.537162,70.79394654,10007.84881,3
2026-09-25T18:00:00+00:00,3812.517704,6124.537162,73.74592033,10010.80079,3
2026-09-25T18:15:00+00:00,3812.517704,6124.537162,71.39439474,10008.44926,3
2026-09-25T18:30:00+00:00,3812.764748,6124.292063,74.44326696,10011.50008,2
2026-09-25T18:45:00+00:00,3812.764748,6124.292063,75.3656996,10012.42251,2
2026-09-25T19:00:00+00:00,3812.764748,6124.292063,78.49580924,10015.55262,2
2026-09-25T19:15:00+00:00,3812.764748,6124.292063,82.54835153,10019.60516,2
2026-09-25T19:30:00+00:00,3812.764748,6124.292063,86.80860097,10023.86541,2
2026-09-25T19:45:00+00:00,0,9933.603259,85.36234138,10018.9656,3
2026-09-25T20:00:00+00:00,0,9933.603259,95.52471277,10029.12797,3
2026-09-25T20:15:00+00:00,0,9933.603259,93.43792525,10027.04118,3
2026-09-25T20:30:00+00:00,0,9933.603259,94.10452517,10027.70778,3
2026-09-25T20:45:00+00:00,0,9933.603259,110.537445,10044.1407,3
2026-09-25T21:00:00+00:00,0,9933.603259,122.8347194,10056.43798,3
2026-09-25T21:15:00+00:00,0,9933.603259,115.5139141,10049.11717,3
2026-09-25T21:30:00+00:00,0,9933.603259,121.86768,10055.47094,3
2026-09-25T21:45:00+00:00,0,9933.603259,115.7365108,10049.33977,3
2026-09-25T22:00:00+00:00,0,9933.603259,119.9592173,10053.56248,3
2026-09-25T22:15:00+00:00,0,9933.603259,115.5595469,10049.16281,3
2026-09-25T22:30:00+00:00,0,9933.603259,117.1574985,10050.76076,3
2026-09-25T22:45:00+00:00,0,9933.603259,119.7182284,10053.32149,3
2026-09-25T23:00:00+00:00,0,9933.603259,112.4448943,10046.04815,3
2026-09-25T23:15:00+00:00,0,9933.603259,97.90869529,10031.51195,3
2026-09-25T23:30:00+00:00,0,9933.603259,99.78241775,10033.38568,3
2026-09-25T23:45:00+00:00,0,9933.603259,104.2680666,10037.87133,3
2026-09-26T00:00:00+00:00,0.4291731368,9933.603259,100.591293,10034.62373,3
2026-09-26T00:15:00+00:00,0,9934.031256,111.2087675,10045.24002,4
2026-09-26T00:30:00+00:00,0,9934.031256,111.8700998,10045.90136,4
2026-09-26T00:45:00+00:00,0,9934.031256,108.7610592,10042.79231,4
2026-09-26T01:00:00+00:00,0,9934.031256,108.2189121,10042.25017,4
2026-09-26T01:15:00+00:00,0,9934.031256,116.5163458,10050.5476,4
2026-09-26T01:30:00+00:00,0,9934.031256,114.3613851,10048.39264,4
2026-09-26T01:45:00+00:00,0,9934.031256,111.3529176,10045.38417,4
2026-09-26T02:00:00+00:00,0,9934.031256,104.9111799,10038.94244,4
2026-09-26T02:15:00+00:00,0,9934.031256,105.2221571,10039.25341,4
2026-09-26T02:30:00+00:00,0,9934.031256,105.3933325,10039.42459,4
2026-09-26T02:45:00+00:00,0,9934.031256,103.575547,10037.6068,4
2026-09-26T03:00:00+00:00,0,9934.031256,102.6247408,10036.656,4
2026-09-26T03:15:00+00:00,0,9934.031256,95.79942017,10029.83068,4
2026-09-26T03:30:00+00:00,0,9934.031256,96.76038516,10030.79164,4
2026-09-26T03:45:00+00:00,0,9934.031256,101.0083603,10035.03962,4
2026-09-26T04:00:00+00:00,0,9934.031256,102.0829157,10036.11417,4
2026-09-26T04:15:00+00:00,0,9934.031256,101.2904812,10035.32174,4
2026-09-26T04:30:00+00:00,0,9934.031256,97.56550373,10031.59676,4
2026-09-26T04:45:00+00:00,0,9934.031256,98.3430557,10032.37431,4
2026-09-26T05:00:00+00:00,0,9934.031256,92.27629682,10026.30755,4
2026-09-26T05:15:00+00:00,0,9934.031256,93.83140679,10027.86266,4
2026-09-26T05:30:00+00:00,0,9934.031256,95.15097217,10029.18223,4
2026-09-26T05:45:00+00:00,0,9934.031256,95.78375051,10029.81501,4
2026-09-26T06:00:00+00:00,1562.168836,8423.814027,48.13498566,10034.11785,3
2026-09-26T06:15:00+00:00,1562.168836,8423.814027,48.91270704,10034.89557,3
2026-09-26T06:30:00+00:00,1562.168836,8423.814027,44.90087953,10030.88374,3
2026-09-26T06:45:00+00:00,0,9982.064614,54.24023372,10036.30485,4
2026-09-26T07:00:00+00:00,0,9982.064614,11.41401753,9993.478631,4
2026-09-26T07:15:00+00:00,0,9982.064614,17.56964239,9999.634256,4
2026-09-26T07:30:00+00:00,0,9982.064614,14.42416863,9996.488782,4
2026-09-26T07:45:00+00:00,0,9982.064614,0.749755034,9982.814369,4
2026-09-26T08:00:00+00:00,0.8892589742,9982.064614,20.09191211,10003.04578,4
2026-09-26T08:15:00+00:00,0.8892589742,9982.064614,13.15751447,9996.111387,4
2026-09-26T08:30:00+00:00,0.8892589742,9982.064614,-29.46498676,9953.488886,4
2026-09-26T08:45:00+00:00,0.8892589742,9982.064614,5.544595289,9988.498468,4
2026-09-26T09:00:00+00:00,0.8892589742,9982.064614,70.30253959,10053.25641,4
2026-09-26T09:15:00+00:00,0.8892589742,9982.064614,83.3337283,10066.2876,4
2026-09-26T09:30:00+00:00,0.8892589742,9982.064614,85.22382639,10068.1777,4
2026-09-26T09:45:00+00:00,0.8892589742,9982.064614,80.13866245,10063.09254,4
2026-09-26T10:00:00+00:00,0,9982.951434,43.72823382,10026.67967,5
2026-09-26T10:15:00+00:00,0,9982.951434,29.61597805,10012.56741,5
2026-09-26T10:30:00+00:00,0,9982.951434,20.69507921,10003.64651,5
2026-09-26T10:45:00+00:00,0,9982.951434,12.00878666,9994.960221,5
2026-09-26T11:00:00+00:00,0,9982.951434,21.41601451,10004.36745,5
2026-09-26T11:15:00+00:00,0,9982.951434,4.839866293,9987.7913,5
2026-09-26T11:30:00+00:00,0,9982.951434,-38.04920992,9944.902224,5
2026-09-26T11:45:00+00:00,0,9982.951434,-37.93255221,9945.018882,5
2026-09-26T12:00:00+00:00,0,9982.951434,-33.78611599,9949.165318,5
2026-09-26T12:15:00+00:00,0,9982.951434,-27.23128328,9955.720151,5
2026-09-26T12:30:00+00:00,0,9982.951434,-3.85059971,9979.100834,5
2026-09-26T12:45:00+00:00,0,9982.951434,-17.32871473,9965.622719,5
2026-09-26T13:00:00+00:00,0,9982.951434,10.42436594,9993.3758,5
2026-09-26T13:15:00+00:00,0,9982.951434,40.05880112,10023.01024,5
2026-09-26T13:30:00+00:00,4641.614781,5368.876599,-0.567389378,10009.92399,4
2026-09-26T13:45:00+00:00,4641.614781,5368.876599,-18.44960121,9992.041779,4
2026-09-26T14:00:00+00:00,1142.402833,8866.165038,-29.78988289,9978.777988,5
2026-09-26T14:15:00+00:00,1142.402833,8866.165038,-36.26965401,9972.298217,5
2026-09-26T14:30:00+00:00,1142.402833,8866.165038,-21.97052658,9986.597345,5
2026-09-26T14:45:00+00:00,1142.402833,8866.165038,-12.51700399,9996.050867,5
2026-09-26T15:00:00+00:00,1142.402833,8866.165038,-10.1823661,9998.385505,5
2026-09-26T15:15:00+00:00,1142.402833,8866.165038,-6.938189379,10001.62968,5
2026-09-26T15:30:00+00:00,2585.780721,7307.914451,49.9908175,9943.685989,4
2026-09-26T15:45:00+00:00,2585.780721,7307.914451,55.78504828,9949.48022,4
2026-09-26T16:00:00+00:00,2585.536454,7307.914451,41.65593301,9935.106838,4
2026-09-26T16:15:00+00:00,2585.536454,7307.914451,37.58368734,9931.034592,4
2026-09-26T16:30:00+00:00,0,9889.619146,23.02598568,9912.645131,5
2026-09-26T16:45:00+00:00,0,9889.619146,28.00270713,9917.621853,5
2026-09-26T17:00:00+00:00,0,9889.619146,40.30063051,9929.919776,5
2026-09-26T17:15:00+00:00,0,9889.619146,49.63856583,9939.257712,5
2026-09-26T17:30:00+00:00,0.3822114072,9889.19115,51.45606064,9941.029422,4
2026-09-26T17:45:00+00:00,0.3822114072,9889.19115,48.30987438,9937.883235,4
2026-09-26T18:00:00+00:00,0.3822114072,9889.19115,57.76717611,9947.340537,4
2026-09-26T18:15:00+00:00,0.3822114072,9889.19115,53.05397165,9942.627333,4
2026-09-26T18:30:00+00:00,0,9889.572313,97.67815259,9987.250465,5
2026-09-26T18:45:00+00:00,0,9889.572313,107.9608054,9997.533118,5
2026-09-26T19:00:00+00:00,0,9889.572313,90.75919272,9980.331506,5
2026-09-26T19:15:00+00:00,0,9889.572313,94.89632463,9984.468637,5
2026-09-26T19:30:00+00:00,0,9889.572313,102.8818284,9992.454141,5
2026-09-26T19:45:00+00:00,0,9889.572313,92.93403406,9982.506347,5
2026-09-26T20:00:00+00:00,0,9889.572313,97.84209675,9987.41441,5
2026-09-26T20:15:00+00:00,0,9889.572313,80.83059961,9970.402912,5
2026-09-26T20:30:00+00:00,3393.801486,6392.283874,206.7416504,9992.82701,4
2026-09-26T20:45:00+00:00,6156.25726,3810.579179,31.90746258,9998.743902,3
2026-09-26T21:00:00+00:00,9991.053531,1.267983427,-0.1234169048,9992.198097,2
2026-09-26T21:15:00+00:00,6996.658053,2994.017449,-23.72549758,9966.950005,3
2026-09-26T21:30:00+00:00,3430.876296,6557.839104,-7.636117165,9981.079283,4
2026-09-26T21:45:00+00:00,1055.115127,8932.294323,-0.4794307682,9986.930019,5
2026-09-26T22:00:00+00:00,1055.115127,8932.294323,-34.54807191,9952.861378,5
2026-09-26T22:15:00+00:00,1055.115127,8932.294323,-3.797006483,9983.612443,5
2026-09-26T22:30:00+00:00,1055.115127,8932.294323,9.354796111,9996.764246,5
2026-09-26T22:45:00+00:00,1055.115127,8932.294323,8.99450313,9996.403953,5
2026-09-26T23:00:00+00:00,1055.115127,8932.294323,-57.08312128,9930.326329,5
2026-09-26T23:15:00+00:00,1055.115127,8932.294323,-52.02685118,9935.382599,5
2026-09-26T23:30:00+00:00,1055.115127,8932.294323,-46.14909754,9941.260352,5
2026-09-26T23:45:00+00:00,1055.115127,8932.294323,-47.15576778,9940.253682,5
2026-09-27T00:00:00+00:00,1055.366306,8932.294323,-28.12666795,9959.533961,5
2026-09-27T00:15:00+00:00,1055.366306,8932.294323,-46.554693,9941.105936,5
2026-09-27T00:30:00+00:00,1055.366306,8932.294323,-48.33250112,9939.328128,5
2026-09-27T00:45:00+00:00,1055.366306,8932.294323,7.948819919,9995.609449,5
2026-09-27T01:00:00+00:00,1055.366306,8932.294323,-15.95905492,9971.701574,5
2026-09-27T01:15:00+00:00,1055.366306,8932.294323,26.31817573,10013.9788,5
2026-09-27T01:30:00+00:00,1055.366306,8932.294323,-0.9721118076,9986.688517,5
2026-09-27T01:45:00+00:00,1055.366306,8932.294323,-34.86480002,9952.795829,5
2026-09-27T02:00:00+00:00,1055.366306,8932.294323,-46.96634866,9940.69428,5
2026-09-27T02:15:00+00:00,1055.366306,8932.294323,-48.02751926,9939.63311,5
2026-09-27T02:30:00+00:00,1055.366306,8932.294323,-31.65181497,9956.008814,5
2026-09-27T02:45:00+00:00,1055.366306,8932.294323,-11.15062673,9976.510002,5
2026-09-27T03:00:00+00:00,1055.366306,8932.294323,-17.47407276,9970.186556,5
2026-09-27T03:15:00+00:00,1055.366306,8932.294323,20.50840883,10008.16904,5
2026-09-27T03:30:00+00:00,1055.366306,8932.294323,10.65782069,9998.31845,5
2026-09-27T03:45:00+00:00,1055.366306,8932.294323,20.52199765,10008.18263,5
2026-09-27T04:00:00+00:00,1055.366306,8932.294323,-9.455761479,9978.204867,5
2026-09-27T04:15:00+00:00,1055.366306,8932.294323,36.09616591,10023.75679,5
2026-09-27T04:30:00+00:00,1055.366306,8932.294323,50.35933918,10038.01997,5
2026-09-27T04:45:00+00:00,1055.366306,8932.294323,58.94652143,10046.60715,5
2026-09-27T05:00:00+00:00,1055.366306,8932.294323,-16.67328086,9970.987348,5
2026-09-27T05:15:00+00:00,1055.366306,8932.294323,-18.39551954,9969.265109,5
2026-09-27T05:30:00+00:00,1055.366306,8932.294323,-73.34558986,9914.315039,5
2026-09-27T05:45:00+00:00,1055.366306,8932.294323,-89.21945464,9898.441174,5
2026-09-27T06:00:00+00:00,1055.366306,8932.294323,-122.1830419,9865.477587,5
2026-09-27T06:15:00+00:00,1055.366306,8932.294323,-134.4426141,9853.218015,5
2026-09-27T06:30:00+00:00,1055.366306,8932.294323,-141.1070481,9846.553581,5
2026-09-27T06:45:00+00:00,1055.366306,8932.294323,-161.0924322,9826.568197,5
2026-09-27T07:00:00+00:00,1055.366306,8932.294323,-184.6404295,9803.020199,5
2026-09-27T07:15:00+00:00,3941.85127,5939.544858,-118.4370784,9762.959049,4
2026-09-27T07:30:00+00:00,3941.85127,5939.544858,-139.959571,9741.436556,4
2026-09-27T07:45:00+00:00,3941.85127,5939.544858,-148.5402494,9732.855878,4
2026-09-27T08:00:00+00:00,3942.255403,5939.544858,-111.1458121,9770.654448,4
2026-09-27T08:15:00+00:00,3942.255403,5939.544858,-90.42435864,9791.375902,4
2026-09-27T08:30:00+00:00,0,9879.388973,-66.86944473,9812.519528,5
2026-09-27T08:45:00+00:00,0,9879.388973,-75.55273684,9803.836236,5
2026-09-27T09:00:00+00:00,0,9879.388973,-65.54282264,9813.84615,5
2026-09-27T09:15:00+00:00,0,9879.388973,-76.70380594,9802.685167,5
2026-09-27T09:30:00+00:00,0,9879.388973,-92.11490341,9787.27407,5
2026-09-27T09:45:00+00:00,0,9879.388973,-74.30613925,9805.082834,5
2026-09-27T10:00:00+00:00,0,9879.388973,-77.64105324,9801.74792,5
2026-09-27T10:15:00+00:00,0,9879.388973,-77.44544428,9801.943529,5
2026-09-27T10:30:00+00:00,0,9879.388973,-80.11462338,9799.27435,5
2026-09-27T10:45:00+00:00,0,9879.388973,-83.17357038,9796.215403,5
2026-09-27T11:00:00+00:00,0,9879.388973,-61.72279011,9817.666183,5
2026-09-27T11:15:00+00:00,0.9364736402,9878.502153,-54.42153041,9825.017096,4
2026-09-27T11:30:00+00:00,0.9364736402,9878.502153,-62.78887272,9816.649754,4
2026-09-27T11:45:00+00:00,0.9364736402,9878.502153,-61.08718888,9818.351438,4
2026-09-27T12:00:00+00:00,0.9364736402,9878.502153,-73.67175751,9805.766869,4
2026-09-27T12:15:00+00:00,0.9364736402,9878.502153,-72.78782832,9806.650798,4
2026-09-27T12:30:00+00:00,0.9364736402,9878.502153,-39.08230752,9840.356319,4
2026-09-27T12:45:00+00:00,0.9364736402,9878.502153,4.474557749,9883.913184,4
2026-09-27T13:00:00+00:00,0.9364736402,9878.502153,-1.761387764,9877.677239,4
2026-09-27T13:15:00+00:00,0.9364736402,9878.502153,-11.2233801,9868.215246,4
2026-09-27T13:30:00+00:00,0.9364736402,9878.502153,-4.719026506,9874.7196,4
2026-09-27T13:45:00+00:00,0.9364736402,9878.502153,-7.765563364,9871.673063,4
2026-09-27T14:00:00+00:00,0.9364736402,9878.502153,-2.610698702,9876.827928,4
2026-09-27T14:15:00+00:00,0,9879.436058,-4.409828511,9875.02623,5
2026-09-27T14:30:00+00:00,0,9879.436058,0.5421869816,9879.978245,5
2026-09-27T14:45:00+00:00,0,9879.436058,8.005935192,9887.441993,5
2026-09-27T15:00:00+00:00,0,9879.436058,1.926573383,9881.362632,5
2026-09-27T15:15:00+00:00,0.7384014836,9878.502153,56.01746307,9935.258017,4
2026-09-27T15:30:00+00:00,-1.110223025e-16,9879.238529,46.96864411,9926.207173,5
2026-09-27T15:45:00+00:00,-1.110223025e-16,9879.238529,53.55275211,9932.791281,5
2026-09-27T16:00:00+00:00,0.03670319983,9879.238529,65.68682577,9944.962058,5
2026-09-27T16:15:00+00:00,0.03670319983,9879.238529,44.66500364,9923.940236,5
2026-09-27T16:30:00+00:00,0.03670319983,9879.238529,53.37790448,9932.653137,5
2026-09-27T16:45:00+00:00,0.03670319983,9879.238529,56.38791074,9935.663143,5
2026-09-27T17:00:00+00:00,0.03670319983,9879.238529,55.32736312,9934.602596,5
2026-09-27T17:15:00+00:00,0.03670319983,9879.238529,43.19647372,9922.471706,5
2026-09-27T17:30:00+00:00,0.03670319983,9879.238529,40.25134508,9919.526578,5
2026-09-27T17:45:00+00:00,0.03670319983,9879.238529,44.35441123,9923.629644,5
2026-09-27T18:00:00+00:00,0.03670319983,9879.238529,35.79997048,9915.075203,5
2026-09-27T18:15:00+00:00,0.03670319983,9879.238529,41.09711415,9920.372347,5
2026-09-27T18:30:00+00:00,0.03670319983,9879.238529,41.63130969,9920.906542,5
2026-09-27T18:45:00+00:00,0.03670319983,9879.238529,42.80054475,9922.075777,5
2026-09-27T19:00:00+00:00,0.03670319983,9879.238529,37.07739369,9916.352626,5
2026-09-27T19:15:00+00:00,0.03670319983,9879.238529,22.57255544,9901.847788,5
2026-09-27T19:30:00+00:00,0.03670319983,9879.238529,26.49326122,9905.768494,5
2026-09-27T19:45:00+00:00,0,9879.29884,22.47876797,9901.777608,5
2026-09-27T20:00:00+00:00,0,9879.29884,13.11487339,9892.413713,5
2026-09-27T20:15:00+00:00,0,9879.29884,20.26985721,9899.568697,5
2026-09-27T20:30:00+00:00,0,9879.29884,25.78943066,9905.08827,5
2026-09-27T20:45:00+00:00,0,9879.29884,35.88621212,9915.185052,5
2026-09-27T21:00:00+00:00,0,9879.29884,18.81458868,9898.113428,5
2026-09-27T21:15:00+00:00,0,9879.29884,45.97744341,9925.276283,5
2026-09-27T21:30:00+00:00,0,9879.29884,46.4399863,9925.738826,5
2026-09-27T21:45:00+00:00,0,9879.29884,47.51510518,9926.813945,5
2026-09-27T22:00:00+00:00,3837.491513,5939.454724,135.2085799,9912.154817,4
2026-09-27T22:15:00+00:00,3837.491513,5939.454724,92.95516844,9869.901405,4
2026-09-27T22:30:00+00:00,3837.491513,5939.454724,129.3989043,9906.345141,4
2026-09-27T22:45:00+00:00,7439.320324,2375.633069,84.77275064,9899.726144,3
2026-09-27T23:00:00+00:00,9896.47592,1.177850099,-0.009186388371,9897.644584,2
2026-09-27T23:15:00+00:00,7427.580392,2468.716232,-15.91539091,9880.381234,3
2026-09-27T23:30:00+00:00,7427.580392,2468.716232,-9.072082885,9887.224542,3
2026-09-27T23:45:00+00:00,7427.580392,2468.716232,-26.66976151,9869.626863,3
2026-09-28T00:00:00+00:00,7427.829733,2468.716232,-21.78056681,9874.765399,3
2026-09-28T00:15:00+00:00,7427.829733,2468.716232,-52.08440035,9844.461565,3
2026-09-28T00:30:00+00:00,7427.829733,2468.716232,-18.83730652,9877.708659,3
2026-09-28T00:45:00+00:00,7427.829733,2468.716232,-24.6949885,9871.850977,3
2026-09-28T01:00:00+00:00,2526.6845,7367.167318,-10.21840997,9883.633407,4
2026-09-28T01:15:00+00:00,2526.6845,7367.167318,-44.3243602,9849.527457,4
2026-09-28T01:30:00+00:00,2526.6845,7367.167318,-9.779898639,9884.071919,4
2026-09-28T01:45:00+00:00,2526.6845,7367.167318,9.039230082,9902.891048,4
2026-09-28T02:00:00+00:00,2526.6845,7367.167318,-21.21957579,9872.632242,4
2026-09-28T02:15:00+00:00,2526.6845,7367.167318,6.456193382,9900.308011,4
2026-09-28T02:30:00+00:00,2526.6845,7367.167318,19.59962663,9913.451444,4
2026-09-28T02:45:00+00:00,2526.6845,7367.167318,46.29029036,9940.142108,4
2026-09-28T03:00:00+00:00,2526.6845,7367.167318,40.42373075,9934.275548,4
2026-09-28T03:15:00+00:00,2526.6845,7367.167318,69.01664564,9962.868463,4
2026-09-28T03:30:00+00:00,2526.6845,7367.167318,44.11785981,9937.969677,4
2026-09-28T03:45:00+00:00,2526.6845,7367.167318,70.18080578,9964.032623,4
2026-09-28T04:00:00+00:00,2527.068066,7366.725844,80.76948396,9974.563394,3
2026-09-28T04:15:00+00:00,2527.068066,7366.725844,66.07819616,9959.872106,3
2026-09-28T04:30:00+00:00,2527.068066,7366.725844,70.83434915,9964.628259,3
2026-09-28T04:45:00+00:00,2527.068066,7366.725844,70.41991845,9964.213828,3
2026-09-28T05:00:00+00:00,2527.068066,7366.725844,109.3026977,10003.09661,3
2026-09-28T05:15:00+00:00,2527.068066,7366.725844,144.4161616,10038.21007,3
2026-09-28T05:30:00+00:00,2527.068066,7366.725844,134.0006076,10027.79452,3
2026-09-28T05:45:00+00:00,2527.068066,7366.725844,132.4587863,10026.2527,3
2026-09-28T06:00:00+00:00,2527.068066,7366.725844,125.8905837,10019.68449,3
2026-09-28T06:15:00+00:00,2527.068066,7366.725844,172.0497305,10065.84364,3
2026-09-28T06:30:00+00:00,2527.068066,7366.725844,151.6223073,10045.41622,3
2026-09-28T06:45:00+00:00,2527.068066,7366.725844,165.8138538,10059.60776,3
2026-09-28T07:00:00+00:00,2527.068066,7366.725844,169.9438234,10063.73773,3
2026-09-28T07:15:00+00:00,2527.068066,7366.725844,198.5444778,10092.33839,3
2026-09-28T07:30:00+00:00,2527.068066,7366.725844,205.2579377,10099.05185,3
2026-09-28T07:45:00+00:00,2527.068066,7366.725844,212.0379751,10105.83188,3
2026-09-28T08:00:00+00:00,2527.213703,7366.725844,169.7253988,10063.66495,3
2026-09-28T08:15:00+00:00,2527.213703,7366.725844,180.9201614,10074.85971,3
2026-09-28T08:30:00+00:00,2527.213703,7366.725844,187.918596,10081.85814,3
2026-09-28T08:45:00+00:00,2527.213703,7366.725844,174.6303438,10068.56989,3
2026-09-28T09:00:00+00:00,2527.213703,7366.725844,186.4527693,10080.39232,3
2026-09-28T09:15:00+00:00,2527.213703,7366.725844,187.3645027,10081.30405,3
2026-09-28T09:30:00+00:00,2527.213703,7366.725844,219.1884349,10113.12798,3
2026-09-28T09:45:00+00:00,2527.213703,7366.725844,211.5601042,10105.49965,3
2026-09-28T10:00:00+00:00,2527.213703,7366.725844,197.9905078,10091.93005,3
2026-09-28T10:15:00+00:00,2527.213703,7366.725844,185.4061683,10079.34571,3
2026-09-28T10:30:00+00:00,2527.213703,7366.725844,160.2984224,10054.23797,3
2026-09-28T10:45:00+00:00,2527.213703,7366.725844,175.7491308,10069.68868,3
2026-09-28T11:00:00+00:00,2527.213703,7366.725844,164.7523197,10058.69187,3
2026-09-28T11:15:00+00:00,2527.213703,7366.725844,163.7040199,10057.64357,3
2026-09-28T11:30:00+00:00,2527.213703,7366.725844,159.5734475,10053.51299,3
2026-09-28T11:45:00+00:00,2527.213703,7366.725844,156.354403,10050.29395,3
2026-09-28T12:00:00+00:00,2527.213703,7366.725844,85.92983038,9979.869377,3
2026-09-28T12:15:00+00:00,2527.213703,7366.725844,68.04887618,9961.988423,3
2026-09-28T12:30:00+00:00,2527.213703,7366.725844,70.56950168,9964.509048,3
2026-09-28T12:45:00+00:00,0,9890.816224,77.28455944,9968.100784,4
2026-09-28T13:00:00+00:00,0,9890.816224,111.6183313,10002.43456,4
2026-09-28T13:15:00+00:00,0,9890.816224,123.8778843,10014.69411,4
2026-09-28T13:30:00+00:00,0,9890.816224,116.8769691,10007.69319,4
2026-09-28T13:45:00+00:00,0,9890.816224,126.8445931,10017.66082,4
2026-09-28T14:00:00+00:00,0,9890.816224,154.1077426,10044.92397,4
2026-09-28T14:15:00+00:00,0,9890.816224,186.5462093,10077.36243,4
2026-09-28T14:30:00+00:00,0,9890.816224,186.4113698,10077.22759,4
2026-09-28T14:45:00+00:00,0,9890.816224,207.4846933,10098.30092,4
2026-09-28T15:00:00+00:00,0,9890.816224,202.4668225,10093.28305,4
2026-09-28T15:15:00+00:00,0,9890.816224,184.8988146,10075.71504,4
2026-09-28T15:30:00+00:00,0,9890.816224,180.9419339,10071.75816,4
2026-09-28T15:45:00+00:00,0,9890.816224,167.5980937,10058.41432,4
2026-09-28T16:00:00+00:00,-0.04557401778,9890.816224,153.8046152,10044.57527,4
2026-09-28T16:15:00+00:00,-0.04557401778,9890.816224,116.9963437,10007.76699,4
2026-09-28T16:30:00+00:00,-0.04557401778,9890.816224,141.6087657,10032.37942,4
2026-09-28T16:45:00+00:00,2526.004261,7366.725844,130.0234205,10022.75353,3
2026-09-28T17:00:00+00:00,0,9890.482916,85.83840358,9976.321319,3
2026-09-28T17:15:00+00:00,0,9890.482916,108.228691,9998.711607,3
2026-09-28T17:30:00+00:00,0,9890.482916,103.633082,9994.115998,3
2026-09-28T17:45:00+00:00,0,9890.482916,103.0453242,9993.52824,3
2026-09-28T18:00:00+00:00,0,9890.482916,85.14862397,9975.63154,3
2026-09-28T18:15:00+00:00,0,9890.482916,92.8737712,9983.356687,3
2026-09-28T18:30:00+00:00,0,9890.482916,100.4037377,9990.886653,3
2026-09-28T18:45:00+00:00,0,9890.482916,94.43964816,9984.922564,3
2026-09-28T19:00:00+00:00,0,9890.482916,121.2325797,10011.7155,3
2026-09-28T19:15:00+00:00,0,9890.482916,131.8920844,10022.375,3
2026-09-28T19:30:00+00:00,0,9890.482916,157.4141258,10047.89704,3
2026-09-28T19:45:00+00:00,0,9890.482916,162.695083,10053.178,3
2026-09-28T20:00:00+00:00,0,9890.482916,142.9419505,10033.42487,3
2026-09-28T20:15:00+00:00,0,9890.482916,134.9218165,10025.40473,3
2026-09-28T20:30:00+00:00,0,9890.482916,140.8881219,10031.37104,3
2026-09-28T20:45:00+00:00,0,9890.482916,133.6509263,10024.13384,3
2026-09-28T21:00:00+00:00,0,9890.482916,133.9436974,10024.42661,3
2026-09-28T21:15:00+00:00,0,9890.482916,144.796167,10035.27908,3
2026-09-28T21:30:00+00:00,0,9890.482916,149.0990051,10039.58192,3
2026-09-28T21:45:00+00:00,0,9890.482916,160.4438579,10050.92677,3
2026-09-28T22:00:00+00:00,0,9890.482916,168.2643797,10058.7473,3
2026-09-28T22:15:00+00:00,0,9890.482916,165.6227933,10056.10571,3
2026-09-28T22:30:00+00:00,0,9890.482916,144.5987706,10035.08169,3
2026-09-28T22:45:00+00:00,0,9890.482916,141.3716421,10031.85456,3
2026-09-28T23:00:00+00:00,0,9890.482916,144.0087971,10034.49171,3
2026-09-28T23:15:00+00:00,0,9890.482916,124.2556646,10014.73858,3
2026-09-28T23:30:00+00:00,0,9890.482916,125.8237573,10016.30667,3
2026-09-28T23:45:00+00:00,0,9890.482916,121.2259325,10011.70885,3
2026-09-29T00:00:00+00:00,0,9890.733785,110.3660553,10001.09984,4
2026-09-29T00:15:00+00:00,0,9890.733785,111.8349291,10002.56871,4
2026-09-29T00:30:00+00:00,0,9926.073312,59.69080094,9985.764113,4
2026-09-29T00:45:00+00:00,0,9926.073312,103.6480007,10029.72131,4
2026-09-29T01:00:00+00:00,0,9926.073312,126.1653657,10052.23868,4
2026-09-29T01:15:00+00:00,0,9926.073312,170.4331475,10096.50646,4
2026-09-29T01:30:00+00:00,0,9926.073312,160.1052691,10086.17858,4
2026-09-29T01:45:00+00:00,0,9926.073312,150.9685506,10077.04186,4
2026-09-29T02:00:00+00:00,0,9926.073312,157.794844,10083.86816,4
2026-09-29T02:15:00+00:00,2460.74663,7401.579864,238.7460508,10101.07254,3
2026-09-29T02:30:00+00:00,1636.862247,8362.81505,68.95224815,10068.62955,3
2026-09-29T02:45:00+00:00,1636.862247,8362.81505,73.17048668,10072.84778,3
2026-09-29T03:00:00+00:00,1636.862247,8362.81505,70.76898785,10070.44629,3
2026-09-29T03:15:00+00:00,1636.862247,8362.81505,9.479668803,10009.15697,3
2026-09-29T03:30:00+00:00,1636.862247,8362.81505,13.18425418,10012.86155,3
2026-09-29T03:45:00+00:00,1636.862247,8362.81505,15.57674692,10015.25404,3
2026-09-29T04:00:00+00:00,1636.862247,8362.81505,16.21665653,10015.89395,3
2026-09-29T04:15:00+00:00,1636.862247,8362.81505,7.20383929,10006.88114,3
2026-09-29T04:30:00+00:00,0,9998.692887,19.05592994,10017.74882,4
2026-09-29T04:45:00+00:00,0,9998.692887,18.49461046,10017.1875,4
2026-09-29T05:00:00+00:00,0,9998.692887,14.00883937,10012.70173,4
2026-09-29T05:15:00+00:00,0,9998.692887,14.1608313,10012.85372,4
2026-09-29T05:30:00+00:00,0,9998.692887,34.32074708,10033.01363,4
2026-09-29T05:45:00+00:00,0,9998.692887,3.257633597,10001.95052,4
2026-09-29T06:00:00+00:00,0,9998.692887,-43.32785651,9955.36503,4
2026-09-29T06:15:00+00:00,0,9998.692887,-44.90324897,9953.789638,4
2026-09-29T06:30:00+00:00,0,9998.692887,-36.32264145,9962.370246,4
2026-09-29T06:45:00+00:00,5746.496712,4139.006615,67.28063655,9952.783964,3
2026-09-29T07:00:00+00:00,5746.496712,4139.006615,99.59398341,9985.097311,3
2026-09-29T07:15:00+00:00,5746.496712,4139.006615,104.262794,9989.766122,3
2026-09-29T07:30:00+00:00,0,9880.805587,94.63122121,9975.436808,4
2026-09-29T07:45:00+00:00,0,9880.805587,131.4749735,10012.28056,4
2026-09-29T08:00:00+00:00,0.4024922083,9880.805587,128.2183452,10009.42642,4
2026-09-29T08:15:00+00:00,0.4024922083,9880.805587,99.52544997,9980.733529,4
2026-09-29T08:30:00+00:00,0.4024922083,9880.805587,138.1601712,10019.36825,4
2026-09-29T08:45:00+00:00,0.4024922083,9880.805587,146.1374725,10027.34555,4
2026-09-29T09:00:00+00:00,0.4024922083,9880.805587,157.7972938,10039.00537,4
2026-09-29T09:15:00+00:00,0,9881.206975,149.9517484,10031.15872,5
2026-09-29T09:30:00+00:00,0,9881.206975,134.3302566,10015.53723,5
2026-09-29T09:45:00+00:00,0,9881.206975,104.1326892,9985.339664,5
2026-09-29T10:00:00+00:00,1830.603292,8245.329138,-79.1976158,9996.734814,4
2026-09-29T10:15:00+00:00,1830.603292,8245.329138,-64.09561074,10011.83682,4
2026-09-29T10:30:00+00:00,1830.603292,8245.329138,-32.19923161,10043.7332,4
2026-09-29T10:45:00+00:00,1830.603292,8245.329138,-39.7672501,10036.16518,4
2026-09-29T11:00:00+00:00,1830.603292,8245.329138,-34.66325659,10041.26917,4
2026-09-29T11:15:00+00:00,1830.603292,8245.329138,-38.98293983,10036.94949,4
2026-09-29T11:30:00+00:00,1830.603292,8245.329138,-80.79300247,9995.139427,4
2026-09-29T11:45:00+00:00,1830.603292,8245.329138,-104.080832,9971.851598,4
2026-09-29T12:00:00+00:00,1830.603292,8245.329138,-99.09495052,9976.837479,4
2026-09-29T12:15:00+00:00,1830.603292,8245.329138,-91.796199,9984.136231,4
2026-09-29T12:30:00+00:00,4222.665741,5742.20036,-42.6332209,9922.23288,2
2026-09-29T12:45:00+00:00,4222.665741,5742.20036,-38.81772531,9926.048375,2
2026-09-29T13:00:00+00:00,4222.665741,5742.20036,-46.11594535,9918.750155,2
2026-09-29T13:15:00+00:00,4222.665741,5742.20036,-41.10681237,9923.759288,2
2026-09-29T13:30:00+00:00,4222.665741,5742.20036,-25.55638502,9939.309716,2
2026-09-29T13:45:00+00:00,4222.665741,5742.20036,-26.61453371,9938.251567,2
2026-09-29T14:00:00+00:00,4222.665741,5742.20036,2.054194332,9966.920295,2
2026-09-29T14:15:00+00:00,4222.665741,5742.20036,0.6846851041,9965.550786,2
2026-09-29T14:30:00+00:00,4222.665741,5742.20036,3.893349993,9968.759451,2
2026-09-29T14:45:00+00:00,9.094947018e-13,9961.15646,26.48119014,9987.637651,3
2026-09-29T15:00:00+00:00,9.094947018e-13,9961.15646,98.29490018,10059.45136,3
2026-09-29T15:15:00+00:00,9.094947018e-13,9961.15646,182.7861882,10143.94265,3
2026-09-29T15:30:00+00:00,9.094947018e-13,9961.15646,157.6743963,10118.83086,3
2026-09-29T15:45:00+00:00,9.094947018e-13,9961.15646,185.3623214,10146.51878,3
2026-09-29T16:00:00+00:00,0.7141322943,9961.15646,177.1834056,10139.054,3
2026-09-29T16:15:00+00:00,0.7141322943,9961.15646,139.8665606,10101.73715,3
2026-09-29T16:30:00+00:00,0,9961.868634,189.437522,10151.30616,4
2026-09-29T16:45:00+00:00,0,9961.868634,185.6251395,10147.49377,4
2026-09-29T17:00:00+00:00,0,9961.868634,166.6103744,10128.47901,4
2026-09-29T17:15:00+00:00,0,9961.868634,176.0387422,10137.90738,4
2026-09-29T17:30:00+00:00,0,9961.868634,188.1026709,10149.97131,4
2026-09-29T17:45:00+00:00,0.3650807087,9961.467246,201.5885635,10163.42089,3
2026-09-29T18:00:00+00:00,0.3650807087,9961.467246,139.979262,10101.81159,3
2026-09-29T18:15:00+00:00,0.3650807087,9961.467246,140.5855249,10102.41785,3
2026-09-29T18:30:00+00:00,0.3650807087,9961.467246,104.6428728,10066.4752,3
2026-09-29T18:45:00+00:00,0.3650807087,9961.467246,107.1230905,10068.95542,3
2026-09-29T19:00:00+00:00,0.3650807087,9961.467246,114.1664835,10075.99881,3
2026-09-29T19:15:00+00:00,0.3650807087,9961.467246,116.5771968,10078.40952,3
2026-09-29T19:30:00+00:00,-5.551115123e-17,9961.831325,143.9034941,10105.73482,4
2026-09-29T19:45:00+00:00,-5.551115123e-17,9961.831325,116.3626657,10078.19399,4
2026-09-29T20:00:00+00:00,-5.551115123e-17,9961.831325,120.6828268,10082.51415,4
2026-09-29T20:15:00+00:00,-5.551115123e-17,9961.831325,94.63008384,10056.46141,4
2026-09-29T20:30:00+00:00,-5.551115123e-17,9961.831325,90.87585665,10052.70718,4
2026-09-29T20:45:00+00:00,-5.551115123e-17,9961.831325,89.59413219,10051.42546,4
2026-09-29T21:00:00+00:00,-5.551115123e-17,9961.831325,94.24451409,10056.07584,4
2026-09-29T21:15:00+00:00,-5.551115123e-17,9961.831325,122.3358462,10084.16717,4
2026-09-29T21:30:00+00:00,-5.551115123e-17,9961.831325,114.1544328,10075.98576,4
2026-09-29T21:45:00+00:00,-5.551115123e-17,9961.831325,108.7782313,10070.60956,4
2026-09-29T22:00:00+00:00,-5.551115123e-17,9961.831325,71.77941258,10033.61074,4
2026-09-29T22:15:00+00:00,-5.551115123e-17,9961.831325,88.15673975,10049.98807,4
2026-09-29T22:30:00+00:00,-5.551115123e-17,9961.831325,87.39193239,10049.22326,4
2026-09-29T22:45:00+00:00,-5.551115123e-17,9961.831325,83.26204418,10045.09337,4
2026-09-29T23:00:00+00:00,-5.551115123e-17,9961.831325,36.18381182,9998.015137,4
2026-09-29T23:15:00+00:00,-5.551115123e-17,9961.831325,61.3432699,10023.1746,4
2026-09-29T23:30:00+00:00,-5.551115123e-17,9961.831325,91.99564515,10053.82697,4
2026-09-29T23:45:00+00:00,-5.551115123e-17,9961.831325,80.70891928,10042.54024,4
2026-09-30T00:00:00+00:00,0.8228505062,9961.831325,100.2299603,10062.88414,4
2026-09-30T00:15:00+00:00,0.8228505062,9961.831325,83.08811718,10045.74229,4
2026-09-30T00:30:00+00:00,0.8228505062,9961.831325,91.52182637,10054.176,4
2026-09-30T00:45:00+00:00,0.8228505062,9961.831325,92.32800282,10054.98218,4
2026-09-30T01:00:00+00:00,0.8228505062,9961.831325,81.4153535,10044.06953,4
2026-09-30T01:15:00+00:00,-1.110223025e-16,9962.651919,93.33670049,10055.98862,5
2026-09-30T01:30:00+00:00,-1.110223025e-16,9962.651919,90.54135513,10053.19327,5
2026-09-30T01:45:00+00:00,-1.110223025e-16,9962.651919,88.3244619,10050.97638,5
2026-09-30T02:00:00+00:00,-1.110223025e-16,9962.651919,76.16312434,10038.81504,5
2026-09-30T02:15:00+00:00,-1.110223025e-16,9962.651919,79.61713798,10042.26906,5
2026-09-30T02:30:00+00:00,-1.110223025e-16,9962.651919,75.06604598,10037.71797,5
2026-09-30T02:45:00+00:00,-1.110223025e-16,9962.651919,70.18059798,10032.83252,5
2026-09-30T03:00:00+00:00,-1.110223025e-16,9962.651919,83.43015825,10046.08208,5
2026-09-30T03:15:00+00:00,-1.110223025e-16,9962.651919,105.4840378,10068.13596,5
2026-09-30T03:30:00+00:00,-1.110223025e-16,9962.651919,91.1910366,10053.84296,5
2026-09-30T03:45:00+00:00,-1.110223025e-16,9962.651919,97.26240233,10059.91432,5
2026-09-30T04:00:00+00:00,-1.110223025e-16,9962.651919,74.05917188,10036.71109,5
2026-09-30T04:15:00+00:00,-1.110223025e-16,9962.651919,62.89847633,10025.5504,5
2026-09-30T04:30:00+00:00,-1.110223025e-16,9962.651919,72.89776015,10035.54968,5
2026-09-30T04:45:00+00:00,-1.110223025e-16,9962.651919,93.14679699,10055.79872,5
2026-09-30T05:00:00+00:00,-1.110223025e-16,9962.651919,78.68102923,10041.33295,5
2026-09-30T05:15:00+00:00,-1.110223025e-16,9962.651919,56.67762941,10019.32955,5
2026-09-30T05:30:00+00:00,-1.110223025e-16,9962.651919,40.25036839,10002.90229,5
2026-09-30T05:45:00+00:00,-1.110223025e-16,9962.651919,58.56187579,10021.21379,5
2026-09-30T06:00:00+00:00,-1.110223025e-16,9962.651919,111.8119881,10074.46391,5
2026-09-30T06:15:00+00:00,-1.110223025e-16,9962.651919,117.120728,10079.77265,5
2026-09-30T06:30:00+00:00,-1.110223025e-16,9962.651919,130.5660941,10093.21801,5
2026-09-30T06:45:00+00:00,-1.110223025e-16,9962.651919,153.8672997,10116.51922,5
2026-09-30T07:00:00+00:00,-1.110223025e-16,9962.651919,160.2358837,10122.8878,5
2026-09-30T07:15:00+00:00,-1.110223025e-16,9962.651919,110.0604997,10072.71242,5
2026-09-30T07:30:00+00:00,-1.110223025e-16,9962.651919,87.44662407,10050.09854,5
2026-09-30T07:45:00+00:00,-1.110223025e-16,9962.651919,110.4227951,10073.07471,5
2026-09-30T08:00:00+00:00,0.9556934694,9962.651919,139.6111364,10103.21875,5
2026-09-30T08:15:00+00:00,0.9556934694,9962.651919,130.4493135,10094.05693,5
2026-09-30T08:30:00+00:00,0.9556934694,9962.651919,130.6684381,10094.27605,5
2026-09-30T08:45:00+00:00,1.306384132,9962.28784,129.1922949,10092.78652,4
2026-09-30T09:00:00+00:00,5823.577052,4220.488868,23.09273965,10067.15866,3
2026-09-30T09:15:00+00:00,5823.577052,4220.488868,7.199070265,10051.26499,3
2026-09-30T09:30:00+00:00,5823.577052,4220.488868,-12.2331605,10031.83276,3
2026-09-30T09:45:00+00:00,5823.577052,4220.488868,-5.195240813,10038.87068,3
2026-09-30T10:00:00+00:00,5823.577052,4220.488868,-27.27464365,10016.79128,3
2026-09-30T10:15:00+00:00,3640.856276,6402.009808,-49.53189233,9993.334192,4
2026-09-30T10:30:00+00:00,3640.856276,6402.009808,-71.57747326,9971.288611,4
2026-09-30T10:45:00+00:00,3640.856276,6402.009808,-140.3526557,9902.513428,4
2026-09-30T11:00:00+00:00,3640.856276,6402.009808,-116.7739733,9926.092111,4
2026-09-30T11:15:00+00:00,3640.856276,6402.009808,-110.8188437,9932.04724,4
2026-09-30T11:30:00+00:00,3640.856276,6402.009808,-103.3275193,9939.538565,4
2026-09-30T11:45:00+00:00,3640.856276,6402.009808,-95.19180386,9947.67428,4
2026-09-30T12:00:00+00:00,3640.856276,6402.009808,-84.83801974,9958.028064,4
2026-09-30T12:15:00+00:00,3640.856276,6402.009808,-76.91816648,9965.947918,4
2026-09-30T12:30:00+00:00,7746.175688,2183.053708,-73.84965287,9855.379742,3
2026-09-30T12:45:00+00:00,9823.433883,0.8205938731,0.06926070535,9824.323738,1
2026-09-30T13:00:00+00:00,9823.433883,0.8205938731,0.1015790658,9824.356056,1
2026-09-30T13:15:00+00:00,9823.433883,0.8205938731,0.1163330998,9824.37081,1
2026-09-30T13:30:00+00:00,6936.471742,2886.195779,-30.11643405,9792.551087,2
2026-09-30T13:45:00+00:00,4654.636997,5166.776205,-29.87504286,9791.538159,3
2026-09-30T14:00:00+00:00,4654.636997,5166.776205,-32.84842119,9788.56478,3
2026-09-30T14:15:00+00:00,7438.842752,2281.40102,46.4406112,9766.684383,2
2026-09-30T14:30:00+00:00,7438.842752,2281.40102,69.6769877,9789.92076,2
2026-09-30T14:45:00+00:00,7438.842752,2281.40102,48.34077242,9768.584544,2
2026-09-30T15:00:00+00:00,7438.842752,2281.40102,48.49443537,9768.738207,2
2026-09-30T15:15:00+00:00,4494.406069,5224.219152,55.45180322,9774.077025,3
2026-09-30T15:30:00+00:00,4494.406069,5224.219152,45.74605451,9764.371276,3
2026-09-30T15:45:00+00:00,4494.406069,5224.219152,38.59576343,9757.220985,3
2026-09-30T16:00:00+00:00,3023.271425,6694.821121,1.246876435,9719.339423,4
2026-09-30T16:15:00+00:00,0,9716.306008,1.090912611,9717.39692,5
2026-09-30T16:30:00+00:00,0,9716.306008,-18.35885308,9697.947154,5
2026-09-30T16:45:00+00:00,0,9716.306008,-14.75967881,9701.546329,5
2026-09-30T17:00:00+00:00,0,9716.306008,-7.411121178,9708.894886,5
2026-09-30T17:15:00+00:00,0,9716.306008,-1.714269896,9714.591738,5
2026-09-30T17:30:00+00:00,0,9716.306008,19.46659034,9735.772598,5
2026-09-30T17:45:00+00:00,0,9716.306008,13.44818648,9729.754194,5
2026-09-30T18:00:00+00:00,0,9716.306008,21.11934972,9737.425357,5
2026-09-30T18:15:00+00:00,0,9716.306008,25.77851595,9742.084523,5
2026-09-30T18:30:00+00:00,0,9716.306008,39.93867455,9756.244682,5
2026-09-30T18:45:00+00:00,0,9716.306008,31.13340881,9747.439416,5
2026-09-30T19:00:00+00:00,0,9716.306008,46.89496581,9763.200973,5
2026-09-30T19:15:00+00:00,0,9716.306008,52.34292846,9768.648936,5
2026-09-30T19:30:00+00:00,0,9716.306008,41.88960516,9758.195613,5
2026-09-30T19:45:00+00:00,0,9716.306008,55.70803602,9772.014044,5
2026-09-30T20:00:00+00:00,0,9716.306008,46.65237208,9762.95838,5
2026-09-30T20:15:00+00:00,0,9716.306008,28.27456213,9744.58057,5
2026-09-30T20:30:00+00:00,0,9716.306008,32.87449371,9749.180501,5
2026-09-30T20:45:00+00:00,0,9716.306008,33.92723469,9750.233242,5
2026-09-30T21:00:00+00:00,0,9716.306008,30.60398182,9746.909989,5
2026-09-30T21:15:00+00:00,0,9716.306008,31.51124984,9747.817257,5
2026-09-30T21:30:00+00:00,0,9716.306008,27.7061474,9744.012155,5
2026-09-30T21:45:00+00:00,0,9716.306008,27.46898896,9743.774996,5
2026-09-30T22:00:00+00:00,0,9716.306008,36.7049281,9753.010936,5
2026-09-30T22:15:00+00:00,0,9716.306008,13.10345981,9729.409467,5
2026-09-30T22:30:00+00:00,0,9716.306008,-0.2676372207,9716.03837,5
2026-09-30T22:45:00+00:00,0,9716.306008,5.421942077,9721.72795,5
2026-09-30T23:00:00+00:00,0,9716.306008,6.428878796,9722.734886,5
2026-09-30T23:15:00+00:00,0,9716.306008,3.718245357,9720.024253,5
2026-09-30T23:30:00+00:00,0,9716.306008,8.717903918,9725.023911,5
2026-09-30T23:45:00+00:00,0,9716.306008,13.60404531,9729.910053,5
2026-10-01T00:00:00+00:00,0.3356513437,9716.306008,18.19879425,9734.840453,5
2026-10-01T00:15:00+00:00,0.3356513437,9716.306008,15.89806067,9732.53972,5
2026-10-01T00:30:00+00:00,0.3356513437,9716.306008,4.137297127,9720.778956,5
2026-10-01T00:45:00+00:00,0.3356513437,9716.306008,13.60684421,9730.248503,5
2026-10-01T01:00:00+00:00,0.3356513437,9716.306008,2.057216071,9718.698875,5
2026-10-01T01:15:00+00:00,0.3356513437,9716.306008,-7.305524358,9709.336135,5
2026-10-01T01:30:00+00:00,0.3356513437,9716.306008,2.935778373,9719.577437,5
2026-10-01T01:45:00+00:00,0.3356513437,9716.306008,8.77516644,9725.416825,5
2026-10-01T02:00:00+00:00,0.3356513437,9716.306008,17.26254237,9733.904201,5
2026-10-01T02:15:00+00:00,0.3356513437,9716.306008,14.27837949,9730.920038,5
2026-10-01T02:30:00+00:00,1.16883948,9715.485414,-5.206542697,9711.44771,4
2026-10-01T02:45:00+00:00,1.16883948,9715.485414,-9.33404773,9707.320205,4
2026-10-01T03:00:00+00:00,1.16883948,9715.485414,-7.96308212,9708.691171,4
2026-10-01T03:15:00+00:00,1.16883948,9715.485414,-13.46959358,9703.18466,4
2026-10-01T03:30:00+00:00,1.16883948,9715.485414,-34.14879702,9682.505456,4
2026-10-01T03:45:00+00:00,2.220446049e-16,9716.651048,-34.50135796,9682.14969,5
2026-10-01T04:00:00+00:00,2.220446049e-16,9716.651048,-25.236042,9691.415006,5
2026-10-01T04:15:00+00:00,2.220446049e-16,9716.651048,-33.01999741,9683.63105,5
2026-10-01T04:30:00+00:00,2.220446049e-16,9716.651048,-30.69056905,9685.960479,5
2026-10-01T04:45:00+00:00,2.220446049e-16,9716.651048,-39.68261299,9676.968435,5
2026-10-01T05:00:00+00:00,2.220446049e-16,9716.651048,-40.45096376,9676.200084,5
2026-10-01T05:15:00+00:00,2.220446049e-16,9716.651048,-35.80691655,9680.844131,5
2026-10-01T05:30:00+00:00,2.220446049e-16,9716.651048,-39.64009122,9677.010956,5
2026-10-01T05:45:00+00:00,2.220446049e-16,9716.651048,-43.90160523,9672.749442,5
2026-10-01T06:00:00+00:00,2.220446049e-16,9716.651048,-40.69576134,9675.955286,5
2026-10-01T06:15:00+00:00,2.220446049e-16,9716.651048,-47.2673983,9669.383649,5
2026-10-01T06:30:00+00:00,2.220446049e-16,9716.651048,-29.31785214,9687.333195,5
2026-10-01T06:45:00+00:00,2.220446049e-16,9716.651048,-37.66867524,9678.982372,5
2026-10-01T07:00:00+00:00,2.220446049e-16,9716.651048,-29.12735827,9687.523689,5
2026-10-01T07:15:00+00:00,2.220446049e-16,9716.651048,22.81787554,9739.468923,5
2026-10-01T07:30:00+00:00,2.220446049e-16,9716.651048,15.80715301,9732.458201,5
2026-10-01T07:45:00+00:00,2.220446049e-16,9716.651048,23.83836815,9740.489416,5
2026-10-01T08:00:00+00:00,0.08972305317,9716.651048,44.60436517,9761.345136,5
2026-10-01T08:15:00+00:00,0.08972305317,9716.651048,34.74142036,9751.482191,5
2026-10-01T08:30:00+00:00,0.08972305317,9716.651048,44.51432507,9761.255096,5
2026-10-01T08:45:00+00:00,0.08972305317,9716.651048,31.13584413,9747.876615,5
2026-10-01T09:00:00+00:00,0.08972305317,9716.651048,23.29353026,9740.034301,5
2026-10-01T09:15:00+00:00,0.08972305317,9716.651048,20.53658524,9737.277356,5
2026-10-01T09:30:00+00:00,0.08972305317,9716.651048,17.24256785,9733.983339,5
2026-10-01T09:45:00+00:00,0.08972305317,9716.651048,27.61567617,9744.356447,5
2026-10-01T10:00:00+00:00,0.08972305317,9716.651048,38.40171168,9755.142482,5
2026-10-01T10:15:00+00:00,0.08972305317,9716.651048,40.61966257,9757.360433,5
2026-10-01T10:30:00+00:00,0.08972305317,9716.651048,24.41347577,9741.154246,5
2026-10-01T10:45:00+00:00,0.08972305317,9716.651048,12.51942218,9729.260193,5
2026-10-01T11:00:00+00:00,0.08972305317,9716.651048,17.85508694,9734.595858,5
2026-10-01T11:15:00+00:00,0.08972305317,9716.651048,17.98712604,9734.727897,5
2026-10-01T11:30:00+00:00,0.08972305317,9716.651048,2.224470521,9718.965241,5
2026-10-01T11:45:00+00:00,0.08972305317,9716.651048,-0.9912481391,9715.749523,5
2026-10-01T12:00:00+00:00,0.08972305317,9716.651048,-9.036389402,9707.704381,5
2026-10-01T12:15:00+00:00,0.08972305317,9716.651048,-0.3600107473,9716.38076,5
2026-10-01T12:30:00+00:00,0.08972305317,9716.651048,0.01796994285,9716.758741,5
2026-10-01T12:45:00+00:00,0.08972305317,9716.651048,12.92793198,9729.668703,5
2026-10-01T13:00:00+00:00,1.027509319,9715.485414,35.53164111,9752.044564,4
2026-10-01T13:15:00+00:00,1.027509319,9715.485414,39.1059985,9755.618921,4
2026-10-01T13:30:00+00:00,1.027509319,9715.485414,1.581622455,9718.094545,4
2026-10-01T13:45:00+00:00,0,9716.510105,8.879146524,9725.389252,5
2026-10-01T14:00:00+00:00,0,9716.510105,35.37382688,9751.883932,5
2026-10-01T14:15:00+00:00,0,9716.510105,15.60465462,9732.11476,5
2026-10-01T14:30:00+00:00,0,9716.510105,23.78020662,9740.290312,5
2026-10-01T14:45:00+00:00,0,9716.510105,32.93882335,9749.448928,5
2026-10-01T15:00:00+00:00,2310.3994,7435.929679,-0.9463607361,9745.382718,4
2026-10-01T15:15:00+00:00,2310.3994,7435.929679,-5.351486026,9740.977593,4
2026-10-01T15:30:00+00:00,0,9744.648668,14.2583612,9758.907029,5
2026-10-01T15:45:00+00:00,0,9744.648668,-7.751212723,9736.897455,5
2026-10-01T16:00:00+00:00,0.1979728243,9744.648668,-6.579441865,9738.267199,5
2026-10-01T16:15:00+00:00,0.1979728243,9744.648668,-5.782384841,9739.064256,5
2026-10-01T16:30:00+00:00,0,9733.057243,9.442501439,9742.499744,5
2026-10-01T16:45:00+00:00,-4.547473509e-13,9722.02362,26.50756246,9748.531182,5
2026-10-01T17:00:00+00:00,-4.547473509e-13,9722.02362,-8.564038877,9713.459581,5
2026-10-01T17:15:00+00:00,1464.145138,8251.421651,-25.24981085,9690.316978,4
2026-10-01T17:30:00+00:00,1464.145138,8251.421651,-30.13924329,9685.427546,4
2026-10-01T17:45:00+00:00,1464.145138,8251.421651,-20.632392,9694.934397,4
2026-10-01T18:00:00+00:00,1464.145138,8251.421651,-25.25280938,9690.31398,4
2026-10-01T18:15:00+00:00,2.273736754e-13,9714.316128,-17.73280508,9696.583323,5
2026-10-01T18:30:00+00:00,2.273736754e-13,9714.316128,-15.34839267,9698.967736,5
2026-10-01T18:45:00+00:00,2.273736754e-13,9714.316128,-15.42149758,9698.894631,5
2026-10-01T19:00:00+00:00,2.273736754e-13,9714.316128,-3.365096765,9710.951032,5
2026-10-01T19:15:00+00:00,2.273736754e-13,9714.316128,2.3610423,9716.677171,5
2026-10-01T19:30:00+00:00,2.273736754e-13,9714.316128,-4.89371315,9709.422415,5
2026-10-01T19:45:00+00:00,2.273736754e-13,9714.316128,0.02320792104,9714.339336,5
2026-10-01T20:00:00+00:00,2.273736754e-13,9714.316128,-2.114300116,9712.201828,5
2026-10-01T20:15:00+00:00,2.273736754e-13,9714.316128,-2.74143626,9711.574692,5
2026-10-01T20:30:00+00:00,2.273736754e-13,9714.316128,-2.278572645,9712.037556,5
2026-10-01T20:45:00+00:00,2.273736754e-13,9714.316128,-1.122211361,9713.193917,5
2026-10-01T21:00:00+00:00,2.273736754e-13,9714.316128,0.5317448821,9714.847873,5
2026-10-01T21:15:00+00:00,2.273736754e-13,9714.316128,4.206703087,9718.522831,5
2026-10-01T21:30:00+00:00,2.273736754e-13,9714.316128,1.705386797,9716.021515,5
2026-10-01T21:45:00+00:00,2.273736754e-13,9714.316128,-4.647734168,9709.668394,5
2026-10-01T22:00:00+00:00,2.273736754e-13,9714.316128,-2.738270489,9711.577858,5
2026-10-01T22:15:00+00:00,2.273736754e-13,9714.316128,-3.095300331,9711.220828,5
2026-10-01T22:30:00+00:00,2.273736754e-13,9714.316128,2.543444216,9716.859573,5
2026-10-01T22:45:00+00:00,2.273736754e-13,9714.316128,1.752337195,9716.068465,5
2026-10-01T23:00:00+00:00,2.273736754e-13,9714.316128,-1.451336638,9712.864792,5
2026-10-01T23:15:00+00:00,2.273736754e-13,9714.316128,1.443376764,9715.759505,5
2026-10-01T23:30:00+00:00,2.273736754e-13,9714.316128,3.863278484,9718.179407,5
2026-10-01T23:45:00+00:00,2.273736754e-13,9714.316128,5.450332848,9719.766461,5
2026-10-02T00:00:00+00:00,0.2675438929,9714.316128,-6.687685832,9707.895986,5
2026-10-02T00:15:00+00:00,0.2675438929,9714.316128,-7.967287541,9706.616385,5
2026-10-02T00:30:00+00:00,0.2675438929,9714.316128,-7.710655704,9706.873016,5
2026-10-02T00:45:00+00:00,0.2675438929,9714.316128,-4.043650554,9710.540022,5
2026-10-02T01:00:00+00:00,0.2675438929,9714.316128,-4.553884789,9710.029787,5
2026-10-02T01:15:00+00:00,0.2675438929,9714.316128,6.086133327,9720.669806,5
2026-10-02T01:30:00+00:00,0.2675438929,9714.316128,12.55818389,9727.141856,5
2026-10-02T01:45:00+00:00,0.2675438929,9714.316128,5.445511831,9720.029184,5
2026-10-02T02:00:00+00:00,0.2675438929,9714.316128,16.9719659,9731.555638,5
2026-10-02T02:15:00+00:00,0.2675438929,9714.316128,20.82272251,9735.406395,5
2026-10-02T02:30:00+00:00,0.2675438929,9714.316128,19.08636435,9733.670037,5
2026-10-02T02:45:00+00:00,0.2675438929,9714.316128,21.06722948,9735.650902,5
2026-10-02T03:00:00+00:00,0.2675438929,9714.316128,13.10235206,9727.686024,5
2026-10-02T03:15:00+00:00,0.2675438929,9714.316128,9.457524388,9724.041197,5
2026-10-02T03:30:00+00:00,0.2675438929,9714.316128,6.76489862,9721.348571,5
2026-10-02T03:45:00+00:00,0.2675438929,9714.316128,2.523627193,9717.107299,5
2026-10-02T04:00:00+00:00,0.2675438929,9714.316128,-3.653562511,9710.93011,5
2026-10-02T04:15:00+00:00,2822.656996,6782.531619,77.82867647,9683.017292,4
2026-10-02T04:30:00+00:00,-4.547473509e-13,9602.107744,101.8669298,9703.974674,5
2026-10-02T04:45:00+00:00,-4.547473509e-13,9602.107744,89.24854883,9691.356293,5
2026-10-02T05:00:00+00:00,-4.547473509e-13,9602.107744,78.50370224,9680.611446,5
2026-10-02T05:15:00+00:00,-4.547473509e-13,9602.107744,84.63742291,9686.745167,5
2026-10-02T05:30:00+00:00,-4.547473509e-13,9602.107744,92.46331699,9694.571061,5
2026-10-02T05:45:00+00:00,-4.547473509e-13,9602.107744,93.12915474,9695.236899,5
2026-10-02T06:00:00+00:00,-4.547473509e-13,9602.107744,93.18013357,9695.287877,5
2026-10-02T06:15:00+00:00,-4.547473509e-13,9602.107744,87.8192751,9689.927019,5
2026-10-02T06:30:00+00:00,-4.547473509e-13,9602.107744,91.40013051,9693.507874,5
2026-10-02T06:45:00+00:00,-4.547473509e-13,9602.107744,87.2673016,9689.375045,5
2026-10-02T07:00:00+00:00,-4.547473509e-13,9602.107744,82.24693905,9684.354683,5
2026-10-02T07:15:00+00:00,-4.547473509e-13,9602.107744,73.57428856,9675.682032,5
2026-10-02T07:30:00+00:00,-4.547473509e-13,9602.107744,68.03896797,9670.146712,5
2026-10-02T07:45:00+00:00,-4.547473509e-13,9602.107744,46.18070636,9648.28845,5
2026-10-02T08:00:00+00:00,0.4645553986,9602.107744,39.62672604,9642.199025,5
2026-10-02T08:15:00+00:00,2205.379128,7293.388755,129.1132599,9627.881142,4
2026-10-02T08:30:00+00:00,2205.379128,7293.388755,129.6974186,9628.465301,4
2026-10-02T08:45:00+00:00,2205.379128,7293.388755,118.319977,9617.087859,4
2026-10-02T09:00:00+00:00,2205.379128,7293.388755,121.1072384,9619.875121,4
2026-10-02T09:15:00+00:00,2205.379128,7293.388755,105.8311877,9604.59907,4
2026-10-02T09:30:00+00:00,2205.379128,7293.388755,93.19494122,9591.962823,4
2026-10-02T09:45:00+00:00,2205.379128,7293.388755,101.3430206,9600.110903,4
2026-10-02T10:00:00+00:00,2205.379128,7293.388755,95.62422529,9594.392108,4
2026-10-02T10:15:00+00:00,0,9497.540112,103.0912706,9600.631383,5
2026-10-02T10:30:00+00:00,0,9497.540112,108.4716405,9606.011753,5
2026-10-02T10:45:00+00:00,0,9497.540112,93.74751001,9591.287622,5
2026-10-02T11:00:00+00:00,0,9497.540112,96.13318027,9593.673292,5
2026-10-02T11:15:00+00:00,0,9497.540112,94.98957045,9592.529683,5
2026-10-02T11:30:00+00:00,0,9497.540112,101.3484731,9598.888585,5
2026-10-02T11:45:00+00:00,0,9497.540112,79.06449923,9576.604611,5
2026-10-02T12:00:00+00:00,0,9497.540112,78.45156399,9575.991676,5
2026-10-02T12:15:00+00:00,0,9497.540112,85.85160188,9583.391714,5
2026-10-02T12:30:00+00:00,0,9497.540112,72.01365695,9569.553769,5
2026-10-02T12:45:00+00:00,0,9497.540112,123.8579662,9621.398078,5
2026-10-02T13:00:00+00:00,0,9497.540112,122.9898284,9620.52994,5
2026-10-02T13:15:00+00:00,0,9497.540112,100.8504566,9598.390569,5
2026-10-02T13:30:00+00:00,0,9497.540112,130.5526893,9628.092801,5
2026-10-02T13:45:00+00:00,0,9497.540112,107.6460449,9605.186157,5
2026-10-02T14:00:00+00:00,0,9497.540112,90.67393389,9588.214046,5
2026-10-02T14:15:00+00:00,0,9497.540112,123.2472881,9620.7874,5
2026-10-02T14:30:00+00:00,0,9497.540112,123.1945747,9620.734687,5
2026-10-02T14:45:00+00:00,0,9497.540112,95.86135128,9593.401463,5
2026-10-02T15:00:00+00:00,1.056334836,9496.515421,75.04075319,9572.612509,4
2026-10-02T15:15:00+00:00,1.056334836,9496.515421,91.78144302,9589.353199,4
2026-10-02T15:30:00+00:00,0,9497.568859,78.24494148,9575.8138,5
2026-10-02T15:45:00+00:00,0,9497.568859,77.5486688,9575.117527,5
2026-10-02T16:00:00+00:00,-0.3152338348,9497.568859,82.49583726,9579.749462,5
2026-10-02T16:15:00+00:00,-0.3152338348,9497.568859,80.15909846,9577.412723,5
2026-10-02T16:30:00+00:00,-0.3152338348,9497.568859,83.84429184,9581.097917,5
2026-10-02T16:45:00+00:00,-0.3152338348,9497.568859,81.70314351,9578.956768,5
2026-10-02T17:00:00+00:00,-0.3152338348,9497.568859,88.44419938,9585.697824,5
2026-10-02T17:15:00+00:00,-0.3152338348,9497.568859,112.1923465,9609.445971,5
2026-10-02T17:30:00+00:00,-0.3152338348,9497.568859,79.89264911,9577.146274,5
2026-10-02T17:45:00+00:00,3040.860991,6487.675398,30.81636994,9559.352759,4
2026-10-02T18:00:00+00:00,2106.013581,7321.366851,89.20029726,9516.580729,4
2026-10-02T18:15:00+00:00,2106.013581,7321.366851,51.5689749,9478.949407,4
2026-10-02T18:30:00+00:00,6406.490618,2820.629563,174.3018709,9401.422052,2
2026-10-02T18:45:00+00:00,9405.429937,1.053437882,0.2491671858,9406.732542,1
2026-10-02T19:00:00+00:00,9405.429937,1.053437882,0.2543834252,9406.737758,1
2026-10-02T19:15:00+00:00,9405.429937,1.053437882,0.2439509465,9406.727326,1
2026-10-02T19:30:00+00:00,9405.429937,1.053437882,0.2411057251,9406.724481,1
2026-10-02T19:45:00+00:00,9405.429937,1.053437882,0.2486929823,9406.732068,1
2026-10-02T20:00:00+00:00,9405.429937,1.053437882,0.2486929823,9406.732068,1
2026-10-02T20:15:00+00:00,9405.429937,1.053437882,0.2539092216,9406.737284,1
2026-10-02T20:30:00+00:00,9405.429937,1.053437882,0.2624448859,9406.74582,1
2026-10-02T20:45:00+00:00,9405.429937,1.053437882,0.2738257717,9406.757201,1
2026-10-02T21:00:00+00:00,9405.429937,1.053437882,0.2363636893,9406.719739,1
2026-10-02T21:15:00+00:00,9405.429937,1.053437882,0.2572286466,9406.740604,1
2026-10-02T21:30:00+00:00,9405.429937,1.053437882,0.2268796178,9406.710254,1
2026-10-02T21:45:00+00:00,9405.429937,1.053437882,0.2060146606,9406.68939,1
2026-10-02T22:00:00+00:00,9405.429937,1.053437882,0.2221375821,9406.705512,1
2026-10-02T22:15:00+00:00,9405.429937,1.053437882,0.2093340856,9406.692709,1
2026-10-02T22:30:00+00:00,9405.429937,1.053437882,0.1842012962,9406.667576,1
2026-10-02T22:45:00+00:00,9405.429937,1.053437882,0.186572314,9406.669947,1
2026-10-02T23:00:00+00:00,9405.429937,1.053437882,0.2064888641,9406.689864,1
2026-10-02T23:15:00+00:00,9405.429937,1.053437882,0.1770882425,9406.660463,1
2026-10-02T23:30:00+00:00,9405.429937,1.053437882,0.1604911174,9406.643866,1
2026-10-02T23:45:00+00:00,9405.429937,1.053437882,0.1486360281,9406.632011,1
2026-10-03T00:00:00+00:00,9405.428836,1.053437882,0.1410487709,9406.623322,1
2026-10-03T00:15:00+00:00,9405.428836,1.053437882,0.1121223528,9406.594396,1
2026-10-03T00:30:00+00:00,9405.428836,1.053437882,0.09457682059,9406.576851,1
2026-10-03T00:45:00+00:00,9405.428836,1.053437882,0.09694783846,9406.579222,1
2026-10-03T01:00:00+00:00,9405.428836,1.053437882,0.08272173123,9406.564995,1
2026-10-03T01:15:00+00:00,9405.428836,1.053437882,0.1016898742,9406.583964,1
2026-10-03T01:30:00+00:00,9405.428836,1.053437882,0.09410261702,9406.576376,1
2026-10-03T01:45:00+00:00,9405.428836,1.053437882,0.08367013838,9406.565944,1
2026-10-03T02:00:00+00:00,9405.428836,1.053437882,0.08983478485,9406.572108,1
2026-10-03T02:15:00+00:00,9405.428836,1.053437882,0.08604115625,9406.568315,1
2026-10-03T02:30:00+00:00,9405.428836,1.053437882,0.09647363489,9406.578747,1
2026-10-03T02:45:00+00:00,9405.428836,1.053437882,0.1168643886,9406.599138,1
2026-10-03T03:00:00+00:00,5766.46408,3638.017863,10.32973721,9414.81168,2
2026-10-03T03:15:00+00:00,1852.194733,7550.135546,19.64472627,9421.975005,3
2026-10-03T03:30:00+00:00,1852.194733,7550.135546,27.33114766,9429.661426,3
2026-10-03T03:45:00+00:00,1852.194733,7550.135546,28.99497479,9431.325253,3
2026-10-03T04:00:00+00:00,1852.194733,7550.135546,21.5645481,9423.894827,3
2026-10-03T04:15:00+00:00,1852.194733,7550.135546,-22.93981449,9379.390464,3
2026-10-03T04:30:00+00:00,1852.194733,7550.135546,-23.68639648,9378.643882,3
2026-10-03T04:45:00+00:00,1852.194733,7550.135546,-17.67093626,9384.659342,3
2026-10-03T05:00:00+00:00,1852.194733,7550.135546,6.469102156,9408.799381,3
2026-10-03T05:15:00+00:00,1852.194733,7550.135546,11.21885692,9413.549135,3
2026-10-03T05:30:00+00:00,0,9400.093879,7.513787781,9407.607666,4
2026-10-03T05:45:00+00:00,0,9400.093879,-0.9134820859,9399.180396,4
2026-10-03T06:00:00+00:00,0,9400.093879,-5.860933547,9394.232945,4
2026-10-03T06:15:00+00:00,0,9400.093879,3.155224844,9403.249103,4
2026-10-03T06:30:00+00:00,0,9400.093879,3.089792786,9403.183671,4
2026-10-03T06:45:00+00:00,0,9400.093879,-0.4554576781,9399.638421,4
2026-10-03T07:00:00+00:00,0,9400.093879,-3.273923558,9396.819955,4
2026-10-03T07:15:00+00:00,0,9400.093879,-9.158519665,9390.935359,4
2026-10-03T07:30:00+00:00,0,9400.093879,-14.98471566,9385.109163,4
2026-10-03T07:45:00+00:00,0,9400.093879,-4.486860324,9395.607018,4
2026-10-03T08:00:00+00:00,-0.3473545857,9400.093879,4.340033836,9404.086558,4
2026-10-03T08:15:00+00:00,-0.3473545857,9400.093879,1.855760191,9401.602284,4
2026-10-03T08:30:00+00:00,-0.3473545857,9400.093879,18.10031557,9417.84684,4
2026-10-03T08:45:00+00:00,-0.3473545857,9400.093879,6.127795239,9405.874319,4
2026-10-03T09:00:00+00:00,-0.3473545857,9400.093879,11.28560676,9411.032131,4
2026-10-03T09:15:00+00:00,-0.3473545857,9400.093879,-0.5560494531,9399.190475,4
2026-10-03T09:30:00+00:00,-0.3473545857,9400.093879,8.13998059,9407.886505,4
2026-10-03T09:45:00+00:00,-0.3473545857,9400.093879,22.45184656,9422.198371,4
2026-10-03T10:00:00+00:00,-0.3473545857,9400.093879,29.41148338,9429.158007,4
2026-10-03T10:15:00+00:00,-0.3473545857,9400.093879,36.96000871,9436.706533,4
2026-10-03T10:30:00+00:00,-0.3473545857,9400.093879,39.17552218,9438.922046,4
2026-10-03T10:45:00+00:00,-0.3473545857,9400.093879,38.97922601,9438.72575,4
2026-10-03T11:00:00+00:00,-0.3473545857,9400.093879,35.89903189,9435.645556,4
2026-10-03T11:15:00+00:00,-0.3473545857,9400.093879,55.48550962,9455.232034,4
2026-10-03T11:30:00+00:00,-0.3473545857,9400.093879,77.14257281,9476.889097,4
2026-10-03T11:45:00+00:00,-0.3473545857,9400.093879,81.61793598,9481.36446,4
2026-10-03T12:00:00+00:00,-0.3473545857,9400.093879,84.69813009,9484.444654,4
2026-10-03T12:15:00+00:00,-0.3473545857,9400.093879,70.65502429,9470.401548,4
2026-10-03T12:30:00+00:00,-0.3473545857,9400.093879,68.36704682,9468.113571,4
2026-10-03T12:45:00+00:00,-0.3473545857,9400.093879,63.49909131,9463.245615,4
2026-10-03T13:00:00+00:00,-0.3473545857,9400.093879,57.14943885,9456.895963,4
2026-10-03T13:15:00+00:00,-0.3473545857,9400.093879,55.00638938,9454.752913,4
2026-10-03T13:30:00+00:00,-0.3473545857,9400.093879,69.31122341,9469.057747,4
2026-10-03T13:45:00+00:00,-0.3473545857,9400.093879,86.02786709,9485.774391,4
2026-10-03T14:00:00+00:00,-0.3473545857,9400.093879,76.79431669,9476.540841,4
2026-10-03T14:15:00+00:00,-0.3473545857,9400.093879,92.25368737,9492.000211,4
2026-10-03T14:30:00+00:00,-0.3473545857,9400.093879,93.85921649,9493.60574,4
2026-10-03T14:45:00+00:00,-0.3473545857,9400.093879,88.64300485,9488.389529,4
2026-10-03T15:00:00+00:00,-0.3473545857,9400.093879,73.32856217,9473.075086,4
2026-10-03T15:15:00+00:00,-0.3473545857,9400.093879,64.63956407,9464.386088,4
2026-10-03T15:30:00+00:00,-0.3473545857,9400.093879,64.03661166,9463.783136,4
2026-10-03T15:45:00+00:00,-0.3473545857,9400.093879,66.84101365,9466.587538,4
2026-10-03T16:00:00+00:00,-0.70887946,9400.093879,59.48878449,9458.873784,4
2026-10-03T16:15:00+00:00,-0.70887946,9400.093879,54.14170874,9453.526708,4
2026-10-03T16:30:00+00:00,-0.70887946,9400.093879,58.02115144,9457.406151,4
2026-10-03T16:45:00+00:00,3696.482148,5763.129453,-6.025131403,9453.58647,3
2026-10-03T17:00:00+00:00,3697.553525,5762.076016,-6.9641523,9452.665388,2
2026-10-03T17:15:00+00:00,3697.553525,5762.076016,-6.9641523,9452.665388,2
2026-10-03T17:30:00+00:00,3697.553525,5762.076016,-6.57155995,9453.057981,2
2026-10-03T17:45:00+00:00,3697.553525,5762.076016,-6.767856125,9452.861685,2
2026-10-03T18:00:00+00:00,835.9615427,8622.094988,-2.374505576,9455.682025,3
2026-10-03T18:15:00+00:00,1.136868377e-13,9455.763941,8.989732757,9464.753673,4
2026-10-03T18:30:00+00:00,1.136868377e-13,9455.763941,-10.53128446,9445.232656,4
2026-10-03T18:45:00+00:00,1.136868377e-13,9455.763941,-26.15097611,9429.612965,4
2026-10-03T19:00:00+00:00,1.136868377e-13,9455.763941,-24.51616305,9431.247778,4
2026-10-03T19:15:00+00:00,1.136868377e-13,9455.763941,-31.63742565,9424.126515,4
2026-10-03T19:30:00+00:00,1.136868377e-13,9455.763941,-39.21790847,9416.546032,4
2026-10-03T19:45:00+00:00,1.136868377e-13,9455.763941,-34.72410696,9421.039834,4
2026-10-03T20:00:00+00:00,0,9455.763941,-54.19135348,9401.572587,5
2026-10-03T20:15:00+00:00,0,9455.763941,-74.30220793,9381.461733,5
2026-10-03T20:30:00+00:00,0,9455.763941,-67.92257778,9387.841363,5
2026-10-03T20:45:00+00:00,0,9455.763941,-42.47826483,9413.285676,5
2026-10-03T21:00:00+00:00,0,9455.763941,-63.44357054,9392.32037,5
2026-10-03T21:15:00+00:00,0,9455.763941,-51.6769583,9404.086982,5
2026-10-03T21:30:00+00:00,0,9455.763941,-56.39964846,9399.364292,5
2026-10-03T21:45:00+00:00,0,9455.763941,-59.76849492,9395.995446,5
2026-10-03T22:00:00+00:00,0,9455.763941,-53.69196104,9402.07198,5
2026-10-03T22:15:00+00:00,0,9455.763941,-65.37390012,9390.390041,5
2026-10-03T22:30:00+00:00,0,9455.763941,-81.31930915,9374.444632,5
2026-10-03T22:45:00+00:00,0,9455.763941,-63.74955262,9392.014388,5
2026-10-03T23:00:00+00:00,0,9455.763941,-96.75317018,9359.010771,5
2026-10-03T23:15:00+00:00,2759.430439,6595.744969,-22.49992969,9332.675478,4
2026-10-03T23:30:00+00:00,2759.430439,6595.744969,-21.60530619,9333.570102,4
2026-10-03T23:45:00+00:00,2759.430439,6595.744969,-24.92207195,9330.253336,4
2026-10-04T00:00:00+00:00,2759.085605,6595.744969,-21.85632176,9332.974252,4
2026-10-04T00:15:00+00:00,2759.085605,6595.744969,-16.30299725,9338.527576,4
2026-10-04T00:30:00+00:00,2759.085605,6595.744969,-16.93589252,9337.894681,4
2026-10-04T00:45:00+00:00,2759.085605,6595.744969,-20.18722622,9334.643347,4
2026-10-04T01:00:00+00:00,2759.085605,6595.744969,-20.96169826,9333.868875,4
2026-10-04T01:15:00+00:00,2759.085605,6595.744969,-28.81701358,9326.01356,4
2026-10-04T01:30:00+00:00,2759.085605,6595.744969,-26.58045483,9328.250119,4
2026-10-04T01:45:00+00:00,2759.085605,6595.744969,-25.23851958,9329.592054,4
2026-10-04T02:00:00+00:00,2759.085605,6595.744969,-26.13314308,9328.69743,4
2026-10-04T02:15:00+00:00,2759.085605,6595.744969,-25.30395164,9329.526622,4
2026-10-04T02:30:00+00:00,2759.085605,6595.744969,-23.13282495,9331.697748,4
2026-10-04T02:45:00+00:00,0,9351.642783,-33.7628872,9317.879895,5
2026-10-04T03:00:00+00:00,0,9351.642783,-48.19317617,9303.449606,5
2026-10-04T03:15:00+00:00,0,9351.642783,-63.07984468,9288.562938,5
2026-10-04T03:30:00+00:00,0,9351.642783,-52.12993096,9299.512852,5
2026-10-04T03:45:00+00:00,0,9351.642783,-67.74310893,9283.899674,5
2026-10-04T04:00:00+00:00,0,9351.642783,-68.17970802,9283.463075,5
2026-10-04T04:15:00+00:00,0,9351.642783,-47.65225023,9303.990532,5
2026-10-04T04:30:00+00:00,0,9400.137231,-110.5667372,9289.570494,5
2026-10-04T04:45:00+00:00,3845.867331,5488.019548,-44.86870258,9289.018176,4
2026-10-04T05:00:00+00:00,3845.867331,5488.019548,-44.83035784,9289.056521,4
2026-10-04T05:15:00+00:00,3845.867331,5488.019548,-42.47878121,9291.408098,4
2026-10-04T05:30:00+00:00,3845.867331,5488.019548,-36.44646883,9297.44041,4
2026-10-04T05:45:00+00:00,3845.867331,5488.019548,-41.55859727,9292.328282,4
2026-10-04T06:00:00+00:00,3845.867331,5488.019548,-42.05702989,9291.829849,4
2026-10-04T06:15:00+00:00,0,9330.207721,-49.99083972,9280.216882,5
2026-10-04T06:30:00+00:00,0,9330.207721,-51.03813824,9279.169583,5
2026-10-04T06:45:00+00:00,0,9330.207721,-54.99864723,9275.209074,5
2026-10-04T07:00:00+00:00,0,9330.207721,-60.87586977,9269.331852,5
2026-10-04T07:15:00+00:00,0,9330.207721,-64.50582845,9265.701893,5
2026-10-04T07:30:00+00:00,0,9330.207721,-62.51209795,9267.695623,5
2026-10-04T07:45:00+00:00,0,9330.207721,-70.02380512,9260.183916,5
2026-10-04T08:00:00+00:00,-0.4868275821,9330.207721,-69.01519516,9260.705699,5
2026-10-04T08:15:00+00:00,-0.4868275821,9330.207721,-63.49478733,9266.226106,5
2026-10-04T08:30:00+00:00,-0.4868275821,9330.207721,-56.31432625,9273.406567,5
2026-10-04T08:45:00+00:00,-0.4868275821,9330.207721,-58.12878171,9271.592112,5
2026-10-04T09:00:00+00:00,-0.4868275821,9330.207721,-41.88637198,9287.834522,5
2026-10-04T09:15:00+00:00,1793.573826,7431.754941,39.01645455,9264.345221,4
2026-10-04T09:30:00+00:00,1793.573826,7431.754941,67.15328817,9292.482055,4
2026-10-04T09:45:00+00:00,1793.573826,7431.754941,57.46400813,9282.792775,4
2026-10-04T10:00:00+00:00,1793.573826,7431.754941,64.21774981,9289.546516,4
2026-10-04T10:15:00+00:00,1793.573826,7431.754941,46.1368587,9271.465625,4
2026-10-04T10:30:00+00:00,1793.573826,7431.754941,62.89530233,9288.224069,4
2026-10-04T10:45:00+00:00,1793.573826,7431.754941,45.72867573,9271.057442,4
2026-10-04T11:00:00+00:00,1793.573826,7431.754941,54.08833315,9279.4171,4
2026-10-04T11:15:00+00:00,1793.573826,7431.754941,42.50203426,9267.830801,4
2026-10-04T11:30:00+00:00,1793.573826,7431.754941,1.422214523,9226.750981,4
2026-10-04T11:45:00+00:00,1793.573826,7431.754941,-9.853493493,9215.475273,4
2026-10-04T12:00:00+00:00,-2.273736754e-13,9221.986443,-23.52050842,9198.465935,5
2026-10-04T12:15:00+00:00,-2.273736754e-13,9221.986443,2.132449591,9224.118893,5
2026-10-04T12:30:00+00:00,-2.273736754e-13,9221.986443,10.78408455,9232.770528,5
2026-10-04T12:45:00+00:00,-2.273736754e-13,9221.986443,5.40828668,9227.39473,5
2026-10-04T13:00:00+00:00,-2.273736754e-13,9221.986443,-12.28439884,9209.702044,5
2026-10-04T13:15:00+00:00,-2.273736754e-13,9221.986443,-10.53577795,9211.450665,5
2026-10-04T13:30:00+00:00,-2.273736754e-13,9221.986443,-31.79952043,9190.186923,5
2026-10-04T13:45:00+00:00,-1.258524851e-13,9221.986443,-10.06376258,9211.922681,4
2026-10-04T14:00:00+00:00,-1.258524851e-13,9221.986443,-5.351664288,9216.634779,4
2026-10-04T14:15:00+00:00,-1.258524851e-13,9221.986443,-1.257130591,9220.729313,4
2026-10-04T14:30:00+00:00,-1.258524851e-13,9221.986443,24.13261267,9246.119056,4
2026-10-04T14:45:00+00:00,-1.258524851e-13,9221.986443,57.10614023,9279.092583,4
2026-10-04T15:00:00+00:00,3735.445168,5379.79827,125.4550778,9240.698515,3
2026-10-04T15:15:00+00:00,3735.445168,5379.79827,113.9373505,9229.180788,3
2026-10-04T15:30:00+00:00,3735.445168,5379.79827,109.4082263,9224.651664,3
2026-10-04T15:45:00+00:00,3735.445168,5379.79827,91.59509225,9206.838529,3
2026-10-04T16:00:00+00:00,3734.380812,5379.79827,115.6745713,9229.853652,3
2026-10-04T16:15:00+00:00,0,9110.806243,69.0410393,9179.847282,4
2026-10-04T16:30:00+00:00,0,9110.806243,102.4249747,9213.231217,4
2026-10-04T16:45:00+00:00,0,9110.806243,143.6739932,9254.480236,4
2026-10-04T17:00:00+00:00,923.9218113,8277.13729,100.5128084,9301.571909,3
2026-10-04T17:15:00+00:00,0,9198.525284,77.88391233,9276.409196,4
2026-10-04T17:30:00+00:00,0,9198.525284,148.7012949,9347.226579,4
2026-10-04T17:45:00+00:00,0,9198.525284,117.5754491,9316.100733,4
2026-10-04T18:00:00+00:00,0,9198.525284,114.1899826,9312.715266,4
2026-10-04T18:15:00+00:00,0,9198.525284,146.6926725,9345.217956,4
2026-10-04T18:30:00+00:00,0,9198.525284,206.4099808,9404.935265,4
2026-10-04T18:45:00+00:00,0,9198.525284,203.2392398,9401.764524,4
2026-10-04T19:00:00+00:00,2927.364678,6442.62747,53.42053587,9423.412684,3
2026-10-04T19:15:00+00:00,2927.364678,6442.62747,42.76752903,9412.759677,3
2026-10-04T19:30:00+00:00,2927.364678,6442.62747,36.04518161,9406.03733,3
2026-10-04T19:45:00+00:00,2927.364678,6442.62747,28.11727548,9398.109423,3
2026-10-04T20:00:00+00:00,2927.364678,6442.62747,36.83824627,9406.830394,3
2026-10-04T20:15:00+00:00,2927.364678,6442.62747,32.82528888,9402.817437,3
2026-10-04T20:30:00+00:00,2927.364678,6442.62747,32.0067859,9401.998934,3
2026-10-04T20:45:00+00:00,2927.364678,6442.62747,43.26880615,9413.260954,3
2026-10-04T21:00:00+00:00,0,9365.667988,73.61198977,9439.279977,4
2026-10-04T21:15:00+00:00,0,9365.667988,68.8584437,9434.526431,4
2026-10-04T21:30:00+00:00,0,9365.667988,73.74295446,9439.410942,4
2026-10-04T21:45:00+00:00,0,9365.667988,45.88121839,9411.549206,4
2026-10-04T22:00:00+00:00,0,9365.667988,142.6626928,9508.33068,4
2026-10-04T22:15:00+00:00,0,9365.667988,88.24801524,9453.916003,4
2026-10-04T22:30:00+00:00,0,9365.667988,115.2287032,9480.896691,4
2026-10-04T22:45:00+00:00,0,9365.667988,106.9290744,9472.597062,4
2026-10-04T23:00:00+00:00,0,9365.667988,140.0813302,9505.749318,4
2026-10-04T23:15:00+00:00,0,9365.667988,131.3673389,9497.035326,4
2026-10-04T23:30:00+00:00,0,9365.667988,109.3988838,9475.066871,4
2026-10-04T23:45:00+00:00,0,9365.667988,105.8785447,9471.546532,4
2026-10-05T00:00:00+00:00,-0.8009713419,9365.667988,79.65999437,9444.527011,4
2026-10-05T00:15:00+00:00,-0.8009713419,9365.667988,37.10681959,9401.973836,4
2026-10-05T00:30:00+00:00,-0.8009713419,9365.667988,82.3696897,9447.236706,4
2026-10-05T00:45:00+00:00,-0.8009713419,9365.667988,87.75734604,9452.624362,4
2026-10-05T01:00:00+00:00,-0.8009713419,9365.667988,84.18426181,9449.051278,4
2026-10-05T01:15:00+00:00,-0.8009713419,9365.667988,98.75881099,9463.625827,4
2026-10-05T01:30:00+00:00,-0.8009713419,9365.667988,42.09636234,9406.963379,4
2026-10-05T01:45:00+00:00,-0.8009713419,9365.667988,52.0949316,9416.961948,4
2026-10-05T02:00:00+00:00,-0.8009713419,9365.667988,96.20178174,9461.068798,4
2026-10-05T02:15:00+00:00,-0.8009713419,9365.667988,63.90513572,9428.772152,4
2026-10-05T02:30:00+00:00,-0.8009713419,9365.667988,71.70100836,9436.568025,4
2026-10-05T02:45:00+00:00,-0.8009713419,9365.667988,39.68962862,9404.556645,4
2026-10-05T03:00:00+00:00,-0.8009713419,9365.667988,47.71608164,9412.583098,4
2026-10-05T03:15:00+00:00,-0.8009713419,9365.667988,31.52047012,9396.387486,4
2026-10-05T03:30:00+00:00,-0.8009713419,9365.667988,24.78771213,9389.654728,4
2026-10-05T03:45:00+00:00,-0.8009713419,9365.667988,-1.762938863,9363.104077,4
2026-10-05T04:00:00+00:00,-0.8009713419,9365.667988,-1.840053489,9363.026963,4
2026-10-05T04:15:00+00:00,-0.8009713419,9365.667988,-8.536657312,9356.330359,4
2026-10-05T04:30:00+00:00,837.1442555,8444.279993,58.28564895,9339.709898,3
2026-10-05T04:45:00+00:00,0,9279.128416,47.74480653,9326.873222,4
2026-10-05T05:00:00+00:00,0,9279.128416,29.97868519,9309.107101,4
2026-10-05T05:15:00+00:00,0,9279.128416,11.95335032,9291.081766,4
2026-10-05T05:30:00+00:00,0,9279.128416,40.34683127,9319.475247,4
2026-10-05T05:45:00+00:00,0,9279.128416,49.34931021,9328.477726,4
2026-10-05T06:00:00+00:00,0,9279.128416,97.21303952,9376.341455,4
2026-10-05T06:15:00+00:00,0,9279.128416,76.27319728,9355.401613,4
2026-10-05T06:30:00+00:00,0,9279.128416,70.21655249,9349.344968,4
2026-10-05T06:45:00+00:00,0,9279.128416,131.7668468,9410.895262,4
2026-10-05T07:00:00+00:00,0,9279.128416,129.24876,9408.377176,4
2026-10-05T07:15:00+00:00,0,9279.128416,125.8618788,9404.990294,4
2026-10-05T07:30:00+00:00,0,9279.128416,135.299851,9414.428267,4
2026-10-05T07:45:00+00:00,0,9279.128416,122.6629635,9401.791379,4
2026-10-05T08:00:00+00:00,-1.300862097,9279.128416,144.6957786,9422.523332,4
2026-10-05T08:15:00+00:00,-1.300862097,9279.128416,131.0976281,9408.925182,4
2026-10-05T08:30:00+00:00,-1.300862097,9279.128416,95.052785,9372.880339,4
2026-10-05T08:45:00+00:00,-1.300862097,9279.128416,80.94103224,9358.768586,4
2026-10-05T09:00:00+00:00,-1.300862097,9279.128416,62.24160544,9340.069159,4
2026-10-05T09:15:00+00:00,-1.300862097,9279.128416,39.28902593,9317.116579,4
2026-10-05T09:30:00+00:00,-1.300862097,9279.128416,49.1815384,9327.009092,4
2026-10-05T09:45:00+00:00,-1.300862097,9279.128416,47.2264117,9325.053965,4
2026-10-05T10:00:00+00:00,-1.300862097,9279.128416,39.4251684,9317.252722,4
2026-10-05T10:15:00+00:00,-1.300862097,9279.128416,53.89743928,9331.724993,4
2026-10-05T10:30:00+00:00,-1.300862097,9279.128416,26.14838273,9303.975936,4
2026-10-05T10:45:00+00:00,-1.300862097,9279.128416,43.79518915,9321.622743,4
2026-10-05T11:00:00+00:00,-1.300862097,9279.128416,41.55716341,9319.384717,4
2026-10-05T11:15:00+00:00,-1.300862097,9279.128416,78.94662892,9356.774182,4
2026-10-05T11:30:00+00:00,-1.300862097,9279.128416,46.98935984,9324.816913,4
2026-10-05T11:45:00+00:00,-1.300862097,9279.128416,77.61468723,9355.442241,4
2026-10-05T12:00:00+00:00,-1.300862097,9279.128416,73.15545926,9350.983013,4
2026-10-05T12:15:00+00:00,-1.300862097,9279.128416,84.59115081,9362.418704,4
2026-10-05T12:30:00+00:00,-1.300862097,9279.128416,21.06819642,9298.89575,4
2026-10-05T12:45:00+00:00,-1.300862097,9279.128416,15.19799985,9293.025553,4
2026-10-05T13:00:00+00:00,-1.300862097,9279.128416,34.8478531,9312.675407,4
2026-10-05T13:15:00+00:00,0,9266.778729,18.59714782,9285.375876,4
2026-10-05T13:30:00+00:00,0,9266.778729,29.45210545,9296.230834,4
2026-10-05T13:45:00+00:00,0,9266.778729,26.11281981,9292.891548,4
2026-10-05T14:00:00+00:00,0,9266.778729,20.4718648,9287.250593,4
2026-10-05T14:15:00+00:00,0,9266.778729,34.50451887,9301.283248,4
2026-10-05T14:30:00+00:00,2820.895513,6343.738211,135.9724138,9300.606138,3
2026-10-05T14:45:00+00:00,2820.895513,6343.738211,150.4893908,9315.123115,3
2026-10-05T15:00:00+00:00,2820.895513,6343.738211,116.0363101,9280.670034,3
2026-10-05T15:15:00+00:00,689.7286383,8473.733589,122.0418357,9285.504063,4
2026-10-05T15:30:00+00:00,689.7286383,8473.733589,162.4404989,9325.902726,4
2026-10-05T15:45:00+00:00,689.7286383,8473.733589,194.6858347,9358.148062,4
2026-10-05T16:00:00+00:00,690.3003711,8473.733589,177.7944703,9341.82843,4
2026-10-05T16:15:00+00:00,690.3003711,8473.733589,216.5980011,9380.631961,4
2026-10-05T16:30:00+00:00,690.3003711,8473.733589,202.5213302,9366.55529,4
2026-10-05T16:45:00+00:00,690.3003711,8473.733589,184.5974857,9348.631445,4
2026-10-05T17:00:00+00:00,690.3003711,8473.733589,194.6936602,9358.72762,4
2026-10-05T17:15:00+00:00,690.3003711,8473.733589,164.7550815,9328.789041,4
2026-10-05T17:30:00+00:00,4505.520222,4742.725615,75.30354821,9323.549385,3
2026-10-05T17:45:00+00:00,4505.520222,4742.725615,71.02783212,9319.273669,3
2026-10-05T18:00:00+00:00,4505.520222,4742.725615,64.84319414,9313.089031,3
2026-10-05T18:15:00+00:00,4505.520222,4742.725615,60.30758887,9308.553426,3
2026-10-05T18:30:00+00:00,4505.520222,4742.725615,67.86138284,9316.10722,3
2026-10-05T18:45:00+00:00,0,9243.487791,38.28422499,9281.772016,4
2026-10-05T19:00:00+00:00,0,9243.487791,37.26683931,9280.754631,4
2026-10-05T19:15:00+00:00,0,9243.487791,23.62919972,9267.116991,4
2026-10-05T19:30:00+00:00,0,9243.487791,32.16165863,9275.64945,4
2026-10-05T19:45:00+00:00,0,9243.487791,4.145874611,9247.633666,4
2026-10-05T20:00:00+00:00,0,9243.487791,-5.407097272,9238.080694,4
2026-10-05T20:15:00+00:00,0,9243.487791,-9.678493735,9233.809298,4
2026-10-05T20:30:00+00:00,0,9243.487791,-23.30913243,9220.178659,4
2026-10-05T20:45:00+00:00,0,9243.487791,-17.03424792,9226.453543,4
2026-10-05T21:00:00+00:00,0,9243.487791,4.43936337,9247.927155,4
2026-10-05T21:15:00+00:00,0,9243.487791,12.03121931,9255.519011,4
2026-10-05T21:30:00+00:00,0,9243.487791,18.14949534,9261.637287,4
2026-10-05T21:45:00+00:00,0,9243.487791,6.564575321,9250.052367,4
2026-10-05T22:00:00+00:00,0,9243.487791,-38.07540197,9205.412389,4
2026-10-05T22:15:00+00:00,0,9243.487791,-33.59877099,9209.88902,4
2026-10-05T22:30:00+00:00,0,9243.487791,-24.99574795,9218.492043,4
2026-10-05T22:45:00+00:00,0,9243.487791,-8.061024197,9235.426767,4
2026-10-05T23:00:00+00:00,0,9243.487791,1.979666937,9245.467458,4
2026-10-05T23:15:00+00:00,0,9243.487791,0.3863989133,9243.87419,4
2026-10-05T23:30:00+00:00,0,9243.487791,1.162257362,9244.650049,4
2026-10-05T23:45:00+00:00,0,9243.487791,20.21729635,9263.705088,4
2026-10-06T00:00:00+00:00,0,9244.964357,22.28191374,9267.246271,5
2026-10-06T00:15:00+00:00,0,9244.964357,33.96000023,9278.924357,5
2026-10-06T00:30:00+00:00,0,9244.964357,55.17179619,9300.136153,5
2026-10-06T00:45:00+00:00,0,9244.964357,52.83219307,9297.79655,5
2026-10-06T01:00:00+00:00,0,9244.964357,43.39877198,9288.363129,5
2026-10-06T01:15:00+00:00,0,9244.964357,75.70991129,9320.674268,5
2026-10-06T01:30:00+00:00,0,9244.964357,106.6421736,9351.606531,5
2026-10-06T01:45:00+00:00,0,9244.964357,114.1201869,9359.084544,5
2026-10-06T02:00:00+00:00,0,9244.964357,157.8875757,9402.851933,5
2026-10-06T02:15:00+00:00,0,9244.964357,135.9753578,9380.939715,5
2026-10-06T02:30:00+00:00,0,9244.964357,150.7798997,9395.744257,5
2026-10-06T02:45:00+00:00,0,9244.964357,160.0904298,9405.054787,5
2026-10-06T03:00:00+00:00,0,9244.964357,159.7752249,9404.739582,5
2026-10-06T03:15:00+00:00,0,9244.964357,165.2212962,9410.185653,5
2026-10-06T03:30:00+00:00,0,9244.964357,173.2089093,9418.173266,5
2026-10-06T03:45:00+00:00,0,9244.964357,165.0039888,9409.968346,5
2026-10-06T04:00:00+00:00,0,9244.964357,144.2722287,9389.236586,5
2026-10-06T04:15:00+00:00,0,9244.964357,134.7241682,9379.688525,5
2026-10-06T04:30:00+00:00,0,9244.964357,146.7636283,9391.727985,5
2026-10-06T04:45:00+00:00,0,9244.964357,151.9347869,9396.899144,5
2026-10-06T05:00:00+00:00,0,9244.964357,111.277065,9356.241422,5
2026-10-06T05:15:00+00:00,0,9244.964357,104.0814668,9349.045824,5
2026-10-06T05:30:00+00:00,0,9244.964357,124.4944641,9369.458821,5
2026-10-06T05:45:00+00:00,0,9244.964357,149.0464671,9394.010824,5
2026-10-06T06:00:00+00:00,1.38704679,9230.628474,211.1276352,9443.143156,4
2026-10-06T06:15:00+00:00,1.38704679,9230.628474,189.7165316,9421.732053,4
2026-10-06T06:30:00+00:00,1.38704679,9230.628474,188.8032741,9420.818795,4
2026-10-06T06:45:00+00:00,0,9232.011717,195.9848742,9427.996591,5
2026-10-06T07:00:00+00:00,0,9232.011717,190.8024348,9422.814152,5
2026-10-06T07:15:00+00:00,0,9232.011717,211.8091527,9443.82087,5
2026-10-06T07:30:00+00:00,0,9232.011717,191.6025857,9423.614303,5
2026-10-06T07:45:00+00:00,0,9232.011717,211.7475853,9443.759303,5
2026-10-06T08:00:00+00:00,1.068684864,9232.011717,176.4525537,9409.532956,5
2026-10-06T08:15:00+00:00,1.068684864,9232.011717,161.3233926,9394.403795,5
2026-10-06T08:30:00+00:00,1.068684864,9232.011717,167.3172349,9400.397637,5
2026-10-06T08:45:00+00:00,1.068684864,9232.011717,162.161998,9395.2424,5
2026-10-06T09:00:00+00:00,1.068684864,9232.011717,240.5031687,9473.583571,5
2026-10-06T09:15:00+00:00,1.068684864,9232.011717,213.5320104,9446.612413,5
2026-10-06T09:30:00+00:00,1.068684864,9232.011717,213.9161143,9446.996516,5
2026-10-06T09:45:00+00:00,1.068684864,9232.011717,193.1354007,9426.215803,5
2026-10-06T10:00:00+00:00,1.068684864,9232.011717,171.1165207,9404.196923,5
2026-10-06T10:15:00+00:00,1.068684864,9232.011717,158.8721312,9391.952533,5
2026-10-06T10:30:00+00:00,1.068684864,9232.011717,142.5380352,9375.618437,5
2026-10-06T10:45:00+00:00,1.068684864,9232.011717,145.2152306,9378.295633,5
2026-10-06T11:00:00+00:00,1.068684864,9232.011717,160.302361,9393.382763,5
2026-10-06T11:15:00+00:00,1.068684864,9232.011717,168.4801095,9401.560512,5
2026-10-06T11:30:00+00:00,1.068684864,9232.011717,168.1172454,9401.197648,5
2026-10-06T11:45:00+00:00,1.068684864,9232.011717,162.935385,9396.015787,5
2026-10-06T12:00:00+00:00,1.068684864,9232.011717,122.459676,9355.540078,5
2026-10-06T12:15:00+00:00,1.068684864,9232.011717,156.0961886,9389.176591,5
2026-10-06T12:30:00+00:00,1.068684864,9232.011717,151.4530161,9384.533418,5
2026-10-06T12:45:00+00:00,1.068684864,9232.011717,131.5433169,9364.623719,5
2026-10-06T13:00:00+00:00,1.068684864,9232.011717,149.6401587,9382.720561,5
2026-10-06T13:15:00+00:00,1.068684864,9232.011717,131.378048,9364.45845,5
2026-10-06T13:30:00+00:00,1.068684864,9232.011717,83.70978778,9316.79019,5
2026-10-06T13:45:00+00:00,1.068684864,9232.011717,92.13340652,9325.213809,5
2026-10-06T14:00:00+00:00,1.068684864,9232.011717,74.16252256,9307.242925,5
2026-10-06T14:15:00+00:00,1.068684864,9232.011717,94.8897685,9327.970171,5
2026-10-06T14:30:00+00:00,1770.337908,7454.129902,97.25057585,9321.718386,4
2026-10-06T14:45:00+00:00,1770.337908,7454.129902,80.52902768,9304.996837,4
2026-10-06T15:00:00+00:00,1770.337908,7454.129902,61.72642262,9286.194232,4
2026-10-06T15:15:00+00:00,1770.337908,7454.129902,63.11506125,9287.582871,4
2026-10-06T15:30:00+00:00,0,9220.347452,61.09199652,9281.439448,5
2026-10-06T15:45:00+00:00,0,9220.347452,73.14492212,9293.492374,5
2026-10-06T16:00:00+00:00,-0.09334490028,9220.347452,80.35386675,9300.607974,5
2026-10-06T16:15:00+00:00,-0.09334490028,9220.347452,109.6041553,9329.858262,5
2026-10-06T16:30:00+00:00,0,9274.28755,58.41899611,9332.706546,5
2026-10-06T16:45:00+00:00,0,9274.28755,72.02775932,9346.31531,5
2026-10-06T17:00:00+00:00,0,9274.28755,72.48413658,9346.771687,5
2026-10-06T17:15:00+00:00,0,9274.28755,72.05868963,9346.34624,5
2026-10-06T17:30:00+00:00,0,9274.28755,74.31365386,9348.601204,5
2026-10-06T17:45:00+00:00,0,9274.28755,65.70132946,9339.98888,5
2026-10-06T18:00:00+00:00,0,9274.28755,51.17252629,9325.460077,5
2026-10-06T18:15:00+00:00,0,9274.28755,49.74855537,9324.036106,5
2026-10-06T18:30:00+00:00,0,9274.28755,56.52759387,9330.815144,5
2026-10-06T18:45:00+00:00,0,9274.28755,56.40509312,9330.692643,5
2026-10-06T19:00:00+00:00,0,9274.28755,59.36378304,9333.651333,5
2026-10-06T19:15:00+00:00,0,9274.28755,56.30815278,9330.595703,5
2026-10-06T19:30:00+00:00,0,9274.28755,54.70613839,9328.993689,5
2026-10-06T19:45:00+00:00,0,9274.28755,53.68953757,9327.977088,5
2026-10-06T20:00:00+00:00,-2.273736754e-13,9204.131745,111.4076566,9315.539401,5
2026-10-06T20:15:00+00:00,4577.66717,4703.369569,31.68828258,9312.725021,4
2026-10-06T20:30:00+00:00,4577.66717,4703.369569,27.30756555,9308.344304,4
2026-10-06T20:45:00+00:00,4577.66717,4703.369569,29.77325943,9310.809998,4
2026-10-06T21:00:00+00:00,4577.66717,4703.369569,25.66799836,9306.704737,4
2026-10-06T21:15:00+00:00,4577.66717,4703.369569,15.60972901,9296.646468,4
2026-10-06T21:30:00+00:00,4577.66717,4703.369569,2.701274963,9283.738014,4
2026-10-06T21:45:00+00:00,4577.66717,4703.369569,5.553540636,9286.590279,4
2026-10-06T22:00:00+00:00,4577.66717,4703.369569,-1.823515594,9279.213223,4
2026-10-06T22:15:00+00:00,4577.66717,4703.369569,-3.508534489,9277.528204,4
2026-10-06T22:30:00+00:00,4577.66717,4703.369569,-5.615523457,9275.421215,4
2026-10-06T22:45:00+00:00,0,9277.140219,3.589531083,9280.72975,5
2026-10-06T23:00:00+00:00,0,9277.140219,13.01258029,9290.152799,5
2026-10-06T23:15:00+00:00,0,9277.140219,13.65200935,9290.792228,5
2026-10-06T23:30:00+00:00,0,9277.140219,7.25590929,9284.396128,5
2026-10-06T23:45:00+00:00,0,9277.140219,6.93196804,9284.072187,5
2026-10-07T00:00:00+00:00,0.217385699,9277.140219,26.13029246,9303.487897,5
2026-10-07T00:15:00+00:00,0.217385699,9277.140219,37.99614043,9315.353745,5
2026-10-07T00:30:00+00:00,0.217385699,9277.140219,27.38890774,9304.746512,5
2026-10-07T00:45:00+00:00,0.217385699,9277.140219,27.21143908,9304.569044,5
2026-10-07T01:00:00+00:00,0.217385699,9277.140219,24.26453503,9301.62214,5
2026-10-07T01:15:00+00:00,0.217385699,9277.140219,28.78357197,9306.141177,5
2026-10-07T01:30:00+00:00,0.217385699,9277.140219,23.54668979,9300.904295,5
2026-10-07T01:45:00+00:00,2322.224487,6759.08937,226.8866476,9308.200504,3
2026-10-07T02:00:00+00:00,9429.806516,0,0,9429.806516,0
2026-10-07T02:15:00+00:00,4941.23607,4486.103089,4.62345738,9431.962616,1
2026-10-07T02:30:00+00:00,961.6049636,8463.546601,12.59962029,9437.751185,2
2026-10-07T02:45:00+00:00,1.136868377e-13,9424.234563,27.55560171,9451.790164,3
2026-10-07T03:00:00+00:00,1.136868377e-13,9424.234563,12.16324828,9436.397811,3
2026-10-07T03:15:00+00:00,1.136868377e-13,9424.234563,21.54364392,9445.778207,3
2026-10-07T03:30:00+00:00,1.136868377e-13,9424.234563,25.864007,9450.09857,3
2026-10-07T03:45:00+00:00,1.136868377e-13,9424.234563,17.34003437,9441.574597,3
2026-10-07T04:00:00+00:00,0,9424.234563,37.93858193,9462.173145,4
2026-10-07T04:15:00+00:00,0,9424.234563,28.70542968,9452.939992,4
2026-10-07T04:30:00+00:00,0,9424.234563,9.926597456,9434.16116,4
2026-10-07T04:45:00+00:00,0,9424.234563,10.11569319,9434.350256,4
2026-10-07T05:00:00+00:00,0,9424.234563,30.14815948,9454.382722,4
2026-10-07T05:15:00+00:00,0,9424.234563,40.6113835,9464.845946,4
2026-10-07T05:30:00+00:00,0,9424.234563,47.48507044,9471.719633,4
2026-10-07T05:45:00+00:00,0,9424.234563,68.66055724,9492.89512,4
2026-10-07T06:00:00+00:00,0,9424.234563,74.27381358,9498.508376,4
2026-10-07T06:15:00+00:00,0,9424.234563,104.3971812,9528.631744,4
2026-10-07T06:30:00+00:00,0,9424.234563,119.8225702,9544.057133,4
2026-10-07T06:45:00+00:00,0,9424.234563,109.1200468,9533.354609,4
2026-10-07T07:00:00+00:00,0,9424.234563,122.3696567,9546.604219,4
2026-10-07T07:15:00+00:00,0,9424.234563,109.2464024,9533.480965,4
2026-10-07T07:30:00+00:00,0,9424.234563,112.0608033,9536.295366,4
2026-10-07T07:45:00+00:00,0,9424.234563,101.0001435,9525.234706,4
2026-10-07T08:00:00+00:00,0.1117147429,9424.234563,96.58622575,9520.932503,4
2026-10-07T08:15:00+00:00,0.1117147429,9424.234563,104.7589594,9529.105237,4
2026-10-07T08:30:00+00:00,0.1117147429,9424.234563,111.3301595,9535.676437,4
2026-10-07T08:45:00+00:00,0,9424.345971,89.60379944,9513.94977,5
2026-10-07T09:00:00+00:00,0,9424.345971,72.1171177,9496.463089,5
2026-10-07T09:15:00+00:00,0,9424.345971,81.67384953,9506.019821,5
2026-10-07T09:30:00+00:00,0,9424.345971,53.33951421,9477.685485,5
2026-10-07T09:45:00+00:00,0,9424.345971,34.64607739,9458.992048,5
2026-10-07T10:00:00+00:00,7.469267973e-14,9424.345971,50.47939052,9474.825362,4
2026-10-07T10:15:00+00:00,7.469267973e-14,9424.345971,89.83482878,9514.1808,4
2026-10-07T10:30:00+00:00,0,9424.345971,70.7655147,9495.111486,5
2026-10-07T10:45:00+00:00,0,9424.345971,74.98740655,9499.333378,5
2026-10-07T11:00:00+00:00,0,9424.345971,72.54618701,9496.892158,5
2026-10-07T11:15:00+00:00,0,9424.345971,64.62355057,9488.969522,5
2026-10-07T11:30:00+00:00,0,9424.345971,59.81092782,9484.156899,5
2026-10-07T11:45:00+00:00,0,9424.345971,63.16895738,9487.514928,5
2026-10-07T12:00:00+00:00,0,9424.345971,77.04785456,9501.393826,5
2026-10-07T12:15:00+00:00,0,9424.345971,46.70317775,9471.049149,5
2026-10-07T12:30:00+00:00,0,9424.345971,67.93092897,9492.2769,5
2026-10-07T12:45:00+00:00,0,9424.345971,47.87569807,9472.221669,5
2026-10-07T13:00:00+00:00,0,9424.345971,51.75410129,9476.100072,5
2026-10-07T13:15:00+00:00,0,9424.345971,50.37136436,9474.717335,5
2026-10-07T13:30:00+00:00,0.1233824901,9424.234563,45.0167932,9469.374738,4
2026-10-07T13:45:00+00:00,0.1233824901,9424.234563,50.42299704,9474.780942,4
2026-10-07T14:00:00+00:00,0.1233824901,9424.234563,36.70402958,9461.061975,4
2026-10-07T14:15:00+00:00,0.1233824901,9424.234563,12.45260911,9436.810554,4
2026-10-07T14:30:00+00:00,0.1233824901,9424.234563,25.71290655,9450.070852,4
2026-10-07T14:45:00+00:00,0.1233824901,9424.234563,28.01636989,9452.374315,4
2026-10-07T15:00:00+00:00,0,9424.357607,32.5367406,9456.894347,5
2026-10-07T15:15:00+00:00,0,9424.357607,33.95767911,9458.315286,5
2026-10-07T15:30:00+00:00,0,9424.357607,61.01780189,9485.375409,5
2026-10-07T15:45:00+00:00,0,9424.357607,53.02443508,9477.382042,5
2026-10-07T16:00:00+00:00,-0.009772050887,9424.357607,75.14181726,9499.489652,5
2026-10-07T16:15:00+00:00,-0.009772050887,9424.357607,74.82278708,9499.170622,5
2026-10-07T16:30:00+00:00,-0.009772050887,9424.357607,84.27475842,9508.622593,5
2026-10-07T16:45:00+00:00,-0.009772050887,9424.357607,95.17412934,9519.521964,5
2026-10-07T17:00:00+00:00,-0.009772050887,9424.357607,107.7746554,9532.12249,5
2026-10-07T17:15:00+00:00,-0.009772050887,9424.357607,82.91433485,9507.26217,5
2026-10-07T17:30:00+00:00,-0.009772050887,9424.357607,85.09911189,9509.446947,5
2026-10-07T17:45:00+00:00,-0.009772050887,9424.357607,103.8978179,9528.245653,5
2026-10-07T18:00:00+00:00,-0.009772050887,9424.357607,120.8431841,9545.191019,5
2026-10-07T18:15:00+00:00,-0.009772050887,9424.357607,143.0457378,9567.393572,5
2026-10-07T18:30:00+00:00,-0.009772050887,9424.357607,114.7690156,9539.11685,5
2026-10-07T18:45:00+00:00,-0.009772050887,9424.357607,120.8212056,9545.16904,5
2026-10-07T19:00:00+00:00,-0.009772050887,9424.357607,130.7949816,9555.142816,5
2026-10-07T19:15:00+00:00,-0.009772050887,9424.357607,135.9815834,9560.329418,5
2026-10-07T19:30:00+00:00,-0.009772050887,9424.357607,135.5026759,9559.850511,5
2026-10-07T19:45:00+00:00,-0.009772050887,9424.357607,121.7881837,9546.136018,5
2026-10-07T20:00:00+00:00,-0.009772050887,9424.357607,153.3700885,9577.717923,4
2026-10-07T20:15:00+00:00,-0.009772050887,9424.357607,161.9239125,9586.271747,4
2026-10-07T20:30:00+00:00,-0.009772050887,9424.357607,150.1043107,9574.452145,4
2026-10-07T20:45:00+00:00,-0.009772050887,9424.357607,154.4211092,9578.768944,4
2026-10-07T21:00:00+00:00,-0.009772050887,9424.357607,144.7288386,9569.076673,4
2026-10-07T21:15:00+00:00,-0.009772050887,9424.357607,122.5008509,9546.848686,4
2026-10-07T21:30:00+00:00,4387.185064,4938.254518,171.2118786,9496.651461,3
2026-10-07T21:45:00+00:00,4387.185064,4938.254518,176.9762013,9502.415783,3
2026-10-07T22:00:00+00:00,4387.185064,4938.254518,182.2751481,9507.71473,3
2026-10-07T22:15:00+00:00,4387.185064,4938.254518,188.6913034,9514.130885,3
2026-10-07T22:30:00+00:00,4387.185064,4938.254518,211.4489057,9536.888488,3
2026-10-07T22:45:00+00:00,4387.185064,4938.254518,203.4387105,9528.878292,3
2026-10-07T23:00:00+00:00,4387.185064,4938.254518,204.1543842,9529.593966,3
2026-10-07T23:15:00+00:00,4387.185064,4938.254518,186.829492,9512.269074,3
2026-10-07T23:30:00+00:00,4387.185064,4938.254518,188.6124654,9514.052047,3
2026-10-07T23:45:00+00:00,4387.185064,4938.254518,185.3572971,9510.796879,3
2026-10-08T00:00:00+00:00,0,9322.541962,199.9697089,9522.511671,4
2026-10-08T00:15:00+00:00,0,9322.541962,179.023767,9501.565729,4
2026-10-08T00:30:00+00:00,0,9322.541962,176.5172691,9499.059231,4
2026-10-08T00:45:00+00:00,0,9322.541962,191.5697922,9514.111754,4
2026-10-08T01:00:00+00:00,0,9322.541962,251.9067261,9574.448688,4
2026-10-08T01:15:00+00:00,0,9322.541962,227.3702172,9549.912179,4
2026-10-08T01:30:00+00:00,0,9322.541962,185.2528276,9507.794789,4
2026-10-08T01:45:00+00:00,0,9322.541962,160.125798,9482.66776,4
2026-10-08T02:00:00+00:00,0,9322.541962,185.7201377,9508.262099,4
2026-10-08T02:15:00+00:00,0,9322.541962,224.9710816,9547.513043,4
2026-10-08T02:30:00+00:00,0,9322.541962,229.3035072,9551.845469,4
2026-10-08T02:45:00+00:00,0,9322.541962,219.769897,9542.311859,4
2026-10-08T03:00:00+00:00,0,9322.541962,152.2690163,9474.810978,4
2026-10-08T03:15:00+00:00,0,9322.541962,189.2785867,9511.820549,4
2026-10-08T03:30:00+00:00,0,9322.541962,180.7442521,9503.286214,4
2026-10-08T03:45:00+00:00,4037.929039,5345.098449,102.008109,9485.035597,3
2026-10-08T04:00:00+00:00,0,9506.066592,-34.96664597,9471.099946,3
2026-10-08T04:15:00+00:00,4284.464391,5121.656104,5.566653704,9411.687149,1
2026-10-08T04:30:00+00:00,1941.010663,7463.821641,-60.41499534,9344.417308,2
2026-10-08T04:45:00+00:00,0,9401.863228,-52.28737339,9349.575854,3
2026-10-08T05:00:00+00:00,0,9401.863228,-27.56662332,9374.296604,3
2026-10-08T05:15:00+00:00,0,9401.863228,1.621702701,9403.48493,3
2026-10-08T05:30:00+00:00,0,9401.863228,-20.58597916,9381.277248,3
2026-10-08T05:45:00+00:00,0,9401.863228,-30.15467668,9371.708551,3
2026-10-08T06:00:00+00:00,0,9401.863228,-17.01072653,9384.852501,3
2026-10-08T06:15:00+00:00,0,9401.863228,-39.70237836,9362.160849,3
2026-10-08T06:30:00+00:00,0,9401.863228,-25.53053962,9376.332688,3
2026-10-08T06:45:00+00:00,0,9401.863228,-12.70713127,9389.156096,3
2026-10-08T07:00:00+00:00,0,9401.863228,-8.764293517,9393.098934,3
2026-10-08T07:15:00+00:00,0,9401.863228,2.335245636,9404.198473,3
2026-10-08T07:30:00+00:00,0,9401.863228,-9.108909494,9392.754318,3
2026-10-08T07:45:00+00:00,0,9401.863228,-23.6438737,9378.219354,3
2026-10-08T08:00:00+00:00,5.551115123e-17,9402.257023,-24.3618033,9377.89522,4
2026-10-08T08:15:00+00:00,0,9402.257023,-18.89757349,9383.359449,5
2026-10-08T08:30:00+00:00,0,9402.257023,-35.99767488,9366.259348,5
2026-10-08T08:45:00+00:00,0,9402.257023,-41.05608992,9361.200933,5
2026-10-08T09:00:00+00:00,0,9402.257023,-26.52711033,9375.729913,5
2026-10-08T09:15:00+00:00,0,9402.257023,-29.08040315,9373.17662,5
2026-10-08T09:30:00+00:00,0,9402.257023,-11.50799591,9390.749027,5
2026-10-08T09:45:00+00:00,0,9402.257023,-6.956537614,9395.300485,5
2026-10-08T10:00:00+00:00,0,9402.257023,-6.663740895,9395.593282,5
2026-10-08T10:15:00+00:00,0,9402.257023,-26.51089086,9375.746132,5
2026-10-08T10:30:00+00:00,0,9402.257023,-36.15823094,9366.098792,5
2026-10-08T10:45:00+00:00,0,9402.257023,-45.32364897,9356.933374,5
2026-10-08T11:00:00+00:00,0,9402.257023,-55.88529543,9346.371727,5
2026-10-08T11:15:00+00:00,0,9402.257023,-46.23250476,9356.024518,5
2026-10-08T11:30:00+00:00,0,9402.257023,-40.65009676,9361.606926,5
2026-10-08T11:45:00+00:00,0,9402.257023,-54.79191144,9347.465111,5
2026-10-08T12:00:00+00:00,0,9402.257023,-75.86827414,9326.388749,5
2026-10-08T12:15:00+00:00,0,9402.257023,-68.89336559,9333.363657,5
2026-10-08T12:30:00+00:00,0,9402.257023,-93.2956179,9308.961405,5
2026-10-08T12:45:00+00:00,5.018008734e-17,9402.257023,-94.47516895,9307.781854,4
2026-10-08T13:00:00+00:00,5.018008734e-17,9402.257023,-87.12445749,9315.132565,4
2026-10-08T13:15:00+00:00,5.018008734e-17,9402.257023,-86.51849408,9315.738529,4
2026-10-08T13:30:00+00:00,5.018008734e-17,9402.257023,-113.4229184,9288.834104,4
2026-10-08T13:45:00+00:00,5.018008734e-17,9402.257023,-94.54891316,9307.70811,4
2026-10-08T14:00:00+00:00,5.018008734e-17,9402.257023,-73.16699665,9329.090026,4
2026-10-08T14:15:00+00:00,5.018008734e-17,9402.257023,-69.87858655,9332.378436,4
2026-10-08T14:30:00+00:00,5.018008734e-17,9402.257023,-90.34466683,9311.912356,4
2026-10-08T14:45:00+00:00,5.018008734e-17,9402.257023,-82.84977334,9319.40725,4
2026-10-08T15:00:00+00:00,2246.000747,7059.697691,-35.13130416,9270.567134,2
2026-10-08T15:15:00+00:00,7265.468975,1938.041587,73.49461126,9277.005173,1
2026-10-08T15:30:00+00:00,7265.468975,1938.041587,81.60716224,9285.117724,1
2026-10-08T15:45:00+00:00,7265.468975,1938.041587,95.24593842,9298.7565,1
2026-10-08T16:00:00+00:00,7265.796596,1938.041587,95.94653807,9299.784721,1
2026-10-08T16:15:00+00:00,7265.796596,1938.041587,76.80772732,9280.64591,1
2026-10-08T16:30:00+00:00,7265.796596,1938.041587,78.97500284,9282.813185,1
2026-10-08T16:45:00+00:00,7265.796596,1938.041587,100.7132347,9304.551417,1
2026-10-08T17:00:00+00:00,7265.796596,1938.041587,101.2566905,9305.094873,1
2026-10-08T17:15:00+00:00,7265.796596,1938.041587,113.9722466,9317.810429,1
2026-10-08T17:30:00+00:00,7265.796596,1938.041587,107.6930405,9311.531223,1
2026-10-08T17:45:00+00:00,7265.796596,1938.041587,113.1799797,9317.018162,1
2026-10-08T18:00:00+00:00,7265.796596,1938.041587,110.168056,9314.006239,1
2026-10-08T18:15:00+00:00,7265.796596,1938.041587,68.85232018,9272.690503,1
2026-10-08T18:30:00+00:00,7265.796596,1938.041587,63.05109325,9266.889276,1
2026-10-08T18:45:00+00:00,7265.796596,1938.041587,64.58979339,9268.427976,1
2026-10-08T19:00:00+00:00,7265.796596,1938.041587,64.58324573,9268.421428,1
2026-10-08T19:15:00+00:00,7265.796596,1938.041587,52.15578669,9255.993969,1
2026-10-08T19:30:00+00:00,7265.796596,1938.041587,48.88195659,9252.720139,1
2026-10-08T19:45:00+00:00,7265.796596,1938.041587,45.95515248,9249.793335,1
2026-10-08T20:00:00+00:00,7265.796596,1938.041587,39.70868466,9243.546867,1
2026-10-08T20:15:00+00:00,7265.796596,1938.041587,47.48730497,9251.325488,1
2026-10-08T20:30:00+00:00,7265.796596,1938.041587,43.8795442,9247.717727,1
2026-10-08T20:45:00+00:00,7265.796596,1938.041587,44.34442807,9248.182611,1
2026-10-08T21:00:00+00:00,7265.796596,1938.041587,47.8277833,9251.665966,1
2026-10-08T21:15:00+00:00,7265.796596,1938.041587,52.58793226,9256.426115,1
2026-10-08T21:30:00+00:00,7265.796596,1938.041587,51.40280576,9255.240988,1
2026-10-08T21:45:00+00:00,3598.688953,5603.133429,51.41807092,9253.240453,2
2026-10-08T22:00:00+00:00,3598.688953,5603.133429,51.94796807,9253.77035,2
2026-10-08T22:15:00+00:00,3598.688953,5603.133429,53.53006646,9255.352449,2
2026-10-08T22:30:00+00:00,3598.688953,5603.133429,52.07556748,9253.89795,2
2026-10-08T22:45:00+00:00,3598.688953,5603.133429,53.66238493,9255.484767,2
2026-10-08T23:00:00+00:00,3598.688953,5603.133429,61.53556296,9263.357945,2
2026-10-08T23:15:00+00:00,3598.688953,5603.133429,67.68289747,9269.50528,2
2026-10-08T23:30:00+00:00,3598.688953,5603.133429,63.99748319,9265.819865,2
2026-10-08T23:45:00+00:00,3598.688953,5603.133429,57.26025248,9259.082635,2
2026-10-09T00:00:00+00:00,3599.032382,5603.133429,66.14602592,9268.311837,2
2026-10-09T00:15:00+00:00,3599.032382,5603.133429,70.9037395,9273.069551,2
2026-10-09T00:30:00+00:00,3599.032382,5603.133429,71.87629046,9274.042102,2
2026-10-09T00:45:00+00:00,3599.032382,5603.133429,73.10055122,9275.266363,2
2026-10-09T01:00:00+00:00,3599.032382,5603.133429,75.88071973,9278.046531,2
2026-10-09T01:15:00+00:00,3599.032382,5603.133429,72.99594036,9275.161752,2
2026-10-09T01:30:00+00:00,1459.488242,7741.501467,87.1202644,9288.109973,3
2026-10-09T01:45:00+00:00,0,9199.074622,60.65917017,9259.733792,4
2026-10-09T02:00:00+00:00,0,9199.074622,28.77920133,9227.853823,4
2026-10-09T02:15:00+00:00,0,9199.074622,10.3892973,9209.463919,4
2026-10-09T02:30:00+00:00,0,9199.074622,48.24097973,9247.315602,4
2026-10-09T02:45:00+00:00,0,9199.074622,67.04284866,9266.117471,4
2026-10-09T03:00:00+00:00,0,9199.074622,60.08273353,9259.157356,4
2026-10-09T03:15:00+00:00,0,9199.074622,52.01757028,9251.092192,4
2026-10-09T03:30:00+00:00,0,9199.074622,58.62473029,9257.699352,4
2026-10-09T03:45:00+00:00,0,9199.074622,64.07639032,9263.151012,4
2026-10-09T04:00:00+00:00,0,9199.074622,63.41656409,9262.491186,4
2026-10-09T04:15:00+00:00,0,9199.074622,67.1556014,9266.230224,4
2026-10-09T04:30:00+00:00,0,9199.074622,49.41973697,9248.494359,4
2026-10-09T04:45:00+00:00,0,9199.074622,52.73096747,9251.80559,4
2026-10-09T05:00:00+00:00,0,9199.074622,109.5240762,9308.598698,4
2026-10-09T05:15:00+00:00,0,9199.074622,159.8576498,9358.932272,4
2026-10-09T05:30:00+00:00,0,9199.074622,182.691284,9381.765906,4
2026-10-09T05:45:00+00:00,0,9199.074622,153.2884913,9352.363113,4
2026-10-09T06:00:00+00:00,0,9199.991936,189.2374473,9389.229383,4
2026-10-09T06:15:00+00:00,0,9199.991936,172.7704711,9372.762407,4
2026-10-09T06:30:00+00:00,0,9199.991936,182.9675923,9382.959528,4
2026-10-09T06:45:00+00:00,0,9199.991936,172.8968552,9372.888791,4
2026-10-09T07:00:00+00:00,0,9199.991936,167.4612931,9367.453229,4
2026-10-09T07:15:00+00:00,0,9199.991936,205.4637035,9405.45564,4
2026-10-09T07:30:00+00:00,0,9199.991936,242.3837533,9442.37569,4
2026-10-09T07:45:00+00:00,0,9199.991936,256.9205243,9456.912461,4
2026-10-09T08:00:00+00:00,0.5312387977,9199.991936,267.4773151,9468.00049,4
2026-10-09T08:15:00+00:00,0.5312387977,9199.991936,211.112184,9411.635359,4
2026-10-09T08:30:00+00:00,0.5312387977,9199.991936,232.8551206,9433.378296,4
2026-10-09T08:45:00+00:00,0.5312387977,9199.991936,247.7772767,9448.300452,4
2026-10-09T09:00:00+00:00,0.5312387977,9199.991936,203.4077867,9403.930962,4
2026-10-09T09:15:00+00:00,0.5312387977,9199.991936,198.9277683,9399.450943,4
2026-10-09T09:30:00+00:00,0.5312387977,9199.991936,183.6640346,9384.18721,4
2026-10-09T09:45:00+00:00,0.5312387977,9199.991936,203.5006009,9404.023776,4
2026-10-09T10:00:00+00:00,0.5312387977,9199.991936,192.1257393,9392.648914,4
2026-10-09T10:15:00+00:00,0,9200.521718,182.7817161,9383.303434,5
2026-10-09T10:30:00+00:00,0,9200.521718,65.2779017,9265.79962,5
2026-10-09T10:45:00+00:00,0,9200.521718,58.04484548,9258.566564,5
2026-10-09T11:00:00+00:00,0,9200.521718,45.44194201,9245.96366,5
2026-10-09T11:15:00+00:00,0,9200.521718,84.93114242,9285.452861,5
2026-10-09T11:30:00+00:00,0,9200.521718,169.2084049,9369.730123,5
2026-10-09T11:45:00+00:00,0.4836058102,9199.991936,205.8507565,9406.326299,4
2026-10-09T12:00:00+00:00,0,9200.474216,172.4412873,9372.915503,5
2026-10-09T12:15:00+00:00,0,9200.474216,155.2020031,9355.676219,5
2026-10-09T12:30:00+00:00,0,9200.474216,81.08096035,9281.555176,5
2026-10-09T12:45:00+00:00,0,9200.474216,74.70593121,9275.180147,5
2026-10-09T13:00:00+00:00,0,9200.474216,79.73677401,9280.21099,5
2026-10-09T13:15:00+00:00,0,9200.474216,45.69405846,9246.168274,5
2026-10-09T13:30:00+00:00,0,9200.474216,-36.87634739,9163.597868,5
2026-10-09T13:45:00+00:00,0,9200.474216,-32.0885598,9168.385656,5
2026-10-09T14:00:00+00:00,0,9200.474216,-30.94690495,9169.527311,5
2026-10-09T14:15:00+00:00,0,9200.474216,37.17430004,9237.648516,5
2026-10-09T14:30:00+00:00,0,9200.474216,4.137712485,9204.611928,5
2026-10-09T14:45:00+00:00,0,9200.474216,-18.02427378,9182.449942,5
2026-10-09T15:00:00+00:00,0,9200.474216,-80.84185539,9119.63236,5
2026-10-09T15:15:00+00:00,0,9200.474216,-66.04866356,9134.425552,5
2026-10-09T15:30:00+00:00,0,9200.474216,-9.898623978,9190.575592,5
2026-10-09T15:45:00+00:00,0,9200.474216,-21.45069248,9179.023523,5
2026-10-09T16:00:00+00:00,-0.2379569348,9200.474216,42.8553525,9243.091611,5
2026-10-09T16:15:00+00:00,-0.2379569348,9200.474216,-5.47667654,9194.759582,5
2026-10-09T16:30:00+00:00,-0.2379569348,9200.474216,-20.38135265,9179.854906,5
2026-10-09T16:45:00+00:00,-0.2379569348,9200.474216,17.46852251,9217.704781,5
2026-10-09T17:00:00+00:00,-0.2379569348,9200.474216,-28.86378659,9171.372472,5
2026-10-09T17:15:00+00:00,-0.2379569348,9200.474216,-11.93326367,9188.302995,5
2026-10-09T17:30:00+00:00,-0.2379569348,9200.474216,-4.696932122,9195.539327,5
2026-10-09T17:45:00+00:00,-0.2379569348,9200.474216,38.51797471,9238.754234,5
2026-10-09T18:00:00+00:00,-0.2379569348,9200.474216,21.14689844,9221.383157,5
2026-10-09T18:15:00+00:00,-0.2379569348,9200.474216,-18.42910388,9181.807155,5
2026-10-09T18:30:00+00:00,-0.2379569348,9200.474216,-83.00418298,9117.232076,5
2026-10-09T18:45:00+00:00,-0.2379569348,9200.474216,-66.9353329,9133.300926,5
2026-10-09T19:00:00+00:00,-0.2379569348,9200.474216,-54.16122674,9146.075032,5
2026-10-09T19:15:00+00:00,-0.2379569348,9200.474216,-86.83281182,9113.403447,5
2026-10-09T19:30:00+00:00,2043.231194,7062.106178,-47.0072459,9058.330126,4
2026-10-09T19:45:00+00:00,2043.231194,7062.106178,-45.01565319,9060.321719,4
2026-10-09T20:00:00+00:00,2043.231194,7062.106178,-8.021056887,9097.316315,4
2026-10-09T20:15:00+00:00,-2.273736754e-13,9102.644209,-9.101101405,9093.543108,5
2026-10-09T20:30:00+00:00,-2.273736754e-13,9102.644209,-10.83063401,9091.813575,5
2026-10-09T20:45:00+00:00,-2.273736754e-13,9102.644209,33.69726023,9136.34147,5
2026-10-09T21:00:00+00:00,-2.273736754e-13,9102.644209,85.80879425,9188.453004,5
2026-10-09T21:15:00+00:00,-2.273736754e-13,9102.644209,106.762688,9209.406897,5
2026-10-09T21:30:00+00:00,-2.273736754e-13,9102.644209,118.0551555,9220.699365,5
2026-10-09T21:45:00+00:00,-2.273736754e-13,9102.644209,125.3096166,9227.953826,5
2026-10-09T22:00:00+00:00,-2.273736754e-13,9102.644209,60.35256042,9162.99677,5
2026-10-09T22:15:00+00:00,-2.273736754e-13,9102.644209,93.85181401,9196.496023,5
2026-10-09T22:30:00+00:00,-2.273736754e-13,9102.644209,156.3191932,9258.963403,5
2026-10-09T22:45:00+00:00,-2.273736754e-13,9102.644209,145.5581697,9248.202379,5
2026-10-09T23:00:00+00:00,3710.494959,5437.552367,77.07601934,9225.123346,4
2026-10-09T23:15:00+00:00,0,9145.772068,85.75539543,9231.527463,5
2026-10-09T23:30:00+00:00,0,9145.772068,93.4953947,9239.267463,5
2026-10-09T23:45:00+00:00,0,9145.772068,89.95460252,9235.72667,5
2026-10-10T00:00:00+00:00,-0.1906484583,9145.772068,114.0222303,9259.60365,5
2026-10-10T00:15:00+00:00,-0.1906484583,9145.772068,125.8048268,9271.386246,5
2026-10-10T00:30:00+00:00,0.2187583156,9145.289788,134.4834336,9279.99198,4
2026-10-10T00:45:00+00:00,0.2187583156,9145.289788,121.9699563,9267.478503,4
2026-10-10T01:00:00+00:00,0.2187583156,9145.289788,137.5639142,9283.072461,4
2026-10-10T01:15:00+00:00,0.2187583156,9145.289788,128.8987209,9274.407268,4
2026-10-10T01:30:00+00:00,0.2187583156,9145.289788,167.2232437,9312.73179,4
2026-10-10T01:45:00+00:00,0,9145.507947,203.4032941,9348.911241,5
2026-10-10T02:00:00+00:00,0,9145.507947,194.423469,9339.931416,5
2026-10-10T02:15:00+00:00,0,9145.507947,187.5780721,9333.086019,5
2026-10-10T02:30:00+00:00,0,9145.507947,208.1490103,9353.656957,5
2026-10-10T02:45:00+00:00,0,9145.507947,210.3096701,9355.817617,5
2026-10-10T03:00:00+00:00,1551.642417,7687.934791,100.4603397,9340.037548,4
2026-10-10T03:15:00+00:00,-2.273736754e-13,9235.321894,72.78697995,9308.108873,5
2026-10-10T03:30:00+00:00,-2.273736754e-13,9235.321894,82.29822442,9317.620118,5
2026-10-10T03:45:00+00:00,-2.273736754e-13,9235.321894,81.94323826,9317.265132,5
2026-10-10T04:00:00+00:00,-2.273736754e-13,9235.321894,93.90481161,9329.226705,5
2026-10-10T04:15:00+00:00,-2.273736754e-13,9235.321894,68.56307017,9303.884964,5
2026-10-10T04:30:00+00:00,-2.273736754e-13,9235.321894,82.34171428,9317.663608,5
2026-10-10T04:45:00+00:00,-2.273736754e-13,9235.321894,80.81521128,9316.137105,5
2026-10-10T05:00:00+00:00,3607.355523,5527.102193,207.0630323,9341.520748,4
2026-10-10T05:15:00+00:00,3607.355523,5527.102193,219.0005963,9353.458312,4
2026-10-10T05:30:00+00:00,3607.355523,5527.102193,298.6537664,9433.111482,4
2026-10-10T05:45:00+00:00,3607.355523,5527.102193,277.3696857,9411.827401,4
2026-10-10T06:00:00+00:00,3607.355523,5527.102193,227.6196773,9362.077393,4
2026-10-10T06:15:00+00:00,0,9130.138921,198.6605681,9328.799489,5
2026-10-10T06:30:00+00:00,0,9130.138921,262.4174697,9392.556391,5
2026-10-10T06:45:00+00:00,0,9130.138921,196.5986284,9326.73755,5
2026-10-10T07:00:00+00:00,0,9130.138921,198.8292327,9328.968154,5
2026-10-10T07:15:00+00:00,2015.783944,7191.180021,104.8034859,9311.76745,4
2026-10-10T07:30:00+00:00,2015.783944,7191.180021,81.05180322,9288.015768,4
2026-10-10T07:45:00+00:00,-2.273736754e-13,9203.975138,101.3150517,9305.29019,5
2026-10-10T08:00:00+00:00,-0.2674756014,9203.975138,109.1452533,9312.852916,5
2026-10-10T08:15:00+00:00,-0.2674756014,9203.975138,103.0734615,9306.781124,5
2026-10-10T08:30:00+00:00,-0.2674756014,9203.975138,110.812274,9314.519936,5
2026-10-10T08:45:00+00:00,-0.2674756014,9203.975138,131.808778,9335.51644,5
2026-10-10T09:00:00+00:00,-0.2674756014,9203.975138,131.3696538,9335.077316,5
2026-10-10T09:15:00+00:00,-0.2674756014,9203.975138,133.8896561,9337.597319,5
2026-10-10T09:30:00+00:00,-0.2674756014,9203.975138,125.184366,9328.892028,5
2026-10-10T09:45:00+00:00,-0.2674756014,9203.975138,113.6175895,9317.325252,5
2026-10-10T10:00:00+00:00,-0.2674756014,9203.975138,82.78569151,9286.493354,5
2026-10-10T10:15:00+00:00,-0.2674756014,9203.975138,48.90696437,9252.614627,5
2026-10-10T10:30:00+00:00,-0.2674756014,9203.975138,61.717236,9265.424898,5
2026-10-10T10:45:00+00:00,-0.2674756014,9203.975138,70.75072044,9274.458383,5
2026-10-10T11:00:00+00:00,-0.2674756014,9203.975138,40.45139952,9244.159062,5
2026-10-10T11:15:00+00:00,-0.2674756014,9203.975138,49.70390524,9253.411568,5
2026-10-10T11:30:00+00:00,-0.2674756014,9203.975138,90.84788407,9294.555546,5
2026-10-10T11:45:00+00:00,-0.2674756014,9203.975138,91.56964278,9295.277305,5
2026-10-10T12:00:00+00:00,-0.2674756014,9203.975138,70.64068335,9274.348346,5
2026-10-10T12:15:00+00:00,-0.2674756014,9203.975138,72.70424205,9276.411904,5
2026-10-10T12:30:00+00:00,-0.2674756014,9203.975138,104.0675086,9307.775171,5
2026-10-10T12:45:00+00:00,-0.2674756014,9203.975138,88.65660905,9292.364271,5
2026-10-10T13:00:00+00:00,-0.2674756014,9203.975138,87.04998071,9290.757643,5
2026-10-10T13:15:00+00:00,-0.2674756014,9203.975138,106.4874579,9310.19512,5
2026-10-10T13:30:00+00:00,-0.2674756014,9203.975138,113.7055041,9317.413166,5
2026-10-10T13:45:00+00:00,1908.431375,7191.180021,210.0158033,9309.627199,4
2026-10-10T14:00:00+00:00,1908.431375,7191.180021,208.0659191,9307.677315,4
2026-10-10T14:15:00+00:00,3617.637579,5643.792918,132.488911,9393.919409,3
