ts,cash,margin_used,unrealized_pnl,equity,open_positions
2026-09-16T20:15:00+00:00,10000,0,0,10000,0
2026-09-16T20:30:00+00:00,10000,0,0,10000,0
2026-09-16T20:45:00+00:00,7991.920785,2006.975378,0.5714361877,9999.4676,1
2026-09-16T21:00:00+00:00,7991.920785,2006.975378,-0.4115365175,9998.484627,1
2026-09-16T21:15:00+00:00,7991.920785,2006.975378,-3.818619877,9995.077544,1
2026-09-16T21:30:00+00:00,5007.21574,4990.039738,-12.16837516,9985.087103,2
2026-09-16T21:45:00+00:00,5007.21574,4990.039738,-10.0592946,9987.196184,2
2026-09-16T22:00:00+00:00,5007.21574,4990.039738,-18.08318369,9979.172294,2
2026-09-16T22:15:00+00:00,5007.21574,4990.039738,-26.96082272,9970.294655,2
2026-09-16T22:30:00+00:00,5007.21574,4990.039738,-21.32693799,9975.92854,2
2026-09-16T22:45:00+00:00,5007.21574,4990.039738,-31.85451678,9965.400961,2
2026-09-16T23:00:00+00:00,5007.21574,4990.039738,-19.51646727,9977.739011,2
2026-09-16T23:15:00+00:00,5007.21574,4990.039738,1.226522617,9998.482001,2
2026-09-16T23:30:00+00:00,5007.21574,4990.039738,11.82318252,10009.07866,2
2026-09-16T23:45:00+00:00,5007.21574,4990.039738,10.44658339,10007.70206,2
2026-09-17T00:00:00+00:00,5006.865087,4990.039738,17.93837457,10014.8432,2
2026-09-17T00:15:00+00:00,5006.865087,4990.039738,21.18015872,10018.08498,2
2026-09-17T00:30:00+00:00,5006.865087,4990.039738,23.81279281,10020.71762,2
2026-09-17T00:45:00+00:00,5006.865087,4990.039738,15.77601213,10012.68084,2
2026-09-17T01:00:00+00:00,5006.865087,4990.039738,14.61776095,10011.52259,2
2026-09-17T01:15:00+00:00,2924.631309,7071.128917,66.60396037,10062.36419,3
2026-09-17T01:30:00+00:00,2924.631309,7071.128917,72.59327297,10068.3535,3
2026-09-17T01:45:00+00:00,0,9994.000957,47.59263831,10041.5936,4
2026-09-17T02:00:00+00:00,0,9994.000957,12.7050983,10006.70606,4
2026-09-17T02:15:00+00:00,0,9994.000957,6.2242687,10000.22523,4
2026-09-17T02:30:00+00:00,0,9994.000957,80.6410379,10074.64199,4
2026-09-17T02:45:00+00:00,0,9994.000957,43.56036494,10037.56132,4
2026-09-17T03:00:00+00:00,0,9994.000957,75.67054675,10069.6715,4
2026-09-17T03:15:00+00:00,0,9994.000957,91.29572799,10085.29668,4
2026-09-17T03:30:00+00:00,0,9994.000957,85.62938485,10079.63034,4
2026-09-17T03:45:00+00:00,0,9994.000957,88.00954465,10082.0105,4
2026-09-17T04:00:00+00:00,0,9994.000957,66.96659158,10060.96755,4
2026-09-17T04:15:00+00:00,0,9994.000957,44.28397162,10038.28493,4
2026-09-17T04:30:00+00:00,0,9994.000957,99.83429349,10093.83525,4
2026-09-17T04:45:00+00:00,0,9994.000957,128.6478588,10122.64882,4
2026-09-17T05:00:00+00:00,0,9994.000957,106.5347595,10100.53572,4
2026-09-17T05:15:00+00:00,0,9994.000957,142.4155242,10136.41648,4
2026-09-17T05:30:00+00:00,0,9994.000957,127.8537896,10121.85475,4
2026-09-17T05:45:00+00:00,0,9994.000957,115.9581774,10109.95913,4
2026-09-17T06:00:00+00:00,0,9994.000957,158.1367479,10152.1377,4
2026-09-17T06:15:00+00:00,0,9994.000957,165.3231541,10159.32411,4
2026-09-17T06:30:00+00:00,0,9994.000957,221.3708323,10215.37179,4
2026-09-17T06:45:00+00:00,0,9994.000957,184.1032914,10178.10425,4
2026-09-17T07:00:00+00:00,0,9994.000957,203.3467396,10197.3477,4
2026-09-17T07:15:00+00:00,0,9994.000957,210.3035958,10204.30455,4
2026-09-17T07:30:00+00:00,0,9994.000957,196.8726815,10190.87364,4
2026-09-17T07:45:00+00:00,0,9994.000957,197.5427645,10191.54372,4
2026-09-17T08:00:00+00:00,-0.1866152019,9994.000957,154.7210758,10148.53542,4
2026-09-17T08:15:00+00:00,-0.1866152019,9994.000957,160.468018,10154.28236,4
2026-09-17T08:30:00+00:00,-0.1866152019,9994.000957,194.8107753,10188.62512,4
2026-09-17T08:45:00+00:00,-0.1866152019,9994.000957,201.312426,10195.12677,4
2026-09-17T09:00:00+00:00,-0.1866152019,9994.000957,211.4299055,10205.24425,4
2026-09-17T09:15:00+00:00,-0.1866152019,9994.000957,195.0833586,10188.8977,4
2026-09-17T09:30:00+00:00,-0.1866152019,9994.000957,182.3842813,10176.19862,4
2026-09-17T09:45:00+00:00,-0.1866152019,9994.000957,157.5949462,10151.40929,4
2026-09-17T10:00:00+00:00,-0.1866152019,9994.000957,146.1807693,10139.99511,4
2026-09-17T10:15:00+00:00,-0.1866152019,9994.000957,110.6549997,10104.46934,4
2026-09-17T10:30:00+00:00,-0.1866152019,9994.000957,100.17369,10093.98803,4
2026-09-17T10:45:00+00:00,-0.1866152019,9994.000957,130.5168897,10124.33123,4
2026-09-17T11:00:00+00:00,-0.1866152019,9994.000957,164.5676461,10158.38199,4
2026-09-17T11:15:00+00:00,-0.1866152019,9994.000957,152.9833051,10146.79765,4
2026-09-17T11:30:00+00:00,-0.1866152019,9994.000957,103.9324885,10097.74683,4
2026-09-17T11:45:00+00:00,-0.1866152019,9994.000957,173.1041864,10166.91853,4
2026-09-17T12:00:00+00:00,-0.1866152019,9994.000957,257.5159266,10251.33027,4
2026-09-17T12:15:00+00:00,-0.1866152019,9994.000957,304.4327579,10298.2471,4
2026-09-17T12:30:00+00:00,-0.1866152019,9994.000957,288.504671,10282.31901,4
2026-09-17T12:45:00+00:00,-0.1866152019,9994.000957,274.8714448,10268.68579,4
2026-09-17T13:00:00+00:00,-0.1866152019,9994.000957,260.2075098,10254.02185,4
2026-09-17T13:15:00+00:00,-0.1866152019,9994.000957,246.9421103,10240.75645,4
2026-09-17T13:30:00+00:00,-0.1866152019,9994.000957,180.0987215,10173.91306,4
2026-09-17T13:45:00+00:00,-0.1866152019,9994.000957,281.228584,10275.04293,4
2026-09-17T14:00:00+00:00,-0.1866152019,9994.000957,344.7299053,10338.54425,4
2026-09-17T14:15:00+00:00,-0.1866152019,9994.000957,331.621586,10325.43593,4
2026-09-17T14:30:00+00:00,-0.1866152019,9994.000957,255.0041089,10248.81845,4
2026-09-17T14:45:00+00:00,-0.1866152019,9994.000957,224.1264367,10217.94078,4
2026-09-17T15:00:00+00:00,-0.1866152019,9994.000957,189.0511513,10182.86549,4
2026-09-17T15:15:00+00:00,-0.1866152019,9994.000957,235.8204582,10229.6348,4
2026-09-17T15:30:00+00:00,-0.1866152019,9994.000957,293.5082602,10287.3226,4
2026-09-17T15:45:00+00:00,-0.1866152019,9994.000957,312.6521539,10306.4665,4
2026-09-17T16:00:00+00:00,-0.8627788731,9994.000957,312.3611597,10305.49934,4
2026-09-17T16:15:00+00:00,-0.8627788731,9994.000957,305.0140031,10298.15218,4
2026-09-17T16:30:00+00:00,-0.8627788731,9994.000957,278.4236285,10271.56181,4
2026-09-17T16:45:00+00:00,-0.8627788731,9994.000957,308.0719878,10301.21017,4
2026-09-17T17:00:00+00:00,-0.8627788731,9994.000957,306.526998,10299.66518,4
2026-09-17T17:15:00+00:00,-0.8627788731,9994.000957,314.1460968,10307.28427,4
2026-09-17T17:30:00+00:00,-0.8627788731,9994.000957,285.3528391,10278.49102,4
2026-09-17T17:45:00+00:00,-0.8627788731,9994.000957,297.0763,10290.21448,4
2026-09-17T18:00:00+00:00,-0.8627788731,9994.000957,295.5800114,10288.71819,4
2026-09-17T18:15:00+00:00,-0.8627788731,9994.000957,297.6831056,10290.82128,4
2026-09-17T18:30:00+00:00,-0.8627788731,9994.000957,269.0363353,10262.17451,4
2026-09-17T18:45:00+00:00,-0.8627788731,9994.000957,251.9001659,10245.03834,4
2026-09-17T19:00:00+00:00,-0.8627788731,9994.000957,236.3124861,10229.45066,4
2026-09-17T19:15:00+00:00,-0.8627788731,9994.000957,238.4139197,10231.5521,4
2026-09-17T19:30:00+00:00,-0.8627788731,9994.000957,217.5692755,10210.70745,4
2026-09-17T19:45:00+00:00,-0.8627788731,9994.000957,216.5625226,10209.7007,4
2026-09-17T20:00:00+00:00,-0.8627788731,9994.000957,242.5478305,10235.68601,4
2026-09-17T20:15:00+00:00,-0.8627788731,9994.000957,264.8960265,10258.0342,4
2026-09-17T20:30:00+00:00,-0.8627788731,9994.000957,232.9698138,10226.10799,4
2026-09-17T20:45:00+00:00,-0.8627788731,9994.000957,247.518999,10240.65718,4
2026-09-17T21:00:00+00:00,-0.8627788731,9994.000957,234.9196428,10228.05782,4
2026-09-17T21:15:00+00:00,-0.8627788731,9994.000957,239.8544928,10232.99267,4
2026-09-17T21:30:00+00:00,-0.8627788731,9994.000957,247.1795255,10240.3177,4
2026-09-17T21:45:00+00:00,-0.8627788731,9994.000957,214.6540899,10207.79227,4
2026-09-17T22:00:00+00:00,2034.875364,7987.025578,177.0171816,10198.91812,3
2026-09-17T22:15:00+00:00,2034.875364,7987.025578,154.6832014,10176.58414,3
2026-09-17T22:30:00+00:00,2034.875364,7987.025578,191.9845887,10213.88553,3
2026-09-17T22:45:00+00:00,5027.166173,5003.961219,183.0887502,10214.21614,2
2026-09-17T23:00:00+00:00,-9.094947018e-13,10027.14643,191.1452673,10218.29169,3
2026-09-17T23:15:00+00:00,-9.094947018e-13,10027.14643,201.9287976,10229.07522,3
2026-09-17T23:30:00+00:00,-9.094947018e-13,10027.14643,204.5664919,10231.71292,3
2026-09-17T23:45:00+00:00,-9.094947018e-13,10027.14643,206.0233987,10233.16983,3
2026-09-18T00:00:00+00:00,-5.551115123e-17,10027.49098,215.053182,10242.54416,4
2026-09-18T00:15:00+00:00,-5.551115123e-17,10027.49098,206.7604558,10234.25143,4
2026-09-18T00:30:00+00:00,-5.551115123e-17,10027.49098,224.3426753,10251.83365,4
2026-09-18T00:45:00+00:00,-5.551115123e-17,10027.49098,234.4172627,10261.90824,4
2026-09-18T01:00:00+00:00,-5.551115123e-17,10027.49098,234.5646579,10262.05563,4
2026-09-18T01:15:00+00:00,-5.551115123e-17,10027.49098,240.8377687,10268.32874,4
2026-09-18T01:30:00+00:00,-5.551115123e-17,10027.49098,267.0741588,10294.56513,4
2026-09-18T01:45:00+00:00,5391.879722,5023.529757,-81.79998021,10333.6095,2
2026-09-18T02:00:00+00:00,7000.723387,3295.759913,36.11962601,10332.60293,2
2026-09-18T02:15:00+00:00,3385.565191,6908.930865,95.53591861,10390.03198,3
2026-09-18T02:30:00+00:00,3385.565191,6908.930865,82.24553405,10376.74159,3
2026-09-18T02:45:00+00:00,0,10291.41636,76.77351967,10368.18988,4
2026-09-18T03:00:00+00:00,0,10291.41636,136.6880152,10428.10437,4
2026-09-18T03:15:00+00:00,0.3863442087,10291.07181,152.2084623,10443.66662,3
2026-09-18T03:30:00+00:00,0,10291.4571,149.595234,10441.05233,4
2026-09-18T03:45:00+00:00,0,10291.4571,176.9850526,10468.44215,4
2026-09-18T04:00:00+00:00,0,10291.4571,88.13200559,10379.5891,4
2026-09-18T04:15:00+00:00,0,10291.4571,71.98790776,10363.445,4
2026-09-18T04:30:00+00:00,0,10291.4571,105.5300303,10396.98713,4
2026-09-18T04:45:00+00:00,0,10291.4571,132.8253211,10424.28242,4
2026-09-18T05:00:00+00:00,0,10291.4571,121.9340434,10413.39114,4
2026-09-18T05:15:00+00:00,0,10291.4571,90.19126282,10381.64836,4
2026-09-18T05:30:00+00:00,0,10291.4571,76.47237503,10367.92947,4
2026-09-18T05:45:00+00:00,0,10291.4571,60.98864911,10352.44574,4
2026-09-18T06:00:00+00:00,0,10291.4571,79.12384804,10370.58094,4
2026-09-18T06:15:00+00:00,0,10291.4571,78.00143479,10369.45853,4
2026-09-18T06:30:00+00:00,0,10291.4571,103.3667023,10394.8238,4
2026-09-18T06:45:00+00:00,0,10291.4571,101.1191109,10392.57621,4
2026-09-18T07:00:00+00:00,0,10291.4571,119.4471679,10410.90426,4
2026-09-18T07:15:00+00:00,0,10291.4571,132.8472569,10424.30435,4
2026-09-18T07:30:00+00:00,0,10291.4571,137.4495657,10428.90666,4
2026-09-18T07:45:00+00:00,0,10291.4571,125.0869874,10416.54408,4
2026-09-18T08:00:00+00:00,-1.081924311,10291.4571,110.0544911,10400.42966,4
2026-09-18T08:15:00+00:00,-1.081924311,10291.4571,133.7750053,10424.15018,4
2026-09-18T08:30:00+00:00,-1.081924311,10291.4571,137.7189664,10428.09414,4
2026-09-18T08:45:00+00:00,-1.081924311,10291.4571,168.4534841,10458.82866,4
2026-09-18T09:00:00+00:00,-1.081924311,10291.4571,167.6919788,10458.06715,4
2026-09-18T09:15:00+00:00,-1.081924311,10291.4571,161.6047977,10451.97997,4
2026-09-18T09:30:00+00:00,-1.081924311,10291.4571,169.8171933,10460.19236,4
2026-09-18T09:45:00+00:00,-1.081924311,10291.4571,197.5702038,10487.94538,4
2026-09-18T10:00:00+00:00,-1.081924311,10291.4571,208.1909615,10498.56613,4
2026-09-18T10:15:00+00:00,-1.081924311,10291.4571,246.1531403,10536.52831,4
2026-09-18T10:30:00+00:00,-1.081924311,10291.4571,252.4786674,10542.85384,4
2026-09-18T10:45:00+00:00,-1.081924311,10291.4571,211.8547725,10502.22994,4
2026-09-18T11:00:00+00:00,-1.081924311,10291.4571,103.3543312,10393.7295,4
2026-09-18T11:15:00+00:00,-1.081924311,10291.4571,109.5902815,10399.96545,4
2026-09-18T11:30:00+00:00,-1.081924311,10291.4571,114.6634417,10405.03861,4
2026-09-18T11:45:00+00:00,-1.081924311,10291.4571,130.4712093,10420.84638,4
2026-09-18T12:00:00+00:00,-1.081924311,10291.4571,84.84427225,10375.21944,4
2026-09-18T12:15:00+00:00,-1.081924311,10291.4571,87.80459673,10378.17977,4
2026-09-18T12:30:00+00:00,-1.081924311,10291.4571,127.0231544,10417.39833,4
2026-09-18T12:45:00+00:00,-1.081924311,10291.4571,123.7852594,10414.16043,4
2026-09-18T13:00:00+00:00,-1.081924311,10291.4571,133.8550495,10424.23022,4
2026-09-18T13:15:00+00:00,-1.081924311,10291.4571,166.9033564,10457.27853,4
2026-09-18T13:30:00+00:00,-1.081924311,10291.4571,288.3294097,10578.70458,4
2026-09-18T13:45:00+00:00,-0.6060666976,10291.07181,274.1506953,10564.61644,3
2026-09-18T14:00:00+00:00,-0.6060666976,10291.07181,293.3384681,10583.80421,3
2026-09-18T14:15:00+00:00,-0.6060666976,10291.07181,335.7563427,10626.22209,3
2026-09-18T14:30:00+00:00,-0.6060666976,10291.07181,381.8133225,10672.27907,3
2026-09-18T14:45:00+00:00,-0.6060666976,10291.07181,442.2621724,10732.72792,3
2026-09-18T15:00:00+00:00,-0.6060666976,10291.07181,356.3117924,10646.77754,3
2026-09-18T15:15:00+00:00,-0.6060666976,10291.07181,392.4751356,10682.94088,3
2026-09-18T15:30:00+00:00,-0.6060666976,10291.07181,316.4682223,10606.93397,3
2026-09-18T15:45:00+00:00,-0.6060666976,10291.07181,370.8235533,10661.2893,3
2026-09-18T16:00:00+00:00,-1.70604846,10291.07181,396.9409556,10686.30672,3
2026-09-18T16:15:00+00:00,-1.70604846,10291.07181,375.6738053,10665.03957,3
2026-09-18T16:30:00+00:00,-1.70604846,10291.07181,372.0782785,10661.44404,3
2026-09-18T16:45:00+00:00,-1.70604846,10291.07181,318.6514489,10608.01721,3
2026-09-18T17:00:00+00:00,-1.70604846,10291.07181,304.3460113,10593.71177,3
2026-09-18T17:15:00+00:00,-1.70604846,10291.07181,338.4132478,10627.77901,3
2026-09-18T17:30:00+00:00,-1.70604846,10291.07181,366.8752835,10656.24105,3
2026-09-18T17:45:00+00:00,-1.70604846,10291.07181,388.6355914,10678.00135,3
2026-09-18T18:00:00+00:00,-1.70604846,10291.07181,408.9013927,10698.26716,3
2026-09-18T18:15:00+00:00,-1.70604846,10291.07181,419.3355972,10708.70136,3
2026-09-18T18:30:00+00:00,-1.70604846,10291.07181,406.708376,10696.07414,3
2026-09-18T18:45:00+00:00,-1.70604846,10291.07181,422.7341965,10712.09996,3
2026-09-18T19:00:00+00:00,3491.752063,6995.656446,307.9339774,10795.34249,2
2026-09-18T19:15:00+00:00,3491.752063,6995.656446,312.9707163,10800.37923,2
2026-09-18T19:30:00+00:00,3491.752063,6995.656446,324.1556806,10811.56419,2
2026-09-18T19:45:00+00:00,3491.752063,6995.656446,314.2202348,10801.62874,2
2026-09-18T20:00:00+00:00,3491.752063,6995.656446,286.253126,10773.66164,2
2026-09-18T20:15:00+00:00,3491.752063,6995.656446,283.1643787,10770.57289,2
2026-09-18T20:30:00+00:00,3491.752063,6995.656446,311.2005033,10798.60901,2
2026-09-18T20:45:00+00:00,7300.740808,3382.485494,107.8487788,10791.07508,1
2026-09-18T21:00:00+00:00,7300.740808,3382.485494,116.07255,10799.29885,1
2026-09-18T21:15:00+00:00,7300.740808,3382.485494,110.0916255,10793.31793,1
2026-09-18T21:30:00+00:00,7300.740808,3382.485494,116.07255,10799.29885,1
2026-09-18T21:45:00+00:00,7300.740808,3382.485494,110.0916255,10793.31793,1
2026-09-18T22:00:00+00:00,7300.740808,3382.485494,107.8487788,10791.07508,1
2026-09-18T22:15:00+00:00,7300.740808,3382.485494,105.6059321,10788.83223,1
2026-09-18T22:30:00+00:00,7300.740808,3382.485494,101.1202387,10784.34654,1
2026-09-18T22:45:00+00:00,7300.740808,3382.485494,110.0916255,10793.31793,1
2026-09-18T23:00:00+00:00,7300.740808,3382.485494,105.6059321,10788.83223,1
2026-09-18T23:15:00+00:00,7300.740808,3382.485494,97.38216086,10780.60846,1
2026-09-18T23:30:00+00:00,7300.740808,3382.485494,92.89646747,10776.12277,1
2026-09-18T23:45:00+00:00,7300.740808,3382.485494,89.9060052,10773.13231,1
2026-09-19T00:00:00+00:00,7300.171872,3382.485494,90.65362077,10773.31099,1
2026-09-19T00:15:00+00:00,7300.171872,3382.485494,93.64408303,10776.30145,1
2026-09-19T00:30:00+00:00,7300.171872,3382.485494,110.8392411,10793.49661,1
2026-09-19T00:45:00+00:00,7300.171872,3382.485494,110.0916255,10792.74899,1
2026-09-19T01:00:00+00:00,7300.171872,3382.485494,92.89646747,10775.55383,1
2026-09-19T01:15:00+00:00,7300.171872,3382.485494,103.3630854,10786.02045,1
2026-09-19T01:30:00+00:00,7300.171872,3382.485494,92.89646747,10775.55383,1
2026-09-19T01:45:00+00:00,5936.329779,4745.577887,83.05665415,10764.96432,2
2026-09-19T02:00:00+00:00,3294.686186,7385.769374,87.840269,10768.29583,3
2026-09-19T02:15:00+00:00,3294.686186,7385.769374,42.39626968,10722.85183,3
2026-09-19T02:30:00+00:00,3294.686186,7385.769374,36.98760452,10717.44317,3
2026-09-19T02:45:00+00:00,3294.686186,7385.769374,54.07643398,10734.53199,3
2026-09-19T03:00:00+00:00,3294.686186,7385.769374,35.36519103,10715.82075,3
2026-09-19T03:15:00+00:00,3294.686186,7385.769374,1.217661654,10681.67322,3
2026-09-19T03:30:00+00:00,3294.686186,7385.769374,-11.22608079,10669.22948,3
2026-09-19T03:45:00+00:00,3294.686186,7385.769374,-22.70027534,10657.75529,3
2026-09-19T04:00:00+00:00,6748.409305,4003.28388,-97.54601042,10654.14717,2
2026-09-19T04:15:00+00:00,6748.409305,4003.28388,-119.1484592,10632.54473,2
2026-09-19T04:30:00+00:00,6748.409305,4003.28388,-161.5312392,10590.16195,2
2026-09-19T04:45:00+00:00,6748.409305,4003.28388,-155.3971894,10596.296,2
2026-09-19T05:00:00+00:00,6748.409305,4003.28388,-120.1315026,10631.56168,2
2026-09-19T05:15:00+00:00,6748.409305,4003.28388,-111.6745733,10640.01861,2
2026-09-19T05:30:00+00:00,6748.409305,4003.28388,-123.0415467,10628.65164,2
2026-09-19T05:45:00+00:00,6748.409305,4003.28388,-132.791736,10618.90145,2
2026-09-19T06:00:00+00:00,6748.409305,4003.28388,-145.7193549,10605.97383,2
2026-09-19T06:15:00+00:00,6748.409305,4003.28388,-150.526876,10601.16631,2
2026-09-19T06:30:00+00:00,291.5046126,10456.63923,-96.61771513,10651.52612,3
2026-09-19T06:45:00+00:00,0,10747.3444,-118.7156185,10628.62878,4
2026-09-19T07:00:00+00:00,0,10747.3444,-107.1464511,10640.19795,4
2026-09-19T07:15:00+00:00,0,10747.3444,-97.39554315,10649.94886,4
2026-09-19T07:30:00+00:00,0,10747.3444,-118.5920187,10628.75238,4
2026-09-19T07:45:00+00:00,0,10747.3444,-115.5386934,10631.80571,4
2026-09-19T08:00:00+00:00,-0.9607812693,10747.3444,-78.0405258,10668.34309,4
2026-09-19T08:15:00+00:00,-0.9607812693,10747.3444,-60.33924895,10686.04437,4
2026-09-19T08:30:00+00:00,-0.9607812693,10747.3444,-30.85277371,10715.53085,4
2026-09-19T08:45:00+00:00,-0.9607812693,10747.3444,-8.125361072,10738.25826,4
2026-09-19T09:00:00+00:00,-0.9607812693,10747.3444,24.15707184,10770.54069,4
2026-09-19T09:15:00+00:00,-0.9607812693,10747.3444,26.09436383,10772.47798,4
2026-09-19T09:30:00+00:00,-0.9607812693,10747.3444,7.820245924,10754.20386,4
2026-09-19T09:45:00+00:00,-0.9607812693,10747.3444,52.06037912,10798.444,4
2026-09-19T10:00:00+00:00,-0.9607812693,10747.3444,46.18614944,10792.56977,4
2026-09-19T10:15:00+00:00,-0.9607812693,10747.3444,73.43458199,10819.8182,4
2026-09-19T10:30:00+00:00,-0.9607812693,10747.3444,73.50713171,10819.89075,4
2026-09-19T10:45:00+00:00,-0.9607812693,10747.3444,59.59021585,10805.97383,4
2026-09-19T11:00:00+00:00,-0.9607812693,10747.3444,74.71104814,10821.09467,4
2026-09-19T11:15:00+00:00,-0.9607812693,10747.3444,85.21881283,10831.60243,4
2026-09-19T11:30:00+00:00,-0.9607812693,10747.3444,112.0667123,10858.45033,4
2026-09-19T11:45:00+00:00,-0.9607812693,10747.3444,137.3650091,10883.74863,4
2026-09-19T12:00:00+00:00,-0.9607812693,10747.3444,100.1580484,10846.54167,4
2026-09-19T12:15:00+00:00,-0.9607812693,10747.3444,57.15631624,10803.53994,4
2026-09-19T12:30:00+00:00,-0.9607812693,10747.3444,84.32690539,10830.71052,4
2026-09-19T12:45:00+00:00,-0.9607812693,10747.3444,171.0416429,10917.42526,4
2026-09-19T13:00:00+00:00,-0.9607812693,10747.3444,101.4460641,10847.82968,4
2026-09-19T13:15:00+00:00,1253.058315,9384.252007,189.2562262,10826.56655,3
2026-09-19T13:30:00+00:00,4100.694776,6744.06052,35.3913394,10880.14664,2
2026-09-19T13:45:00+00:00,4100.694776,6744.06052,40.68329741,10885.43859,2
2026-09-19T14:00:00+00:00,0,10840.77848,43.71784397,10884.49632,3
2026-09-19T14:15:00+00:00,0,10840.77848,18.83221033,10859.61069,3
2026-09-19T14:30:00+00:00,0,10840.77848,22.22483332,10863.00331,3
2026-09-19T14:45:00+00:00,0,10840.77848,28.00509261,10868.78357,3
2026-09-19T15:00:00+00:00,0,10840.77848,18.53099705,10859.30947,3
2026-09-19T15:15:00+00:00,0,10840.77848,27.87658016,10868.65506,3
2026-09-19T15:30:00+00:00,0,10840.77848,16.17820979,10856.95669,3
2026-09-19T15:45:00+00:00,0,10840.77848,12.43019304,10853.20867,3
2026-09-19T16:00:00+00:00,0.1750443976,10840.77848,6.581183024,10847.5347,3
2026-09-19T16:15:00+00:00,0.1750443976,10840.77848,4.105114229,10845.05864,3
2026-09-19T16:30:00+00:00,0.1750443976,10840.77848,-18.60519415,10822.34833,3
2026-09-19T16:45:00+00:00,0.1750443976,10840.77848,-25.74031632,10815.2132,3
2026-09-19T17:00:00+00:00,231.7468891,10550.0733,0.2289204401,10782.04911,2
2026-09-19T17:15:00+00:00,231.7468891,10550.0733,13.38139835,10795.20159,2
2026-09-19T17:30:00+00:00,231.7468891,10550.0733,5.313272857,10787.13347,2
2026-09-19T17:45:00+00:00,231.7468891,10550.0733,10.65836043,10792.47855,2
2026-09-19T18:00:00+00:00,231.7468891,10550.0733,43.31829482,10825.13849,2
2026-09-19T18:15:00+00:00,231.7468891,10550.0733,36.3867576,10818.20695,2
2026-09-19T18:30:00+00:00,231.7468891,10550.0733,37.17998242,10819.00017,2
2026-09-19T18:45:00+00:00,0,10781.18464,30.89645669,10812.08109,3
2026-09-19T19:00:00+00:00,0,10781.18464,42.47022861,10823.65486,3
2026-09-19T19:15:00+00:00,0,10781.18464,17.51804892,10798.70269,3
2026-09-19T19:30:00+00:00,0,10781.18464,27.65561877,10808.84026,3
2026-09-19T19:45:00+00:00,0,10781.18464,29.55349922,10810.73814,3
2026-09-19T20:00:00+00:00,0,10781.18464,24.92308153,10806.10772,3
2026-09-19T20:15:00+00:00,0,10781.18464,27.46458496,10808.64922,3
2026-09-19T20:30:00+00:00,0,10781.18464,13.5778765,10794.76251,3
2026-09-19T20:45:00+00:00,0,10781.18464,23.16052337,10804.34516,3
2026-09-19T21:00:00+00:00,0,10781.18464,38.98718996,10820.17183,3
2026-09-19T21:15:00+00:00,0,10781.18464,22.45664425,10803.64128,3
2026-09-19T21:30:00+00:00,0,10781.18464,52.03924163,10833.22388,3
2026-09-19T21:45:00+00:00,0,10781.18464,45.4222435,10826.60688,3
2026-09-19T22:00:00+00:00,0,10781.18464,59.77063035,10840.95527,3
2026-09-19T22:15:00+00:00,0,10781.18464,63.38444667,10844.56908,3
2026-09-19T22:30:00+00:00,0,10781.18464,50.79861799,10831.98325,3
2026-09-19T22:45:00+00:00,0,10781.18464,50.89186259,10832.0765,3
2026-09-19T23:00:00+00:00,0,10781.18464,44.13499756,10825.31963,3
2026-09-19T23:15:00+00:00,0,10781.18464,41.63557183,10822.82021,3
2026-09-19T23:30:00+00:00,0,10781.18464,29.13389852,10810.31853,3
2026-09-19T23:45:00+00:00,0,10781.18464,29.68882151,10810.87346,3
2026-09-20T00:00:00+00:00,0.1903788596,10781.18464,35.24259597,10816.61761,3
2026-09-20T00:15:00+00:00,0.1903788596,10781.18464,40.01288056,10821.3879,3
2026-09-20T00:30:00+00:00,0.1903788596,10781.18464,34.13729461,10815.51231,3
2026-09-20T00:45:00+00:00,0.1903788596,10781.18464,45.89755573,10827.27257,3
2026-09-20T01:00:00+00:00,0.1903788596,10781.18464,73.16267196,10854.53769,3
2026-09-20T01:15:00+00:00,0,10781.37449,78.90300081,10860.27749,4
2026-09-20T01:30:00+00:00,0,10781.37449,72.92708703,10854.30158,4
2026-09-20T01:45:00+00:00,0,10781.37449,77.04750666,10858.422,4
2026-09-20T02:00:00+00:00,0,10781.37449,68.71541391,10850.08991,4
2026-09-20T02:15:00+00:00,0,10781.37449,97.37243195,10878.74693,4
2026-09-20T02:30:00+00:00,4297.954444,6684.656536,-63.9302172,10918.68076,3
2026-09-20T02:45:00+00:00,6340.681213,4525.488376,58.871722,10925.04131,3
2026-09-20T03:00:00+00:00,6340.681213,4525.488376,55.48697173,10921.65656,3
2026-09-20T03:15:00+00:00,6340.681213,4525.488376,24.96974032,10891.13933,3
2026-09-20T03:30:00+00:00,6340.681213,4525.488376,38.37162412,10904.54121,3
2026-09-20T03:45:00+00:00,6340.681213,4525.488376,18.23924816,10884.40884,3
2026-09-20T04:00:00+00:00,6340.681213,4525.488376,27.43853845,10893.60813,3
2026-09-20T04:15:00+00:00,6340.681213,4525.488376,31.88441662,10898.05401,3
2026-09-20T04:30:00+00:00,6340.681213,4525.488376,40.35499553,10906.52458,3
2026-09-20T04:45:00+00:00,6340.681213,4525.488376,41.55747659,10907.72707,3
2026-09-20T05:00:00+00:00,6340.681213,4525.488376,30.3250699,10896.49466,3
2026-09-20T05:15:00+00:00,6340.681213,4525.488376,44.41734367,10910.58693,3
2026-09-20T05:30:00+00:00,6340.681213,4525.488376,49.70811533,10915.8777,3
2026-09-20T05:45:00+00:00,6340.681213,4525.488376,42.84477672,10909.01437,3
2026-09-20T06:00:00+00:00,6340.681213,4525.488376,39.89785352,10906.06744,3
2026-09-20T06:15:00+00:00,6340.681213,4525.488376,36.37706613,10902.54666,3
2026-09-20T06:30:00+00:00,6340.681213,4525.488376,54.35415327,10920.52374,3
2026-09-20T06:45:00+00:00,6340.681213,4525.488376,53.14129925,10919.31089,3
2026-09-20T07:00:00+00:00,6340.681213,4525.488376,52.31463327,10918.48422,3
2026-09-20T07:15:00+00:00,6340.681213,4525.488376,48.28056984,10914.45016,3
2026-09-20T07:30:00+00:00,6340.681213,4525.488376,55.29628673,10921.46588,3
2026-09-20T07:45:00+00:00,6340.681213,4525.488376,52.69077179,10918.86036,3
2026-09-20T08:00:00+00:00,6341.067171,4525.488376,41.52133018,10908.07688,3
2026-09-20T08:15:00+00:00,6341.067171,4525.488376,45.69197094,10912.24752,3
2026-09-20T08:30:00+00:00,6341.067171,4525.488376,57.92238614,10924.47793,3
2026-09-20T08:45:00+00:00,6341.067171,4525.488376,56.11964266,10922.67519,3
2026-09-20T09:00:00+00:00,6341.067171,4525.488376,49.84747005,10916.40302,3
2026-09-20T09:15:00+00:00,6341.067171,4525.488376,41.19737803,10907.75293,3
2026-09-20T09:30:00+00:00,6341.067171,4525.488376,20.60798672,10887.16353,3
2026-09-20T09:45:00+00:00,6341.067171,4525.488376,40.79501055,10907.35056,3
2026-09-20T10:00:00+00:00,6341.067171,4525.488376,49.05540769,10915.61096,3
2026-09-20T10:15:00+00:00,6341.067171,4525.488376,49.89891242,10916.45446,3
2026-09-20T10:30:00+00:00,6341.067171,4525.488376,55.48349996,10922.03905,3
2026-09-20T10:45:00+00:00,6341.067171,4525.488376,64.70232196,10931.25787,3
2026-09-20T11:00:00+00:00,6341.067171,4525.488376,61.73254218,10928.28809,3
2026-09-20T11:15:00+00:00,6341.067171,4525.488376,56.05584874,10922.6114,3
2026-09-20T11:30:00+00:00,4225.012723,6640.379635,69.69468849,10935.08705,4
2026-09-20T11:45:00+00:00,4225.012723,6640.379635,135.5878086,11000.98017,4
2026-09-20T12:00:00+00:00,4225.012723,6640.379635,133.9247054,10999.31706,4
2026-09-20T12:15:00+00:00,4225.012723,6640.379635,112.9352422,10978.3276,4
2026-09-20T12:30:00+00:00,4225.012723,6640.379635,135.2951894,11000.68755,4
2026-09-20T12:45:00+00:00,4225.012723,6640.379635,125.8962116,10991.28857,4
2026-09-20T13:00:00+00:00,4225.012723,6640.379635,150.4315025,11015.82386,4
2026-09-20T13:15:00+00:00,4225.012723,6640.379635,186.7503962,11052.14275,4
2026-09-20T13:30:00+00:00,4225.012723,6640.379635,169.6084405,11035.0008,4
2026-09-20T13:45:00+00:00,4225.012723,6640.379635,169.9210258,11035.31338,4
2026-09-20T14:00:00+00:00,4225.012723,6640.379635,180.4892484,11045.88161,4
2026-09-20T14:15:00+00:00,4225.012723,6640.379635,192.7427969,11058.13515,4
2026-09-20T14:30:00+00:00,6523.571937,4525.488376,31.2445908,11080.3049,3
2026-09-20T14:45:00+00:00,6523.571937,4525.488376,20.75118388,11069.8115,3
2026-09-20T15:00:00+00:00,6523.571937,4525.488376,-11.65819667,11037.40212,3
2026-09-20T15:15:00+00:00,6523.571937,4525.488376,-0.7975234687,11048.26279,3
2026-09-20T15:30:00+00:00,6523.571937,4525.488376,-30.99585237,11018.06446,3
2026-09-20T15:45:00+00:00,6523.571937,4525.488376,-57.59762902,10991.46268,3
2026-09-20T16:00:00+00:00,6523.868356,4525.488376,-87.81460587,10961.54213,3
2026-09-20T16:15:00+00:00,6523.868356,4525.488376,-78.50113946,10970.85559,3
2026-09-20T16:30:00+00:00,10694.69347,231.3011897,-2.567252471,10923.4274,2
2026-09-20T16:45:00+00:00,10694.86096,231.1113329,-2.246590333,10923.7257,1
2026-09-20T17:00:00+00:00,10694.86096,231.1113329,-1.033119084,10924.93917,1
2026-09-20T17:15:00+00:00,3306.999612,7614.911591,-8.366331005,10913.54487,2
2026-09-20T17:30:00+00:00,3306.999612,7614.911591,4.665099302,10926.5763,2
2026-09-20T17:45:00+00:00,3306.999612,7614.911591,-14.21777027,10907.69343,2
2026-09-20T18:00:00+00:00,3306.999612,7614.911591,-19.82457188,10902.08663,2
2026-09-20T18:15:00+00:00,3306.999612,7614.911591,-10.56598741,10911.34521,2
2026-09-20T18:30:00+00:00,3306.999612,7614.911591,-16.47997411,10905.43123,2
2026-09-20T18:45:00+00:00,3306.999612,7614.911591,-27.47070318,10894.4405,2
2026-09-20T19:00:00+00:00,3306.999612,7614.911591,-23.34217106,10898.56903,2
2026-09-20T19:15:00+00:00,3306.999612,7614.911591,-21.47453718,10900.43667,2
2026-09-20T19:30:00+00:00,3306.999612,7614.911591,-14.31966415,10907.59154,2
2026-09-20T19:45:00+00:00,3306.999612,7614.911591,-19.37021431,10902.54099,2
2026-09-20T20:00:00+00:00,3525.385906,7383.800258,-10.5793698,10898.60679,1
2026-09-20T20:15:00+00:00,3525.385906,7383.800258,-8.198102713,10900.98806,1
2026-09-20T20:30:00+00:00,3525.385906,7383.800258,-11.96086826,10897.2253,1
2026-09-20T20:45:00+00:00,3525.385906,7383.800258,-17.00515541,10892.18101,1
2026-09-20T21:00:00+00:00,3525.385906,7383.800258,-45.55309401,10863.63307,1
2026-09-20T21:15:00+00:00,3525.385906,7383.800258,-35.29183241,10873.89433,1
2026-09-20T21:30:00+00:00,3525.385906,7383.800258,-43.25362617,10865.93254,1
2026-09-20T21:45:00+00:00,3525.385906,7383.800258,-30.91102808,10878.27514,1
2026-09-20T22:00:00+00:00,3525.385906,7383.800258,2.290379028,10911.47654,1
2026-09-20T22:15:00+00:00,3525.385906,7383.800258,-9.970419818,10899.21574,1
2026-09-20T22:30:00+00:00,3525.385906,7383.800258,-14.08764879,10895.09852,1
2026-09-20T22:45:00+00:00,3525.385906,7383.800258,-5.171530425,10904.01463,1
2026-09-20T23:00:00+00:00,3525.385906,7383.800258,-10.96109964,10898.22506,1
2026-09-20T23:15:00+00:00,3525.385906,7383.800258,-10.95201083,10898.23415,1
2026-09-20T23:30:00+00:00,3525.385906,7383.800258,-0.6180387854,10908.56813,1
2026-09-20T23:45:00+00:00,3525.385906,7383.800258,-8.752519858,10900.43364,1
2026-09-21T00:00:00+00:00,3524.70312,7383.800258,37.26410324,10945.76748,1
2026-09-21T00:15:00+00:00,3524.70312,7383.800258,42.62649858,10951.12988,1
2026-09-21T00:30:00+00:00,3524.70312,7383.800258,38.66377931,10947.16716,1
2026-09-21T00:45:00+00:00,3524.70312,7383.800258,30.23845646,10938.74183,1
2026-09-21T01:00:00+00:00,3524.70312,7383.800258,47.65260812,10956.15599,1
2026-09-21T01:15:00+00:00,3524.70312,7383.800258,29.52952962,10938.03291,1
2026-09-21T01:30:00+00:00,3524.70312,7383.800258,17.54139494,10926.04477,1
2026-09-21T01:45:00+00:00,3524.70312,7383.800258,-24.51250889,10883.99087,1
2026-09-21T02:00:00+00:00,3524.70312,7383.800258,9.034272834,10917.53765,1
2026-09-21T02:15:00+00:00,3524.70312,7383.800258,13.26056747,10921.76394,1
2026-09-21T02:30:00+00:00,3524.70312,7383.800258,-1.517830547,10906.98555,1
2026-09-21T02:45:00+00:00,3524.70312,7383.800258,5.171530425,10913.67491,1
2026-09-21T03:00:00+00:00,3524.70312,7383.800258,5.380572956,10913.88395,1
2026-09-21T03:15:00+00:00,4.547473509e-13,10905.81021,6.428851114,10912.23906,2
2026-09-21T03:30:00+00:00,4.547473509e-13,10905.81021,7.525338874,10913.33555,2
2026-09-21T03:45:00+00:00,4.547473509e-13,10905.81021,6.29715007,10912.10736,2
2026-09-21T04:00:00+00:00,4.547473509e-13,10905.81021,1.638608498,10907.44882,2
2026-09-21T04:15:00+00:00,4.547473509e-13,10905.81021,2.407375056,10908.21759,2
2026-09-21T04:30:00+00:00,4.547473509e-13,10905.81021,5.77953434,10911.58975,2
2026-09-21T04:45:00+00:00,4.547473509e-13,10905.81021,4.989328077,10910.79954,2
2026-09-21T05:00:00+00:00,4.547473509e-13,10905.81021,3.240460728,10909.05067,2
2026-09-21T05:15:00+00:00,4.547473509e-13,10905.81021,10.74129459,10916.55151,2
2026-09-21T05:30:00+00:00,4.547473509e-13,10905.81021,11.69995568,10917.51017,2
2026-09-21T05:45:00+00:00,4.547473509e-13,10905.81021,9.960276776,10915.77049,2
2026-09-21T06:00:00+00:00,4.547473509e-13,10905.81021,13.43657177,10919.24678,2
2026-09-21T06:15:00+00:00,4.547473509e-13,10905.81021,17.64487954,10923.45509,2
2026-09-21T06:30:00+00:00,4.547473509e-13,10905.81021,4.707549099,10910.51776,2
2026-09-21T06:45:00+00:00,4.547473509e-13,10905.81021,12.47791068,10918.28812,2
2026-09-21T07:00:00+00:00,4.547473509e-13,10905.81021,9.975590851,10915.7858,2
2026-09-21T07:15:00+00:00,4.547473509e-13,10905.81021,11.62032249,10917.43054,2
2026-09-21T07:30:00+00:00,4.547473509e-13,10905.81021,8.50237685,10914.31259,2
2026-09-21T07:45:00+00:00,4.547473509e-13,10905.81021,15.1823763,10920.99259,2
2026-09-21T08:00:00+00:00,-0.2502319832,10905.81021,19.92667669,10925.48666,2
2026-09-21T08:15:00+00:00,-0.2502319832,10905.81021,30.65265473,10936.21264,2
2026-09-21T08:30:00+00:00,10985.67145,0,0,10985.67145,0
2026-09-21T08:45:00+00:00,9164.070659,1820.59946,7.414096669,10992.08422,1
2026-09-21T09:00:00+00:00,9164.070659,1820.59946,5.455308015,10990.12543,1
2026-09-21T09:15:00+00:00,9164.070659,1820.59946,-13.96934613,10970.70077,1
2026-09-21T09:30:00+00:00,9164.070659,1820.59946,-15.60167001,10969.06845,1
2026-09-21T09:45:00+00:00,9164.070659,1820.59946,-14.78550807,10969.88461,1
2026-09-21T10:00:00+00:00,9164.070659,1820.59946,-29.31319058,10955.35693,1
2026-09-21T10:15:00+00:00,9164.070659,1820.59946,-22.78389507,10961.88622,1
2026-09-21T10:30:00+00:00,9164.070659,1820.59946,-41.0659225,10943.6042,1
2026-09-21T10:45:00+00:00,9164.070659,1820.59946,-37.47480997,10947.19531,1
2026-09-21T11:00:00+00:00,9164.070659,1820.59946,-56.73623172,10927.93389,1
2026-09-21T11:15:00+00:00,9164.070659,1820.59946,-51.83926009,10932.83086,1
2026-09-21T11:30:00+00:00,9164.070659,1820.59946,-51.51279532,10933.15732,1
2026-09-21T11:45:00+00:00,9164.070659,1820.59946,-23.7632894,10960.90683,1
2026-09-21T12:00:00+00:00,9164.070659,1820.59946,-28.49702864,10956.17309,1
2026-09-21T12:15:00+00:00,9164.070659,1820.59946,-33.88369744,10950.78642,1
2026-09-21T12:30:00+00:00,9164.070659,1820.59946,-43.51440832,10941.15571,1
2026-09-21T12:45:00+00:00,9164.070659,1820.59946,-47.59521801,10937.0749,1
2026-09-21T13:00:00+00:00,9164.070659,1820.59946,-28.82349342,10955.84663,1
2026-09-21T13:15:00+00:00,9164.070659,1820.59946,-7.766515394,10976.9036,1
2026-09-21T13:30:00+00:00,9164.070659,1820.59946,-7.766515394,10976.9036,1
2026-09-21T13:45:00+00:00,9164.070659,1820.59946,-17.0707615,10967.59936,1
2026-09-21T14:00:00+00:00,9164.070659,1820.59946,-2.21661421,10982.4535,1
2026-09-21T14:15:00+00:00,9164.070659,1820.59946,-5.15479719,10979.51532,1
2026-09-21T14:30:00+00:00,9164.070659,1820.59946,-4.012170475,10980.65795,1
2026-09-21T14:45:00+00:00,9164.070659,1820.59946,-2.543078985,10982.12704,1
2026-09-21T15:00:00+00:00,9164.070659,1820.59946,-7.276818231,10977.3933,1
2026-09-21T15:15:00+00:00,9164.070659,1820.59946,-1.563684659,10983.10643,1
2026-09-21T15:30:00+00:00,9164.070659,1820.59946,-5.807726741,10978.86239,1
2026-09-21T15:45:00+00:00,9164.070659,1820.59946,13.45369502,10998.12381,1
2026-09-21T16:00:00+00:00,9164.067443,1820.59946,19.49329336,11004.1602,1
2026-09-21T16:15:00+00:00,9164.067443,1820.59946,16.391878,11001.05878,1
2026-09-21T16:30:00+00:00,9164.067443,1820.59946,14.59632173,10999.26322,1
2026-09-21T16:45:00+00:00,9164.067443,1820.59946,15.08601889,10999.75292,1
2026-09-21T17:00:00+00:00,9164.067443,1820.59946,29.77693379,11014.44384,1
2026-09-21T17:15:00+00:00,9164.067443,1820.59946,24.87996216,11009.54687,1
2026-09-21T17:30:00+00:00,9164.067443,1820.59946,26.83875081,11011.50565,1
2026-09-21T17:45:00+00:00,9164.067443,1820.59946,50.34421465,11035.01112,1
2026-09-21T18:00:00+00:00,9164.067443,1820.59946,29.28723663,11013.95414,1
2026-09-21T18:15:00+00:00,9164.067443,1820.59946,39.0811799,11023.74808,1
2026-09-21T18:30:00+00:00,9164.067443,1820.59946,42.50906004,11027.17596,1
2026-09-21T18:45:00+00:00,9164.067443,1820.59946,41.36643332,11026.03334,1
2026-09-21T19:00:00+00:00,9164.067443,1820.59946,30.26663096,11014.93353,1
2026-09-21T19:15:00+00:00,9164.067443,1820.59946,33.20481394,11017.87172,1
2026-09-21T19:30:00+00:00,9164.067443,1820.59946,25.53289171,11010.19979,1
2026-09-21T19:45:00+00:00,9164.067443,1820.59946,10.18904726,10994.85595,1
2026-09-21T20:00:00+00:00,9164.067443,1820.59946,25.85935649,11010.52626,1
2026-09-21T20:15:00+00:00,9164.067443,1820.59946,12.47430069,10997.1412,1
2026-09-21T20:30:00+00:00,9164.067443,1820.59946,13.78015979,10998.44706,1
2026-09-21T20:45:00+00:00,9164.067443,1820.59946,3.006822199,10987.67373,1
2026-09-21T21:00:00+00:00,9164.067443,1820.59946,-2.21661421,10982.45029,1
2026-09-21T21:15:00+00:00,9164.067443,1820.59946,-19.51924731,10965.14766,1
2026-09-21T21:30:00+00:00,9164.067443,1820.59946,-25.0691485,10959.59775,1
2026-09-21T21:45:00+00:00,9164.067443,1820.59946,-27.6808667,10956.98604,1
2026-09-21T22:00:00+00:00,9164.067443,1820.59946,-11.52086031,10973.14604,1
2026-09-21T22:15:00+00:00,9164.067443,1820.59946,-18.05015582,10966.61675,1
2026-09-21T22:30:00+00:00,9164.067443,1820.59946,-18.05015582,10966.61675,1
2026-09-21T22:45:00+00:00,9164.067443,1820.59946,-14.13257852,10970.53432,1
2026-09-21T23:00:00+00:00,6690.067074,4293.239876,-14.80840721,10968.49854,2
2026-09-21T23:15:00+00:00,6690.067074,4293.239876,-15.31837457,10967.98858,2
2026-09-21T23:30:00+00:00,6690.067074,4293.239876,-16.62162449,10966.68533,2
2026-09-21T23:45:00+00:00,6690.067074,4293.239876,-15.94166801,10967.36528,2
2026-09-22T00:00:00+00:00,6690.00347,4293.239876,-21.49464594,10961.7487,2
2026-09-22T00:15:00+00:00,6690.00347,4293.239876,-21.09800466,10962.14534,2
2026-09-22T00:30:00+00:00,6690.00347,4293.239876,-17.81154833,10965.4318,2
2026-09-22T00:45:00+00:00,6690.00347,4293.239876,-20.92801554,10962.31533,2
2026-09-22T01:00:00+00:00,6690.00347,4293.239876,-24.04448274,10959.19886,2
2026-09-22T01:15:00+00:00,6690.00347,4293.239876,-22.23126546,10961.01208,2
2026-09-22T01:30:00+00:00,6690.00347,4293.239876,-21.89128722,10961.35206,2
2026-09-22T01:45:00+00:00,6690.00347,4293.239876,-19.34145041,10963.9019,2
2026-09-22T02:00:00+00:00,6690.00347,4293.239876,-21.26799378,10961.97535,2
2026-09-22T02:15:00+00:00,6690.00347,4293.239876,-19.00147217,10964.24187,2
2026-09-22T02:30:00+00:00,6690.00347,4293.239876,-18.49150481,10964.75184,2
2026-09-22T02:45:00+00:00,5536.175622,5446.433468,-33.36949919,10949.23959,3
2026-09-22T03:00:00+00:00,5536.175622,5446.433468,-40.46433409,10942.14476,3
2026-09-22T03:15:00+00:00,5536.175622,5446.433468,-55.66738794,10926.9417,3
2026-09-22T03:30:00+00:00,5536.175622,5446.433468,-63.09548672,10919.5136,3
2026-09-22T03:45:00+00:00,5536.175622,5446.433468,-66.0881468,10916.52094,3
2026-09-22T04:00:00+00:00,5536.175622,5446.433468,-87.28831199,10895.32078,3
2026-09-22T04:15:00+00:00,4073.498647,6908.306412,-92.10420995,10889.70085,4
2026-09-22T04:30:00+00:00,4073.498647,6908.306412,-128.5254903,10853.27957,4
2026-09-22T04:45:00+00:00,6433.951658,4435.665996,-68.12526556,10801.49239,3
2026-09-22T05:00:00+00:00,6433.951658,4435.665996,-48.53457481,10821.08308,3
2026-09-22T05:15:00+00:00,6433.951658,4435.665996,-52.14328741,10817.47437,3
2026-09-22T05:30:00+00:00,6433.951658,4435.665996,-42.95996932,10826.65768,3
2026-09-22T05:45:00+00:00,6433.951658,4435.665996,-25.2256387,10844.39202,3
2026-09-22T06:00:00+00:00,3158.270253,7709.546767,-17.15324627,10850.66377,4
2026-09-22T06:15:00+00:00,3158.270253,7709.546767,-38.81750874,10828.99951,4
2026-09-22T06:30:00+00:00,3158.270253,7709.546767,-55.78100827,10812.03601,4
2026-09-22T06:45:00+00:00,0,10863.11196,-57.56354545,10805.54841,5
2026-09-22T07:00:00+00:00,0,10863.11196,-76.37038722,10786.74157,5
2026-09-22T07:15:00+00:00,0,10863.11196,-53.91516774,10809.19679,5
2026-09-22T07:30:00+00:00,0,10863.11196,-42.50373385,10820.60822,5
2026-09-22T07:45:00+00:00,0,10863.11196,-60.7980669,10802.31389,5
2026-09-22T08:00:00+00:00,1.10948713,10863.11196,-81.46216114,10782.75928,5
2026-09-22T08:15:00+00:00,1.10948713,10863.11196,-68.41116187,10795.81028,5
2026-09-22T08:30:00+00:00,1.10948713,10863.11196,-175.4146032,10688.80684,5
2026-09-22T08:45:00+00:00,1.10948713,10863.11196,-174.0582727,10690.16317,5
2026-09-22T09:00:00+00:00,1.10948713,10863.11196,-132.3056311,10731.91581,5
2026-09-22T09:15:00+00:00,1.10948713,10863.11196,-144.7907838,10719.43066,5
2026-09-22T09:30:00+00:00,1.10948713,10863.11196,-173.3711903,10690.85025,5
2026-09-22T09:45:00+00:00,1.10948713,10863.11196,-195.1169712,10669.10447,5
2026-09-22T10:00:00+00:00,2.273736754e-13,10899.54062,-187.2738264,10712.26679,5
2026-09-22T10:15:00+00:00,2.273736754e-13,10899.54062,-167.8425027,10731.69812,5
2026-09-22T10:30:00+00:00,2.273736754e-13,10899.54062,-168.3009272,10731.23969,5
2026-09-22T10:45:00+00:00,2.273736754e-13,10899.54062,-168.7684147,10730.77221,5
2026-09-22T11:00:00+00:00,2.273736754e-13,10899.54062,-160.0828779,10739.45774,5
2026-09-22T11:15:00+00:00,2.273736754e-13,10899.54062,-172.8382912,10726.70233,5
2026-09-22T11:30:00+00:00,2.273736754e-13,10899.54062,-213.0392961,10686.50132,5
2026-09-22T11:45:00+00:00,2.273736754e-13,10899.54062,-177.5189938,10722.02163,5
2026-09-22T12:00:00+00:00,2.273736754e-13,10899.54062,-149.1222371,10750.41838,5
2026-09-22T12:15:00+00:00,2.273736754e-13,10899.54062,-177.9542432,10721.58638,5
2026-09-22T12:30:00+00:00,2.273736754e-13,10899.54062,-196.7719802,10702.76864,5
2026-09-22T12:45:00+00:00,2.273736754e-13,10899.54062,-207.2134555,10692.32717,5
2026-09-22T13:00:00+00:00,2.273736754e-13,10899.54062,-223.5612723,10675.97935,5
2026-09-22T13:15:00+00:00,2.273736754e-13,10899.54062,-198.0346402,10701.50598,5
2026-09-22T13:30:00+00:00,2.273736754e-13,10899.54062,-258.2568163,10641.2838,5
2026-09-22T13:45:00+00:00,3158.494713,7625.65985,-227.1977978,10556.95677,4
2026-09-22T14:00:00+00:00,3158.494713,7625.65985,-244.7791294,10539.37543,4
2026-09-22T14:15:00+00:00,3158.494713,7625.65985,-192.4626651,10591.6919,4
2026-09-22T14:30:00+00:00,612.4882532,10170.26678,-218.0287541,10564.72628,5
2026-09-22T14:45:00+00:00,612.4882532,10170.26678,-231.9535177,10550.80151,5
2026-09-22T15:00:00+00:00,612.4882532,10170.26678,-210.0594778,10572.69555,5
2026-09-22T15:15:00+00:00,612.4882532,10170.26678,-198.8581322,10583.8969,5
2026-09-22T15:30:00+00:00,3640.328109,7016.701586,-119.6642129,10537.36548,4
2026-09-22T15:45:00+00:00,3640.328109,7016.701586,-122.3048121,10534.72488,4
2026-09-22T16:00:00+00:00,3640.153903,7016.701586,-129.5976946,10527.25779,4
2026-09-22T16:15:00+00:00,0,10654.3227,-126.093451,10528.22925,5
2026-09-22T16:30:00+00:00,0,10654.3227,-118.8599046,10535.46279,5
2026-09-22T16:45:00+00:00,0,10654.3227,-104.0148242,10550.30787,5
2026-09-22T17:00:00+00:00,0,10654.3227,-94.55353164,10559.76917,5
2026-09-22T17:15:00+00:00,0,10654.3227,-94.34949414,10559.9732,5
2026-09-22T17:30:00+00:00,0,10654.3227,-100.2117953,10554.1109,5
2026-09-22T17:45:00+00:00,0,10654.3227,-101.7751417,10552.54756,5
2026-09-22T18:00:00+00:00,0,10654.3227,-107.115304,10547.20739,5
2026-09-22T18:15:00+00:00,0,10654.3227,-137.5907956,10516.7319,5
2026-09-22T18:30:00+00:00,0,10654.3227,-131.5976595,10522.72504,5
2026-09-22T18:45:00+00:00,0,10654.3227,-134.4412362,10519.88146,5
2026-09-22T19:00:00+00:00,0,10654.3227,-124.0329847,10530.28971,5
2026-09-22T19:15:00+00:00,0,10654.3227,-105.857465,10548.46523,5
2026-09-22T19:30:00+00:00,0,10654.3227,-138.0831514,10516.23955,5
2026-09-22T19:45:00+00:00,0,10654.3227,-146.8109936,10507.5117,5
2026-09-22T20:00:00+00:00,0,10654.3227,-169.1162508,10485.20645,5
2026-09-22T20:15:00+00:00,0,10654.3227,-158.5533799,10495.76932,5
2026-09-22T20:30:00+00:00,0,10654.3227,-168.881574,10485.44112,5
2026-09-22T20:45:00+00:00,0,10654.3227,-165.6750759,10488.64762,5
2026-09-22T21:00:00+00:00,0,10654.3227,-165.4893854,10488.83331,5
2026-09-22T21:15:00+00:00,0,10654.3227,-168.637834,10485.68486,5
2026-09-22T21:30:00+00:00,0,10654.3227,-175.7350101,10478.58769,5
2026-09-22T21:45:00+00:00,0,10654.3227,-165.5744302,10488.74827,5
2026-09-22T22:00:00+00:00,0,10654.3227,-180.5290556,10473.79364,5
2026-09-22T22:15:00+00:00,0,10654.3227,-159.2564286,10495.06627,5
2026-09-22T22:30:00+00:00,0,10654.3227,-142.5436295,10511.77907,5
2026-09-22T22:45:00+00:00,0,10654.3227,-142.7974159,10511.52528,5
2026-09-22T23:00:00+00:00,0,10654.3227,-97.25125373,10557.07144,5
2026-09-22T23:15:00+00:00,0,10654.3227,-118.8574574,10535.46524,5
2026-09-22T23:30:00+00:00,0,10654.3227,-133.1585303,10521.16417,5
2026-09-22T23:45:00+00:00,0,10654.3227,-122.3957048,10531.92699,5
2026-09-23T00:00:00+00:00,-0.3471690357,10654.3227,-116.50722,10537.46831,5
2026-09-23T00:15:00+00:00,-0.3471690357,10654.3227,-114.4754022,10539.50013,5
2026-09-23T00:30:00+00:00,-0.3471690357,10654.3227,-121.1205859,10532.85494,5
2026-09-23T00:45:00+00:00,-0.3471690357,10654.3227,-131.2412047,10522.73432,5
2026-09-23T01:00:00+00:00,-0.3471690357,10654.3227,-107.6576861,10546.31784,5
2026-09-23T01:15:00+00:00,-0.3471690357,10654.3227,-136.3055645,10517.66996,5
2026-09-23T01:30:00+00:00,-0.3471690357,10654.3227,-159.4564753,10494.51905,5
2026-09-23T01:45:00+00:00,-0.3471690357,10654.3227,-162.8879651,10491.08756,5
2026-09-23T02:00:00+00:00,-0.3471690357,10654.3227,-160.1758686,10493.79966,5
2026-09-23T02:15:00+00:00,-0.3471690357,10654.3227,-151.6288809,10502.34665,5
2026-09-23T02:30:00+00:00,-0.3471690357,10654.3227,-161.0025195,10492.97301,5
2026-09-23T02:45:00+00:00,1744.648755,8797.294574,-36.29897864,10505.64435,4
2026-09-23T03:00:00+00:00,1744.648755,8797.294574,-32.36305491,10509.58027,4
2026-09-23T03:15:00+00:00,1744.648755,8797.294574,-13.57779751,10528.36553,4
2026-09-23T03:30:00+00:00,1744.648755,8797.294574,39.86761777,10581.81095,4
2026-09-23T03:45:00+00:00,2.273736754e-13,10540.95935,8.029009045,10548.98836,5
2026-09-23T04:00:00+00:00,1113.552167,9387.765755,36.93797045,10538.25589,4
2026-09-23T04:15:00+00:00,0,10500.01178,92.0899826,10592.10176,5
2026-09-23T04:30:00+00:00,0,10500.01178,122.316469,10622.32825,5
2026-09-23T04:45:00+00:00,0,10500.01178,122.7109446,10622.72273,5
2026-09-23T05:00:00+00:00,0,10500.01178,57.21725009,10557.22903,5
2026-09-23T05:15:00+00:00,0,10500.01178,30.97094135,10530.98272,5
2026-09-23T05:30:00+00:00,1422.554187,9038.138837,74.2359968,10534.92902,4
2026-09-23T05:45:00+00:00,1422.554187,9038.138837,12.34388822,10473.03691,4
2026-09-23T06:00:00+00:00,1422.554187,9038.138837,61.91039802,10522.60342,4
2026-09-23T06:15:00+00:00,1422.554187,9038.138837,67.14006988,10527.83309,4
2026-09-23T06:30:00+00:00,1422.554187,9038.138837,120.2759771,10580.969,4
2026-09-23T06:45:00+00:00,1422.554187,9038.138837,85.8046262,10546.49765,4
2026-09-23T07:00:00+00:00,1422.554187,9038.138837,58.97295108,10519.66598,4
2026-09-23T07:15:00+00:00,1422.554187,9038.138837,90.31674537,10551.00977,4
2026-09-23T07:30:00+00:00,1422.554187,9038.138837,35.7052169,10496.39824,4
2026-09-23T07:45:00+00:00,1422.554187,9038.138837,19.20644194,10479.89947,4
2026-09-23T08:00:00+00:00,1421.826049,9038.138837,16.59496955,10476.55986,4
2026-09-23T08:15:00+00:00,0,10456.29825,46.11779072,10502.41604,5
2026-09-23T08:30:00+00:00,0,10456.29825,57.8675852,10514.16583,5
2026-09-23T08:45:00+00:00,0,10456.29825,12.20143223,10468.49968,5
2026-09-23T09:00:00+00:00,0,10456.29825,21.33879315,10477.63704,5
2026-09-23T09:15:00+00:00,0,10456.29825,62.82433241,10519.12258,5
2026-09-23T09:30:00+00:00,0,10456.29825,56.28410308,10512.58235,5
2026-09-23T09:45:00+00:00,0,10456.29825,52.99341241,10509.29166,5
2026-09-23T10:00:00+00:00,0,10456.29825,30.63666975,10486.93492,5
2026-09-23T10:15:00+00:00,0,10456.29825,-20.1319601,10436.16629,5
2026-09-23T10:30:00+00:00,0,10456.29825,-63.78599734,10392.51225,5
2026-09-23T10:45:00+00:00,0,10456.29825,-52.19678582,10404.10146,5
2026-09-23T11:00:00+00:00,0,10456.29825,-80.93489579,10375.36335,5
2026-09-23T11:15:00+00:00,0,10456.29825,-130.2672301,10326.03102,5
2026-09-23T11:30:00+00:00,0,10456.29825,-156.7096092,10299.58864,5
2026-09-23T11:45:00+00:00,0,10456.29825,-143.3150738,10312.98318,5
2026-09-23T12:00:00+00:00,1004.606452,9344.052223,-48.39259357,10300.26608,4
2026-09-23T12:15:00+00:00,1004.606452,9344.052223,-45.00706649,10303.65161,4
2026-09-23T12:30:00+00:00,1004.606452,9344.052223,-51.56717979,10297.09149,4
2026-09-23T12:45:00+00:00,1004.606452,9344.052223,-48.70164381,10299.95703,4
2026-09-23T13:00:00+00:00,1004.606452,9344.052223,-62.42191933,10286.23675,4
2026-09-23T13:15:00+00:00,1004.606452,9344.052223,-46.95523075,10301.70344,4
2026-09-23T13:30:00+00:00,1004.606452,9344.052223,-24.89416435,10323.76451,4
2026-09-23T13:45:00+00:00,1.136868377e-13,10348.02817,-16.15401931,10331.87415,5
2026-09-23T14:00:00+00:00,5685.172213,4641.59706,-16.61652975,10310.15274,2
2026-09-23T14:15:00+00:00,9212.867823,1003.975949,66.33979359,10283.18357,1
2026-09-23T14:30:00+00:00,9212.867823,1003.975949,56.92319177,10273.76696,1
2026-09-23T14:45:00+00:00,9212.867823,1003.975949,52.71341685,10269.55719,1
2026-09-23T15:00:00+00:00,9212.867823,1003.975949,48.39285837,10265.23663,1
2026-09-23T15:15:00+00:00,9212.867823,1003.975949,65.23195808,10282.07573,1
2026-09-23T15:30:00+00:00,9212.867823,1003.975949,73.54072438,10290.3845,1
2026-09-23T15:45:00+00:00,9212.867823,1003.975949,75.5348283,10292.3786,1
2026-09-23T16:00:00+00:00,9212.921359,1003.975949,62.24080221,10279.13811,1
2026-09-23T16:15:00+00:00,9212.921359,1003.975949,66.11822648,10283.01553,1
2026-09-23T16:30:00+00:00,9212.921359,1003.975949,60.6898325,10277.58714,1
2026-09-23T16:45:00+00:00,9212.921359,1003.975949,70.32800141,10287.22531,1
2026-09-23T17:00:00+00:00,9212.921359,1003.975949,82.73575909,10299.63307,1
2026-09-23T17:15:00+00:00,9212.921359,1003.975949,75.7563954,10292.6537,1
2026-09-23T17:30:00+00:00,9212.921359,1003.975949,73.76229148,10290.6596,1
2026-09-23T17:45:00+00:00,9212.921359,1003.975949,75.9779625,10292.87527,1
2026-09-23T18:00:00+00:00,9212.921359,1003.975949,86.94553402,10303.84284,1
2026-09-23T18:15:00+00:00,9212.921359,1003.975949,89.38277214,10306.28008,1
2026-09-23T18:30:00+00:00,9212.921359,1003.975949,86.94553402,10303.84284,1
2026-09-23T18:45:00+00:00,9212.921359,1003.975949,85.94848206,10302.84579,1
2026-09-23T19:00:00+00:00,9212.921359,1003.975949,84.61907946,10301.51639,1
2026-09-23T19:15:00+00:00,9212.921359,1003.975949,72.10053822,10288.99785,1
2026-09-23T19:30:00+00:00,9212.921359,1003.975949,75.31326119,10292.21057,1
2026-09-23T19:45:00+00:00,9212.921359,1003.975949,78.74755127,10295.64486,1
2026-09-23T20:00:00+00:00,9212.921359,1003.975949,78.30441706,10295.20172,1
2026-09-23T20:15:00+00:00,9212.921359,1003.975949,78.19363351,10295.09094,1
2026-09-23T20:30:00+00:00,9212.921359,1003.975949,72.43288888,10289.3302,1
2026-09-23T20:45:00+00:00,9212.921359,1003.975949,74.42699279,10291.3243,1
2026-09-23T21:00:00+00:00,9212.921359,1003.975949,62.68393641,10279.58124,1
2026-09-23T21:15:00+00:00,9212.921359,1003.975949,57.03397533,10273.93128,1
2026-09-23T21:30:00+00:00,9212.921359,1003.975949,53.37811815,10270.27543,1
2026-09-23T21:45:00+00:00,9212.921359,1003.975949,56.14770692,10273.04501,1
2026-09-23T22:00:00+00:00,9212.921359,1003.975949,48.83599257,10265.7333,1
2026-09-23T22:15:00+00:00,9212.921359,1003.975949,50.05461163,10266.95192,1
2026-09-23T22:30:00+00:00,9212.921359,1003.975949,61.02218315,10277.91949,1
2026-09-23T22:45:00+00:00,9212.921359,1003.975949,61.68688446,10278.58419,1
2026-09-23T23:00:00+00:00,9212.921359,1003.975949,62.24080221,10279.13811,1
2026-09-23T23:15:00+00:00,9212.921359,1003.975949,56.36927402,10273.26658,1
2026-09-23T23:30:00+00:00,9212.921359,1003.975949,67.33684554,10284.23415,1
2026-09-23T23:45:00+00:00,9212.921359,1003.975949,67.00449489,10283.9018,1
2026-09-24T00:00:00+00:00,9212.975333,1003.975949,72.54367243,10289.49495,1
2026-09-24T00:15:00+00:00,9212.975333,1003.975949,73.09759018,10290.04887,1
2026-09-24T00:30:00+00:00,9212.975333,1003.975949,71.98975467,10288.94104,1
2026-09-24T00:45:00+00:00,9212.975333,1003.975949,79.85538677,10296.80667,1
2026-09-24T01:00:00+00:00,9212.975333,1003.975949,82.18184134,10299.13312,1
2026-09-24T01:15:00+00:00,9212.975333,1003.975949,83.1788933,10300.13017,1
2026-09-24T01:30:00+00:00,9212.975333,1003.975949,83.1788933,10300.13017,1
2026-09-24T01:45:00+00:00,9212.975333,1003.975949,84.84064656,10301.79193,1
2026-09-24T02:00:00+00:00,9212.975333,1003.975949,74.42699279,10291.37827,1
2026-09-24T02:15:00+00:00,9212.975333,1003.975949,70.21721786,10287.1685,1
2026-09-24T02:30:00+00:00,9212.975333,1003.975949,63.12707062,10280.07835,1
2026-09-24T02:45:00+00:00,1683.673799,8529.138643,49.61218727,10262.42463,2
2026-09-24T03:00:00+00:00,1683.673799,8529.138643,46.13922605,10258.95167,2
2026-09-24T03:15:00+00:00,1683.673799,8529.138643,36.80831434,10249.62076,2
2026-09-24T03:30:00+00:00,1683.673799,8529.138643,25.44045367,10238.2529,2
2026-09-24T03:45:00+00:00,1683.673799,8529.138643,5.585104635,10218.39755,2
2026-09-24T04:00:00+00:00,-2.273736754e-13,10209.48458,4.339806441,10213.82439,3
2026-09-24T04:15:00+00:00,-2.273736754e-13,10209.48458,-2.948288585,10206.53629,3
2026-09-24T04:30:00+00:00,-2.273736754e-13,10209.48458,15.17068037,10224.65526,3
2026-09-24T04:45:00+00:00,-2.273736754e-13,10209.48458,8.851885162,10218.33646,3
2026-09-24T05:00:00+00:00,-2.273736754e-13,10209.48458,-8.346429438,10201.13815,3
2026-09-24T05:15:00+00:00,-2.273736754e-13,10209.48458,-7.402601587,10202.08198,3
2026-09-24T05:30:00+00:00,-2.273736754e-13,10209.48458,1.417575581,10210.90215,3
2026-09-24T05:45:00+00:00,-2.273736754e-13,10209.48458,16.59649216,10226.08107,3
2026-09-24T06:00:00+00:00,-2.273736754e-13,10209.48458,-8.114870851,10201.36971,3
2026-09-24T06:15:00+00:00,-2.273736754e-13,10209.48458,-15.2012793,10194.2833,3
2026-09-24T06:30:00+00:00,-2.273736754e-13,10209.48458,3.759316011,10213.2439,3
2026-09-24T06:45:00+00:00,-2.273736754e-13,10209.48458,9.603276901,10219.08786,3
2026-09-24T07:00:00+00:00,-2.273736754e-13,10209.48458,10.27158802,10219.75617,3
2026-09-24T07:15:00+00:00,-2.273736754e-13,10209.48458,17.48291556,10226.96749,3
2026-09-24T07:30:00+00:00,-2.273736754e-13,10209.48458,2.541399281,10212.02598,3
2026-09-24T07:45:00+00:00,-2.273736754e-13,10209.48458,14.83724503,10224.32182,3
2026-09-24T08:00:00+00:00,-0.1571306751,10209.48458,13.10374092,10222.43119,3
2026-09-24T08:15:00+00:00,-0.1571306751,10209.48458,31.2970678,10240.62452,3
2026-09-24T08:30:00+00:00,-0.1571306751,10209.48458,34.70672387,10244.03417,3
2026-09-24T08:45:00+00:00,-0.1571306751,10209.48458,33.74786759,10243.07532,3
2026-09-24T09:00:00+00:00,-0.1571306751,10209.48458,41.65025941,10250.97771,3
2026-09-24T09:15:00+00:00,-0.1571306751,10209.48458,48.84894946,10258.1764,3
2026-09-24T09:30:00+00:00,7414.414448,2684.321885,155.0212581,10253.75759,2
2026-09-24T09:45:00+00:00,7414.414448,2684.321885,146.3233153,10245.05965,2
2026-09-24T10:00:00+00:00,7414.414448,2684.321885,150.774738,10249.51107,2
2026-09-24T10:15:00+00:00,7414.414448,2684.321885,147.5991146,10246.33545,2
2026-09-24T10:30:00+00:00,7414.414448,2684.321885,144.9730903,10243.70942,2
2026-09-24T10:45:00+00:00,7414.414448,2684.321885,125.4719629,10224.2083,2
2026-09-24T11:00:00+00:00,1803.895721,8291.756523,101.3592394,10197.01148,3
2026-09-24T11:15:00+00:00,1803.895721,8291.756523,116.5824612,10212.2347,3
2026-09-24T11:30:00+00:00,1803.895721,8291.756523,121.1025178,10216.75476,3
2026-09-24T11:45:00+00:00,1803.895721,8291.756523,117.7690997,10213.42134,3
2026-09-24T12:00:00+00:00,1803.895721,8291.756523,106.1308986,10201.78314,3
2026-09-24T12:15:00+00:00,1803.895721,8291.756523,100.9403922,10196.59264,3
2026-09-24T12:30:00+00:00,1803.895721,8291.756523,120.2051016,10215.85735,3
2026-09-24T12:45:00+00:00,1803.895721,8291.756523,103.7431214,10199.39537,3
2026-09-24T13:00:00+00:00,1803.895721,8291.756523,52.6922515,10148.3445,3
2026-09-24T13:15:00+00:00,1803.895721,8291.756523,17.62204063,10113.27428,3
2026-09-24T13:30:00+00:00,1803.895721,8291.756523,16.81620919,10112.46845,3
2026-09-24T13:45:00+00:00,1803.895721,8291.756523,-7.947395437,10087.70485,3
2026-09-24T14:00:00+00:00,229.1393043,9865.647299,-3.182900594,10091.6037,4
2026-09-24T14:15:00+00:00,5722.619865,4258.212661,14.13780922,9994.970335,3
2026-09-24T14:30:00+00:00,5722.619865,4258.212661,39.34920374,10020.18173,3
2026-09-24T14:45:00+00:00,5722.619865,4258.212661,77.98797111,10058.8205,3
2026-09-24T15:00:00+00:00,5093.148644,4863.486988,84.83864495,10041.47428,3
2026-09-24T15:15:00+00:00,3707.626283,6298.123891,36.27403811,10042.02421,3
2026-09-24T15:30:00+00:00,3707.626283,6298.123891,45.37319106,10051.12336,3
2026-09-24T15:45:00+00:00,3707.626283,6298.123891,36.99937799,10042.74955,3
2026-09-24T16:00:00+00:00,3707.855292,6298.123891,44.14856132,10050.12774,3
2026-09-24T16:15:00+00:00,0,10003.8609,63.15741188,10067.01831,4
2026-09-24T16:30:00+00:00,0,10003.8609,65.06837976,10068.92928,4
2026-09-24T16:45:00+00:00,0,10003.8609,75.80265388,10079.66355,4
2026-09-24T17:00:00+00:00,0,10003.8609,81.05673572,10084.91763,4
2026-09-24T17:15:00+00:00,0,10003.8609,81.05100438,10084.9119,4
2026-09-24T17:30:00+00:00,0,10003.8609,67.49893221,10071.35983,4
2026-09-24T17:45:00+00:00,0,10003.8609,64.38418304,10068.24508,4
2026-09-24T18:00:00+00:00,0,10003.8609,65.90447816,10069.76538,4
2026-09-24T18:15:00+00:00,0,10003.8609,75.13257104,10078.99347,4
2026-09-24T18:30:00+00:00,0,10003.8609,56.57473504,10060.43563,4
2026-09-24T18:45:00+00:00,0,10003.8609,77.32032063,10081.18122,4
2026-09-24T19:00:00+00:00,0,10003.8609,74.06338754,10077.92429,4
2026-09-24T19:15:00+00:00,0,10003.8609,65.61534807,10069.47625,4
2026-09-24T19:30:00+00:00,0,10003.8609,47.37388005,10051.23478,4
2026-09-24T19:45:00+00:00,0,10003.8609,50.67155952,10054.53246,4
2026-09-24T20:00:00+00:00,0,10003.8609,39.73250043,10043.5934,4
2026-09-24T20:15:00+00:00,0,10003.8609,55.98581292,10059.84671,4
2026-09-24T20:30:00+00:00,0,10003.8609,54.52595812,10058.38686,4
2026-09-24T20:45:00+00:00,0,10003.8609,57.5468629,10061.40776,4
2026-09-24T21:00:00+00:00,0,10003.8609,63.70891973,10067.56982,4
2026-09-24T21:15:00+00:00,0,10003.8609,82.83526821,10086.69617,4
2026-09-24T21:30:00+00:00,0,10003.8609,118.2854197,10122.14632,4
2026-09-24T21:45:00+00:00,0,10003.8609,101.324337,10105.18523,4
2026-09-24T22:00:00+00:00,0,10003.8609,79.92828713,10083.78918,4
2026-09-24T22:15:00+00:00,0,10003.8609,38.80515578,10042.66605,4
2026-09-24T22:30:00+00:00,0,10003.8609,26.28775994,10030.14866,4
2026-09-24T22:45:00+00:00,0,10003.8609,19.72680478,10023.5877,4
2026-09-24T23:00:00+00:00,0,10003.8609,5.127040787,10008.98794,4
2026-09-24T23:15:00+00:00,0,10003.8609,19.5363241,10023.39722,4
2026-09-24T23:30:00+00:00,0,10003.8609,14.81956926,10018.68047,4
2026-09-24T23:45:00+00:00,0,10003.8609,25.81161092,10029.67251,4
2026-09-25T00:00:00+00:00,-0.3207317802,10003.8609,58.83653682,10062.3767,4
2026-09-25T00:15:00+00:00,-0.3207317802,10003.8609,63.42398982,10066.96416,4
2026-09-25T00:30:00+00:00,-0.3207317802,10003.8609,50.95950056,10054.49967,4
2026-09-25T00:45:00+00:00,-0.3207317802,10003.8609,47.31186914,10050.85203,4
2026-09-25T01:00:00+00:00,-0.3207317802,10003.8609,60.93566568,10064.47583,4
2026-09-25T01:15:00+00:00,-0.3207317802,10003.8609,51.29012745,10054.83029,4
2026-09-25T01:30:00+00:00,-0.3207317802,10003.8609,53.28479672,10056.82496,4
2026-09-25T01:45:00+00:00,-0.3207317802,10003.8609,54.30953878,10057.8497,4
2026-09-25T02:00:00+00:00,-0.3207317802,10003.8609,72.56864212,10076.10881,4
2026-09-25T02:15:00+00:00,-0.3207317802,10003.8609,61.01936312,10064.55953,4
2026-09-25T02:30:00+00:00,-0.3207317802,10003.8609,34.80173954,10038.34191,4
2026-09-25T02:45:00+00:00,-0.3207317802,10003.8609,32.51858381,10036.05875,4
2026-09-25T03:00:00+00:00,-0.3207317802,10003.8609,23.87871051,10027.41888,4
2026-09-25T03:15:00+00:00,-0.3207317802,10003.8609,17.71602451,10021.25619,4
2026-09-25T03:30:00+00:00,-0.3207317802,10003.8609,25.94393812,10029.4841,4
2026-09-25T03:45:00+00:00,-0.3207317802,10003.8609,26.88269247,10030.42286,4
2026-09-25T04:00:00+00:00,-0.3207317802,10003.8609,31.2644537,10034.80462,4
2026-09-25T04:15:00+00:00,-0.3207317802,10003.8609,40.22545774,10043.76562,4
2026-09-25T04:30:00+00:00,-0.3207317802,10003.8609,53.44250262,10056.98267,4
2026-09-25T04:45:00+00:00,-0.3207317802,10003.8609,36.72806827,10040.26823,4
2026-09-25T05:00:00+00:00,-0.3207317802,10003.8609,27.54913503,10031.0893,4
2026-09-25T05:15:00+00:00,1666.51783,8323.514962,36.95369117,10026.98648,3
2026-09-25T05:30:00+00:00,1666.51783,8323.514962,41.80365718,10031.83645,3
2026-09-25T05:45:00+00:00,0,9985.47902,36.24512045,10021.72414,4
2026-09-25T06:00:00+00:00,0,9985.47902,33.86316491,10019.34218,4
2026-09-25T06:15:00+00:00,0,9985.47902,36.42006714,10021.89909,4
2026-09-25T06:30:00+00:00,0,9985.47902,33.73871988,10019.21774,4
2026-09-25T06:45:00+00:00,0,9985.47902,38.3280231,10023.80704,4
2026-09-25T07:00:00+00:00,0,9985.47902,46.32464703,10031.80367,4
2026-09-25T07:15:00+00:00,0,9985.47902,50.79277125,10036.27179,4
2026-09-25T07:30:00+00:00,0,9985.47902,32.35417797,10017.8332,4
2026-09-25T07:45:00+00:00,0,9985.47902,56.55915453,10042.03817,4
2026-09-25T08:00:00+00:00,-0.0486602606,9985.47902,49.30651665,10034.73688,4
2026-09-25T08:15:00+00:00,-0.0486602606,9985.47902,83.89223803,10069.3226,4
2026-09-25T08:30:00+00:00,-0.0486602606,9985.47902,74.61738748,10060.04775,4
2026-09-25T08:45:00+00:00,-0.0486602606,9985.47902,84.76490858,10070.19527,4
2026-09-25T09:00:00+00:00,-0.0486602606,9985.47902,80.01782627,10065.44819,4
2026-09-25T09:15:00+00:00,-0.0486602606,9985.47902,102.2861334,10087.71649,4
2026-09-25T09:30:00+00:00,-0.0486602606,9985.47902,109.4085432,10094.8389,4
2026-09-25T09:45:00+00:00,-0.0486602606,9985.47902,105.8175687,10091.24793,4
2026-09-25T10:00:00+00:00,-0.0486602606,9985.47902,83.88700892,10069.31737,4
2026-09-25T10:15:00+00:00,-0.0486602606,9985.47902,96.85854262,10082.2889,4
2026-09-25T10:30:00+00:00,-0.0486602606,9985.47902,100.8711807,10086.30154,4
2026-09-25T10:45:00+00:00,-0.0486602606,9985.47902,98.10502631,10083.53539,4
2026-09-25T11:00:00+00:00,1544.685999,8323.514962,240.3678682,10108.56883,3
2026-09-25T11:15:00+00:00,1544.685999,8323.514962,257.7848399,10125.9858,3
2026-09-25T11:30:00+00:00,1544.685999,8323.514962,227.953237,10096.1542,3
2026-09-25T11:45:00+00:00,0,9865.05134,232.7988312,10097.85017,4
2026-09-25T12:00:00+00:00,2633.478192,7426.438488,71.34183291,10131.25851,3
2026-09-25T12:15:00+00:00,2633.478192,7426.438488,65.73555712,10125.65224,3
2026-09-25T12:30:00+00:00,2633.478192,7426.438488,58.50395152,10118.42063,3
2026-09-25T12:45:00+00:00,0,10056.90678,56.86300671,10113.76979,4
2026-09-25T13:00:00+00:00,0,10056.90678,40.91054682,10097.81733,4
2026-09-25T13:15:00+00:00,0,10056.90678,21.4945343,10078.40132,4
2026-09-25T13:30:00+00:00,0,10056.90678,6.402764744,10063.30955,4
2026-09-25T13:45:00+00:00,0,10056.90678,0.02802634956,10056.93481,4
2026-09-25T14:00:00+00:00,0,10056.90678,-26.5608635,10030.34592,4
2026-09-25T14:15:00+00:00,0,10056.90678,-19.60983005,10037.29695,4
2026-09-25T14:30:00+00:00,0,10056.90678,-25.02688363,10031.8799,4
2026-09-25T14:45:00+00:00,0,10056.90678,11.94768105,10068.85446,4
2026-09-25T15:00:00+00:00,0,10056.90678,23.5421202,10080.4489,4
2026-09-25T15:15:00+00:00,0,10056.90678,-10.68933551,10046.21745,4
2026-09-25T15:30:00+00:00,0,10056.90678,-28.7359637,10028.17082,4
2026-09-25T15:45:00+00:00,0,10056.90678,-3.965397993,10052.94138,4
2026-09-25T16:00:00+00:00,-0.6058767949,10056.90678,5.218205632,10061.51911,4
2026-09-25T16:15:00+00:00,0,10089.2336,-28.60297279,10060.63063,4
2026-09-25T16:30:00+00:00,0,10089.2336,-25.57565046,10063.65795,4
2026-09-25T16:45:00+00:00,0,10089.2336,-29.70406051,10059.52954,4
2026-09-25T17:00:00+00:00,0,10089.2336,-31.41155334,10057.82205,4
2026-09-25T17:15:00+00:00,0,10089.2336,-29.14909544,10060.08451,4
2026-09-25T17:30:00+00:00,2671.657772,7458.765309,-64.77927796,10065.6438,3
2026-09-25T17:45:00+00:00,6350.294049,3753.028303,-41.23496059,10062.08739,2
2026-09-25T18:00:00+00:00,490.0718033,9610.029198,-56.0279648,10044.07304,3
2026-09-25T18:15:00+00:00,490.0718033,9610.029198,-54.67852259,10045.42248,3
2026-09-25T18:30:00+00:00,490.0718033,9610.029198,-55.16039094,10044.94061,3
2026-09-25T18:45:00+00:00,490.0718033,9610.029198,-54.20879143,10045.89221,3
2026-09-25T19:00:00+00:00,490.0718033,9610.029198,-57.28418185,10042.81682,3
2026-09-25T19:15:00+00:00,490.0718033,9610.029198,-53.98566246,10046.11534,3
2026-09-25T19:30:00+00:00,490.0718033,9610.029198,-52.33066799,10047.77033,3
2026-09-25T19:45:00+00:00,0,10098.757,-53.97101818,10044.78598,4
2026-09-25T20:00:00+00:00,0,10098.757,-53.16166022,10045.59534,4
2026-09-25T20:15:00+00:00,0,10098.757,-54.19903954,10044.55796,4
2026-09-25T20:30:00+00:00,0,10098.757,-53.95876382,10044.79824,4
2026-09-25T20:45:00+00:00,0,10098.757,-51.20155968,10047.55544,4
2026-09-25T21:00:00+00:00,0,10098.757,-49.42194332,10049.33506,4
2026-09-25T21:15:00+00:00,0,10098.757,-50.13363714,10048.62336,4
2026-09-25T21:30:00+00:00,0,10098.757,-50.49888302,10048.25812,4
2026-09-25T21:45:00+00:00,0,10098.757,-50.29317351,10048.46383,4
2026-09-25T22:00:00+00:00,0,10098.757,-51.6692785,10047.08772,4
2026-09-25T22:15:00+00:00,0,10098.757,-52.54277474,10046.21423,4
2026-09-25T22:30:00+00:00,0,10098.757,-54.24100432,10044.516,4
2026-09-25T22:45:00+00:00,0,10098.757,-53.93023211,10044.82677,4
2026-09-25T23:00:00+00:00,0,10098.757,-54.46403152,10044.29297,4
2026-09-25T23:15:00+00:00,0,10098.757,-54.51695577,10044.24004,4
2026-09-25T23:30:00+00:00,0,10098.757,-54.3022291,10044.45477,4
2026-09-25T23:45:00+00:00,0,10098.757,-53.99411584,10044.76288,4
2026-09-26T00:00:00+00:00,0.0428997596,10098.757,-54.00877459,10044.79113,4
2026-09-26T00:15:00+00:00,-6.938893904e-18,10098.79978,-52.64903157,10046.15075,5
2026-09-26T00:30:00+00:00,-6.938893904e-18,10098.79978,-51.86162317,10046.93816,5
2026-09-26T00:45:00+00:00,-6.938893904e-18,10098.79978,-52.55122906,10046.24855,5
2026-09-26T01:00:00+00:00,-6.938893904e-18,10098.79978,-53.14718791,10045.65259,5
2026-09-26T01:15:00+00:00,-6.938893904e-18,10098.79978,-52.84741201,10045.95237,5
2026-09-26T01:30:00+00:00,-6.938893904e-18,10098.79978,-54.4678579,10044.33192,5
2026-09-26T01:45:00+00:00,-6.938893904e-18,10098.79978,-53.97506401,10044.82472,5
2026-09-26T02:00:00+00:00,-6.938893904e-18,10098.79978,-54.87972861,10043.92005,5
2026-09-26T02:15:00+00:00,-6.938893904e-18,10098.79978,-53.91304032,10044.88674,5
2026-09-26T02:30:00+00:00,-6.938893904e-18,10098.79978,-53.61411143,10045.18567,5
2026-09-26T02:45:00+00:00,-6.938893904e-18,10098.79978,-53.28289275,10045.51689,5
2026-09-26T03:00:00+00:00,-6.938893904e-18,10098.79978,-52.29820337,10046.50158,5
2026-09-26T03:15:00+00:00,-6.938893904e-18,10098.79978,-53.07821321,10045.72157,5
2026-09-26T03:30:00+00:00,-6.938893904e-18,10098.79978,-52.46613591,10046.33365,5
2026-09-26T03:45:00+00:00,-6.938893904e-18,10098.79978,-52.31113249,10046.48865,5
2026-09-26T04:00:00+00:00,-6.938893904e-18,10098.79978,-52.65302792,10046.14675,5
2026-09-26T04:15:00+00:00,-6.938893904e-18,10098.79978,-51.6092482,10047.19053,5
2026-09-26T04:30:00+00:00,-6.938893904e-18,10098.79978,-52.5169008,10046.28288,5
2026-09-26T04:45:00+00:00,-6.938893904e-18,10098.79978,-52.78168698,10046.0181,5
2026-09-26T05:00:00+00:00,-6.938893904e-18,10098.79978,-52.15639695,10046.64339,5
2026-09-26T05:15:00+00:00,-6.938893904e-18,10098.79978,-52.01220689,10046.78758,5
2026-09-26T05:30:00+00:00,-6.938893904e-18,10098.79978,-52.30841268,10046.49137,5
2026-09-26T05:45:00+00:00,-6.938893904e-18,10098.79978,-51.60360988,10047.19617,5
2026-09-26T06:00:00+00:00,-6.938893904e-18,10098.79978,-51.08209215,10047.71769,5
2026-09-26T06:15:00+00:00,-6.938893904e-18,10098.79978,-51.04825951,10047.75152,5
2026-09-26T06:30:00+00:00,-6.938893904e-18,10098.79978,-51.28599596,10047.51379,5
2026-09-26T06:45:00+00:00,-6.938893904e-18,10098.79978,-51.2370947,10047.56269,5
2026-09-26T07:00:00+00:00,-6.938893904e-18,10098.79978,-52.97389065,10045.82589,5
2026-09-26T07:15:00+00:00,-6.938893904e-18,10098.79978,-52.71964875,10046.08013,5
2026-09-26T07:30:00+00:00,-6.938893904e-18,10098.79978,-52.6310787,10046.1687,5
2026-09-26T07:45:00+00:00,-6.938893904e-18,10098.79978,-52.98697092,10045.81281,5
2026-09-26T08:00:00+00:00,0.03662632976,10098.79978,-52.63472662,10046.20168,5
2026-09-26T08:15:00+00:00,0.03662632976,10098.79978,-52.78793297,10046.04848,5
2026-09-26T08:30:00+00:00,0.03662632976,10098.79978,-54.11372422,10044.72268,5
2026-09-26T08:45:00+00:00,0.03662632976,10098.79978,-52.9129851,10045.92342,5
2026-09-26T09:00:00+00:00,0.03662632976,10098.79978,-50.22132309,10048.61509,5
2026-09-26T09:15:00+00:00,0.03662632976,10098.79978,-49.98494983,10048.85146,5
2026-09-26T09:30:00+00:00,0.03662632976,10098.79978,-49.9973785,10048.83903,5
2026-09-26T09:45:00+00:00,0.03662632976,10098.79978,-50.34466011,10048.49175,5
2026-09-26T10:00:00+00:00,0.03662632976,10098.79978,-51.74668508,10047.08972,5
2026-09-26T10:15:00+00:00,0.03662632976,10098.79978,-52.24362076,10046.59279,5
2026-09-26T10:30:00+00:00,0.03662632976,10098.79978,-52.12357645,10046.71283,5
2026-09-26T10:45:00+00:00,0.03662632976,10098.79978,-52.19546016,10046.64095,5
2026-09-26T11:00:00+00:00,0.03662632976,10098.79978,-52.39892145,10046.43749,5
2026-09-26T11:15:00+00:00,0.03662632976,10098.79978,-52.60090522,10046.2355,5
2026-09-26T11:30:00+00:00,0.03662632976,10098.79978,-53.31774348,10045.51867,5
2026-09-26T11:45:00+00:00,0.03662632976,10098.79978,-52.91775707,10045.91865,5
2026-09-26T12:00:00+00:00,0.03662632976,10098.79978,-52.86869604,10045.96771,5
2026-09-26T12:15:00+00:00,0.03662632976,10098.79978,-53.17311835,10045.66329,5
2026-09-26T12:30:00+00:00,0.03662632976,10098.79978,-52.05042486,10046.78598,5
2026-09-26T12:45:00+00:00,0.03662632976,10098.79978,-52.58687906,10046.24953,5
2026-09-26T13:00:00+00:00,5842.640909,4241.798887,-49.0242764,10035.41552,4
2026-09-26T13:15:00+00:00,7329.817772,2700.262509,0.6886881847,10030.76897,3
2026-09-26T13:30:00+00:00,7329.817772,2700.262509,0.9811715361,10031.06145,3
2026-09-26T13:45:00+00:00,7329.817772,2700.262509,0.1571325197,10030.23741,3
2026-09-26T14:00:00+00:00,3820.74782,6207.403533,-10.17673874,10017.97461,4
2026-09-26T14:15:00+00:00,1106.755286,8919.904191,4.689156861,10031.34863,5
2026-09-26T14:30:00+00:00,1106.755286,8919.904191,-20.30194302,10006.35753,5
2026-09-26T14:45:00+00:00,1106.755286,8919.904191,-50.32507676,9976.334401,5
2026-09-26T15:00:00+00:00,1106.755286,8919.904191,-67.06934825,9959.590129,5
2026-09-26T15:15:00+00:00,1106.755286,8919.904191,-112.2207684,9914.438709,5
2026-09-26T15:30:00+00:00,1106.755286,8919.904191,-102.7634775,9923.896,5
2026-09-26T15:45:00+00:00,1106.755286,8919.904191,-106.0686878,9920.59079,5
2026-09-26T16:00:00+00:00,1107.262978,8919.904191,-82.16500932,9945.00216,5
2026-09-26T16:15:00+00:00,1107.262978,8919.904191,-61.73919418,9965.427975,5
2026-09-26T16:30:00+00:00,1107.262978,8919.904191,-61.9298374,9965.237332,5
2026-09-26T16:45:00+00:00,1107.262978,8919.904191,-59.22220738,9967.944962,5
2026-09-26T17:00:00+00:00,1107.262978,8919.904191,-22.18834842,10004.97882,5
2026-09-26T17:15:00+00:00,1107.262978,8919.904191,-22.91563527,10004.25153,5
2026-09-26T17:30:00+00:00,0.03820550747,10017.18685,-25.04479267,9992.180258,4
2026-09-26T17:45:00+00:00,2210.614934,7805.694921,-20.93276258,9995.377092,3
2026-09-26T18:00:00+00:00,2210.614934,7805.694921,-26.15687544,9990.152979,3
2026-09-26T18:15:00+00:00,2210.614934,7805.694921,-21.74149186,9994.568363,3
2026-09-26T18:30:00+00:00,-4.547473509e-13,10012.84529,-20.66398685,9992.181306,4
2026-09-26T18:45:00+00:00,-4.547473509e-13,10012.84529,-29.81999685,9983.025296,4
2026-09-26T19:00:00+00:00,-4.547473509e-13,10012.84529,-23.65368054,9989.191612,4
2026-09-26T19:15:00+00:00,-4.547473509e-13,10012.84529,-15.52859282,9997.3167,4
2026-09-26T19:30:00+00:00,-4.547473509e-13,10012.84529,-13.87582206,9998.969471,4
2026-09-26T19:45:00+00:00,-4.547473509e-13,10012.84529,-11.42757949,10001.41771,4
2026-09-26T20:00:00+00:00,-4.547473509e-13,10012.84529,5.416401379,10018.26169,4
2026-09-26T20:15:00+00:00,-4.547473509e-13,10012.84529,23.93069523,10036.77599,4
2026-09-26T20:30:00+00:00,1480.707911,8426.792055,141.6120694,10049.11204,3
2026-09-26T20:45:00+00:00,1480.707911,8426.792055,109.1740998,10016.67407,3
2026-09-26T21:00:00+00:00,1480.707911,8426.792055,111.4262815,10018.92625,3
2026-09-26T21:15:00+00:00,0,9905.850989,83.85793335,9989.708922,4
2026-09-26T21:30:00+00:00,0,9905.850989,97.04430659,10002.8953,4
2026-09-26T21:45:00+00:00,0,9905.850989,91.05501161,9996.906001,4
2026-09-26T22:00:00+00:00,0,9905.850989,84.21254619,9990.063535,4
2026-09-26T22:15:00+00:00,0,9905.850989,78.3558589,9984.206848,4
2026-09-26T22:30:00+00:00,0,9905.850989,80.52732178,9986.378311,4
2026-09-26T22:45:00+00:00,0,9905.850989,78.70717926,9984.558168,4
2026-09-26T23:00:00+00:00,0,9905.850989,47.07723882,9952.928228,4
2026-09-26T23:15:00+00:00,0,9905.850989,43.5140756,9949.365065,4
2026-09-26T23:30:00+00:00,0,9905.850989,33.54041432,9939.391403,4
2026-09-26T23:45:00+00:00,0,9905.850989,30.20561866,9936.056608,4
2026-09-27T00:00:00+00:00,0,9906.133905,59.57853026,9965.712435,5
2026-09-27T00:15:00+00:00,0,9906.133905,36.21265843,9942.346563,5
2026-09-27T00:30:00+00:00,0,9906.133905,41.40442453,9947.538329,5
2026-09-27T00:45:00+00:00,0,9906.133905,70.75551132,9976.889416,5
2026-09-27T01:00:00+00:00,0,9906.133905,69.24054899,9975.374454,5
2026-09-27T01:15:00+00:00,0,9906.133905,106.3573037,10012.49121,5
2026-09-27T01:30:00+00:00,0,9906.133905,92.09669716,9998.230602,5
2026-09-27T01:45:00+00:00,0,9906.133905,71.74964862,9977.883553,5
2026-09-27T02:00:00+00:00,0,9906.133905,69.99695402,9976.130859,5
2026-09-27T02:15:00+00:00,0,9906.133905,74.98712594,9981.121031,5
2026-09-27T02:30:00+00:00,0,9906.133905,81.83272751,9987.966632,5
2026-09-27T02:45:00+00:00,0,9906.133905,82.21815916,9988.352064,5
2026-09-27T03:00:00+00:00,0,9906.133905,74.7424848,9980.876389,5
2026-09-27T03:15:00+00:00,0,9906.133905,81.17282804,9987.306733,5
2026-09-27T03:30:00+00:00,0,9906.133905,75.37807389,9981.511978,5
2026-09-27T03:45:00+00:00,0,9906.133905,86.22149078,9992.355395,5
2026-09-27T04:00:00+00:00,0,9906.133905,78.19706344,9984.330968,5
2026-09-27T04:15:00+00:00,0,9906.133905,97.18674533,10003.32065,5
2026-09-27T04:30:00+00:00,0,9906.133905,106.5365836,10012.67049,5
2026-09-27T04:45:00+00:00,0,9906.133905,104.7616612,10010.89557,5
2026-09-27T05:00:00+00:00,0,9906.133905,65.82630806,9971.960213,5
2026-09-27T05:15:00+00:00,0,9906.133905,65.61642873,9971.750333,5
2026-09-27T05:30:00+00:00,0,9906.133905,45.11672335,9951.250628,5
2026-09-27T05:45:00+00:00,0,9906.133905,27.91959685,9934.053501,5
2026-09-27T06:00:00+00:00,0,9906.133905,-8.86284992,9897.271055,5
2026-09-27T06:15:00+00:00,0,9906.133905,-42.04524336,9864.088661,5
2026-09-27T06:30:00+00:00,0,9906.133905,-45.75214392,9860.381761,5
2026-09-27T06:45:00+00:00,0,9906.133905,-43.31839298,9862.815512,5
2026-09-27T07:00:00+00:00,0,9906.133905,-55.54809581,9850.585809,5
2026-09-27T07:15:00+00:00,1372.60303,8427.07497,-9.197105281,9790.480895,4
2026-09-27T07:30:00+00:00,1372.60303,8427.07497,21.93298241,9821.610983,4
2026-09-27T07:45:00+00:00,1372.60303,8427.07497,78.52056222,9878.198563,4
2026-09-27T08:00:00+00:00,1372.583777,8427.07497,104.7515108,9904.410258,4
2026-09-27T08:15:00+00:00,1372.583777,8427.07497,110.6345196,9910.293267,4
2026-09-27T08:30:00+00:00,0,9797.221276,128.4588013,9925.680078,5
2026-09-27T08:45:00+00:00,0,9797.221276,131.8718889,9929.093165,5
2026-09-27T09:00:00+00:00,0,9797.221276,125.3018068,9922.523083,5
2026-09-27T09:15:00+00:00,0,9797.221276,129.4273996,9926.648676,5
2026-09-27T09:30:00+00:00,0,9797.221276,117.1811477,9914.402424,5
2026-09-27T09:45:00+00:00,0,9797.221276,153.7068806,9950.928157,5
2026-09-27T10:00:00+00:00,0,9797.221276,150.4670758,9947.688352,5
2026-09-27T10:15:00+00:00,0,9797.221276,124.7285414,9921.949818,5
2026-09-27T10:30:00+00:00,0,9797.221276,113.4418843,9910.663161,5
2026-09-27T10:45:00+00:00,0,9797.221276,118.2505223,9915.471799,5
2026-09-27T11:00:00+00:00,0,9797.221276,104.3027956,9901.524072,5
2026-09-27T11:15:00+00:00,0,9797.221276,80.47745609,9877.698732,5
2026-09-27T11:30:00+00:00,0,9797.221276,88.03790572,9885.259182,5
2026-09-27T11:45:00+00:00,0,9797.221276,63.97090573,9861.192182,5
2026-09-27T12:00:00+00:00,0,9797.221276,63.91754052,9861.138817,5
2026-09-27T12:15:00+00:00,2606.552597,7084.720618,126.9304903,9818.203705,4
2026-09-27T12:30:00+00:00,2606.552597,7084.720618,118.4436857,9809.716901,4
2026-09-27T12:45:00+00:00,2606.552597,7084.720618,102.4587991,9793.732014,4
2026-09-27T13:00:00+00:00,2606.552597,7084.720618,49.71151548,9740.98473,4
2026-09-27T13:15:00+00:00,2606.552597,7084.720618,69.16108425,9760.434299,4
2026-09-27T13:30:00+00:00,2606.552597,7084.720618,55.96744133,9747.240656,4
2026-09-27T13:45:00+00:00,2606.552597,7084.720618,78.43668466,9769.7099,4
2026-09-27T14:00:00+00:00,2606.552597,7084.720618,74.64613006,9765.919345,4
2026-09-27T14:15:00+00:00,201.0985406,9488.852402,20.754447,9710.705389,5
2026-09-27T14:30:00+00:00,201.0985406,9488.852402,19.08151697,9709.032459,5
2026-09-27T14:45:00+00:00,201.0985406,9488.852402,21.16113469,9711.112077,5
2026-09-27T15:00:00+00:00,201.0985406,9488.852402,14.24370066,9704.194643,5
2026-09-27T15:15:00+00:00,1077.268208,8644.257557,50.91575467,9772.441519,5
2026-09-27T15:30:00+00:00,1077.268208,8644.257557,21.22067178,9742.746437,5
2026-09-27T15:45:00+00:00,1077.268208,8644.257557,41.21507978,9762.740845,5
2026-09-27T16:00:00+00:00,1077.135269,8644.257557,77.82307066,9799.215897,5
2026-09-27T16:15:00+00:00,1077.135269,8644.257557,64.73103506,9786.123861,5
2026-09-27T16:30:00+00:00,1077.135269,8644.257557,68.62921742,9790.022043,5
2026-09-27T16:45:00+00:00,1077.135269,8644.257557,63.96324166,9785.356068,5
2026-09-27T17:00:00+00:00,1077.135269,8644.257557,75.62086761,9797.013694,5
2026-09-27T17:15:00+00:00,1077.135269,8644.257557,58.24474467,9779.637571,5
2026-09-27T17:30:00+00:00,1077.135269,8644.257557,58.15153421,9779.54436,5
2026-09-27T17:45:00+00:00,1077.135269,8644.257557,57.20550053,9778.598327,5
2026-09-27T18:00:00+00:00,1077.135269,8644.257557,67.20575817,9788.598584,5
2026-09-27T18:15:00+00:00,1077.135269,8644.257557,104.4052012,9825.798027,5
2026-09-27T18:30:00+00:00,1077.135269,8644.257557,100.2224102,9821.615236,5
2026-09-27T18:45:00+00:00,1077.135269,8644.257557,109.7535404,9831.146366,5
2026-09-27T19:00:00+00:00,1077.135269,8644.257557,97.7397578,9819.132584,5
2026-09-27T19:15:00+00:00,1077.135269,8644.257557,67.53379579,9788.926622,5
2026-09-27T19:30:00+00:00,1077.135269,8644.257557,70.31753117,9791.710357,5
2026-09-27T19:45:00+00:00,0,9801.299892,-23.56985189,9777.730041,5
2026-09-27T20:00:00+00:00,0,9801.299892,-16.94749792,9784.352395,5
2026-09-27T20:15:00+00:00,0,9801.299892,-30.67879433,9770.621098,5
2026-09-27T20:30:00+00:00,0,9801.299892,-16.53136275,9784.76853,5
2026-09-27T20:45:00+00:00,0,9801.299892,-19.34226957,9781.957623,5
2026-09-27T21:00:00+00:00,0,9801.299892,-5.78033903,9795.519553,5
2026-09-27T21:15:00+00:00,0,9801.299892,-1.415802039,9799.88409,5
2026-09-27T21:30:00+00:00,0,9801.299892,-6.581292691,9794.7186,5
2026-09-27T21:45:00+00:00,0,9801.299892,11.08218023,9812.382073,5
2026-09-27T22:00:00+00:00,1266.682264,8431.153586,63.53164485,9761.367496,4
2026-09-27T22:15:00+00:00,1266.682264,8431.153586,59.83034155,9757.666192,4
2026-09-27T22:30:00+00:00,1266.682264,8431.153586,58.12423992,9755.960091,4
2026-09-27T22:45:00+00:00,1266.682264,8431.153586,62.61131344,9760.447164,4
2026-09-27T23:00:00+00:00,1266.682264,8431.153586,56.34513939,9754.18099,4
2026-09-27T23:15:00+00:00,0,9696.499871,29.90555184,9726.405422,5
2026-09-27T23:30:00+00:00,0,9696.499871,24.01584691,9720.515718,5
2026-09-27T23:45:00+00:00,0,9696.499871,-4.81150639,9691.688364,5
2026-09-28T00:00:00+00:00,0.0486890328,9696.499871,7.559919599,9704.108479,5
2026-09-28T00:15:00+00:00,0.0486890328,9696.499871,-21.77039304,9674.778167,5
2026-09-28T00:30:00+00:00,0.0486890328,9696.499871,16.17271666,9712.721276,5
2026-09-28T00:45:00+00:00,0.0486890328,9696.499871,16.01065064,9712.55921,5
2026-09-28T01:00:00+00:00,0.0486890328,9696.499871,24.84069596,9721.389256,5
2026-09-28T01:15:00+00:00,2680.167224,7033.953691,-4.438693605,9709.682222,4
2026-09-28T01:30:00+00:00,2680.45616,7033.670775,21.7067902,9735.833726,3
2026-09-28T01:45:00+00:00,2680.45616,7033.670775,49.55173893,9763.678675,3
2026-09-28T02:00:00+00:00,2680.45616,7033.670775,39.17189505,9753.298831,3
2026-09-28T02:15:00+00:00,2680.45616,7033.670775,39.09338463,9753.22032,3
2026-09-28T02:30:00+00:00,2680.45616,7033.670775,39.83411116,9753.961047,3
2026-09-28T02:45:00+00:00,2680.45616,7033.670775,40.97193984,9755.098876,3
2026-09-28T03:00:00+00:00,2680.45616,7033.670775,46.28673871,9760.413674,3
2026-09-28T03:15:00+00:00,2680.45616,7033.670775,65.60422863,9779.731164,3
2026-09-28T03:30:00+00:00,873.2422357,8839.891279,55.31846388,9768.451978,4
2026-09-28T03:45:00+00:00,873.2422357,8839.891279,68.66214259,9781.795657,4
2026-09-28T04:00:00+00:00,4135.668087,5475.698571,164.9215907,9776.288249,3
2026-09-28T04:15:00+00:00,4135.668087,5475.698571,140.2740174,9751.640675,3
2026-09-28T04:30:00+00:00,4135.668087,5475.698571,150.5537675,9761.920425,3
2026-09-28T04:45:00+00:00,4135.668087,5475.698571,143.5065577,9754.873216,3
2026-09-28T05:00:00+00:00,4135.668087,5475.698571,195.0382984,9806.404956,3
2026-09-28T05:15:00+00:00,4135.668087,5475.698571,222.3151616,9833.681819,3
2026-09-28T05:30:00+00:00,4135.668087,5475.698571,211.0647135,9822.431371,3
2026-09-28T05:45:00+00:00,4135.668087,5475.698571,212.895625,9824.262283,3
2026-09-28T06:00:00+00:00,4135.668087,5475.698571,211.9351008,9823.301759,3
2026-09-28T06:15:00+00:00,4135.668087,5475.698571,270.4708456,9881.837504,3
2026-09-28T06:30:00+00:00,4135.668087,5475.698571,252.4835305,9863.850188,3
2026-09-28T06:45:00+00:00,4135.668087,5475.698571,268.8761784,9880.242836,3
2026-09-28T07:00:00+00:00,4135.668087,5475.698571,266.0875744,9877.454232,3
2026-09-28T07:15:00+00:00,6730.206749,3071.566787,115.48301,9917.256547,2
2026-09-28T07:30:00+00:00,6730.206749,3071.566787,118.5637483,9920.337285,2
2026-09-28T07:45:00+00:00,6730.206749,3071.566787,126.2602461,9928.033783,2
2026-09-28T08:00:00+00:00,6730.439764,3071.566787,93.16423626,9895.170788,2
2026-09-28T08:15:00+00:00,6730.439764,3071.566787,101.8214592,9903.828011,2
2026-09-28T08:30:00+00:00,6730.439764,3071.566787,106.8215086,9908.82806,2
2026-09-28T08:45:00+00:00,6730.439764,3071.566787,91.81066399,9893.817216,2
2026-09-28T09:00:00+00:00,6730.439764,3071.566787,99.89145178,9901.898003,2
2026-09-28T09:15:00+00:00,6730.439764,3071.566787,100.4657476,9902.472299,2
2026-09-28T09:30:00+00:00,6730.439764,3071.566787,127.9831336,9929.989685,2
2026-09-28T09:45:00+00:00,6730.439764,3071.566787,123.9438094,9925.950361,2
2026-09-28T10:00:00+00:00,6730.439764,3071.566787,106.6293636,9908.635915,2
2026-09-28T10:15:00+00:00,6730.439764,3071.566787,94.69711804,9896.70367,2
2026-09-28T10:30:00+00:00,6730.439764,3071.566787,72.56621082,9874.572762,2
2026-09-28T10:45:00+00:00,6730.439764,3071.566787,87.95920625,9889.965758,2
2026-09-28T11:00:00+00:00,6730.439764,3071.566787,87.9613455,9889.967897,2
2026-09-28T11:15:00+00:00,6730.439764,3071.566787,82.38272169,9884.389273,2
2026-09-28T11:30:00+00:00,6730.439764,3071.566787,80.45913208,9882.465684,2
2026-09-28T11:45:00+00:00,6730.439764,3071.566787,79.10983832,9881.11639,2
2026-09-28T12:00:00+00:00,6730.439764,3071.566787,20.99004948,9822.996601,2
2026-09-28T12:15:00+00:00,6730.439764,3071.566787,2.507758695,9804.51431,2
2026-09-28T12:30:00+00:00,6730.439764,3071.566787,3.660628912,9805.667181,2
2026-09-28T12:45:00+00:00,1132.094161,8666.834993,14.1654368,9813.094591,3
2026-09-28T13:00:00+00:00,1132.094161,8666.834993,30.59412775,9829.523282,3
2026-09-28T13:15:00+00:00,1132.094161,8666.834993,42.913449,9841.842603,3
2026-09-28T13:30:00+00:00,1132.094161,8666.834993,42.48937892,9841.418533,3
2026-09-28T13:45:00+00:00,1132.094161,8666.834993,54.91858518,9853.847739,3
2026-09-28T14:00:00+00:00,1132.094161,8666.834993,74.13872328,9873.067877,3
2026-09-28T14:15:00+00:00,-2.273736754e-13,9797.952866,71.08352011,9869.036386,4
2026-09-28T14:30:00+00:00,-2.273736754e-13,9797.952866,53.31618614,9851.269053,4
2026-09-28T14:45:00+00:00,-2.273736754e-13,9797.952866,67.33097477,9865.283841,4
2026-09-28T15:00:00+00:00,-2.273736754e-13,9797.952866,35.3615475,9833.314414,4
2026-09-28T15:15:00+00:00,1030.712554,8666.834993,97.57088898,9795.118436,3
2026-09-28T15:30:00+00:00,1030.712554,8666.834993,95.18156965,9792.729117,3
2026-09-28T15:45:00+00:00,0,9696.450561,77.29965213,9773.750213,4
2026-09-28T16:00:00+00:00,-0.05570858858,9696.450561,67.50786087,9763.902713,4
2026-09-28T16:15:00+00:00,-0.05570858858,9696.450561,14.91736838,9711.31222,4
2026-09-28T16:30:00+00:00,-0.05570858858,9696.450561,52.45683704,9748.851689,4
2026-09-28T16:45:00+00:00,-0.05570858858,9696.450561,53.00514665,9749.399999,4
2026-09-28T17:00:00+00:00,-0.05570858858,9696.450561,42.45763564,9738.852488,4
2026-09-28T17:15:00+00:00,-0.05570858858,9696.450561,49.83716434,9746.232016,4
2026-09-28T17:30:00+00:00,-0.05570858858,9696.450561,43.92952666,9740.324379,4
2026-09-28T17:45:00+00:00,-0.05570858858,9696.450561,33.77350143,9730.168353,4
2026-09-28T18:00:00+00:00,-0.05570858858,9696.450561,9.116741109,9705.511593,4
2026-09-28T18:15:00+00:00,-0.05570858858,9696.450561,18.41190207,9714.806754,4
2026-09-28T18:30:00+00:00,-0.05570858858,9696.450561,13.89180904,9710.286661,4
2026-09-28T18:45:00+00:00,-0.05570858858,9696.450561,21.84491146,9718.239763,4
2026-09-28T19:00:00+00:00,-0.05570858858,9696.450561,52.02693273,9748.421785,4
2026-09-28T19:15:00+00:00,-0.05570858858,9696.450561,62.19353651,9758.588388,4
2026-09-28T19:30:00+00:00,-0.05570858858,9696.450561,86.02140918,9782.416261,4
2026-09-28T19:45:00+00:00,-0.05570858858,9696.450561,95.73885995,9792.133712,4
2026-09-28T20:00:00+00:00,-0.05570858858,9696.450561,84.24057456,9780.635427,4
2026-09-28T20:15:00+00:00,-0.05570858858,9696.450561,61.31118262,9757.706035,4
2026-09-28T20:30:00+00:00,-0.05570858858,9696.450561,70.02677089,9766.421623,4
2026-09-28T20:45:00+00:00,-0.05570858858,9696.450561,62.22599873,9758.620851,4
2026-09-28T21:00:00+00:00,-0.05570858858,9696.450561,71.5184002,9767.913252,4
2026-09-28T21:15:00+00:00,-0.05570858858,9696.450561,76.70388396,9773.098736,4
2026-09-28T21:30:00+00:00,-0.05570858858,9696.450561,86.31768256,9782.712535,4
2026-09-28T21:45:00+00:00,-0.05570858858,9696.450561,93.96277228,9790.357624,4
2026-09-28T22:00:00+00:00,-0.05570858858,9696.450561,111.4024929,9807.797345,4
2026-09-28T22:15:00+00:00,-0.05570858858,9696.450561,108.6856725,9805.080525,4
2026-09-28T22:30:00+00:00,-0.05570858858,9696.450561,87.50511304,9783.899965,4
2026-09-28T22:45:00+00:00,-0.05570858858,9696.450561,87.80846765,9784.20332,4
2026-09-28T23:00:00+00:00,-0.05570858858,9696.450561,88.56802512,9784.962877,4
2026-09-28T23:15:00+00:00,-0.05570858858,9696.450561,66.80802564,9763.202878,4
2026-09-28T23:30:00+00:00,-0.05570858858,9696.450561,71.89367875,9768.288531,4
2026-09-28T23:45:00+00:00,-0.05570858858,9696.450561,58.88951907,9755.284371,4
2026-09-29T00:00:00+00:00,-6.938893904e-18,9696.49446,43.06881167,9739.563272,5
2026-09-29T00:15:00+00:00,-6.938893904e-18,9696.49446,43.85214975,9740.34661,5
2026-09-29T00:30:00+00:00,0,9731.314127,3.733550451,9735.047678,5
2026-09-29T00:45:00+00:00,0,9731.314127,-29.67213029,9701.641997,5
2026-09-29T01:00:00+00:00,0,9731.314127,-48.83647644,9682.477651,5
2026-09-29T01:15:00+00:00,0,9731.314127,-82.16488757,9649.14924,5
2026-09-29T01:30:00+00:00,1197.686031,8431.104276,14.14134001,9642.931648,3
2026-09-29T01:45:00+00:00,0,9627.837142,4.971438442,9632.80858,4
2026-09-29T02:00:00+00:00,0,9627.837142,19.41379358,9647.250936,4
2026-09-29T02:15:00+00:00,0,9627.837142,32.45306943,9660.290211,4
2026-09-29T02:30:00+00:00,0,9627.837142,28.24229747,9656.079439,4
2026-09-29T02:45:00+00:00,0,9627.837142,31.15721141,9658.994353,4
2026-09-29T03:00:00+00:00,0,9627.837142,37.08593952,9664.923081,4
2026-09-29T03:15:00+00:00,0,9627.837142,-7.544951741,9620.29219,4
2026-09-29T03:30:00+00:00,0,9627.837142,-11.50402528,9616.333117,4
2026-09-29T03:45:00+00:00,0,9627.837142,-4.394435543,9623.442706,4
2026-09-29T04:00:00+00:00,0,9627.837142,11.98808938,9639.825231,4
2026-09-29T04:15:00+00:00,0,9627.837142,-1.672344141,9626.164798,4
2026-09-29T04:30:00+00:00,0,9627.837142,2.764438997,9630.601581,4
2026-09-29T04:45:00+00:00,147.1905321,9497.696685,-15.35583139,9629.531386,4
2026-09-29T05:00:00+00:00,147.1905321,9497.696685,-31.96041533,9612.926802,4
2026-09-29T05:15:00+00:00,147.1905321,9497.696685,-40.32306075,9604.564157,4
2026-09-29T05:30:00+00:00,147.1905321,9497.696685,-44.47074149,9600.416476,4
2026-09-29T05:45:00+00:00,147.1905321,9497.696685,-45.24684006,9599.640377,4
2026-09-29T06:00:00+00:00,147.1905321,9497.696685,-50.29035841,9594.596859,4
2026-09-29T06:15:00+00:00,147.1905321,9497.696685,-18.529493,9626.357725,4
2026-09-29T06:30:00+00:00,147.1905321,9497.696685,-23.82827272,9621.058945,4
2026-09-29T06:45:00+00:00,0,9644.483554,-24.64480978,9619.838744,5
2026-09-29T07:00:00+00:00,0,9644.483554,-32.83022317,9611.65333,5
2026-09-29T07:15:00+00:00,0,9644.483554,-24.96640801,9619.517146,5
2026-09-29T07:30:00+00:00,0,9644.483554,-39.83793955,9604.645614,5
2026-09-29T07:45:00+00:00,0,9644.483554,-42.99697273,9601.486581,5
2026-09-29T08:00:00+00:00,-0.4022737242,9644.483554,-22.81512104,9621.266159,5
2026-09-29T08:15:00+00:00,-0.4022737242,9644.483554,-40.15785555,9603.923424,5
2026-09-29T08:30:00+00:00,-0.4022737242,9644.483554,-28.42797679,9615.653303,5
2026-09-29T08:45:00+00:00,-0.4022737242,9644.483554,-60.71434238,9583.366938,5
2026-09-29T09:00:00+00:00,-0.4022737242,9644.483554,-73.5550519,9570.526228,5
2026-09-29T09:15:00+00:00,-0.4022737242,9644.483554,-73.48473585,9570.596544,5
2026-09-29T09:30:00+00:00,-0.4022737242,9644.483554,-85.59542463,9558.485855,5
2026-09-29T09:45:00+00:00,-0.4022737242,9644.483554,-70.41026,9573.67102,5
2026-09-29T10:00:00+00:00,1575.750052,7968.403507,13.96101414,9558.114573,4
2026-09-29T10:15:00+00:00,1575.750052,7968.403507,4.935945672,9549.089505,4
2026-09-29T10:30:00+00:00,1575.750052,7968.403507,17.54843278,9561.701992,4
2026-09-29T10:45:00+00:00,1575.750052,7968.403507,10.06045911,9554.214018,4
2026-09-29T11:00:00+00:00,1575.750052,7968.403507,12.69757907,9556.851138,4
2026-09-29T11:15:00+00:00,1575.750052,7968.403507,14.99081816,9559.144377,4
2026-09-29T11:30:00+00:00,1575.750052,7968.403507,-9.60584597,9534.547713,4
2026-09-29T11:45:00+00:00,2672.380736,6771.670641,77.74638926,9521.797767,3
2026-09-29T12:00:00+00:00,2672.380736,6771.670641,77.82046167,9521.871839,3
2026-09-29T12:15:00+00:00,2672.380736,6771.670641,89.74956132,9533.800939,3
2026-09-29T12:30:00+00:00,2672.380736,6771.670641,47.58757344,9491.638951,3
2026-09-29T12:45:00+00:00,2672.380736,6771.670641,51.10035405,9495.151732,3
2026-09-29T13:00:00+00:00,2672.380736,6771.670641,53.48902065,9497.540398,3
2026-09-29T13:15:00+00:00,2672.380736,6771.670641,56.725404,9500.776782,3
2026-09-29T13:30:00+00:00,2672.380736,6771.670641,26.36718407,9470.418562,3
2026-09-29T13:45:00+00:00,2672.380736,6771.670641,30.42077988,9474.472158,3
2026-09-29T14:00:00+00:00,8358.78163,1176.402436,-66.49416337,9468.689902,2
2026-09-29T14:15:00+00:00,8358.78163,1176.402436,-66.33036245,9468.853703,2
2026-09-29T14:30:00+00:00,8358.78163,1176.402436,-77.4497898,9457.734276,2
2026-09-29T14:45:00+00:00,1950.630362,7581.031158,-61.0464985,9470.615021,3
2026-09-29T15:00:00+00:00,1950.630362,7581.031158,-8.859320907,9522.802199,3
2026-09-29T15:15:00+00:00,1950.630362,7581.031158,46.22445394,9577.885974,3
2026-09-29T15:30:00+00:00,1950.630362,7581.031158,35.0882259,9566.749746,3
2026-09-29T15:45:00+00:00,1950.630362,7581.031158,49.93149658,9581.593017,3
2026-09-29T16:00:00+00:00,1951.257932,7581.031158,36.91300087,9569.202091,3
2026-09-29T16:15:00+00:00,1951.257932,7581.031158,29.02598616,9561.315076,3
2026-09-29T16:30:00+00:00,2.273736754e-13,9530.731216,99.05638356,9629.787599,4
2026-09-29T16:45:00+00:00,2.273736754e-13,9530.731216,100.5540776,9631.285293,4
2026-09-29T17:00:00+00:00,1032.82401,8501.115648,86.28572493,9620.225384,3
2026-09-29T17:15:00+00:00,1032.82401,8501.115648,98.70254151,9632.6422,3
2026-09-29T17:30:00+00:00,1032.82401,8501.115648,108.6045101,9642.544169,3
2026-09-29T17:45:00+00:00,1032.82401,8501.115648,118.1019863,9652.041645,3
2026-09-29T18:00:00+00:00,1032.82401,8501.115648,80.12126338,9614.060922,3
2026-09-29T18:15:00+00:00,1032.82401,8501.115648,77.45817394,9611.397833,3
2026-09-29T18:30:00+00:00,-2.273736754e-13,9533.013242,38.49865947,9571.511901,4
2026-09-29T18:45:00+00:00,-2.273736754e-13,9533.013242,44.07232105,9577.085563,4
2026-09-29T19:00:00+00:00,-2.273736754e-13,9533.013242,34.87315919,9567.886401,4
2026-09-29T19:15:00+00:00,-2.273736754e-13,9533.013242,32.98738405,9566.000626,4
2026-09-29T19:30:00+00:00,-2.273736754e-13,9533.013242,62.74105353,9595.754295,4
2026-09-29T19:45:00+00:00,-2.273736754e-13,9533.013242,47.09876712,9580.112009,4
2026-09-29T20:00:00+00:00,-2.273736754e-13,9533.013242,30.78815459,9563.801396,4
2026-09-29T20:15:00+00:00,-2.273736754e-13,9533.013242,11.44947137,9544.462713,4
2026-09-29T20:30:00+00:00,-2.273736754e-13,9533.013242,4.864243019,9537.877485,4
2026-09-29T20:45:00+00:00,-2.273736754e-13,9533.013242,-0.5701776804,9532.443064,4
2026-09-29T21:00:00+00:00,-2.273736754e-13,9533.013242,-16.31201428,9516.701228,4
2026-09-29T21:15:00+00:00,-2.273736754e-13,9533.013242,23.43463807,9556.44788,4
2026-09-29T21:30:00+00:00,-2.273736754e-13,9533.013242,23.69302938,9556.706271,4
2026-09-29T21:45:00+00:00,-2.273736754e-13,9533.013242,11.91212032,9544.925362,4
2026-09-29T22:00:00+00:00,-2.273736754e-13,9533.013242,-25.14590973,9507.867332,4
2026-09-29T22:15:00+00:00,-2.273736754e-13,9533.013242,-5.822339229,9527.190903,4
2026-09-29T22:30:00+00:00,-2.273736754e-13,9533.013242,-4.300617723,9528.712624,4
2026-09-29T22:45:00+00:00,-2.273736754e-13,9533.013242,-2.823796972,9530.189445,4
2026-09-29T23:00:00+00:00,-2.273736754e-13,9533.013242,-42.53142836,9490.481813,4
2026-09-29T23:15:00+00:00,-2.273736754e-13,9533.013242,-18.636788,9514.376454,4
2026-09-29T23:30:00+00:00,-2.273736754e-13,9533.013242,16.55364933,9549.566891,4
2026-09-29T23:45:00+00:00,-2.273736754e-13,9533.013242,-3.401573498,9529.611668,4
2026-09-30T00:00:00+00:00,0.01215329009,9533.013242,14.41848347,9547.443879,4
2026-09-30T00:15:00+00:00,0.01215329009,9533.013242,-2.533941917,9530.491453,4
2026-09-30T00:30:00+00:00,0.01215329009,9533.013242,3.480395677,9536.505791,4
2026-09-30T00:45:00+00:00,0.01215329009,9533.013242,-7.828889401,9525.196506,4
2026-09-30T01:00:00+00:00,0.01215329009,9533.013242,-25.46642933,9507.558966,4
2026-09-30T01:15:00+00:00,1.734723476e-18,9533.025362,-10.39497018,9522.630392,5
2026-09-30T01:30:00+00:00,1.734723476e-18,9533.025362,-18.82295615,9514.202406,5
2026-09-30T01:45:00+00:00,1.734723476e-18,9533.025362,-16.72391875,9516.301443,5
2026-09-30T02:00:00+00:00,1.734723476e-18,9533.025362,-29.51362985,9503.511732,5
2026-09-30T02:15:00+00:00,1.734723476e-18,9533.025362,-16.83362102,9516.191741,5
2026-09-30T02:30:00+00:00,1.734723476e-18,9533.025362,-33.42411643,9499.601245,5
2026-09-30T02:45:00+00:00,1.734723476e-18,9533.025362,-40.53697416,9492.488388,5
2026-09-30T03:00:00+00:00,1.734723476e-18,9533.025362,-26.37157231,9506.653789,5
2026-09-30T03:15:00+00:00,1.734723476e-18,9533.025362,8.403302746,9541.428665,5
2026-09-30T03:30:00+00:00,1.734723476e-18,9533.025362,-3.64730945,9529.378052,5
2026-09-30T03:45:00+00:00,1.734723476e-18,9533.025362,2.728020912,9535.753383,5
2026-09-30T04:00:00+00:00,1.734723476e-18,9533.025362,-21.96619381,9511.059168,5
2026-09-30T04:15:00+00:00,1.734723476e-18,9533.025362,-35.65537673,9497.369985,5
2026-09-30T04:30:00+00:00,1.734723476e-18,9533.025362,-26.33789076,9506.687471,5
2026-09-30T04:45:00+00:00,1.734723476e-18,9533.025362,-4.319669243,9528.705693,5
2026-09-30T05:00:00+00:00,1.734723476e-18,9533.025362,-9.902115431,9523.123246,5
2026-09-30T05:15:00+00:00,1.734723476e-18,9533.025362,-33.36508881,9499.660273,5
2026-09-30T05:30:00+00:00,1.734723476e-18,9533.025362,-46.83317647,9486.192185,5
2026-09-30T05:45:00+00:00,1.734723476e-18,9533.025362,-26.53022628,9506.495136,5
2026-09-30T06:00:00+00:00,1.734723476e-18,9533.025362,22.81721377,9555.842576,5
2026-09-30T06:15:00+00:00,1.734723476e-18,9533.025362,32.73275275,9565.758115,5
2026-09-30T06:30:00+00:00,1.734723476e-18,9533.025362,44.25302751,9577.278389,5
2026-09-30T06:45:00+00:00,1.734723476e-18,9533.025362,75.84277698,9608.868139,5
2026-09-30T07:00:00+00:00,1.734723476e-18,9533.025362,91.77050127,9624.795863,5
2026-09-30T07:15:00+00:00,1.734723476e-18,9533.025362,48.94147717,9581.966839,5
2026-09-30T07:30:00+00:00,1.734723476e-18,9533.025362,29.52870107,9562.554063,5
2026-09-30T07:45:00+00:00,1.734723476e-18,9533.025362,50.10601159,9583.131373,5
2026-09-30T08:00:00+00:00,1947.687011,7583.325304,66.35806563,9597.370381,4
2026-09-30T08:15:00+00:00,734.4249688,8788.300077,77.02622707,9599.751272,4
2026-09-30T08:30:00+00:00,734.4249688,8788.300077,78.61676031,9601.341806,4
2026-09-30T08:45:00+00:00,734.4249688,8788.300077,68.05863818,9590.783683,4
2026-09-30T09:00:00+00:00,734.4249688,8788.300077,50.44872431,9573.17377,4
2026-09-30T09:15:00+00:00,734.4249688,8788.300077,28.03324497,9550.75829,4
2026-09-30T09:30:00+00:00,734.4249688,8788.300077,17.21332446,9539.93837,4
2026-09-30T09:45:00+00:00,734.4249688,8788.300077,18.03632372,9540.761369,4
2026-09-30T10:00:00+00:00,734.4249688,8788.300077,8.216805532,9530.941851,4
2026-09-30T10:15:00+00:00,0,9521.589046,26.33833427,9547.92738,5
2026-09-30T10:30:00+00:00,0,9521.589046,43.2308562,9564.819902,5
2026-09-30T10:45:00+00:00,0,9521.589046,99.4570862,9621.046132,5
2026-09-30T11:00:00+00:00,0,9521.589046,109.2428797,9630.831925,5
2026-09-30T11:15:00+00:00,0,9521.589046,92.88433903,9614.473385,5
2026-09-30T11:30:00+00:00,0,9521.589046,82.52361706,9604.112663,5
2026-09-30T11:45:00+00:00,0,9521.589046,76.16319615,9597.752242,5
2026-09-30T12:00:00+00:00,0,9521.589046,78.56011132,9600.149157,5
2026-09-30T12:15:00+00:00,0,9521.589046,59.82762594,9581.416671,5
2026-09-30T12:30:00+00:00,6296.723263,3116.960323,156.0107172,9569.694304,4
2026-09-30T12:45:00+00:00,6296.723263,3116.960323,154.8963577,9568.579944,4
2026-09-30T13:00:00+00:00,6296.723263,3116.960323,192.0751332,9605.75872,4
2026-09-30T13:15:00+00:00,6296.723263,3116.960323,208.135958,9621.819544,4
2026-09-30T13:30:00+00:00,3469.326523,5942.80285,158.0772797,9570.206653,5
2026-09-30T13:45:00+00:00,3469.326523,5942.80285,154.4527547,9566.582128,5
2026-09-30T14:00:00+00:00,3469.326523,5942.80285,125.0150645,9537.144438,5
2026-09-30T14:15:00+00:00,6196.087004,3116.960323,97.60520181,9410.652529,4
2026-09-30T14:30:00+00:00,6196.087004,3116.960323,97.83931313,9410.88664,4
2026-09-30T14:45:00+00:00,6196.087004,3116.960323,110.1848088,9423.232136,4
2026-09-30T15:00:00+00:00,6196.087004,3116.960323,101.8238233,9414.87115,4
2026-09-30T15:15:00+00:00,3358.248248,5953.239125,82.08045193,9393.567826,5
2026-09-30T15:30:00+00:00,3358.248248,5953.239125,90.230093,9401.717467,5
2026-09-30T15:45:00+00:00,3358.248248,5953.239125,116.0286454,9427.516019,5
2026-09-30T16:00:00+00:00,3358.021451,5953.239125,114.0175883,9425.278165,5
2026-09-30T16:15:00+00:00,3358.021451,5953.239125,127.3300674,9438.590644,5
2026-09-30T16:30:00+00:00,3358.021451,5953.239125,152.8965988,9464.157175,5
2026-09-30T16:45:00+00:00,3358.021451,5953.239125,140.2542571,9451.514834,5
2026-09-30T17:00:00+00:00,3358.021451,5953.239125,123.8343456,9435.094922,5
2026-09-30T17:15:00+00:00,3358.021451,5953.239125,131.2252583,9442.485835,5
2026-09-30T17:30:00+00:00,3358.021451,5953.239125,115.7499847,9427.010561,5
2026-09-30T17:45:00+00:00,3358.021451,5953.239125,118.1263952,9429.386972,5
2026-09-30T18:00:00+00:00,3358.021451,5953.239125,87.8608258,9399.121402,5
2026-09-30T18:15:00+00:00,3358.021451,5953.239125,124.8347728,9436.095349,5
2026-09-30T18:30:00+00:00,3358.021451,5953.239125,108.1877429,9419.448319,5
2026-09-30T18:45:00+00:00,3358.021451,5953.239125,100.9320071,9412.192584,5
2026-09-30T19:00:00+00:00,3358.021451,5953.239125,86.98104095,9398.241617,5
2026-09-30T19:15:00+00:00,3358.021451,5953.239125,98.95476342,9410.21534,5
2026-09-30T19:30:00+00:00,3358.021451,5953.239125,103.1957251,9414.456302,5
2026-09-30T19:45:00+00:00,0,9345.38366,45.8696278,9391.253288,5
2026-09-30T20:00:00+00:00,0,9345.38366,53.17492191,9398.558582,5
2026-09-30T20:15:00+00:00,0,9345.38366,54.23322989,9399.61689,5
2026-09-30T20:30:00+00:00,0,9345.38366,49.16892072,9394.552581,5
2026-09-30T20:45:00+00:00,0,9345.38366,44.78862831,9390.172289,5
2026-09-30T21:00:00+00:00,0,9345.38366,24.34036936,9369.72403,5
2026-09-30T21:15:00+00:00,0,9345.38366,12.08159772,9357.465258,5
2026-09-30T21:30:00+00:00,0,9345.38366,17.06057899,9362.444239,5
2026-09-30T21:45:00+00:00,0,9345.38366,-1.456938817,9343.926721,5
2026-09-30T22:00:00+00:00,636.0602111,8612.094691,73.14830054,9321.303203,4
2026-09-30T22:15:00+00:00,636.0602111,8612.094691,84.37811099,9332.533013,4
2026-09-30T22:30:00+00:00,636.0602111,8612.094691,91.23535696,9339.390259,4
2026-09-30T22:45:00+00:00,636.0602111,8612.094691,88.86885734,9337.02376,4
2026-09-30T23:00:00+00:00,636.0602111,8612.094691,96.84487631,9344.999779,4
2026-09-30T23:15:00+00:00,0,9246.445506,98.27220746,9344.717713,5
2026-09-30T23:30:00+00:00,0,9246.445506,95.11305878,9341.558565,5
2026-09-30T23:45:00+00:00,0,9246.445506,87.13025347,9333.575759,5
2026-10-01T00:00:00+00:00,-0.01011180682,9246.445506,79.26051715,9325.695911,5
2026-10-01T00:15:00+00:00,-0.01011180682,9246.445506,88.79481024,9335.230204,5
2026-10-01T00:30:00+00:00,-0.01011180682,9246.445506,79.76622376,9326.201618,5
2026-10-01T00:45:00+00:00,-0.01011180682,9246.445506,81.50694856,9327.942343,5
2026-10-01T01:00:00+00:00,-0.01011180682,9246.445506,89.70026766,9336.135662,5
2026-10-01T01:15:00+00:00,-0.01011180682,9246.445506,89.232649,9335.668043,5
2026-10-01T01:30:00+00:00,-0.01011180682,9246.445506,73.55038193,9319.985776,5
2026-10-01T01:45:00+00:00,-0.01011180682,9246.445506,72.97449386,9319.409888,5
2026-10-01T02:00:00+00:00,-0.01011180682,9246.445506,57.68080862,9304.116203,5
2026-10-01T02:15:00+00:00,-0.01011180682,9246.445506,63.89922159,9310.334616,5
2026-10-01T02:30:00+00:00,0.002194167403,9246.433386,86.53018408,9332.965764,4
2026-10-01T02:45:00+00:00,0.002194167403,9246.433386,114.8524651,9361.288045,4
2026-10-01T03:00:00+00:00,0,9246.435574,112.8682776,9359.303852,5
2026-10-01T03:15:00+00:00,0,9246.435574,117.8905686,9364.326143,5
2026-10-01T03:30:00+00:00,0,9246.435574,133.2512014,9379.686775,5
2026-10-01T03:45:00+00:00,0,9246.435574,133.2756261,9379.7112,5
2026-10-01T04:00:00+00:00,0,9246.435574,100.2466263,9346.6822,5
2026-10-01T04:15:00+00:00,0,9246.435574,116.7467784,9363.182352,5
2026-10-01T04:30:00+00:00,0,9246.435574,124.9664401,9371.402014,5
2026-10-01T04:45:00+00:00,0,9246.435574,119.7641201,9366.199694,5
2026-10-01T05:00:00+00:00,0,9246.435574,107.9863738,9354.421948,5
2026-10-01T05:15:00+00:00,0,9246.435574,104.4518681,9350.887442,5
2026-10-01T05:30:00+00:00,0,9246.435574,123.8322274,9370.267801,5
2026-10-01T05:45:00+00:00,0,9246.435574,119.9345231,9366.370097,5
2026-10-01T06:00:00+00:00,0,9246.435574,109.0535517,9355.489126,5
2026-10-01T06:15:00+00:00,0.001673386148,9246.433386,118.2244568,9364.659516,4
2026-10-01T06:30:00+00:00,0.001673386148,9246.433386,117.4134958,9363.848555,4
2026-10-01T06:45:00+00:00,0,9246.435055,129.1753674,9375.610422,5
2026-10-01T07:00:00+00:00,0,9246.435055,129.9852394,9376.420294,5
2026-10-01T07:15:00+00:00,0,9246.435055,138.7640258,9385.19908,5
2026-10-01T07:30:00+00:00,0,9246.435055,123.1669639,9369.602019,5
2026-10-01T07:45:00+00:00,0,9246.435055,122.7193103,9369.154365,5
2026-10-01T08:00:00+00:00,0.06640273264,9246.435055,94.81446326,9341.315921,5
2026-10-01T08:15:00+00:00,0.06640273264,9246.435055,84.47516236,9330.97662,5
2026-10-01T08:30:00+00:00,0.06796954361,9246.433386,59.56656477,9306.06792,4
2026-10-01T08:45:00+00:00,-1.387778781e-17,9246.501169,58.13915332,9304.640322,5
2026-10-01T09:00:00+00:00,-1.387778781e-17,9246.501169,55.3205526,9301.821722,5
2026-10-01T09:15:00+00:00,-1.387778781e-17,9246.501169,38.95138445,9285.452553,5
2026-10-01T09:30:00+00:00,1408.736025,7894.739528,-28.45883913,9275.016714,4
2026-10-01T09:45:00+00:00,1408.736025,7894.739528,-22.70435073,9280.771203,4
2026-10-01T10:00:00+00:00,1408.736025,7894.739528,-29.95765964,9273.517894,4
2026-10-01T10:15:00+00:00,1408.736025,7894.739528,-27.76386563,9275.711688,4
2026-10-01T10:30:00+00:00,1408.736025,7894.739528,-33.61155092,9269.864003,4
2026-10-01T10:45:00+00:00,1408.736025,7894.739528,-37.76972241,9265.705831,4
2026-10-01T11:00:00+00:00,1408.736025,7894.739528,-29.26135365,9274.2142,4
2026-10-01T11:15:00+00:00,0,9299.841252,-31.11064743,9268.730605,5
2026-10-01T11:30:00+00:00,0,9299.841252,-23.61712276,9276.22413,5
2026-10-01T11:45:00+00:00,0,9299.841252,-22.38626872,9277.454984,5
2026-10-01T12:00:00+00:00,0,9299.841252,-26.43275876,9273.408494,5
2026-10-01T12:15:00+00:00,0,9299.841252,-30.56004596,9269.281206,5
2026-10-01T12:30:00+00:00,0,9299.841252,-32.11978783,9267.721464,5
2026-10-01T12:45:00+00:00,0,9299.841252,-25.04944167,9274.791811,5
2026-10-01T13:00:00+00:00,0,9299.841252,-35.22577788,9264.615474,5
2026-10-01T13:15:00+00:00,0,9299.841252,-39.3106154,9260.530637,5
2026-10-01T13:30:00+00:00,0,9299.841252,-29.33141167,9270.509841,5
2026-10-01T13:45:00+00:00,0,9299.841252,-30.03849751,9269.802755,5
2026-10-01T14:00:00+00:00,0,9299.841252,-52.92409382,9246.917159,5
2026-10-01T14:15:00+00:00,0,9299.841252,-65.1334041,9234.707848,5
2026-10-01T14:30:00+00:00,0,9299.841252,-72.63871635,9227.202536,5
2026-10-01T14:45:00+00:00,0,9299.841252,-98.99020443,9200.851048,5
2026-10-01T15:00:00+00:00,0,9299.841252,-99.83423715,9200.007015,5
2026-10-01T15:15:00+00:00,0,9299.841252,-81.58300159,9218.258251,5
2026-10-01T15:30:00+00:00,0,9299.841252,-91.24983314,9208.591419,5
2026-10-01T15:45:00+00:00,0,9299.841252,-88.2647273,9211.576525,5
2026-10-01T16:00:00+00:00,0.6070529276,9299.841252,-94.83423598,9205.614069,5
2026-10-01T16:15:00+00:00,0.6070529276,9299.841252,-93.73958544,9206.70872,5
2026-10-01T16:30:00+00:00,2827.323779,6463.56245,-92.95971364,9197.926515,4
2026-10-01T16:45:00+00:00,2827.323779,6463.56245,-100.2329996,9190.653229,4
2026-10-01T17:00:00+00:00,2827.323779,6463.56245,-60.21865554,9230.667573,4
2026-10-01T17:15:00+00:00,7141.786257,2039.520322,74.71144044,9256.018019,3
2026-10-01T17:30:00+00:00,7141.786257,2039.520322,83.04816064,9264.354739,3
2026-10-01T17:45:00+00:00,7141.786257,2039.520322,59.84576104,9241.152339,3
2026-10-01T18:00:00+00:00,7141.786257,2039.520322,41.48568478,9222.792263,3
2026-10-01T18:15:00+00:00,4974.32864,4205.786492,27.9798688,9208.095001,4
2026-10-01T18:30:00+00:00,835.4753031,8342.364711,50.56322539,9228.403239,5
2026-10-01T18:45:00+00:00,835.4753031,8342.364711,21.3950283,9199.235042,5
2026-10-01T19:00:00+00:00,835.4753031,8342.364711,37.03595393,9214.875968,5
2026-10-01T19:15:00+00:00,835.4753031,8342.364711,-39.31474248,9138.525271,5
2026-10-01T19:30:00+00:00,835.4753031,8342.364711,-20.57860443,9157.261409,5
2026-10-01T19:45:00+00:00,835.4753031,8342.364711,17.52134587,9195.36136,5
2026-10-01T20:00:00+00:00,835.4753031,8342.364711,23.74700654,9201.58702,5
2026-10-01T20:15:00+00:00,835.4753031,8342.364711,16.63412695,9194.474141,5
2026-10-01T20:30:00+00:00,835.4753031,8342.364711,-2.600625453,9175.239388,5
2026-10-01T20:45:00+00:00,835.4753031,8342.364711,-0.5322630245,9177.307751,5
2026-10-01T21:00:00+00:00,835.4753031,8342.364711,-21.90937995,9155.930634,5
2026-10-01T21:15:00+00:00,835.4753031,8342.364711,-41.03761194,9136.802402,5
2026-10-01T21:30:00+00:00,835.4753031,8342.364711,-81.57693471,9096.263079,5
2026-10-01T21:45:00+00:00,835.4753031,8342.364711,-57.41078627,9120.429228,5
2026-10-01T22:00:00+00:00,835.4753031,8342.364711,-15.54023828,9162.299776,5
2026-10-01T22:15:00+00:00,835.4753031,8342.364711,-14.21530486,9163.624709,5
2026-10-01T22:30:00+00:00,835.4753031,8342.364711,-31.6630736,9146.17694,5
2026-10-01T22:45:00+00:00,835.4753031,8342.364711,-14.131001,9163.709013,5
2026-10-01T23:00:00+00:00,835.4753031,8342.364711,-39.28658031,9138.553434,5
2026-10-01T23:15:00+00:00,835.4753031,8342.364711,-19.87656782,9157.963446,5
2026-10-01T23:30:00+00:00,835.4753031,8342.364711,-9.209179779,9168.630834,5
2026-10-01T23:45:00+00:00,835.4753031,8342.364711,9.910177759,9187.750192,5
2026-10-02T00:00:00+00:00,834.9213829,8342.364711,-8.850446876,9168.435647,5
2026-10-02T00:15:00+00:00,834.9213829,8342.364711,-9.374867496,9167.911226,5
2026-10-02T00:30:00+00:00,0,9151.374949,-0.1167863831,9151.258163,5
2026-10-02T00:45:00+00:00,0,9151.374949,-4.397787166,9146.977162,5
2026-10-02T01:00:00+00:00,0,9151.374949,-45.22738758,9106.147562,5
2026-10-02T01:15:00+00:00,0,9151.374949,-50.85809228,9100.516857,5
2026-10-02T01:30:00+00:00,0,9151.374949,-68.59782565,9082.777124,5
2026-10-02T01:45:00+00:00,0,9151.374949,0.5622879721,9151.937237,5
2026-10-02T02:00:00+00:00,0,9151.374949,75.60912881,9226.984078,5
2026-10-02T02:15:00+00:00,0,9151.374949,31.74094396,9183.115893,5
2026-10-02T02:30:00+00:00,0,9151.374949,44.26717393,9195.642123,5
2026-10-02T02:45:00+00:00,0,9151.374949,99.55871115,9250.933661,5
2026-10-02T03:00:00+00:00,0,9151.374949,83.50787504,9234.882824,5
2026-10-02T03:15:00+00:00,0,9151.374949,56.78864816,9208.163598,5
2026-10-02T03:30:00+00:00,0,9151.374949,92.91762927,9244.292579,5
2026-10-02T03:45:00+00:00,0.06222537049,9151.307166,100.3954558,9251.764847,4
2026-10-02T04:00:00+00:00,0,9151.369221,70.43162319,9221.800844,5
2026-10-02T04:15:00+00:00,0,9151.369221,270.2159654,9421.585186,5
2026-10-02T04:30:00+00:00,0,9151.369221,261.0457665,9412.414988,5
2026-10-02T04:45:00+00:00,0,9151.369221,284.6553032,9436.024524,5
2026-10-02T05:00:00+00:00,0,9151.369221,222.01727,9373.386491,5
2026-10-02T05:15:00+00:00,0,9151.369221,190.5373201,9341.906541,5
2026-10-02T05:30:00+00:00,0,9151.369221,159.374924,9310.744145,5
2026-10-02T05:45:00+00:00,0,9151.369221,139.0663367,9290.435558,5
2026-10-02T06:00:00+00:00,0,9151.369221,139.7078801,9291.077101,5
2026-10-02T06:15:00+00:00,0,9151.369221,164.516986,9315.886207,5
2026-10-02T06:30:00+00:00,0,9151.369221,175.1852594,9326.55448,5
2026-10-02T06:45:00+00:00,0,9151.369221,156.1358032,9307.505024,5
2026-10-02T07:00:00+00:00,0,9151.369221,141.0217575,9292.390978,5
2026-10-02T07:15:00+00:00,0,9151.369221,110.4085548,9261.777776,5
2026-10-02T07:30:00+00:00,0,9151.369221,104.0012933,9255.370514,5
2026-10-02T07:45:00+00:00,0,9151.369221,152.789826,9304.159047,5
2026-10-02T08:00:00+00:00,-0.9070694698,9151.369221,154.8516782,9305.31383,5
2026-10-02T08:15:00+00:00,-0.9070694698,9151.369221,239.6147677,9390.076919,5
2026-10-02T08:30:00+00:00,-0.9070694698,9151.369221,229.3542052,9379.816357,5
2026-10-02T08:45:00+00:00,-0.9070694698,9151.369221,192.3038576,9342.766009,5
2026-10-02T09:00:00+00:00,-0.9070694698,9151.369221,193.2298003,9343.691952,5
2026-10-02T09:15:00+00:00,-0.9070694698,9151.369221,162.1841085,9312.64626,5
2026-10-02T09:30:00+00:00,-0.9070694698,9151.369221,168.2570761,9318.719228,5
2026-10-02T09:45:00+00:00,-0.9070694698,9151.369221,195.523491,9345.985642,5
2026-10-02T10:00:00+00:00,-0.9070694698,9151.369221,194.0504328,9344.512584,5
2026-10-02T10:15:00+00:00,-0.9070694698,9151.369221,205.9747081,9356.43686,5
2026-10-02T10:30:00+00:00,-0.9070694698,9151.369221,220.345283,9370.807435,5
2026-10-02T10:45:00+00:00,-0.9070694698,9151.369221,188.0703673,9338.532519,5
2026-10-02T11:00:00+00:00,-0.9070694698,9151.369221,236.2542063,9386.716358,5
2026-10-02T11:15:00+00:00,-0.9070694698,9151.369221,223.1522211,9373.614373,5
2026-10-02T11:30:00+00:00,-0.9070694698,9151.369221,232.089683,9382.551835,5
2026-10-02T11:45:00+00:00,-0.9070694698,9151.369221,195.7437496,9346.205901,5
2026-10-02T12:00:00+00:00,-0.9070694698,9151.369221,194.6108932,9345.073045,5
2026-10-02T12:15:00+00:00,-0.9070694698,9151.369221,239.5516481,9390.0138,5
2026-10-02T12:30:00+00:00,1471.124205,7746.267497,133.8128732,9351.204575,4
2026-10-02T12:45:00+00:00,1471.124205,7746.267497,195.7754814,9413.167183,4
2026-10-02T13:00:00+00:00,1471.124205,7746.267497,153.6295249,9371.021227,4
2026-10-02T13:15:00+00:00,1471.124205,7746.267497,135.8159115,9353.207614,4
2026-10-02T13:30:00+00:00,1471.124205,7746.267497,176.6485205,9394.040223,4
2026-10-02T13:45:00+00:00,1471.124205,7746.267497,113.0861462,9330.477848,4
2026-10-02T14:00:00+00:00,1471.124205,7746.267497,86.14791622,9303.539618,4
2026-10-02T14:15:00+00:00,1471.124205,7746.267497,72.17570582,9289.567408,4
2026-10-02T14:30:00+00:00,1471.124205,7746.267497,86.55529226,9303.946994,4
2026-10-02T14:45:00+00:00,1471.124205,7746.267497,34.24393375,9251.635636,4
2026-10-02T15:00:00+00:00,1471.124205,7746.267497,30.6489438,9248.040646,4
2026-10-02T15:15:00+00:00,1471.124205,7746.267497,40.13619164,9257.527894,4
2026-10-02T15:30:00+00:00,2.273736754e-13,9216.214048,26.00156216,9242.21561,5
2026-10-02T15:45:00+00:00,2.273736754e-13,9216.214048,29.80372929,9246.017777,5
2026-10-02T16:00:00+00:00,-0.3230369647,9216.214048,25.73458751,9241.625598,5
2026-10-02T16:15:00+00:00,-0.3230369647,9216.214048,15.18809062,9231.079102,5
2026-10-02T16:30:00+00:00,-0.3230369647,9216.214048,17.58424911,9233.47526,5
2026-10-02T16:45:00+00:00,-0.3230369647,9216.214048,4.950576655,9220.841588,5
2026-10-02T17:00:00+00:00,-0.3230369647,9216.214048,-28.26584831,9187.625163,5
2026-10-02T17:15:00+00:00,-0.3230369647,9216.214048,-22.21325031,9193.677761,5
2026-10-02T17:30:00+00:00,-0.3230369647,9216.214048,-39.83612975,9176.054881,5
2026-10-02T17:45:00+00:00,-0.3230369647,9216.214048,-18.12959842,9197.761412,5
2026-10-02T18:00:00+00:00,-0.3230369647,9216.214048,-14.42065712,9201.470354,5
2026-10-02T18:15:00+00:00,-0.3230369647,9216.214048,-73.51201176,9142.378999,5
2026-10-02T18:30:00+00:00,3419.192672,5606.524769,39.43081153,9065.148253,2
2026-10-02T18:45:00+00:00,3419.192672,5606.524769,44.43666256,9070.154104,2
2026-10-02T19:00:00+00:00,3419.192672,5606.524769,45.5309521,9071.248394,2
2026-10-02T19:15:00+00:00,3419.192672,5606.524769,43.15857818,9068.87602,2
2026-10-02T19:30:00+00:00,3419.192672,5606.524769,42.59928737,9068.316729,2
2026-10-02T19:45:00+00:00,7496.073082,1469.946551,101.0973271,9067.116959,1
2026-10-02T20:00:00+00:00,7496.073082,1469.946551,101.0973271,9067.116959,1
2026-10-02T20:15:00+00:00,7496.073082,1469.946551,103.2178045,9069.237437,1
2026-10-02T20:30:00+00:00,7496.073082,1469.946551,106.6876766,9072.707309,1
2026-10-02T20:45:00+00:00,7496.073082,1469.946551,111.3141728,9077.333805,1
2026-10-02T21:00:00+00:00,7496.073082,1469.946551,96.08528956,9062.104922,1
2026-10-02T21:15:00+00:00,7496.073082,1469.946551,104.5671992,9070.586832,1
2026-10-02T21:30:00+00:00,7496.073082,1469.946551,92.22987608,9058.249508,1
2026-10-02T21:45:00+00:00,7496.073082,1469.946551,83.74796641,9049.767599,1
2026-10-02T22:00:00+00:00,7496.073082,1469.946551,90.30216934,9056.321802,1
2026-10-02T22:15:00+00:00,7496.073082,1469.946551,85.09736113,9051.116994,1
2026-10-02T22:30:00+00:00,7496.073082,1469.946551,74.8805154,9040.900148,1
2026-10-02T22:45:00+00:00,7496.073082,1469.946551,75.84436877,9041.864001,1
2026-10-02T23:00:00+00:00,7496.073082,1469.946551,83.94073709,9049.960369,1
2026-10-02T23:15:00+00:00,7496.073082,1469.946551,71.98895528,9038.008588,1
2026-10-02T23:30:00+00:00,7496.073082,1469.946551,65.24198169,9031.261614,1
2026-10-02T23:45:00+00:00,7496.073082,1469.946551,60.42271483,9026.442347,1
2026-10-03T00:00:00+00:00,7495.625448,1469.946551,57.33838404,9022.910383,1
2026-10-03T00:15:00+00:00,7495.625448,1469.946551,45.57937291,9011.151372,1
2026-10-03T00:30:00+00:00,7495.625448,1469.946551,38.44685797,9004.018857,1
2026-10-03T00:45:00+00:00,7495.625448,1469.946551,39.41071134,9004.98271,1
2026-10-03T01:00:00+00:00,7495.625448,1469.946551,33.62759111,8999.19959,1
2026-10-03T01:15:00+00:00,7495.625448,1469.946551,41.33841808,9006.910417,1
2026-10-03T01:30:00+00:00,7495.625448,1469.946551,38.25408729,9003.826086,1
2026-10-03T01:45:00+00:00,7495.625448,1469.946551,34.01313246,8999.585131,1
2026-10-03T02:00:00+00:00,7495.625448,1469.946551,36.51915122,9002.09115,1
2026-10-03T02:15:00+00:00,7495.625448,1469.946551,34.97698583,9000.548985,1
2026-10-03T02:30:00+00:00,7495.625448,1469.946551,39.21794066,9004.789939,1
2026-10-03T02:45:00+00:00,7495.625448,1469.946551,47.50707966,9013.079078,1
2026-10-03T03:00:00+00:00,4008.969241,4954.686151,50.1767898,9013.832182,2
2026-10-03T03:15:00+00:00,261.4097344,8700.185633,57.17434521,9018.769712,3
2026-10-03T03:30:00+00:00,261.4097344,8700.185633,60.11577679,9021.711144,3
2026-10-03T03:45:00+00:00,261.4097344,8700.185633,64.39772893,9025.993096,3
2026-10-03T04:00:00+00:00,261.4097344,8700.185633,58.82033073,9020.415698,3
2026-10-03T04:15:00+00:00,261.4097344,8700.185633,28.11979645,8989.715164,3
2026-10-03T04:30:00+00:00,261.4097344,8700.185633,25.10016484,8986.695532,3
2026-10-03T04:45:00+00:00,261.4097344,8700.185633,27.40215478,8988.997522,3
2026-10-03T05:00:00+00:00,261.4097344,8700.185633,39.37396947,9000.969337,3
2026-10-03T05:15:00+00:00,5.684341886e-14,8960.878462,43.7353541,9004.613816,4
2026-10-03T05:30:00+00:00,5.684341886e-14,8960.878462,43.09591245,9003.974374,4
2026-10-03T05:45:00+00:00,5.684341886e-14,8960.878462,35.82066667,8996.699129,4
2026-10-03T06:00:00+00:00,5.684341886e-14,8960.878462,32.91480442,8993.793266,4
2026-10-03T06:15:00+00:00,5.684341886e-14,8960.878462,31.30221449,8992.180676,4
2026-10-03T06:30:00+00:00,0,8960.878462,32.28975179,8993.168214,5
2026-10-03T06:45:00+00:00,0,8960.878462,28.90790556,8989.786367,5
2026-10-03T07:00:00+00:00,0,8960.878462,19.72872385,8980.607186,5
2026-10-03T07:15:00+00:00,0,8960.878462,15.45165932,8976.330121,5
2026-10-03T07:30:00+00:00,0,8960.878462,5.12148264,8965.999945,5
2026-10-03T07:45:00+00:00,0,8960.878462,12.1765211,8973.054983,5
2026-10-03T08:00:00+00:00,-0.3796902436,8960.878462,18.5921179,8979.09089,5
2026-10-03T08:15:00+00:00,-0.3796902436,8960.878462,9.540824525,8970.039596,5
2026-10-03T08:30:00+00:00,-0.3796902436,8960.878462,17.78242729,8978.281199,5
2026-10-03T08:45:00+00:00,-0.3796902436,8960.878462,7.125335277,8967.624107,5
2026-10-03T09:00:00+00:00,-0.3796902436,8960.878462,17.19973529,8977.698507,5
2026-10-03T09:15:00+00:00,-0.3796902436,8960.878462,4.567568682,8965.06634,5
2026-10-03T09:30:00+00:00,-0.3796902436,8960.878462,12.95824009,8973.457012,5
2026-10-03T09:45:00+00:00,-0.3796902436,8960.878462,24.51055041,8985.009322,4
2026-10-03T10:00:00+00:00,-0.3796902436,8960.878462,33.24931747,8993.748089,4
2026-10-03T10:15:00+00:00,-0.3796902436,8960.878462,33.10024882,8993.599021,4
2026-10-03T10:30:00+00:00,-0.3796902436,8960.878462,41.03611657,9001.534888,4
2026-10-03T10:45:00+00:00,-0.3796902436,8960.878462,43.99872847,9004.4975,4
2026-10-03T11:00:00+00:00,-0.3796902436,8960.878462,38.76969597,8999.268468,4
2026-10-03T11:15:00+00:00,-0.3796902436,8960.878462,48.29018203,9008.788954,4
2026-10-03T11:30:00+00:00,-0.3796902436,8960.878462,57.59046076,9018.089232,4
2026-10-03T11:45:00+00:00,-0.3796902436,8960.878462,57.27793445,9017.776706,4
2026-10-03T12:00:00+00:00,-0.3796902436,8960.878462,62.50696695,9023.005739,4
2026-10-03T12:15:00+00:00,-0.3796902436,8960.878462,52.07008226,9012.568854,4
2026-10-03T12:30:00+00:00,-0.3796902436,8960.878462,40.05617698,9000.554949,4
2026-10-03T12:45:00+00:00,-0.3796902436,8960.878462,46.2939271,9006.792699,4
2026-10-03T13:00:00+00:00,-0.3796902436,8960.878462,43.86404884,9004.362821,4
2026-10-03T13:15:00+00:00,-0.3796902436,8960.878462,40.00621863,9000.50499,4
2026-10-03T13:30:00+00:00,-0.3796902436,8960.878462,46.49295411,9006.991726,4
2026-10-03T13:45:00+00:00,-0.3796902436,8960.878462,57.95294543,9018.451717,4
2026-10-03T14:00:00+00:00,-0.3796902436,8960.878462,47.33142276,9007.830194,4
2026-10-03T14:15:00+00:00,-0.3796902436,8960.878462,67.42347314,9027.922245,4
2026-10-03T14:30:00+00:00,-0.3796902436,8960.878462,69.05045209,9029.549224,4
2026-10-03T14:45:00+00:00,-0.3796902436,8960.878462,65.02916421,9025.527936,4
2026-10-03T15:00:00+00:00,-0.3796902436,8960.878462,53.0931889,9013.591961,4
2026-10-03T15:15:00+00:00,-0.3796902436,8960.878462,49.76809233,9010.266864,4
2026-10-03T15:30:00+00:00,-0.3796902436,8960.878462,48.52477837,9009.02355,4
2026-10-03T15:45:00+00:00,-0.3796902436,8960.878462,47.5728104,9008.071582,4
2026-10-03T16:00:00+00:00,-0.656189031,8960.878462,44.75926715,9004.98154,4
2026-10-03T16:15:00+00:00,-0.656189031,8960.878462,42.71305387,9002.935327,4
2026-10-03T16:30:00+00:00,-0.656189031,8960.878462,46.22278843,9006.445061,4
2026-10-03T16:45:00+00:00,3541.789235,5476.138862,-16.1930736,9001.735023,3
2026-10-03T17:00:00+00:00,5019.028215,4006.192311,-11.70603754,9013.514489,2
2026-10-03T17:15:00+00:00,5019.028215,4006.192311,-11.70603754,9013.514489,2
2026-10-03T17:30:00+00:00,5019.028215,4006.192311,-17.63126135,9007.589265,2
2026-10-03T17:45:00+00:00,5019.028215,4006.192311,-14.66864945,9010.551877,2
2026-10-03T18:00:00+00:00,2253.181223,6770.518923,-26.29549396,8997.404653,3
2026-10-03T18:15:00+00:00,0,9019.621731,-48.51743706,8971.104294,4
2026-10-03T18:30:00+00:00,0,9019.621731,-8.465989667,9011.155742,4
2026-10-03T18:45:00+00:00,0,9019.621731,-12.13111479,9007.490616,4
2026-10-03T19:00:00+00:00,0,9019.621731,-28.15272607,8991.469005,4
2026-10-03T19:15:00+00:00,0,9019.621731,-12.36523292,9007.256498,4
2026-10-03T19:30:00+00:00,0,9019.621731,-6.879973371,9012.741758,4
2026-10-03T19:45:00+00:00,0,9019.621731,-7.839397484,9011.782334,4
2026-10-03T20:00:00+00:00,0,9019.621731,19.55132147,9039.173053,4
2026-10-03T20:15:00+00:00,0,9019.621731,49.10890456,9068.730636,4
2026-10-03T20:30:00+00:00,0,9019.621731,35.88622884,9055.50796,4
2026-10-03T20:45:00+00:00,0,9019.621731,2.406450916,9022.028182,4
2026-10-03T21:00:00+00:00,0,9019.621731,-4.67625988,9014.945471,4
2026-10-03T21:15:00+00:00,0,9019.621731,-32.31515356,8987.306578,4
2026-10-03T21:30:00+00:00,0,9019.621731,-28.98270155,8990.63903,4
2026-10-03T21:45:00+00:00,0,9019.621731,-13.7565204,9005.865211,4
2026-10-03T22:00:00+00:00,0,9019.621731,-5.195243277,9014.426488,4
2026-10-03T22:15:00+00:00,0,9019.621731,-2.509078107,9017.112653,4
2026-10-03T22:30:00+00:00,0,9019.621731,13.81177267,9033.433504,4
2026-10-03T22:45:00+00:00,0,9019.621731,-12.98888582,9006.632845,4
2026-10-03T23:00:00+00:00,0,9019.621731,12.72583921,9032.34757,4
2026-10-03T23:15:00+00:00,0,9019.621731,1.478238095,9021.099969,4
2026-10-03T23:30:00+00:00,0,9019.621731,-8.725122883,9010.896608,4
2026-10-03T23:45:00+00:00,0,9019.621731,13.984344,9033.606075,4
2026-10-04T00:00:00+00:00,-0.7435792445,9019.621731,4.619059396,9023.497211,4
2026-10-04T00:15:00+00:00,-0.7435792445,9019.621731,56.65747048,9075.535622,4
2026-10-04T00:30:00+00:00,-0.7435792445,9019.621731,51.11582574,9069.993978,4
2026-10-04T00:45:00+00:00,-0.7435792445,9019.621731,32.14550033,9051.023652,4
2026-10-04T01:00:00+00:00,-0.7435792445,9019.621731,32.74898211,9051.627134,4
2026-10-04T01:15:00+00:00,-0.7435792445,9019.621731,4.847539464,9023.725691,4
2026-10-04T01:30:00+00:00,-0.7435792445,9019.621731,16.49293505,9035.371087,4
2026-10-04T01:45:00+00:00,-0.7435792445,9019.621731,22.41863532,9041.296787,4
2026-10-04T02:00:00+00:00,-0.7435792445,9019.621731,16.69894,9035.577092,4
2026-10-04T02:15:00+00:00,-0.7435792445,9019.621731,6.893373496,9025.771525,4
2026-10-04T02:30:00+00:00,-0.7435792445,9019.621731,5.962221391,9024.840373,4
2026-10-04T02:45:00+00:00,-0.7435792445,9019.621731,-8.716069074,9010.162083,4
2026-10-04T03:00:00+00:00,-0.7435792445,9019.621731,-20.18389055,8998.694261,4
2026-10-04T03:15:00+00:00,-0.7435792445,9019.621731,-26.68511823,8992.193034,4
2026-10-04T03:30:00+00:00,-0.7435792445,9019.621731,-6.151410466,9012.726741,4
2026-10-04T03:45:00+00:00,-0.7435792445,9019.621731,-19.59414772,8999.284004,4
2026-10-04T04:00:00+00:00,-0.7435792445,9019.621731,-37.53428959,8981.343862,4
2026-10-04T04:15:00+00:00,-0.7435792445,9019.621731,-28.01390599,8990.864246,4
2026-10-04T04:30:00+00:00,-5.684341886e-14,9031.509214,-38.0681995,8993.441014,4
2026-10-04T04:45:00+00:00,3682.070751,5286.009732,28.51569196,8996.596175,3
2026-10-04T05:00:00+00:00,3682.070751,5286.009732,28.15504781,8996.235531,3
2026-10-04T05:15:00+00:00,3682.070751,5286.009732,50.47292686,9018.55341,3
2026-10-04T05:30:00+00:00,3682.070751,5286.009732,70.30487226,9038.385356,3
2026-10-04T05:45:00+00:00,3682.070751,5286.009732,46.60785791,9014.688341,3
2026-10-04T06:00:00+00:00,3682.070751,5286.009732,37.8534687,9005.933952,3
2026-10-04T06:15:00+00:00,0,8964.709938,37.34595068,9002.055889,4
2026-10-04T06:30:00+00:00,0,8964.709938,34.83280301,8999.542741,4
2026-10-04T06:45:00+00:00,0,8964.709938,59.5464498,9024.256388,4
2026-10-04T07:00:00+00:00,0,8964.709938,74.40664619,9039.116585,4
2026-10-04T07:15:00+00:00,0,8964.709938,55.97667183,9020.68661,4
2026-10-04T07:30:00+00:00,0,8964.709938,52.07120213,9016.781141,4
2026-10-04T07:45:00+00:00,0,8964.709938,115.6063808,9080.316319,4
2026-10-04T08:00:00+00:00,0.3492326462,8964.709938,106.1184223,9071.177593,4
2026-10-04T08:15:00+00:00,0.3492326462,8964.709938,95.63295705,9060.692128,4
2026-10-04T08:30:00+00:00,0,8965.058213,57.27489206,9022.333105,5
2026-10-04T08:45:00+00:00,0,8965.058213,66.91861177,9031.976825,5
2026-10-04T09:00:00+00:00,0,8965.058213,60.14015097,9025.198364,5
2026-10-04T09:15:00+00:00,246.8948873,8692.477902,91.96289868,9031.335688,4
2026-10-04T09:30:00+00:00,246.8948873,8692.477902,78.96524658,9018.338035,4
2026-10-04T09:45:00+00:00,0,8938.69569,124.5372131,9063.232903,5
2026-10-04T10:00:00+00:00,0,8938.69569,149.0685543,9087.764244,5
2026-10-04T10:15:00+00:00,0,8938.69569,121.7838799,9060.47957,5
2026-10-04T10:30:00+00:00,0,8938.69569,165.3486116,9104.044302,5
2026-10-04T10:45:00+00:00,0,8938.69569,156.4516304,9095.14732,5
2026-10-04T11:00:00+00:00,0,8938.69569,174.8267678,9113.522458,5
2026-10-04T11:15:00+00:00,0,8938.69569,217.4279383,9156.123628,5
2026-10-04T11:30:00+00:00,0,8938.69569,151.7314746,9090.427165,5
2026-10-04T11:45:00+00:00,0,8938.69569,157.466299,9096.161989,5
2026-10-04T12:00:00+00:00,0,8938.69569,133.1546364,9071.850326,5
2026-10-04T12:15:00+00:00,0,8938.69569,157.2113814,9095.907071,5
2026-10-04T12:30:00+00:00,0,8938.69569,145.9065182,9084.602208,5
2026-10-04T12:45:00+00:00,0,8938.69569,128.0986642,9066.794354,5
2026-10-04T13:00:00+00:00,0,8938.69569,145.4669864,9084.162676,5
2026-10-04T13:15:00+00:00,0,8938.69569,160.2221857,9098.917876,5
2026-10-04T13:30:00+00:00,0,8938.69569,170.405381,9109.101071,5
2026-10-04T13:45:00+00:00,0,8938.69569,137.9448586,9076.640549,5
2026-10-04T14:00:00+00:00,0,8938.69569,120.676024,9059.371714,5
2026-10-04T14:15:00+00:00,221.8291044,8692.477902,143.4487727,9057.755779,4
2026-10-04T14:30:00+00:00,221.8291044,8692.477902,178.6528944,9092.9599,4
2026-10-04T14:45:00+00:00,0,8913.698649,197.5488498,9111.247499,5
2026-10-04T15:00:00+00:00,0,8913.698649,303.1405751,9216.839224,5
2026-10-04T15:15:00+00:00,0,8913.698649,272.7619181,9186.460567,5
2026-10-04T15:30:00+00:00,0,8913.698649,267.8863668,9181.585016,5
2026-10-04T15:45:00+00:00,0,8913.698649,252.689677,9166.388326,5
2026-10-04T16:00:00+00:00,-0.918911046,8913.698649,309.67643,9222.456168,5
2026-10-04T16:15:00+00:00,-0.918911046,8913.698649,270.8444153,9183.624153,5
2026-10-04T16:30:00+00:00,-0.918911046,8913.698649,307.7915985,9220.571336,5
2026-10-04T16:45:00+00:00,2938.135358,6149.372037,189.7939914,9277.301386,4
2026-10-04T17:00:00+00:00,5347.793999,3900.269228,89.42035433,9337.483582,3
2026-10-04T17:15:00+00:00,9.094947018e-13,9245.058224,89.51438513,9334.572609,4
2026-10-04T17:30:00+00:00,9.094947018e-13,9245.058224,107.5578277,9352.616052,4
2026-10-04T17:45:00+00:00,9.094947018e-13,9245.058224,98.87527379,9343.933498,4
2026-10-04T18:00:00+00:00,9.094947018e-13,9245.058224,94.32514611,9339.38337,4
2026-10-04T18:15:00+00:00,9.094947018e-13,9245.058224,123.3212657,9368.37949,4
2026-10-04T18:30:00+00:00,9.094947018e-13,9245.058224,134.4559535,9379.514178,4
2026-10-04T18:45:00+00:00,9.094947018e-13,9245.058224,146.1496451,9391.207869,4
2026-10-04T19:00:00+00:00,4026.958162,5345.13727,16.59542726,9388.69086,2
2026-10-04T19:15:00+00:00,4026.958162,5345.13727,25.50723596,9397.602669,2
2026-10-04T19:30:00+00:00,4026.958162,5345.13727,27.98165933,9400.077092,2
2026-10-04T19:45:00+00:00,4026.958162,5345.13727,36.39897924,9408.494412,2
2026-10-04T20:00:00+00:00,4026.958162,5345.13727,32.93458858,9405.030021,2
2026-10-04T20:15:00+00:00,4026.958162,5345.13727,14.6084411,9386.703874,2
2026-10-04T20:30:00+00:00,4026.958162,5345.13727,17.57982751,9389.67526,2
2026-10-04T20:45:00+00:00,4026.958162,5345.13727,20.55467785,9392.650111,2
2026-10-04T21:00:00+00:00,-4.547473509e-13,9367.783391,-7.311654398,9360.471737,3
2026-10-04T21:15:00+00:00,-4.547473509e-13,9367.783391,-10.25041453,9357.532977,3
2026-10-04T21:30:00+00:00,-4.547473509e-13,9367.783391,-12.03883142,9355.74456,3
2026-10-04T21:45:00+00:00,-4.547473509e-13,9367.783391,-3.254772377,9364.528619,3
2026-10-04T22:00:00+00:00,-4.547473509e-13,9367.783391,-18.43743867,9349.345952,3
2026-10-04T22:15:00+00:00,-4.547473509e-13,9367.783391,-13.08862482,9354.694766,3
2026-10-04T22:30:00+00:00,-4.547473509e-13,9367.783391,-14.67440681,9353.108984,3
2026-10-04T22:45:00+00:00,-4.547473509e-13,9367.783391,-1.579310386,9366.204081,3
2026-10-04T23:00:00+00:00,-4.547473509e-13,9367.783391,-4.227346951,9363.556044,3
2026-10-04T23:15:00+00:00,-4.547473509e-13,9367.783391,9.784687216,9377.568078,3
2026-10-04T23:30:00+00:00,-4.547473509e-13,9367.783391,14.26500788,9382.048399,3
2026-10-04T23:45:00+00:00,-4.547473509e-13,9367.783391,11.10111408,9378.884505,3
2026-10-05T00:00:00+00:00,-2.775557562e-17,9368.01928,6.391973137,9374.411253,4
2026-10-05T00:15:00+00:00,-2.775557562e-17,9368.01928,-1.253332385,9366.765948,4
2026-10-05T00:30:00+00:00,-2.775557562e-17,9368.01928,-25.68115933,9342.338121,4
2026-10-05T00:45:00+00:00,-2.775557562e-17,9368.01928,-22.44373134,9345.575549,4
2026-10-05T01:00:00+00:00,-2.775557562e-17,9368.01928,-19.73739681,9348.281883,4
2026-10-05T01:15:00+00:00,-2.775557562e-17,9368.01928,-29.40131635,9338.617964,4
2026-10-05T01:30:00+00:00,-2.775557562e-17,9368.01928,-29.21174322,9338.807537,4
2026-10-05T01:45:00+00:00,-2.775557562e-17,9368.01928,-29.92885763,9338.090423,4
2026-10-05T02:00:00+00:00,-2.775557562e-17,9368.01928,-29.93687058,9338.08241,4
2026-10-05T02:15:00+00:00,-2.775557562e-17,9368.01928,-26.56463858,9341.454642,4
2026-10-05T02:30:00+00:00,-2.775557562e-17,9368.01928,-22.13822546,9345.881055,4
2026-10-05T02:45:00+00:00,-2.775557562e-17,9368.01928,-4.97744819,9363.041832,4
2026-10-05T03:00:00+00:00,-2.775557562e-17,9368.01928,-20.74469091,9347.274589,4
2026-10-05T03:15:00+00:00,-2.775557562e-17,9368.01928,-25.97889257,9342.040388,4
2026-10-05T03:30:00+00:00,-2.775557562e-17,9368.01928,-2.603362723,9365.415917,4
2026-10-05T03:45:00+00:00,-2.775557562e-17,9368.01928,3.432028143,9371.451308,4
2026-10-05T04:00:00+00:00,-2.775557562e-17,9368.01928,9.110986198,9377.130266,4
2026-10-05T04:15:00+00:00,-2.775557562e-17,9368.01928,-7.611467693,9360.407812,4
2026-10-05T04:30:00+00:00,5245.829267,4023.230285,52.36454808,9321.4241,3
2026-10-05T04:45:00+00:00,0,9265.579689,48.37883582,9313.958525,4
2026-10-05T05:00:00+00:00,0,9265.579689,60.74701003,9326.326699,4
2026-10-05T05:15:00+00:00,0,9265.579689,67.9444944,9333.524183,4
2026-10-05T05:30:00+00:00,0,9265.579689,27.24804834,9292.827737,4
2026-10-05T05:45:00+00:00,0,9265.579689,35.57218199,9301.151871,4
2026-10-05T06:00:00+00:00,0,9265.579689,-2.448409737,9263.131279,4
2026-10-05T06:15:00+00:00,0,9265.579689,1.195127497,9266.774816,4
2026-10-05T06:30:00+00:00,0,9265.579689,6.69447732,9272.274166,4
2026-10-05T06:45:00+00:00,0,9265.579689,-75.18976475,9190.389924,4
2026-10-05T07:00:00+00:00,0,9265.579689,-82.05696149,9183.522727,4
2026-10-05T07:15:00+00:00,0,9265.579689,-80.8281353,9184.751553,4
2026-10-05T07:30:00+00:00,0,9265.579689,-94.20644932,9171.373239,4
2026-10-05T07:45:00+00:00,0,9265.579689,-81.26415766,9184.315531,4
2026-10-05T08:00:00+00:00,0.753123945,9265.579689,-113.5677863,9152.765026,4
2026-10-05T08:15:00+00:00,0.753123945,9265.579689,-94.70681464,9171.625998,4
2026-10-05T08:30:00+00:00,0.753123945,9265.579689,-66.63170687,9199.701106,4
2026-10-05T08:45:00+00:00,0,9266.330747,-40.99865548,9225.332092,5
2026-10-05T09:00:00+00:00,0,9266.330747,-5.003036193,9261.327711,5
2026-10-05T09:15:00+00:00,0,9266.330747,15.36169114,9281.692438,5
2026-10-05T09:30:00+00:00,0,9266.330747,3.172993058,9269.50374,5
2026-10-05T09:45:00+00:00,0.353116098,9265.982472,6.874407114,9273.209996,4
2026-10-05T10:00:00+00:00,0,9266.33462,1.042844657,9267.377465,5
2026-10-05T10:15:00+00:00,0,9266.33462,-8.306442601,9258.028177,5
2026-10-05T10:30:00+00:00,0,9266.33462,7.732073276,9274.066693,5
2026-10-05T10:45:00+00:00,0,9266.33462,-5.903679286,9260.430941,5
2026-10-05T11:00:00+00:00,0,9266.33462,15.76243994,9282.09706,5
2026-10-05T11:15:00+00:00,0,9266.33462,-27.93572473,9238.398895,5
2026-10-05T11:30:00+00:00,0,9266.33462,-3.767843697,9262.566776,5
2026-10-05T11:45:00+00:00,0,9266.33462,-20.14271226,9246.191908,5
2026-10-05T12:00:00+00:00,0,9266.33462,-0.8536288005,9265.480991,5
2026-10-05T12:15:00+00:00,0,9266.33462,0.3533041568,9266.687924,5
2026-10-05T12:30:00+00:00,0,9266.33462,22.90906618,9289.243686,5
2026-10-05T12:45:00+00:00,0,9266.33462,31.21867655,9297.553297,5
2026-10-05T13:00:00+00:00,0,9266.33462,-0.9463865161,9265.388234,5
2026-10-05T13:15:00+00:00,0,9266.33462,-4.914168686,9261.420451,5
2026-10-05T13:30:00+00:00,0,9266.33462,20.7759742,9287.110594,5
2026-10-05T13:45:00+00:00,0,9266.33462,-33.78701566,9232.547604,5
2026-10-05T14:00:00+00:00,0,9266.33462,-66.28365905,9200.050961,5
2026-10-05T14:15:00+00:00,0,9266.33462,9.463027045,9275.797647,5
2026-10-05T14:30:00+00:00,0.2130194783,9266.098731,83.57166098,9349.883411,4
2026-10-05T14:45:00+00:00,0.2130194783,9266.098731,106.2579612,9372.569712,4
2026-10-05T15:00:00+00:00,0.2130194783,9266.098731,107.2100881,9373.521839,4
2026-10-05T15:15:00+00:00,0.2130194783,9266.098731,101.725237,9368.036987,4
2026-10-05T15:30:00+00:00,0.2130194783,9266.098731,132.360761,9398.672511,4
2026-10-05T15:45:00+00:00,0.2130194783,9266.098731,145.3014204,9411.613171,4
2026-10-05T16:00:00+00:00,0.3435550225,9266.098731,137.8727354,9404.315021,4
2026-10-05T16:15:00+00:00,1.035317338,9265.347672,172.112206,9438.495196,3
2026-10-05T16:30:00+00:00,1.035317338,9265.347672,155.5988189,9421.981809,3
2026-10-05T16:45:00+00:00,1.035317338,9265.347672,124.287293,9390.670283,3
2026-10-05T17:00:00+00:00,1.035317338,9265.347672,132.3145681,9398.697558,3
2026-10-05T17:15:00+00:00,1.035317338,9265.347672,97.82754664,9364.210536,3
2026-10-05T17:30:00+00:00,1.035317338,9265.347672,104.7989739,9371.181964,3
2026-10-05T17:45:00+00:00,1.035317338,9265.347672,87.65380816,9354.036798,3
2026-10-05T18:00:00+00:00,1.035317338,9265.347672,91.09273186,9357.475722,3
2026-10-05T18:15:00+00:00,1.035317338,9265.347672,78.4038807,9344.78687,3
2026-10-05T18:30:00+00:00,1.035317338,9265.347672,77.28605551,9343.669045,3
2026-10-05T18:45:00+00:00,1.035317338,9265.347672,68.73138914,9335.114379,3
2026-10-05T19:00:00+00:00,1.035317338,9265.347672,59.52058409,9325.903574,3
2026-10-05T19:15:00+00:00,1.035317338,9265.347672,59.63900517,9326.021995,3
2026-10-05T19:30:00+00:00,1.035317338,9265.347672,62.84916107,9329.232151,3
2026-10-05T19:45:00+00:00,1.035317338,9265.347672,49.35414766,9315.737137,3
2026-10-05T20:00:00+00:00,1.035317338,9265.347672,57.54533176,9323.928321,3
2026-10-05T20:15:00+00:00,1.035317338,9265.347672,47.18181734,9313.564807,3
2026-10-05T20:30:00+00:00,1.035317338,9265.347672,31.80354496,9298.186535,3
2026-10-05T20:45:00+00:00,1.035317338,9265.347672,21.87187117,9288.254861,3
2026-10-05T21:00:00+00:00,0,9266.38015,20.57853145,9286.958682,4
2026-10-05T21:15:00+00:00,0,9266.38015,19.45179088,9285.831941,4
2026-10-05T21:30:00+00:00,0,9266.38015,6.574019549,9272.95417,4
2026-10-05T21:45:00+00:00,0,9266.38015,0.6346758276,9267.014826,4
2026-10-05T22:00:00+00:00,0,9266.38015,-45.36288798,9221.017262,4
2026-10-05T22:15:00+00:00,3996.882652,5243.73403,-31.4456784,9209.171003,3
2026-10-05T22:30:00+00:00,3996.882652,5243.73403,-29.00774167,9211.60894,3
2026-10-05T22:45:00+00:00,748.8469683,8489.984276,-37.65131537,9201.179929,4
2026-10-05T23:00:00+00:00,0,9236.777563,-37.28342712,9199.494135,5
2026-10-05T23:15:00+00:00,0,9236.777563,-33.6265285,9203.151034,5
2026-10-05T23:30:00+00:00,0,9236.777563,-30.73338159,9206.044181,5
2026-10-05T23:45:00+00:00,0,9236.777563,-12.28330982,9224.494253,5
2026-10-06T00:00:00+00:00,-0.4735985209,9236.777563,-12.08249021,9224.221474,5
2026-10-06T00:15:00+00:00,-0.4735985209,9236.777563,-27.99599797,9208.307966,5
2026-10-06T00:30:00+00:00,-0.4735985209,9236.777563,-34.69361844,9201.610346,5
2026-10-06T00:45:00+00:00,-0.4735985209,9236.777563,-44.24623148,9192.057733,5
2026-10-06T01:00:00+00:00,-0.4735985209,9236.777563,-26.67903043,9209.624934,5
2026-10-06T01:15:00+00:00,-0.4735985209,9236.777563,-48.82437542,9187.479589,5
2026-10-06T01:30:00+00:00,-0.4735985209,9236.777563,-60.16766758,9176.136296,5
2026-10-06T01:45:00+00:00,-0.4735985209,9236.777563,-52.67311893,9183.630845,5
2026-10-06T02:00:00+00:00,3151.232042,5989.494838,50.80647587,9191.533356,3
2026-10-06T02:15:00+00:00,3151.232042,5989.494838,39.04697796,9179.773859,3
2026-10-06T02:30:00+00:00,3151.232042,5989.494838,48.93072899,9189.65761,3
2026-10-06T02:45:00+00:00,0,9138.938374,42.4419111,9181.380285,4
2026-10-06T03:00:00+00:00,0,9138.938374,57.60145139,9196.539826,4
2026-10-06T03:15:00+00:00,0,9138.938374,67.45093584,9206.38931,4
2026-10-06T03:30:00+00:00,0,9138.938374,75.18366597,9214.12204,4
2026-10-06T03:45:00+00:00,0,9138.938374,81.1140518,9220.052426,4
2026-10-06T04:00:00+00:00,0,9138.938374,73.66467909,9212.603053,4
2026-10-06T04:15:00+00:00,0,9138.938374,72.55732987,9211.495704,4
2026-10-06T04:30:00+00:00,0,9138.938374,90.8926656,9229.83104,4
2026-10-06T04:45:00+00:00,0,9138.938374,54.21614774,9193.154522,4
2026-10-06T05:00:00+00:00,0,9138.938374,64.12358348,9203.061958,4
2026-10-06T05:15:00+00:00,0,9138.938374,72.11905725,9211.057432,4
2026-10-06T05:30:00+00:00,0,9138.938374,89.47505511,9228.413429,4
2026-10-06T05:45:00+00:00,0,9138.938374,75.13225209,9214.070626,4
2026-10-06T06:00:00+00:00,2194.671245,6939.910668,58.58108056,9193.162994,4
2026-10-06T06:15:00+00:00,2194.671245,6939.910668,73.79235077,9208.374264,4
2026-10-06T06:30:00+00:00,3054.695124,6193.117382,4.202449899,9252.014955,3
2026-10-06T06:45:00+00:00,0,9243.838607,-9.16900765,9234.669599,4
2026-10-06T07:00:00+00:00,0,9243.838607,-16.25517396,9227.583433,4
2026-10-06T07:15:00+00:00,0,9243.838607,-2.741935165,9241.096672,4
2026-10-06T07:30:00+00:00,0,9243.838607,-38.90131746,9204.937289,4
2026-10-06T07:45:00+00:00,0,9243.838607,-38.60606302,9205.232544,4
2026-10-06T08:00:00+00:00,-0.1241521199,9243.838607,-63.39871168,9180.315743,4
2026-10-06T08:15:00+00:00,-0.1241521199,9243.838607,-62.35712136,9181.357333,4
2026-10-06T08:30:00+00:00,-0.1241521199,9243.838607,-46.9440612,9196.770393,4
2026-10-06T08:45:00+00:00,-0.1241521199,9243.838607,-26.90276016,9216.811695,4
2026-10-06T09:00:00+00:00,-0.1241521199,9243.838607,87.5465708,9331.261026,4
2026-10-06T09:15:00+00:00,-0.1241521199,9243.838607,103.3370804,9347.051535,4
2026-10-06T09:30:00+00:00,-0.1241521199,9243.838607,107.4666592,9351.181114,4
2026-10-06T09:45:00+00:00,-0.1241521199,9243.838607,78.03181194,9321.746267,4
2026-10-06T10:00:00+00:00,-0.1241521199,9243.838607,60.84487395,9304.559329,4
2026-10-06T10:15:00+00:00,-0.1241521199,9243.838607,21.15411728,9264.868572,4
2026-10-06T10:30:00+00:00,-0.1241521199,9243.838607,3.159094349,9246.873549,4
2026-10-06T10:45:00+00:00,-0.1241521199,9243.838607,6.925931924,9250.640387,4
2026-10-06T11:00:00+00:00,-0.1241521199,9243.838607,31.61398891,9275.328444,4
2026-10-06T11:15:00+00:00,0,9243.719819,42.04617656,9285.765995,4
2026-10-06T11:30:00+00:00,0,9243.719819,43.068274,9286.788093,4
2026-10-06T11:45:00+00:00,0,9243.719819,42.94129105,9286.66111,4
2026-10-06T12:00:00+00:00,3050.738364,6094.276283,55.01767919,9200.032326,3
2026-10-06T12:15:00+00:00,3050.738364,6094.276283,72.21819729,9217.232844,3
2026-10-06T12:30:00+00:00,0,9142.119687,69.65575448,9211.775442,4
2026-10-06T12:45:00+00:00,0,9142.119687,63.30804638,9205.427734,4
2026-10-06T13:00:00+00:00,0,9142.119687,42.65436342,9184.774051,4
2026-10-06T13:15:00+00:00,0,9142.119687,34.50080579,9176.620493,4
2026-10-06T13:30:00+00:00,0,9142.119687,21.90051111,9164.020198,4
2026-10-06T13:45:00+00:00,0,9142.119687,19.776546,9161.896233,4
2026-10-06T14:00:00+00:00,0,9142.119687,24.55950335,9166.679191,4
2026-10-06T14:15:00+00:00,0,9142.119687,-12.67010934,9129.449578,4
2026-10-06T14:30:00+00:00,2943.302841,6091.398462,105.9382057,9140.639509,3
2026-10-06T14:45:00+00:00,2943.302841,6091.398462,123.3762369,9158.07754,3
2026-10-06T15:00:00+00:00,2943.302841,6091.398462,108.9087076,9143.610011,3
2026-10-06T15:15:00+00:00,2943.302841,6091.398462,74.47350322,9109.174806,3
2026-10-06T15:30:00+00:00,0,9030.656138,49.41966886,9080.075806,4
2026-10-06T15:45:00+00:00,0,9030.656138,-21.74734893,9008.908789,4
2026-10-06T16:00:00+00:00,-1.563924789,9030.656138,-19.65323762,9009.438975,4
2026-10-06T16:15:00+00:00,-1.563924789,9030.656138,-13.53354389,9015.558669,4
2026-10-06T16:30:00+00:00,-1.563924789,9030.656138,-6.544679193,9022.547534,4
2026-10-06T16:45:00+00:00,-1.563924789,9030.656138,-18.35285739,9010.739355,4
2026-10-06T17:00:00+00:00,-1.563924789,9030.656138,-50.43649184,8978.655721,4
2026-10-06T17:15:00+00:00,-1.563924789,9030.656138,-37.79611015,8991.296103,4
2026-10-06T17:30:00+00:00,-1.563924789,9030.656138,-30.51827949,8998.573933,4
2026-10-06T17:45:00+00:00,-1.563924789,9030.656138,-1.714612693,9027.3776,4
2026-10-06T18:00:00+00:00,-1.563924789,9030.656138,10.88140123,9039.973614,4
2026-10-06T18:15:00+00:00,-1.563924789,9030.656138,-9.075286356,9020.016926,4
2026-10-06T18:30:00+00:00,-1.563924789,9030.656138,-10.96898175,9018.123231,4
2026-10-06T18:45:00+00:00,-1.563924789,9030.656138,-31.60435382,8997.487859,4
2026-10-06T19:00:00+00:00,-1.563924789,9030.656138,-64.68038066,8964.411832,4
2026-10-06T19:15:00+00:00,-1.563924789,9030.656138,-90.061518,8939.030695,4
2026-10-06T19:30:00+00:00,-1.563924789,9030.656138,-75.61646373,8953.475749,4
2026-10-06T19:45:00+00:00,-1.563924789,9030.656138,-59.64119931,8969.451013,4
2026-10-06T20:00:00+00:00,-1.563924789,9030.656138,-73.29810458,8955.794108,4
2026-10-06T20:15:00+00:00,-1.563924789,9030.656138,-55.34271554,8973.749497,4
2026-10-06T20:30:00+00:00,-1.563924789,9030.656138,-63.34251355,8965.749699,4
2026-10-06T20:45:00+00:00,-1.563924789,9030.656138,-59.90109528,8969.191118,4
2026-10-06T21:00:00+00:00,-1.563924789,9030.656138,-70.57816838,8958.514044,4
2026-10-06T21:15:00+00:00,-1.563924789,9030.656138,-80.94735118,8948.144862,4
2026-10-06T21:30:00+00:00,-1.563924789,9030.656138,-98.65898862,8930.433224,4
2026-10-06T21:45:00+00:00,-1.563924789,9030.656138,-95.8510799,8933.241133,4
2026-10-06T22:00:00+00:00,-1.563924789,9030.656138,-96.9827222,8932.109491,4
2026-10-06T22:15:00+00:00,-1.563924789,9030.656138,-106.9202576,8922.171955,4
2026-10-06T22:30:00+00:00,-1.563924789,9030.656138,-108.726483,8920.36573,4
2026-10-06T22:45:00+00:00,-1.563924789,9030.656138,-114.484205,8914.608008,4
2026-10-06T23:00:00+00:00,-1.563924789,9030.656138,-111.5411808,8917.551032,4
2026-10-06T23:15:00+00:00,-1.563924789,9030.656138,-102.2156899,8926.876523,4
2026-10-06T23:30:00+00:00,-1.563924789,9030.656138,-110.4106581,8918.681555,4
2026-10-06T23:45:00+00:00,-1.563924789,9030.656138,-121.7835229,8907.30869,4
2026-10-07T00:00:00+00:00,-1.826531242,9030.656138,-122.4788341,8906.350772,4
2026-10-07T00:15:00+00:00,-1.826531242,9030.656138,-154.3516864,8874.47792,4
2026-10-07T00:30:00+00:00,-1.826531242,9030.656138,-129.1012846,8899.728322,4
2026-10-07T00:45:00+00:00,-1.826531242,9030.656138,-129.4728552,8899.356751,4
2026-10-07T01:00:00+00:00,-1.826531242,9030.656138,-150.5451503,8878.284456,4
2026-10-07T01:15:00+00:00,-1.826531242,9030.656138,-190.7449728,8838.084634,4
2026-10-07T01:30:00+00:00,-1.826531242,9030.656138,-190.2642682,8838.565338,4
2026-10-07T01:45:00+00:00,8737.327487,0.2333595397,-0.01252088981,8737.548325,1
2026-10-07T02:00:00+00:00,2855.024868,5879.273319,65.31295744,8799.611145,1
2026-10-07T02:15:00+00:00,2855.024868,5879.273319,55.91565868,8790.213847,1
2026-10-07T02:30:00+00:00,4.547473509e-13,8732.261089,31.90175898,8764.162848,2
2026-10-07T02:45:00+00:00,0,8732.261089,29.10150293,8761.362592,3
2026-10-07T03:00:00+00:00,0,8732.261089,38.49353946,8770.754629,3
2026-10-07T03:15:00+00:00,0,8732.261089,39.75163958,8772.012729,3
2026-10-07T03:30:00+00:00,0,8732.261089,33.69703902,8765.958128,3
2026-10-07T03:45:00+00:00,0,8732.261089,33.56178783,8765.822877,3
2026-10-07T04:00:00+00:00,0,8732.261089,25.69835378,8757.959443,3
2026-10-07T04:15:00+00:00,0,8732.261089,35.1911933,8767.452282,3
2026-10-07T04:30:00+00:00,0,8732.261089,40.35756169,8772.618651,3
2026-10-07T04:45:00+00:00,0,8732.261089,42.31281244,8774.573901,3
2026-10-07T05:00:00+00:00,0,8732.261089,21.09611805,8753.357207,3
2026-10-07T05:15:00+00:00,0,8732.261089,10.65587864,8742.916968,3
2026-10-07T05:30:00+00:00,0,8732.261089,1.52684903,8733.787938,3
2026-10-07T05:45:00+00:00,0,8732.261089,-10.85811668,8721.402972,3
2026-10-07T06:00:00+00:00,0,8732.261089,2.843321066,8735.10441,3
2026-10-07T06:15:00+00:00,0,8732.261089,6.609484343,8738.870573,3
2026-10-07T06:30:00+00:00,3.211460255e-13,8732.261089,-24.44073155,8707.820357,2
2026-10-07T06:45:00+00:00,3.211460255e-13,8732.261089,-4.157241971,8728.103847,2
2026-10-07T07:00:00+00:00,3.211460255e-13,8732.261089,-14.46079279,8717.800296,2
2026-10-07T07:15:00+00:00,3.211460255e-13,8732.261089,-1.045489904,8731.215599,2
2026-10-07T07:30:00+00:00,3.211460255e-13,8732.261089,-12.9620179,8719.299071,2
2026-10-07T07:45:00+00:00,3.211460255e-13,8732.261089,8.504925748,8740.766015,2
2026-10-07T08:00:00+00:00,-0.2880243885,8732.261089,12.49900614,8744.472071,2
2026-10-07T08:15:00+00:00,-0.2880243885,8732.261089,14.00671389,8745.979779,2
2026-10-07T08:30:00+00:00,-0.2880243885,8732.261089,20.61045624,8752.583521,2
2026-10-07T08:45:00+00:00,-0.2880243885,8732.261089,36.14305962,8768.116124,2
2026-10-07T09:00:00+00:00,-0.2880243885,8732.261089,40.41880845,8772.391873,2
2026-10-07T09:15:00+00:00,-0.2880243885,8732.261089,44.74384217,8776.716907,2
2026-10-07T09:30:00+00:00,-0.2880243885,8732.261089,72.74801918,8804.721084,2
2026-10-07T09:45:00+00:00,-0.2880243885,8732.261089,77.60129996,8809.574365,2
2026-10-07T10:00:00+00:00,-0.2880243885,8732.261089,99.6673119,8831.640377,2
2026-10-07T10:15:00+00:00,-0.2880243885,8732.261089,86.48582998,8818.458895,2
2026-10-07T10:30:00+00:00,-0.2880243885,8732.261089,119.7070977,8851.680162,2
2026-10-07T10:45:00+00:00,-0.2880243885,8732.261089,108.3330118,8840.306076,2
2026-10-07T11:00:00+00:00,-0.2880243885,8732.261089,99.35342849,8831.326493,2
2026-10-07T11:15:00+00:00,-0.2880243885,8732.261089,128.5134652,8860.48653,2
2026-10-07T11:30:00+00:00,-0.2880243885,8732.261089,128.8795083,8860.852573,2
2026-10-07T11:45:00+00:00,-0.2880243885,8732.261089,124.4790328,8856.452097,2
2026-10-07T12:00:00+00:00,-0.2880243885,8732.261089,113.4052769,8845.378342,2
2026-10-07T12:15:00+00:00,-0.2880243885,8732.261089,174.9186022,8906.891667,2
2026-10-07T12:30:00+00:00,-0.2880243885,8732.261089,178.5570098,8910.530074,2
2026-10-07T12:45:00+00:00,-0.2880243885,8732.261089,177.6590489,8909.632114,2
2026-10-07T13:00:00+00:00,-0.2880243885,8732.261089,201.5442646,8933.517329,2
2026-10-07T13:15:00+00:00,-0.2880243885,8732.261089,205.7991187,8937.772183,2
2026-10-07T13:30:00+00:00,-0.2880243885,8732.261089,226.3149919,8958.288057,2
2026-10-07T13:45:00+00:00,6038.912356,2852.98777,58.49046106,8950.390586,1
2026-10-07T14:00:00+00:00,6038.912356,2852.98777,67.95858105,8959.858706,1
2026-10-07T14:15:00+00:00,6038.912356,2852.98777,68.58316468,8960.48329,1
2026-10-07T14:30:00+00:00,6038.912356,2852.98777,72.58617793,8964.486303,1
2026-10-07T14:45:00+00:00,6038.912356,2852.98777,65.97126951,8957.871395,1
2026-10-07T15:00:00+00:00,3657.792447,5232.798783,49.56429922,8940.155529,2
2026-10-07T15:15:00+00:00,3657.792447,5232.798783,35.40418736,8925.995417,2
2026-10-07T15:30:00+00:00,3657.792447,5232.798783,40.18705003,8930.778279,2
2026-10-07T15:45:00+00:00,3657.792447,5232.798783,59.21463618,8949.805866,2
2026-10-07T16:00:00+00:00,3657.78382,5232.798783,70.73078814,8961.313391,2
2026-10-07T16:15:00+00:00,3657.78382,5232.798783,77.8603941,8968.442997,2
2026-10-07T16:30:00+00:00,3657.78382,5232.798783,62.40626632,8952.988869,2
2026-10-07T16:45:00+00:00,3657.78382,5232.798783,72.07961434,8962.662217,2
2026-10-07T17:00:00+00:00,3657.78382,5232.798783,68.25035113,8958.832954,2
2026-10-07T17:15:00+00:00,3657.78382,5232.798783,78.84102827,8969.423631,2
2026-10-07T17:30:00+00:00,3657.78382,5232.798783,89.69858966,8980.281193,2
2026-10-07T17:45:00+00:00,2362.997252,6526.87361,103.0945428,8992.965405,3
2026-10-07T18:00:00+00:00,2362.997252,6526.87361,123.6499701,9013.520832,3
2026-10-07T18:15:00+00:00,2362.997252,6526.87361,138.9271262,9028.797988,3
2026-10-07T18:30:00+00:00,2362.997252,6526.87361,109.3989884,8999.26985,3
2026-10-07T18:45:00+00:00,2362.997252,6526.87361,113.4841944,9003.355056,3
2026-10-07T19:00:00+00:00,2362.997252,6526.87361,126.005267,9015.876129,3
2026-10-07T19:15:00+00:00,2362.997252,6526.87361,134.0528223,9023.923684,3
2026-10-07T19:30:00+00:00,2362.997252,6526.87361,141.5918503,9031.462712,3
2026-10-07T19:45:00+00:00,2362.997252,6526.87361,118.4907038,9008.361566,3
2026-10-07T20:00:00+00:00,0,8885.357412,130.1499124,9015.507324,4
2026-10-07T20:15:00+00:00,0,8885.357412,131.8661843,9017.223596,4
2026-10-07T20:30:00+00:00,0,8885.357412,110.6726345,8996.030046,4
2026-10-07T20:45:00+00:00,0,8885.357412,126.909126,9012.266538,4
2026-10-07T21:00:00+00:00,0,8885.357412,123.2966443,9008.654056,4
2026-10-07T21:15:00+00:00,0,8885.357412,92.09720109,8977.454613,4
2026-10-07T21:30:00+00:00,0,8885.357412,35.34675625,8920.704168,4
2026-10-07T21:45:00+00:00,0,8885.357412,33.62485554,8918.982267,4
2026-10-07T22:00:00+00:00,0,8885.357412,43.34349237,8928.700904,4
2026-10-07T22:15:00+00:00,0,8885.357412,65.28146328,8950.638875,4
2026-10-07T22:30:00+00:00,0,8885.357412,93.15194384,8978.509355,4
2026-10-07T22:45:00+00:00,0,8885.357412,98.28959985,8983.647011,4
2026-10-07T23:00:00+00:00,0,8885.357412,109.220642,8994.578054,4
2026-10-07T23:15:00+00:00,0,8885.357412,119.2177148,9004.575126,4
2026-10-07T23:30:00+00:00,0,8885.357412,117.6936881,9003.0511,4
2026-10-07T23:45:00+00:00,0,8885.357412,101.9498745,8987.307286,4
2026-10-08T00:00:00+00:00,-0.6912692153,8885.357412,110.5153155,8995.181458,4
2026-10-08T00:15:00+00:00,-0.6912692153,8885.357412,92.1769296,8976.843072,4
2026-10-08T00:30:00+00:00,-0.6912692153,8885.357412,88.32391966,8972.990062,4
2026-10-08T00:45:00+00:00,-0.6912692153,8885.357412,96.94114428,8981.607287,4
2026-10-08T01:00:00+00:00,-0.6912692153,8885.357412,153.8190616,9038.485204,4
2026-10-08T01:15:00+00:00,-0.6912692153,8885.357412,128.9848504,9013.650993,4
2026-10-08T01:30:00+00:00,-0.6912692153,8885.357412,105.2023335,8989.868476,4
2026-10-08T01:45:00+00:00,-0.6912692153,8885.357412,72.11257737,8956.77872,4
2026-10-08T02:00:00+00:00,-0.6912692153,8885.357412,91.4491877,8976.11533,4
2026-10-08T02:15:00+00:00,-0.6912692153,8885.357412,119.0864296,9003.752572,4
2026-10-08T02:30:00+00:00,-0.6912692153,8885.357412,117.0891799,9001.755322,4
2026-10-08T02:45:00+00:00,-0.6912692153,8885.357412,106.9373489,8991.603491,4
2026-10-08T03:00:00+00:00,-0.6912692153,8885.357412,57.32396688,8941.990109,4
2026-10-08T03:15:00+00:00,-0.6912692153,8885.357412,83.3004377,8967.96658,4
2026-10-08T03:30:00+00:00,-0.6912692153,8885.357412,68.40943089,8953.075573,4
2026-10-08T03:45:00+00:00,2908.620936,6032.369642,-10.01700121,8930.973577,3
2026-10-08T04:00:00+00:00,0,8937.292787,-28.26630227,8909.026485,4
2026-10-08T04:15:00+00:00,4547.877954,4198.997973,67.19457577,8814.070502,2
2026-10-08T04:30:00+00:00,2365.423135,6380.253101,103.9166521,8849.592888,3
2026-10-08T04:45:00+00:00,2365.423135,6380.253101,96.72808977,8842.404326,3
2026-10-08T05:00:00+00:00,0,8743.544692,70.87100623,8814.415698,4
2026-10-08T05:15:00+00:00,0,8743.544692,43.51907482,8787.063767,4
2026-10-08T05:30:00+00:00,0,8743.544692,53.67859883,8797.223291,4
2026-10-08T05:45:00+00:00,0,8743.544692,81.5234576,8825.068149,4
2026-10-08T06:00:00+00:00,0,8743.544692,66.8025922,8810.347284,4
2026-10-08T06:15:00+00:00,0,8743.544692,110.1962768,8853.740969,4
2026-10-08T06:30:00+00:00,0,8743.544692,94.35405411,8837.898746,4
2026-10-08T06:45:00+00:00,0,8743.544692,70.40803392,8813.952726,4
2026-10-08T07:00:00+00:00,0,8743.544692,55.69523211,8799.239924,4
2026-10-08T07:15:00+00:00,0,8743.544692,25.15730208,8768.701994,4
2026-10-08T07:30:00+00:00,0,8743.544692,38.48809513,8782.032787,4
