ts,cash,margin_used,unrealized_pnl,equity,open_positions
2026-09-13T13:45:00+00:00,10000,0,0,10000,0
2026-09-13T14:00:00+00:00,10000,0,0,10000,0
2026-09-13T14:15:00+00:00,10000,0,0,10000,0
2026-09-13T14:30:00+00:00,10000,0,0,10000,0
2026-09-13T14:45:00+00:00,10000,0,0,10000,0
2026-09-13T15:00:00+00:00,10000,0,0,10000,0
2026-09-13T15:15:00+00:00,10000,0,0,10000,0
2026-09-13T15:30:00+00:00,10000,0,0,10000,0
2026-09-13T15:45:00+00:00,10000,0,0,10000,0
2026-09-13T16:00:00+00:00,10000,0,0,10000,0
2026-09-13T16:15:00+00:00,10000,0,0,10000,0
2026-09-13T16:30:00+00:00,10000,0,0,10000,0
2026-09-13T16:45:00+00:00,10000,0,0,10000,0
2026-09-13T17:00:00+00:00,10000,0,0,10000,0
2026-09-13T17:15:00+00:00,10000,0,0,10000,0
2026-09-13T17:30:00+00:00,10000,0,0,10000,0
2026-09-13T17:45:00+00:00,10000,0,0,10000,0
2026-09-13T18:00:00+00:00,10000,0,0,10000,0
2026-09-13T18:15:00+00:00,10000,0,0,10000,0
2026-09-13T18:30:00+00:00,10000,0,0,10000,0
2026-09-13T18:45:00+00:00,10000,0,0,10000,0
2026-09-13T19:00:00+00:00,10000,0,0,10000,0
2026-09-13T19:15:00+00:00,10000,0,0,10000,0
2026-09-13T19:30:00+00:00,2155.032155,7837.130714,-6.230873722,9985.931996,1
2026-09-13T19:45:00+00:00,2155.032155,7837.130714,-1.023773718,9991.139096,1
2026-09-13T20:00:00+00:00,2155.032155,7837.130714,11.70469296,10003.86756,1
2026-09-13T20:15:00+00:00,2155.032155,7837.130714,20.38319297,10012.54606,1
2026-09-13T20:30:00+00:00,2155.032155,7837.130714,22.69745964,10014.86033,1
2026-09-13T20:45:00+00:00,2155.032155,7837.130714,33.11165965,10025.27453,1
2026-09-13T21:00:00+00:00,2155.032155,7837.130714,31.95452631,10024.1174,1
2026-09-13T21:15:00+00:00,2155.032155,7837.130714,19.8046263,10011.9675,1
2026-09-13T21:30:00+00:00,2155.032155,7837.130714,16.91179297,10009.07466,1
2026-09-13T21:45:00+00:00,2155.032155,7837.130714,12.28325963,10004.44613,1
2026-09-13T22:00:00+00:00,2155.032155,7837.130714,-73.92317379,9918.239696,1
2026-09-13T22:15:00+00:00,9880.561042,0,0,9880.561042,0
2026-09-13T22:30:00+00:00,9880.561042,0,0,9880.561042,0
2026-09-13T22:45:00+00:00,9880.561042,0,0,9880.561042,0
2026-09-13T23:00:00+00:00,9880.561042,0,0,9880.561042,0
2026-09-13T23:15:00+00:00,9880.561042,0,0,9880.561042,0
2026-09-13T23:30:00+00:00,4808.309416,5067.184441,-8.585546567,9866.908311,1
2026-09-13T23:45:00+00:00,4808.309416,5067.184441,-0.6440199887,9874.849837,1
2026-09-14T00:00:00+00:00,4808.246755,5067.184441,-19.5524166,9855.87878,1
2026-09-14T00:15:00+00:00,4808.246755,5067.184441,9.944682116,9885.375878,1
2026-09-14T00:30:00+00:00,4808.246755,5067.184441,-18.79608074,9856.635116,1
2026-09-14T00:45:00+00:00,4808.246755,5067.184441,-24.84676766,9850.584429,1
2026-09-14T01:00:00+00:00,4808.246755,5067.184441,-21.44325627,9853.98794,1
2026-09-14T01:15:00+00:00,4808.246755,5067.184441,-18.79608074,9856.635116,1
2026-09-14T01:30:00+00:00,4808.246755,5067.184441,-8.585546567,9866.84565,1
2026-09-14T01:45:00+00:00,4808.246755,5067.184441,-42.24249254,9833.188704,1
2026-09-14T02:00:00+00:00,4808.246755,5067.184441,-71.73959126,9803.691605,1
2026-09-14T02:15:00+00:00,4808.246755,5067.184441,-83.08462923,9792.346567,1
2026-09-14T02:30:00+00:00,4808.246755,5067.184441,-76.27760645,9799.15359,1
2026-09-14T02:45:00+00:00,9763.702862,0,0,9763.702862,0
2026-09-14T03:00:00+00:00,9763.702862,0,0,9763.702862,0
2026-09-14T03:15:00+00:00,9763.702862,0,0,9763.702862,0
2026-09-14T03:30:00+00:00,9763.702862,0,0,9763.702862,0
2026-09-14T03:45:00+00:00,9763.702862,0,0,9763.702862,0
2026-09-14T04:00:00+00:00,9763.702862,0,0,9763.702862,0
2026-09-14T04:15:00+00:00,9763.702862,0,0,9763.702862,0
2026-09-14T04:30:00+00:00,6007.25428,3752.695886,3.072901735,9763.023068,1
2026-09-14T04:45:00+00:00,6007.25428,3752.695886,5.38211399,9765.33228,1
2026-09-14T05:00:00+00:00,6007.25428,3752.695886,2.413126806,9762.363293,1
2026-09-14T05:15:00+00:00,6007.25428,3752.695886,-4.514509957,9755.435656,1
2026-09-14T05:30:00+00:00,6007.25428,3752.695886,0.4338020163,9760.383968,1
2026-09-14T05:45:00+00:00,0,9753.902974,21.90494673,9775.807921,2
2026-09-14T06:00:00+00:00,0,9753.902974,44.68922679,9798.592201,2
2026-09-14T06:15:00+00:00,0,9753.902974,27.0317953,9780.934769,2
2026-09-14T06:30:00+00:00,0,9753.902974,43.36967693,9797.272651,2
2026-09-14T06:45:00+00:00,0,9753.902974,24.18183251,9778.084807,2
2026-09-14T07:00:00+00:00,0,9753.902974,24.51171998,9778.414694,2
2026-09-14T07:15:00+00:00,0,9753.902974,15.42622183,9769.329196,2
2026-09-14T07:30:00+00:00,0,9753.902974,33.35402858,9787.257003,2
2026-09-14T07:45:00+00:00,0,9753.902974,26.78860576,9780.69158,2
2026-09-14T08:00:00+00:00,-0.2149289783,9753.902974,12.66809771,9766.356143,2
2026-09-14T08:15:00+00:00,-0.2149289783,9753.902974,9.850461397,9763.538507,2
2026-09-14T08:30:00+00:00,-0.2149289783,9753.902974,10.51023633,9764.198281,2
2026-09-14T08:45:00+00:00,0,9746.366682,-7.54727083,9738.819411,2
2026-09-14T09:00:00+00:00,0,9746.366682,-29.30422259,9717.06246,2
2026-09-14T09:15:00+00:00,0,9746.366682,-26.22912173,9720.13756,2
2026-09-14T09:30:00+00:00,0,9746.366682,-15.34083863,9731.025844,2
2026-09-14T09:45:00+00:00,0,9746.366682,24.37867691,9770.745359,2
2026-09-14T10:00:00+00:00,1261.630461,8493.757813,6.842514721,9762.230789,2
2026-09-14T10:15:00+00:00,1261.630461,8493.757813,0.04141463182,9755.429689,2
2026-09-14T10:30:00+00:00,1261.630461,8493.757813,1.634502533,9757.022777,2
2026-09-14T10:45:00+00:00,1261.630461,8493.757813,-4.256121224,9751.132153,2
2026-09-14T11:00:00+00:00,1261.630461,8493.757813,-5.050334862,9750.33794,2
2026-09-14T11:15:00+00:00,1261.630461,8493.757813,-2.573751669,9752.814523,2
2026-09-14T11:30:00+00:00,1261.630461,8493.757813,-28.63147239,9726.756802,2
2026-09-14T11:45:00+00:00,1261.630461,8493.757813,-55.00167891,9700.386596,2
2026-09-14T12:00:00+00:00,1261.630461,8493.757813,-55.33648511,9700.05179,2
2026-09-14T12:15:00+00:00,-2.273736754e-13,9750.563286,-87.13772052,9663.425565,3
2026-09-14T12:30:00+00:00,-2.273736754e-13,9750.563286,-58.55604407,9692.007242,3
2026-09-14T12:45:00+00:00,-2.273736754e-13,9750.563286,-45.58037643,9704.98291,3
2026-09-14T13:00:00+00:00,3703.472865,6005.403692,-7.895609362,9700.980947,2
2026-09-14T13:15:00+00:00,3703.472865,6005.403692,-33.70050167,9675.176055,2
2026-09-14T13:30:00+00:00,3703.472865,6005.403692,-55.40454878,9653.472008,2
2026-09-14T13:45:00+00:00,0,9701.568992,-21.31473193,9680.25426,3
2026-09-14T14:00:00+00:00,0,9701.568992,-103.3259457,9598.243046,3
2026-09-14T14:15:00+00:00,4674.090737,4952.970772,-11.24975744,9615.811752,2
2026-09-14T14:30:00+00:00,4674.090737,4952.970772,-0.6494008599,9626.412108,2
2026-09-14T14:45:00+00:00,1395.700508,8228.085886,-6.450289082,9617.336105,3
2026-09-14T15:00:00+00:00,1395.700508,8228.085886,-12.49084416,9611.29555,3
2026-09-14T15:15:00+00:00,0,9620.259653,-2.864174568,9617.395479,4
2026-09-14T15:30:00+00:00,0,9620.259653,-36.95635511,9583.303298,4
2026-09-14T15:45:00+00:00,0,9620.259653,-31.90729591,9588.352357,4
2026-09-14T16:00:00+00:00,0.07386856475,9620.259653,-37.90775023,9582.425772,4
2026-09-14T16:15:00+00:00,1.387778781e-17,9620.333154,-69.9222241,9550.41093,5
2026-09-14T16:30:00+00:00,3299.882336,6345.21804,-102.92084,9542.179537,4
2026-09-14T16:45:00+00:00,4501.168337,5088.412568,-73.71985132,9515.861053,3
2026-09-14T17:00:00+00:00,4501.168337,5088.412568,-84.10282573,9505.478079,3
2026-09-14T17:15:00+00:00,4501.168337,5088.412568,-79.29760947,9510.283295,3
2026-09-14T17:30:00+00:00,4501.168337,5088.412568,-70.01309811,9519.567806,3
2026-09-14T17:45:00+00:00,0,9583.416033,-86.10647455,9497.309559,4
2026-09-14T18:00:00+00:00,4494.571952,5088.412568,-91.36660884,9491.617911,3
2026-09-14T18:15:00+00:00,8126.35559,1392.247268,-50.71380874,9467.88905,2
2026-09-14T18:30:00+00:00,6003.816644,3512.665796,-61.45018382,9455.032256,3
2026-09-14T18:45:00+00:00,6003.816644,3512.665796,-59.95472562,9456.527714,3
2026-09-14T19:00:00+00:00,0,9509.261071,-82.71386829,9426.547202,4
2026-09-14T19:15:00+00:00,0,9509.261071,-90.27944678,9418.981624,4
2026-09-14T19:30:00+00:00,0.07818475386,9509.187569,-88.05284423,9421.21291,3
2026-09-14T19:45:00+00:00,1328.994457,8117.013802,-46.92523133,9399.083028,2
2026-09-14T20:00:00+00:00,1328.994457,8117.013802,-2.1408526,9443.867407,2
2026-09-14T20:15:00+00:00,1328.994457,8117.013802,50.36886821,9496.377128,2
2026-09-14T20:30:00+00:00,1328.994457,8117.013802,12.94958415,9458.957844,2
2026-09-14T20:45:00+00:00,1328.994457,8117.013802,-16.14883994,9429.859419,2
2026-09-14T21:00:00+00:00,1328.994457,8117.013802,-72.53932952,9373.46893,2
2026-09-14T21:15:00+00:00,1328.994457,8117.013802,-66.32992877,9379.678331,2
2026-09-14T21:30:00+00:00,1328.994457,8117.013802,-72.55742725,9373.450832,2
2026-09-14T21:45:00+00:00,1328.994457,8117.013802,-99.57888039,9346.429379,2
2026-09-14T22:00:00+00:00,1328.994457,8117.013802,-96.50994868,9349.498311,2
2026-09-14T22:15:00+00:00,1328.994457,8117.013802,-131.8169199,9314.191339,2
2026-09-14T22:30:00+00:00,1328.994457,8117.013802,-98.56796831,9347.440291,2
2026-09-14T22:45:00+00:00,9278.561511,0,0,9278.561511,0
2026-09-14T23:00:00+00:00,9278.561511,0,0,9278.561511,0
2026-09-14T23:15:00+00:00,9278.561511,0,0,9278.561511,0
2026-09-14T23:30:00+00:00,9278.561511,0,0,9278.561511,0
2026-09-14T23:45:00+00:00,9278.561511,0,0,9278.561511,0
2026-09-15T00:00:00+00:00,9278.561511,0,0,9278.561511,0
2026-09-15T00:15:00+00:00,9278.561511,0,0,9278.561511,0
2026-09-15T00:30:00+00:00,9278.561511,0,0,9278.561511,0
2026-09-15T00:45:00+00:00,5634.473747,3640.447317,0.7106803518,9275.631744,1
2026-09-15T01:00:00+00:00,649.6091531,8620.332025,12.07079288,9282.011971,2
2026-09-15T01:15:00+00:00,0,9266.709292,10.82813748,9277.53743,3
2026-09-15T01:30:00+00:00,0,9266.709292,-17.7344621,9248.97483,3
2026-09-15T01:45:00+00:00,0,9266.709292,-6.779935505,9259.929357,3
2026-09-15T02:00:00+00:00,0,9266.709292,-20.85008978,9245.859202,3
2026-09-15T02:15:00+00:00,0,9266.709292,-18.55192764,9248.157365,3
2026-09-15T02:30:00+00:00,0,9266.709292,-10.76019853,9255.949094,3
2026-09-15T02:45:00+00:00,0,9266.709292,-18.7317406,9247.977552,3
2026-09-15T03:00:00+00:00,0,9266.709292,42.29457507,9309.003867,3
2026-09-15T03:15:00+00:00,0,9266.709292,26.81670951,9293.526002,3
2026-09-15T03:30:00+00:00,0,9266.709292,11.85357202,9278.562864,3
2026-09-15T03:45:00+00:00,0,9266.709292,35.74253285,9302.451825,3
2026-09-15T04:00:00+00:00,0,9266.709292,51.03855248,9317.747845,3
2026-09-15T04:15:00+00:00,0,9266.709292,67.32582514,9334.035117,3
2026-09-15T04:30:00+00:00,0,9266.709292,57.48092712,9324.190219,3
2026-09-15T04:45:00+00:00,0,9266.709292,73.40248684,9340.111779,3
2026-09-15T05:00:00+00:00,3668.659548,5626.261976,58.91909894,9353.840623,2
2026-09-15T05:15:00+00:00,8702.149085,646.3772667,-4.315460474,9344.210891,1
2026-09-15T05:30:00+00:00,9339.80543,0,0,9339.80543,0
2026-09-15T05:45:00+00:00,9339.80543,0,0,9339.80543,0
2026-09-15T06:00:00+00:00,5106.370913,4229.205312,-2.115660486,9333.460564,1
2026-09-15T06:15:00+00:00,5106.370913,4229.205312,8.017891602,9343.594116,1
2026-09-15T06:30:00+00:00,5106.370913,4229.205312,9.70681695,9345.283041,1
2026-09-15T06:45:00+00:00,5106.370913,4229.205312,24.34416997,9359.920394,1
2026-09-15T07:00:00+00:00,5106.370913,4229.205312,16.46251834,9352.038743,1
2026-09-15T07:15:00+00:00,5106.370913,4229.205312,15.33656811,9350.912793,1
2026-09-15T07:30:00+00:00,5106.370913,4229.205312,24.34416997,9359.920394,1
2026-09-15T07:45:00+00:00,5106.370913,4229.205312,29.97392113,9365.550146,1
2026-09-15T08:00:00+00:00,5106.16897,4229.205312,28.8479709,9364.222252,1
2026-09-15T08:15:00+00:00,5106.16897,4229.205312,26.59607043,9361.970351,1
2026-09-15T08:30:00+00:00,5106.16897,4229.205312,21.52929439,9356.903575,1
2026-09-15T08:45:00+00:00,5106.16897,4229.205312,-3.804585834,9331.569695,1
2026-09-15T09:00:00+00:00,5106.16897,4229.205312,10.26979207,9345.644073,1
2026-09-15T09:15:00+00:00,5106.16897,4229.205312,4.640040906,9340.014322,1
2026-09-15T09:30:00+00:00,5106.16897,4229.205312,0.1362399781,9335.510521,1
2026-09-15T09:45:00+00:00,5106.16897,4229.205312,-3.804585834,9331.569695,1
2026-09-15T10:00:00+00:00,5106.16897,4229.205312,-4.36756095,9331.00672,1
2026-09-15T10:15:00+00:00,9324.090424,0,0,9324.090424,0
2026-09-15T10:30:00+00:00,9324.090424,0,0,9324.090424,0
2026-09-15T10:45:00+00:00,3684.029248,5634.42675,-4.313972789,9314.142025,1
2026-09-15T11:00:00+00:00,3684.029248,5634.42675,-8.059391081,9310.396606,1
2026-09-15T11:15:00+00:00,3684.029248,5634.42675,-33.52823547,9284.927762,1
2026-09-15T11:30:00+00:00,3684.029248,5634.42675,-41.01907205,9277.436925,1
2026-09-15T11:45:00+00:00,3684.029248,5634.42675,-39.52090474,9278.935093,1
2026-09-15T12:00:00+00:00,3684.029248,5634.42675,-22.29198059,9296.164017,1
2026-09-15T12:15:00+00:00,4.547473509e-13,9315.329719,-24.78196993,9290.547749,2
2026-09-15T12:30:00+00:00,4.547473509e-13,9315.329719,-24.77208043,9290.557639,2
2026-09-15T12:45:00+00:00,4.547473509e-13,9315.329719,-24.94020195,9290.389517,2
2026-09-15T13:00:00+00:00,4.547473509e-13,9315.329719,-25.11821298,9290.211506,2
2026-09-15T13:15:00+00:00,3576.165049,5634.42675,49.62005062,9260.21185,1
2026-09-15T13:30:00+00:00,3576.165049,5634.42675,-17.04839498,9193.543404,1
2026-09-15T13:45:00+00:00,3576.165049,5634.42675,9.169533063,9219.761332,1
2026-09-15T14:00:00+00:00,3576.165049,5634.42675,-5.063056447,9205.528743,1
2026-09-15T14:15:00+00:00,3576.165049,5634.42675,-23.79014791,9186.801651,1
2026-09-15T14:30:00+00:00,9111.534173,0,0,9111.534173,0
2026-09-15T14:45:00+00:00,9111.534173,0,0,9111.534173,0
2026-09-15T15:00:00+00:00,9111.534173,0,0,9111.534173,0
2026-09-15T15:15:00+00:00,9111.534173,0,0,9111.534173,0
2026-09-15T15:30:00+00:00,4619.170094,4489.894637,-4.746914172,9104.317817,1
2026-09-15T15:45:00+00:00,4619.170094,4489.894637,-0.9956484449,9108.069083,1
2026-09-15T16:00:00+00:00,4619.619183,4489.894637,13.38420351,9122.898024,1
2026-09-15T16:15:00+00:00,4619.619183,4489.894637,-6.622547035,9102.891273,1
2026-09-15T16:30:00+00:00,4619.619183,4489.894637,-1.620859399,9107.892961,1
2026-09-15T16:45:00+00:00,4619.619183,4489.894637,-7.247757989,9102.266062,1
2026-09-15T17:00:00+00:00,4619.619183,4489.894637,2.130406327,9111.644227,1
2026-09-15T17:15:00+00:00,4619.619183,4489.894637,-12.24944562,9097.264375,1
2026-09-15T17:30:00+00:00,4619.619183,4489.894637,-22.2528209,9087.261,1
2026-09-15T17:45:00+00:00,4619.619183,4489.894637,-29.13014139,9080.383679,1
2026-09-15T18:00:00+00:00,4619.619183,4489.894637,-31.63098521,9077.882835,1
2026-09-15T18:15:00+00:00,4619.619183,4489.894637,-27.87971949,9081.634101,1
2026-09-15T18:30:00+00:00,4619.619183,4489.894637,25.26321164,9134.777032,1
2026-09-15T18:45:00+00:00,4619.619183,4489.894637,1.505195373,9111.019016,1
2026-09-15T19:00:00+00:00,4619.619183,4489.894637,-11.62423467,9097.889586,1
2026-09-15T19:15:00+00:00,4619.619183,4489.894637,-7.247757989,9102.266062,1
2026-09-15T19:30:00+00:00,4619.619183,4489.894637,3.380828236,9112.894649,1
2026-09-15T19:45:00+00:00,9108.808443,0,0,9108.808443,0
2026-09-15T20:00:00+00:00,9108.808443,0,0,9108.808443,0
2026-09-15T20:15:00+00:00,9108.808443,0,0,9108.808443,0
2026-09-15T20:30:00+00:00,9108.808443,0,0,9108.808443,0
2026-09-15T20:45:00+00:00,9108.808443,0,0,9108.808443,0
2026-09-15T21:00:00+00:00,6070.656228,3036.482149,0.6063675165,9107.744745,1
2026-09-15T21:15:00+00:00,6070.656228,3036.482149,10.38306074,9117.521439,1
2026-09-15T21:30:00+00:00,6070.656228,3036.482149,4.006956463,9111.145334,1
2026-09-15T21:45:00+00:00,6070.656228,3036.482149,15.48394416,9122.622322,1
2026-09-15T22:00:00+00:00,6070.656228,3036.482149,18.45945948,9125.597837,1
2026-09-15T22:15:00+00:00,6070.656228,3036.482149,12.50842883,9119.646807,1
2026-09-15T22:30:00+00:00,6070.656228,3036.482149,7.407545409,9114.545923,1
2026-09-15T22:45:00+00:00,6070.656228,3036.482149,5.282177318,9112.420555,1
2026-09-15T23:00:00+00:00,6070.656228,3036.482149,-1.944074193,9105.194304,1
2026-09-15T23:15:00+00:00,6070.656228,3036.482149,2.731735608,9109.870113,1
2026-09-15T23:30:00+00:00,6070.656228,3036.482149,8.257692646,9115.39607,1
2026-09-15T23:45:00+00:00,6070.656228,3036.482149,11.23320797,9118.371586,1
2026-09-16T00:00:00+00:00,6070.831287,3036.482149,-0.2437797201,9107.069656,1
2026-09-16T00:15:00+00:00,6070.831287,3036.482149,-5.34466314,9101.968773,1
2026-09-16T00:30:00+00:00,6070.831287,3036.482149,3.156809226,9110.470245,1
2026-09-16T00:45:00+00:00,6070.831287,3036.482149,2.731735608,9110.045171,1
2026-09-16T01:00:00+00:00,6070.831287,3036.482149,2.731735608,9110.045171,1
2026-09-16T01:15:00+00:00,9107.284419,0,0,9107.284419,0
2026-09-16T01:30:00+00:00,6819.488367,2286.538456,-4.657346384,9101.369477,1
2026-09-16T01:45:00+00:00,6819.488367,2286.538456,5.492779851,9111.519603,1
2026-09-16T02:00:00+00:00,4152.407919,4952.152817,-6.99922646,9097.561509,2
2026-09-16T02:15:00+00:00,4152.407919,4952.152817,-34.95613196,9069.604603,2
2026-09-16T02:30:00+00:00,4152.407919,4952.152817,-56.33454584,9048.226189,2
2026-09-16T02:45:00+00:00,4152.407919,4952.152817,-49.73280247,9054.827933,2
2026-09-16T03:00:00+00:00,4152.407919,4952.152817,-70.68594925,9033.874786,2
2026-09-16T03:15:00+00:00,4152.407919,4952.152817,-64.78360369,9039.777132,2
2026-09-16T03:30:00+00:00,4152.407919,4952.152817,-51.56849107,9052.992244,2
2026-09-16T03:45:00+00:00,4152.407919,4952.152817,-64.79522957,9039.765506,2
2026-09-16T04:00:00+00:00,4152.407919,4952.152817,-83.40603953,9021.154696,2
2026-09-16T04:15:00+00:00,4152.407919,4952.152817,-77.5850751,9026.97566,2
2026-09-16T04:30:00+00:00,1107.216527,7995.670273,-73.93777139,9028.949029,3
2026-09-16T04:45:00+00:00,1107.216527,7995.670273,-72.10213275,9030.784668,3
2026-09-16T05:00:00+00:00,0,9101.5309,-85.89815186,9015.632748,4
2026-09-16T05:15:00+00:00,0,9101.5309,-90.21951531,9011.311384,4
2026-09-16T05:30:00+00:00,0,9101.5309,-95.40833914,9006.12256,4
2026-09-16T05:45:00+00:00,2265.405943,6814.992443,-79.1007237,9001.297662,3
2026-09-16T06:00:00+00:00,2265.405943,6814.992443,-79.25379608,9001.14459,3
2026-09-16T06:15:00+00:00,0,9066.027618,-79.90101082,8986.126607,3
2026-09-16T06:30:00+00:00,2618.531724,6400.413258,-51.78113465,8967.163847,2
2026-09-16T06:45:00+00:00,2618.531724,6400.413258,-22.33296309,8996.612019,2
2026-09-16T07:00:00+00:00,2618.531724,6400.413258,-50.38272991,8968.562252,2
2026-09-16T07:15:00+00:00,2618.531724,6400.413258,-62.49059985,8956.454382,2
2026-09-16T07:30:00+00:00,2618.531724,6400.413258,-94.47923774,8924.465744,2
2026-09-16T07:45:00+00:00,2618.531724,6400.413258,-102.6365988,8916.308383,2
2026-09-16T08:00:00+00:00,2618.679915,6400.413258,-136.4082079,8882.684965,2
2026-09-16T08:15:00+00:00,5877.672615,3043.517457,-67.24602131,8853.944051,1
2026-09-16T08:30:00+00:00,5877.672615,3043.517457,-59.78786266,8861.402209,1
2026-09-16T08:45:00+00:00,8858.037291,0,0,8858.037291,0
2026-09-16T09:00:00+00:00,1237.93434,7615.914199,-8.560432661,8845.288106,1
2026-09-16T09:15:00+00:00,1237.93434,7615.914199,-12.37497984,8841.473558,1
2026-09-16T09:30:00+00:00,1237.93434,7615.914199,-21.80566772,8832.042871,1
2026-09-16T09:45:00+00:00,1237.93434,7615.914199,-28.44841479,8825.400123,1
2026-09-16T10:00:00+00:00,1237.93434,7615.914199,-23.73810323,8830.110435,1
2026-09-16T10:15:00+00:00,1237.93434,7615.914199,-26.31468392,8827.533854,1
2026-09-16T10:30:00+00:00,1237.93434,7615.914199,-27.88478777,8825.96375,1
2026-09-16T10:45:00+00:00,1237.93434,7615.914199,-27.51239134,8826.336147,1
2026-09-16T11:00:00+00:00,1237.93434,7615.914199,-20.80925566,8833.039283,1
2026-09-16T11:15:00+00:00,0,8851.318387,-20.89942315,8830.418964,2
2026-09-16T11:30:00+00:00,0,8851.318387,-28.01916386,8823.299223,2
2026-09-16T11:45:00+00:00,0,8851.318387,-37.57526546,8813.743121,2
2026-09-16T12:00:00+00:00,0,8851.318387,-35.1310055,8816.187381,2
2026-09-16T12:15:00+00:00,0,8851.318387,-28.73819862,8822.580188,2
2026-09-16T12:30:00+00:00,0,8851.318387,-32.6068189,8818.711568,2
2026-09-16T12:45:00+00:00,0,8851.318387,-22.48334102,8828.835046,2
2026-09-16T13:00:00+00:00,0,8851.318387,-29.41806183,8821.900325,2
2026-09-16T13:15:00+00:00,0,8829.310695,-19.75914932,8809.551545,2
2026-09-16T13:30:00+00:00,0,8829.310695,-1.640642956,8827.670052,2
2026-09-16T13:45:00+00:00,0,8829.310695,-10.80914865,8818.501546,2
2026-09-16T14:00:00+00:00,0,8829.310695,-48.25775391,8781.052941,2
2026-09-16T14:15:00+00:00,0,8829.310695,-10.57363399,8818.737061,2
2026-09-16T14:30:00+00:00,0,8829.310695,-29.66821824,8799.642476,2
2026-09-16T14:45:00+00:00,0,8829.310695,-56.59585175,8772.714843,2
2026-09-16T15:00:00+00:00,0,8829.310695,-20.82507183,8808.485623,2
2026-09-16T15:15:00+00:00,0,8829.310695,-63.36297851,8765.947716,2
2026-09-16T15:30:00+00:00,1194.260198,7593.906507,-7.101868983,8781.064835,1
2026-09-16T15:45:00+00:00,1194.260198,7593.906507,-7.101868983,8781.064835,1
2026-09-16T16:00:00+00:00,0,8785.442773,-4.034681794,8781.408091,2
2026-09-16T16:15:00+00:00,0,8785.442773,1.506670854,8786.949444,2
2026-09-16T16:30:00+00:00,0,8785.442773,-1.416164326,8784.026609,2
2026-09-16T16:45:00+00:00,0,8785.442773,11.05506354,8796.497836,2
2026-09-16T17:00:00+00:00,0,8785.442773,11.45232943,8796.895102,2
2026-09-16T17:15:00+00:00,0,8785.442773,15.65354581,8801.096319,2
2026-09-16T17:30:00+00:00,7599.272827,1191.536266,19.34427254,8810.153366,1
2026-09-16T17:45:00+00:00,7599.272827,1191.536266,-2.589398752,8788.219694,1
2026-09-16T18:00:00+00:00,7599.272827,1191.536266,-3.86396075,8786.945132,1
2026-09-16T18:15:00+00:00,7599.272827,1191.536266,-18.56344224,8772.245651,1
2026-09-16T18:30:00+00:00,7599.272827,1191.536266,-16.47652205,8774.332571,1
2026-09-16T18:45:00+00:00,7599.272827,1191.536266,7.263945917,8798.073039,1
2026-09-16T19:00:00+00:00,4454.342184,4334.738148,-8.048553156,8781.031779,2
2026-09-16T19:15:00+00:00,4454.342184,4334.738148,8.334715935,8797.415048,2
2026-09-16T19:30:00+00:00,4454.342184,4334.738148,-4.295101717,8784.78523,2
2026-09-16T19:45:00+00:00,4454.342184,4334.738148,-8.272348608,8780.807983,2
2026-09-16T20:00:00+00:00,4454.342184,4334.738148,-15.56713071,8773.513201,2
2026-09-16T20:15:00+00:00,5607.390387,3143.201881,18.63542454,8769.227693,1
2026-09-16T20:30:00+00:00,5607.390387,3143.201881,15.12129583,8765.713564,1
2026-09-16T20:45:00+00:00,3847.253874,4902.370851,21.33263448,8770.95736,2
2026-09-16T21:00:00+00:00,3847.253874,4902.370851,18.71396759,8768.338693,2
2026-09-16T21:15:00+00:00,3847.253874,4902.370851,16.16683165,8765.791557,2
2026-09-16T21:30:00+00:00,1229.503963,7518.681791,7.966525464,8756.15228,3
2026-09-16T21:45:00+00:00,1229.503963,7518.681791,12.89014811,8761.075902,3
2026-09-16T22:00:00+00:00,1229.503963,7518.681791,1.023488514,8749.209243,3
2026-09-16T22:15:00+00:00,1229.503963,7518.681791,-8.517810042,8739.667944,3
2026-09-16T22:30:00+00:00,1229.503963,7518.681791,-2.260543361,8745.925211,3
2026-09-16T22:45:00+00:00,1229.503963,7518.681791,-15.00522506,8733.180529,3
2026-09-16T23:00:00+00:00,1229.503963,7518.681791,1.962627693,8750.148382,3
2026-09-16T23:15:00+00:00,4388.899819,4375.47991,1.074464083,8765.454193,2
2026-09-16T23:30:00+00:00,4388.899819,4375.47991,10.36554788,8774.745277,2
2026-09-16T23:45:00+00:00,4388.899819,4375.47991,9.158656278,8773.538385,2
2026-09-17T00:00:00+00:00,4388.592326,4375.47991,15.72800586,8779.800242,2
2026-09-17T00:15:00+00:00,4388.592326,4375.47991,18.57102615,8782.643262,2
2026-09-17T00:30:00+00:00,4388.592326,4375.47991,20.87909433,8784.95133,2
2026-09-17T00:45:00+00:00,4388.592326,4375.47991,13.83278269,8777.905018,2
2026-09-17T01:00:00+00:00,6151.973073,2616.31094,6.722916684,8775.00693,1
2026-09-17T01:15:00+00:00,4326.914429,4440.366354,37.58326247,8804.864045,2
2026-09-17T01:30:00+00:00,4326.914429,4440.366354,45.67230541,8812.953088,2
2026-09-17T01:45:00+00:00,4155.084422,4624.698466,20.08498177,8799.86787,2
2026-09-17T02:00:00+00:00,4155.084422,4624.698466,-1.335035823,8778.447852,2
2026-09-17T02:15:00+00:00,4155.084422,4624.698466,-6.347696318,8773.435192,2
2026-09-17T02:30:00+00:00,0,8776.59021,59.86560779,8836.455817,3
2026-09-17T02:45:00+00:00,0,8776.59021,27.09589627,8803.686106,3
2026-09-17T03:00:00+00:00,0,8776.59021,54.0049395,8830.595149,3
2026-09-17T03:15:00+00:00,0,8776.59021,68.31003576,8844.900245,3
2026-09-17T03:30:00+00:00,0,8776.59021,62.25698518,8838.847195,3
2026-09-17T03:45:00+00:00,0,8776.59021,63.72410922,8840.314319,3
2026-09-17T04:00:00+00:00,0,8776.59021,43.20574202,8819.795952,3
2026-09-17T04:15:00+00:00,0,8776.59021,22.37948541,8798.969695,3
2026-09-17T04:30:00+00:00,0,8776.59021,70.8264168,8847.416626,3
2026-09-17T04:45:00+00:00,0,8776.59021,98.40786308,8874.998073,3
2026-09-17T05:00:00+00:00,0,8776.59021,77.16399529,8853.754205,3
2026-09-17T05:15:00+00:00,0,8776.59021,108.0323989,8884.622608,3
2026-09-17T05:30:00+00:00,1874.221422,6952.534796,38.81853696,8865.574754,2
2026-09-17T05:45:00+00:00,1874.221422,6952.534796,44.91272962,8871.668947,2
2026-09-17T06:00:00+00:00,4709.413587,4151.891744,17.83723147,8879.142562,1
2026-09-17T06:15:00+00:00,4709.413587,4151.891744,17.36486945,8878.6702,1
2026-09-17T06:30:00+00:00,4709.413587,4151.891744,25.38740492,8886.692735,1
2026-09-17T06:45:00+00:00,8880.572568,0,0,8880.572568,0
2026-09-17T07:00:00+00:00,8880.572568,0,0,8880.572568,0
2026-09-17T07:15:00+00:00,8880.572568,0,0,8880.572568,0
2026-09-17T07:30:00+00:00,8880.572568,0,0,8880.572568,0
2026-09-17T07:45:00+00:00,488.1656304,8387.793651,-8.806963543,8867.152318,1
2026-09-17T08:00:00+00:00,487.7413773,8387.793651,-13.74003523,8861.794993,1
2026-09-17T08:15:00+00:00,487.7413773,8387.793651,-10.14437409,8865.390654,1
2026-09-17T08:30:00+00:00,487.7413773,8387.793651,-4.970130013,8870.564898,1
2026-09-17T08:45:00+00:00,487.7413773,8387.793651,2.802198482,8878.337227,1
2026-09-17T09:00:00+00:00,487.7413773,8387.793651,15.23353912,8890.768567,1
2026-09-17T09:15:00+00:00,487.7413773,8387.793651,14.5319467,8890.066975,1
2026-09-17T09:30:00+00:00,487.7413773,8387.793651,4.534254761,8880.069283,1
2026-09-17T09:45:00+00:00,487.7413773,8387.793651,-9.168722133,8866.366306,1
2026-09-17T10:00:00+00:00,487.7413773,8387.793651,-16.90816348,8858.626865,1
2026-09-17T10:15:00+00:00,487.7413773,8387.793651,-22.13721947,8853.397809,1
2026-09-17T10:30:00+00:00,487.7413773,8387.793651,-24.82300294,8850.712025,1
2026-09-17T10:45:00+00:00,487.7413773,8387.793651,-15.4720915,8860.062937,1
2026-09-17T11:00:00+00:00,487.7413773,8387.793651,-12.53417326,8863.000855,1
2026-09-17T11:15:00+00:00,0,8874.197418,-15.77721864,8858.420199,2
2026-09-17T11:30:00+00:00,0,8874.197418,-28.17856991,8846.018848,2
2026-09-17T11:45:00+00:00,0,8874.197418,-10.52946374,8863.667954,2
2026-09-17T12:00:00+00:00,8371.735129,486.4037669,-18.84196507,8839.296931,1
2026-09-17T12:15:00+00:00,911.1062479,7942.931558,-14.97662191,8839.061184,2
2026-09-17T12:30:00+00:00,911.1062479,7942.931558,-17.9655854,8836.07222,2
2026-09-17T12:45:00+00:00,911.1062479,7942.931558,-26.57654534,8827.46126,2
2026-09-17T13:00:00+00:00,911.1062479,7942.931558,-30.292861,8823.744945,2
2026-09-17T13:15:00+00:00,911.1062479,7942.931558,-45.42357146,8808.614234,2
2026-09-17T13:30:00+00:00,0,8851.539135,-84.79302397,8766.746111,3
2026-09-17T13:45:00+00:00,0,8851.539135,-29.92277086,8821.616364,3
2026-09-17T14:00:00+00:00,0,8851.539135,-5.035243755,8846.503891,3
2026-09-17T14:15:00+00:00,442.6730449,8365.135368,14.74808389,8822.556497,2
2026-09-17T14:30:00+00:00,442.6730449,8365.135368,-34.34282614,8773.465587,2
2026-09-17T14:45:00+00:00,442.6730449,8365.135368,-47.48059498,8760.327818,2
2026-09-17T15:00:00+00:00,442.6730449,8365.135368,-65.36055862,8742.447854,2
2026-09-17T15:15:00+00:00,442.6730449,8365.135368,-50.94857569,8756.859837,2
2026-09-17T15:30:00+00:00,442.6730449,8365.135368,-7.425264509,8800.383148,2
2026-09-17T15:45:00+00:00,442.6730449,8365.135368,-7.943521276,8799.864892,2
2026-09-17T16:00:00+00:00,441.7190901,8365.135368,-12.37226721,8794.482191,2
2026-09-17T16:15:00+00:00,441.7190901,8365.135368,-18.45471973,8788.399738,2
2026-09-17T16:30:00+00:00,3972.931863,4809.020719,-1.696180024,8780.256402,2
2026-09-17T16:45:00+00:00,3972.931863,4809.020719,6.79601101,8788.748593,2
2026-09-17T17:00:00+00:00,3972.931863,4809.020719,13.67481229,8795.627395,2
2026-09-17T17:15:00+00:00,1306.242548,7474.244161,17.92560617,8798.412316,3
2026-09-17T17:30:00+00:00,1306.242548,7474.244161,9.571324527,8790.058034,3
2026-09-17T17:45:00+00:00,2217.794757,6565.636584,2.28339032,8785.714732,2
2026-09-17T18:00:00+00:00,2217.794757,6565.636584,7.078926625,8790.510268,2
2026-09-17T18:15:00+00:00,2217.794757,6565.636584,8.72959263,8792.160934,2
2026-09-17T18:30:00+00:00,2217.794757,6565.636584,7.410918174,8790.842259,2
2026-09-17T18:45:00+00:00,2217.794757,6565.636584,8.486705871,8791.918047,2
2026-09-17T19:00:00+00:00,2217.794757,6565.636584,10.93518855,8794.36653,2
2026-09-17T19:15:00+00:00,2217.794757,6565.636584,9.454964432,8792.886306,2
2026-09-17T19:30:00+00:00,2217.794757,6565.636584,10.94688071,8794.378222,2
2026-09-17T19:45:00+00:00,2217.794757,6565.636584,8.977571233,8792.408912,2
2026-09-17T20:00:00+00:00,2217.794757,6565.636584,4.855670332,8788.287012,2
2026-09-17T20:15:00+00:00,2217.794757,6565.636584,5.860405336,8789.291747,2
2026-09-17T20:30:00+00:00,2217.794757,6565.636584,4.659428127,8788.090769,2
2026-09-17T20:45:00+00:00,6102.730093,2665.223442,11.14160161,8779.095137,1
2026-09-17T21:00:00+00:00,6102.730093,2665.223442,16.45876357,8784.412299,1
2026-09-17T21:15:00+00:00,6102.730093,2665.223442,16.04975111,8784.003286,1
2026-09-17T21:30:00+00:00,8781.425646,0,0,8781.425646,0
2026-09-17T21:45:00+00:00,8781.425646,0,0,8781.425646,0
2026-09-17T22:00:00+00:00,8781.425646,0,0,8781.425646,0
2026-09-17T22:15:00+00:00,8781.425646,0,0,8781.425646,0
2026-09-17T22:30:00+00:00,8781.425646,0,0,8781.425646,0
2026-09-17T22:45:00+00:00,8781.425646,0,0,8781.425646,0
2026-09-17T23:00:00+00:00,2550.210891,6227.789471,-11.52526279,8766.475099,1
2026-09-17T23:15:00+00:00,2550.210891,6227.789471,-23.75771417,8754.242648,1
2026-09-17T23:30:00+00:00,0,8774.188812,-18.41775557,8755.771056,2
2026-09-17T23:45:00+00:00,0,8774.188812,-13.5473215,8760.64149,2
2026-09-18T00:00:00+00:00,0,8775.152128,0.8302616837,8775.98239,3
2026-09-18T00:15:00+00:00,0,8775.152128,25.28564029,8800.437768,3
2026-09-18T00:30:00+00:00,0,8775.152128,13.19754397,8788.349672,3
2026-09-18T00:45:00+00:00,0,8775.152128,-25.35189256,8749.800235,3
2026-09-18T01:00:00+00:00,0,8775.152128,-41.96631744,8733.185811,3
2026-09-18T01:15:00+00:00,0,8775.152128,-53.9068181,8721.24531,3
2026-09-18T01:30:00+00:00,0,8775.152128,-82.18389147,8692.968237,3
2026-09-18T01:45:00+00:00,0,8775.152128,-97.01490325,8678.137225,3
2026-09-18T02:00:00+00:00,6127.023017,2547.362657,-22.9914556,8651.394218,2
2026-09-18T02:15:00+00:00,3100.534698,5572.187322,-36.53564146,8636.186379,3
2026-09-18T02:30:00+00:00,961.6815033,7709.864794,-50.76121465,8620.785083,4
2026-09-18T02:45:00+00:00,1.136868377e-13,8668.992228,-53.07672241,8615.915506,5
2026-09-18T03:00:00+00:00,1.136868377e-13,8668.992228,-38.78244024,8630.209788,5
2026-09-18T03:15:00+00:00,2445.676257,6121.629571,47.30487427,8614.610702,3
2026-09-18T03:30:00+00:00,0,8565.397558,42.76268837,8608.160246,4
2026-09-18T03:45:00+00:00,0,8565.397558,81.3619845,8646.759542,4
2026-09-18T04:00:00+00:00,0,8565.397558,19.2481619,8584.64572,4
2026-09-18T04:15:00+00:00,0,8565.397558,9.936013302,8575.333571,4
2026-09-18T04:30:00+00:00,0,8565.397558,44.96666539,8610.364223,4
2026-09-18T04:45:00+00:00,0,8565.397558,91.27370568,8656.671264,4
2026-09-18T05:00:00+00:00,0,8565.397558,74.34630875,8639.743867,4
2026-09-18T05:15:00+00:00,0,8565.397558,52.74264697,8618.140205,4
2026-09-18T05:30:00+00:00,0,8565.397558,41.51216378,8606.909722,4
2026-09-18T05:45:00+00:00,0,8565.397558,22.58293394,8587.980492,4
2026-09-18T06:00:00+00:00,0,8565.397558,41.43430947,8606.831867,4
2026-09-18T06:15:00+00:00,0,8565.397558,41.55100181,8606.94856,4
2026-09-18T06:30:00+00:00,3013.286402,5540.572893,59.00148519,8612.86078,3
2026-09-18T06:45:00+00:00,5131.813265,3402.895421,86.08554955,8620.794235,2
2026-09-18T07:00:00+00:00,6121.529028,2443.767987,59.63801769,8624.935032,1
2026-09-18T07:15:00+00:00,6121.529028,2443.767987,59.30447452,8624.601489,1
2026-09-18T07:30:00+00:00,6121.529028,2443.767987,65.30825144,8630.605266,1
2026-09-18T07:45:00+00:00,8626.894603,0,0,8626.894603,0
2026-09-18T08:00:00+00:00,8626.894603,0,0,8626.894603,0
2026-09-18T08:15:00+00:00,8626.894603,0,0,8626.894603,0
2026-09-18T08:30:00+00:00,8626.894603,0,0,8626.894603,0
2026-09-18T08:45:00+00:00,8626.894603,0,0,8626.894603,0
2026-09-18T09:00:00+00:00,8626.894603,0,0,8626.894603,0
2026-09-18T09:15:00+00:00,8626.894603,0,0,8626.894603,0
2026-09-18T09:30:00+00:00,8626.894603,0,0,8626.894603,0
2026-09-18T09:45:00+00:00,8626.894603,0,0,8626.894603,0
2026-09-18T10:00:00+00:00,8626.894603,0,0,8626.894603,0
2026-09-18T10:15:00+00:00,8626.894603,0,0,8626.894603,0
2026-09-18T10:30:00+00:00,8626.894603,0,0,8626.894603,0
2026-09-18T10:45:00+00:00,8626.894603,0,0,8626.894603,0
2026-09-18T11:00:00+00:00,8626.894603,0,0,8626.894603,0
2026-09-18T11:15:00+00:00,8626.894603,0,0,8626.894603,0
2026-09-18T11:30:00+00:00,8626.894603,0,0,8626.894603,0
2026-09-18T11:45:00+00:00,8626.894603,0,0,8626.894603,0
2026-09-18T12:00:00+00:00,8626.894603,0,0,8626.894603,0
2026-09-18T12:15:00+00:00,8626.894603,0,0,8626.894603,0
2026-09-18T12:30:00+00:00,8626.894603,0,0,8626.894603,0
2026-09-18T12:45:00+00:00,8626.894603,0,0,8626.894603,0
2026-09-18T13:00:00+00:00,8626.894603,0,0,8626.894603,0
2026-09-18T13:15:00+00:00,8626.894603,0,0,8626.894603,0
2026-09-18T13:30:00+00:00,8626.894603,0,0,8626.894603,0
2026-09-18T13:45:00+00:00,8626.894603,0,0,8626.894603,0
2026-09-18T14:00:00+00:00,8626.894603,0,0,8626.894603,0
2026-09-18T14:15:00+00:00,8626.894603,0,0,8626.894603,0
2026-09-18T14:30:00+00:00,8626.894603,0,0,8626.894603,0
2026-09-18T14:45:00+00:00,8626.894603,0,0,8626.894603,0
2026-09-18T15:00:00+00:00,8626.894603,0,0,8626.894603,0
2026-09-18T15:15:00+00:00,8626.894603,0,0,8626.894603,0
2026-09-18T15:30:00+00:00,8626.894603,0,0,8626.894603,0
2026-09-18T15:45:00+00:00,8626.894603,0,0,8626.894603,0
2026-09-18T16:00:00+00:00,8626.894603,0,0,8626.894603,0
2026-09-18T16:15:00+00:00,8626.894603,0,0,8626.894603,0
2026-09-18T16:30:00+00:00,8626.894603,0,0,8626.894603,0
2026-09-18T16:45:00+00:00,8626.894603,0,0,8626.894603,0
2026-09-18T17:00:00+00:00,8626.894603,0,0,8626.894603,0
2026-09-18T17:15:00+00:00,8626.894603,0,0,8626.894603,0
2026-09-18T17:30:00+00:00,8626.894603,0,0,8626.894603,0
2026-09-18T17:45:00+00:00,8626.894603,0,0,8626.894603,0
2026-09-18T18:00:00+00:00,8626.894603,0,0,8626.894603,0
2026-09-18T18:15:00+00:00,8626.894603,0,0,8626.894603,0
2026-09-18T18:30:00+00:00,8626.894603,0,0,8626.894603,0
2026-09-18T18:45:00+00:00,8626.894603,0,0,8626.894603,0
2026-09-18T19:00:00+00:00,8626.894603,0,0,8626.894603,0
2026-09-18T19:15:00+00:00,8626.894603,0,0,8626.894603,0
2026-09-18T19:30:00+00:00,8626.894603,0,0,8626.894603,0
2026-09-18T19:45:00+00:00,8626.894603,0,0,8626.894603,0
2026-09-18T20:00:00+00:00,8626.894603,0,0,8626.894603,0
2026-09-18T20:15:00+00:00,8626.894603,0,0,8626.894603,0
2026-09-18T20:30:00+00:00,8626.894603,0,0,8626.894603,0
2026-09-18T20:45:00+00:00,8626.894603,0,0,8626.894603,0
2026-09-18T21:00:00+00:00,8626.894603,0,0,8626.894603,0
2026-09-18T21:15:00+00:00,8626.894603,0,0,8626.894603,0
2026-09-18T21:30:00+00:00,8626.894603,0,0,8626.894603,0
2026-09-18T21:45:00+00:00,8626.894603,0,0,8626.894603,0
2026-09-18T22:00:00+00:00,8626.894603,0,0,8626.894603,0
2026-09-18T22:15:00+00:00,8626.894603,0,0,8626.894603,0
2026-09-18T22:30:00+00:00,8626.894603,0,0,8626.894603,0
2026-09-18T22:45:00+00:00,8626.894603,0,0,8626.894603,0
2026-09-18T23:00:00+00:00,8626.894603,0,0,8626.894603,0
2026-09-18T23:15:00+00:00,8626.894603,0,0,8626.894603,0
2026-09-18T23:30:00+00:00,8626.894603,0,0,8626.894603,0
2026-09-18T23:45:00+00:00,8626.894603,0,0,8626.894603,0
2026-09-19T00:00:00+00:00,8626.894603,0,0,8626.894603,0
2026-09-19T00:15:00+00:00,8626.894603,0,0,8626.894603,0
2026-09-19T00:30:00+00:00,8626.894603,0,0,8626.894603,0
2026-09-19T00:45:00+00:00,8626.894603,0,0,8626.894603,0
2026-09-19T01:00:00+00:00,8626.894603,0,0,8626.894603,0
2026-09-19T01:15:00+00:00,8626.894603,0,0,8626.894603,0
2026-09-19T01:30:00+00:00,8626.894603,0,0,8626.894603,0
2026-09-19T01:45:00+00:00,7535.004369,1091.290024,-13.26460253,8613.029791,1
2026-09-19T02:00:00+00:00,5421.429744,3203.702822,-15.40971353,8609.722853,2
2026-09-19T02:15:00+00:00,5421.429744,3203.702822,-49.98389331,8575.148673,2
2026-09-19T02:30:00+00:00,5421.429744,3203.702822,-48.92857023,8576.203996,2
2026-09-19T02:45:00+00:00,5421.429744,3203.702822,-32.26216991,8592.870396,2
2026-09-19T03:00:00+00:00,5421.429744,3203.702822,-48.43428259,8576.698284,2
2026-09-19T03:15:00+00:00,5421.429744,3203.702822,-64.38909715,8560.743469,2
2026-09-19T03:30:00+00:00,5421.429744,3203.702822,-71.95388745,8553.178679,2
2026-09-19T03:45:00+00:00,5421.429744,3203.702822,-80.54415515,8544.588411,2
2026-09-19T04:00:00+00:00,5421.429744,3203.702822,-78.06705693,8547.065509,2
2026-09-19T04:15:00+00:00,5421.429744,3203.702822,-95.35131679,8529.781249,2
2026-09-19T04:30:00+00:00,5421.429744,3203.702822,-129.2721313,8495.860435,2
2026-09-19T04:45:00+00:00,5421.429744,3203.702822,-124.3662316,8500.766335,2
2026-09-19T05:00:00+00:00,5421.429744,3203.702822,-96.14244138,8528.990125,2
2026-09-19T05:15:00+00:00,5421.429744,3203.702822,-89.377303,8535.755263,2
2026-09-19T05:30:00+00:00,5421.429744,3203.702822,-98.47464934,8526.657917,2
2026-09-19T05:45:00+00:00,5421.429744,3203.702822,-106.2780561,8518.85451,2
2026-09-19T06:00:00+00:00,6461.335311,2112.412798,-59.83267418,8513.915435,1
2026-09-19T06:15:00+00:00,8511.76079,0,0,8511.76079,0
2026-09-19T06:30:00+00:00,3327.436431,5181.474548,0.8087760205,8509.719756,1
2026-09-19T06:45:00+00:00,1118.932205,7388.764765,0.6732397374,8508.37021,2
2026-09-19T07:00:00+00:00,1118.932205,7388.764765,0.6126367782,8508.309607,2
2026-09-19T07:15:00+00:00,0,8505.639353,3.556180777,8509.195534,3
2026-09-19T07:30:00+00:00,0,8505.639353,18.26158611,8523.90094,3
2026-09-19T07:45:00+00:00,0,8505.639353,22.25120882,8527.890562,3
2026-09-19T08:00:00+00:00,-0.03488624074,8505.639353,6.606996703,8512.211464,3
2026-09-19T08:15:00+00:00,-0.03488624074,8505.639353,-2.919369711,8502.685098,3
2026-09-19T08:30:00+00:00,-0.03488624074,8505.639353,-5.370583908,8500.233883,3
2026-09-19T08:45:00+00:00,-0.03488624074,8505.639353,6.362950598,8511.967418,3
2026-09-19T09:00:00+00:00,-0.03488624074,8505.639353,9.315224806,8514.919692,3
2026-09-19T09:15:00+00:00,-0.03488624074,8505.639353,11.2894765,8516.893944,3
2026-09-19T09:30:00+00:00,-0.03488624074,8505.639353,15.85666335,8521.461131,3
2026-09-19T09:45:00+00:00,-0.03488624074,8505.639353,15.95446548,8521.558933,3
2026-09-19T10:00:00+00:00,-0.03488624074,8505.639353,9.534971186,8515.139438,3
2026-09-19T10:15:00+00:00,-0.03488624074,8505.639353,-10.03044538,8495.574022,3
2026-09-19T10:30:00+00:00,-0.03488624074,8505.639353,-17.39033736,8488.21413,3
2026-09-19T10:45:00+00:00,5199.213165,3324.164805,-21.18209305,8502.195877,2
2026-09-19T11:00:00+00:00,7366.480419,1116.874589,12.47842069,8495.833428,1
2026-09-19T11:15:00+00:00,7366.480419,1116.874589,6.80519776,8490.160206,1
2026-09-19T11:30:00+00:00,3426.464665,5057.326022,-2.077710981,8481.712976,1
2026-09-19T11:45:00+00:00,3426.464665,5057.326022,-1.625493986,8482.165193,1
2026-09-19T12:00:00+00:00,3426.464665,5057.326022,1.540024974,8485.330712,1
2026-09-19T12:15:00+00:00,3426.464665,5057.326022,5.157760929,8488.948448,1
2026-09-19T12:30:00+00:00,0,8481.670777,13.0206717,8494.691448,2
2026-09-19T12:45:00+00:00,0,8481.670777,24.51670358,8506.18748,2
2026-09-19T13:00:00+00:00,0,8481.670777,37.07680414,8518.747581,2
2026-09-19T13:15:00+00:00,0,8481.670777,41.24873237,8522.919509,2
2026-09-19T13:30:00+00:00,0,8481.670777,33.66301875,8515.333796,2
2026-09-19T13:45:00+00:00,0,8481.670777,32.55463419,8514.225411,2
2026-09-19T14:00:00+00:00,0,8481.670777,47.56642674,8529.237204,2
2026-09-19T14:15:00+00:00,0,8481.670777,41.57228699,8523.243064,2
2026-09-19T14:30:00+00:00,0,8481.670777,40.57922126,8522.249998,2
2026-09-19T14:45:00+00:00,0,8481.670777,27.47827197,8509.149049,2
2026-09-19T15:00:00+00:00,0,8481.670777,22.85412675,8504.524904,2
2026-09-19T15:15:00+00:00,0,8481.670777,26.03298926,8507.703766,2
2026-09-19T15:30:00+00:00,0,8481.670777,33.09548292,8514.76626,2
2026-09-19T15:45:00+00:00,5049.934546,3424.344755,20.26337664,8494.542677,1
2026-09-19T16:00:00+00:00,5049.546911,3424.344755,39.03919629,8512.930862,1
2026-09-19T16:15:00+00:00,5049.546911,3424.344755,37.33230359,8511.223969,1
2026-09-19T16:30:00+00:00,5049.546911,3424.344755,45.86676707,8519.758432,1
2026-09-19T16:45:00+00:00,8515.664243,0,0,8515.664243,0
2026-09-19T17:00:00+00:00,8515.664243,0,0,8515.664243,0
2026-09-19T17:15:00+00:00,8515.664243,0,0,8515.664243,0
2026-09-19T17:30:00+00:00,8515.664243,0,0,8515.664243,0
2026-09-19T17:45:00+00:00,8515.664243,0,0,8515.664243,0
2026-09-19T18:00:00+00:00,8515.664243,0,0,8515.664243,0
2026-09-19T18:15:00+00:00,8515.664243,0,0,8515.664243,0
2026-09-19T18:30:00+00:00,8515.664243,0,0,8515.664243,0
2026-09-19T18:45:00+00:00,3473.731944,5039.16076,-7.151091549,8505.741613,1
2026-09-19T19:00:00+00:00,3473.731944,5039.16076,-5.828162764,8507.064541,1
2026-09-19T19:15:00+00:00,3473.731944,5039.16076,-10.45841351,8502.434291,1
2026-09-19T19:30:00+00:00,3473.731944,5039.16076,-7.151091549,8505.741613,1
2026-09-19T19:45:00+00:00,3473.731944,5039.16076,-6.489627156,8506.403077,1
2026-09-19T20:00:00+00:00,3473.731944,5039.16076,-5.166698371,8507.726006,1
2026-09-19T20:15:00+00:00,3473.731944,5039.16076,4.755267519,8517.647972,1
2026-09-19T20:30:00+00:00,3473.731944,5039.16076,-0.5364476224,8512.356257,1
2026-09-19T20:45:00+00:00,4.547473509e-13,8510.086809,7.92593483,8518.012744,2
2026-09-19T21:00:00+00:00,4.547473509e-13,8510.086809,44.7342994,8554.821108,2
2026-09-19T21:15:00+00:00,4.547473509e-13,8510.086809,43.13824291,8553.225052,2
2026-09-19T21:30:00+00:00,4.547473509e-13,8510.086809,53.03926291,8563.126072,2
2026-09-19T21:45:00+00:00,4.547473509e-13,8510.086809,39.32414741,8549.410956,2
2026-09-19T22:00:00+00:00,4.547473509e-13,8510.086809,61.91867941,8572.005488,2
2026-09-19T22:15:00+00:00,4.547473509e-13,8510.086809,52.16026559,8562.247075,2
2026-09-19T22:30:00+00:00,4.547473509e-13,8510.086809,23.91790757,8534.004717,2
2026-09-19T22:45:00+00:00,4.547473509e-13,8510.086809,19.77187053,8529.858679,2
2026-09-19T23:00:00+00:00,5036.64204,3470.926049,6.342634769,8513.910724,1
2026-09-19T23:15:00+00:00,3264.909099,5241.685073,21.94458774,8528.538759,2
2026-09-19T23:30:00+00:00,3264.909099,5241.685073,15.40523052,8521.999402,2
2026-09-19T23:45:00+00:00,3264.909099,5241.685073,23.97514505,8530.569316,2
2026-09-20T00:00:00+00:00,4.547473509e-13,8502.654964,23.55764233,8526.212606,3
2026-09-20T00:15:00+00:00,4.547473509e-13,8502.654964,29.63042087,8532.285385,3
2026-09-20T00:30:00+00:00,4.547473509e-13,8502.654964,28.26948975,8530.924454,3
2026-09-20T00:45:00+00:00,4.547473509e-13,8502.654964,40.5601844,8543.215148,3
2026-09-20T01:00:00+00:00,3489.222093,5031.728915,18.72451318,8539.675521,2
2026-09-20T01:15:00+00:00,0,8518.76404,19.80176416,8538.565804,3
2026-09-20T01:30:00+00:00,0,8518.76404,1.037823847,8519.801863,3
2026-09-20T01:45:00+00:00,0,8518.76404,-5.092065892,8513.671974,3
2026-09-20T02:00:00+00:00,0,8518.76404,-17.51287524,8501.251164,3
2026-09-20T02:15:00+00:00,0,8518.76404,7.678945594,8526.442985,3
2026-09-20T02:30:00+00:00,3167.567019,5257.794149,120.1953239,8545.556492,2
2026-09-20T02:45:00+00:00,4.547473509e-13,8422.412978,217.7798374,8640.192815,3
2026-09-20T03:00:00+00:00,4.547473509e-13,8422.412978,218.7753679,8641.188345,3
2026-09-20T03:15:00+00:00,4.547473509e-13,8422.412978,154.2586226,8576.6716,3
2026-09-20T03:30:00+00:00,0,8487.731132,98.91640212,8586.647534,3
2026-09-20T03:45:00+00:00,0,8487.731132,69.42432879,8557.155461,3
2026-09-20T04:00:00+00:00,0,8487.731132,89.48425248,8577.215385,3
2026-09-20T04:15:00+00:00,0,8487.731132,94.31291739,8582.044049,3
2026-09-20T04:30:00+00:00,0,8487.731132,102.8051492,8590.536281,3
2026-09-20T04:45:00+00:00,0,8487.731132,103.160801,8590.891933,3
2026-09-20T05:00:00+00:00,0,8487.731132,97.11713559,8584.848268,3
2026-09-20T05:15:00+00:00,0,8487.731132,124.9680624,8612.699194,3
2026-09-20T05:30:00+00:00,3580.186875,5000.696007,33.98621166,8614.869094,2
2026-09-20T05:45:00+00:00,3580.186875,5000.696007,26.57305209,8607.455935,2
2026-09-20T06:00:00+00:00,3580.186875,5000.696007,24.43387839,8605.316761,2
2026-09-20T06:15:00+00:00,3580.186875,5000.696007,24.69328793,8605.576171,2
2026-09-20T06:30:00+00:00,3580.186875,5000.696007,44.38858833,8625.271471,2
2026-09-20T06:45:00+00:00,3580.186875,5000.696007,44.67354572,8625.556428,2
2026-09-20T07:00:00+00:00,6768.287229,1836.077178,9.038706173,8613.403114,1
2026-09-20T07:15:00+00:00,6768.287229,1836.077178,10.74845056,8615.112858,1
2026-09-20T07:30:00+00:00,6768.287229,1836.077178,14.73785412,8619.102262,1
2026-09-20T07:45:00+00:00,8616.556854,0,0,8616.556854,0
2026-09-20T08:00:00+00:00,8616.556854,0,0,8616.556854,0
2026-09-20T08:15:00+00:00,8616.556854,0,0,8616.556854,0
2026-09-20T08:30:00+00:00,8616.556854,0,0,8616.556854,0
2026-09-20T08:45:00+00:00,8616.556854,0,0,8616.556854,0
2026-09-20T09:00:00+00:00,8616.556854,0,0,8616.556854,0
2026-09-20T09:15:00+00:00,8616.556854,0,0,8616.556854,0
2026-09-20T09:30:00+00:00,8616.556854,0,0,8616.556854,0
2026-09-20T09:45:00+00:00,8616.556854,0,0,8616.556854,0
2026-09-20T10:00:00+00:00,8616.556854,0,0,8616.556854,0
2026-09-20T10:15:00+00:00,8616.556854,0,0,8616.556854,0
2026-09-20T10:30:00+00:00,8616.556854,0,0,8616.556854,0
2026-09-20T10:45:00+00:00,8616.556854,0,0,8616.556854,0
2026-09-20T11:00:00+00:00,8616.556854,0,0,8616.556854,0
2026-09-20T11:15:00+00:00,8616.556854,0,0,8616.556854,0
2026-09-20T11:30:00+00:00,6947.234747,1668.404485,16.61363444,8632.252866,1
2026-09-20T11:45:00+00:00,6947.234747,1668.404485,76.16973084,8691.808963,1
2026-09-20T12:00:00+00:00,6947.234747,1668.404485,80.02829484,8695.667527,1
2026-09-20T12:15:00+00:00,6947.234747,1668.404485,48.99201925,8664.631251,1
2026-09-20T12:30:00+00:00,6947.234747,1668.404485,67.2782573,8682.917489,1
2026-09-20T12:45:00+00:00,6947.234747,1668.404485,70.80129398,8686.440526,1
2026-09-20T13:00:00+00:00,6947.234747,1668.404485,92.77833238,8708.417564,1
2026-09-20T13:15:00+00:00,6947.234747,1668.404485,117.9428802,8733.582112,1
2026-09-20T13:30:00+00:00,6947.234747,1668.404485,103.3474424,8718.986674,1
2026-09-20T13:45:00+00:00,6947.234747,1668.404485,105.5283699,8721.167602,1
2026-09-20T14:00:00+00:00,6947.234747,1668.404485,114.5876071,8730.226839,1
2026-09-20T14:15:00+00:00,6947.234747,1668.404485,117.6073528,8733.246585,1
2026-09-20T14:30:00+00:00,8760.531997,0,0,8760.531997,0
2026-09-20T14:45:00+00:00,8760.531997,0,0,8760.531997,0
2026-09-20T15:00:00+00:00,8760.531997,0,0,8760.531997,0
2026-09-20T15:15:00+00:00,8760.531997,0,0,8760.531997,0
2026-09-20T15:30:00+00:00,8760.531997,0,0,8760.531997,0
2026-09-20T15:45:00+00:00,8760.531997,0,0,8760.531997,0
2026-09-20T16:00:00+00:00,8760.531997,0,0,8760.531997,0
2026-09-20T16:15:00+00:00,8760.531997,0,0,8760.531997,0
2026-09-20T16:30:00+00:00,8760.531997,0,0,8760.531997,0
2026-09-20T16:45:00+00:00,8760.531997,0,0,8760.531997,0
2026-09-20T17:00:00+00:00,8760.531997,0,0,8760.531997,0
2026-09-20T17:15:00+00:00,2836.325491,5920.949983,-8.556307167,8748.719167,1
2026-09-20T17:30:00+00:00,2836.325491,5920.949983,8.461561006,8765.737035,1
2026-09-20T17:45:00+00:00,2836.325491,5920.949983,-8.869698315,8748.405776,1
2026-09-20T18:00:00+00:00,2836.325491,5920.949983,-12.14937312,8745.126101,1
2026-09-20T18:15:00+00:00,2836.325491,5920.949983,0.6267822967,8757.902256,1
2026-09-20T18:30:00+00:00,2836.325491,5920.949983,-3.9939151,8753.281559,1
2026-09-20T18:45:00+00:00,2836.325491,5920.949983,-16.82108768,8740.454386,1
2026-09-20T19:00:00+00:00,2836.325491,5920.949983,-13.02395307,8744.251521,1
2026-09-20T19:15:00+00:00,2836.325491,5920.949983,-10.55326472,8746.722209,1
2026-09-20T19:30:00+00:00,2836.325491,5920.949983,-2.383230361,8754.892244,1
2026-09-20T19:45:00+00:00,2836.325491,5920.949983,-6.311551965,8750.963922,1
2026-09-20T20:00:00+00:00,2836.325491,5920.949983,-8.483425504,8748.792049,1
2026-09-20T20:15:00+00:00,2836.325491,5920.949983,-6.573925949,8750.701548,1
2026-09-20T20:30:00+00:00,2836.325491,5920.949983,-9.591226773,8747.684247,1
2026-09-20T20:45:00+00:00,2836.325491,5920.949983,-13.63615904,8743.639315,1
2026-09-20T21:00:00+00:00,2836.325491,5920.949983,-36.5282892,8720.747185,1
2026-09-20T21:15:00+00:00,2836.325491,5920.949983,-28.29994951,8728.975525,1
2026-09-20T21:30:00+00:00,8722.789863,0,0,8722.789863,0
2026-09-20T21:45:00+00:00,8722.789863,0,0,8722.789863,0
2026-09-20T22:00:00+00:00,8722.789863,0,0,8722.789863,0
2026-09-20T22:15:00+00:00,8722.789863,0,0,8722.789863,0
2026-09-20T22:30:00+00:00,8722.789863,0,0,8722.789863,0
2026-09-20T22:45:00+00:00,1915.270125,6803.77766,4.827129431,8723.874914,1
2026-09-20T23:00:00+00:00,1915.270125,6803.77766,-0.5151760452,8718.532609,1
2026-09-20T23:15:00+00:00,1915.270125,6803.77766,-0.5067893804,8718.540995,1
2026-09-20T23:30:00+00:00,1915.270125,6803.77766,9.028848494,8728.076633,1
2026-09-20T23:45:00+00:00,1915.270125,6803.77766,1.522783501,8720.570568,1
2026-09-21T00:00:00+00:00,1914.640086,6803.77766,43.98446737,8762.402213,1
2026-09-21T00:15:00+00:00,1914.640086,6803.77766,48.9325996,8767.350345,1
2026-09-21T00:30:00+00:00,1914.640086,6803.77766,45.27601375,8763.693759,1
2026-09-21T00:45:00+00:00,1914.640086,6803.77766,37.50157548,8755.919321,1
2026-09-21T01:00:00+00:00,1914.640086,6803.77766,53.57042523,8771.988171,1
2026-09-21T01:15:00+00:00,1914.640086,6803.77766,36.84741563,8755.265161,1
2026-09-21T01:30:00+00:00,1914.640086,6803.77766,25.78540476,8744.20315,1
2026-09-21T01:45:00+00:00,1914.640086,6803.77766,-13.01969326,8705.398052,1
2026-09-21T02:00:00+00:00,1914.640086,6803.77766,17.93548651,8736.353232,1
2026-09-21T02:15:00+00:00,1914.640086,6803.77766,21.83528564,8740.253031,1
2026-09-21T02:30:00+00:00,1914.640086,6803.77766,8.19856868,8726.616314,1
2026-09-21T02:45:00+00:00,1914.640086,6803.77766,14.37115397,8732.7889,1
2026-09-21T03:00:00+00:00,8725.631718,0,0,8725.631718,0
2026-09-21T03:15:00+00:00,4805.606443,3917.870447,-7.480483848,8715.996406,1
2026-09-21T03:30:00+00:00,4805.606443,3917.870447,-9.20656558,8714.270324,1
2026-09-21T03:45:00+00:00,4805.606443,3917.870447,-7.273161182,8716.203728,1
2026-09-21T04:00:00+00:00,4805.606443,3917.870447,0.06027544908,8723.537165,1
2026-09-21T04:15:00+00:00,4805.606443,3917.870447,-1.149910346,8722.326979,1
2026-09-21T04:30:00+00:00,4805.606443,3917.870447,-6.45833489,8717.018555,1
2026-09-21T04:45:00+00:00,4805.606443,3917.870447,-5.214398893,8718.262491,1
2026-09-21T05:00:00+00:00,4805.606443,3917.870447,-2.461346746,8721.015543,1
2026-09-21T05:15:00+00:00,4805.606443,3917.870447,-14.2690958,8709.207794,1
2026-09-21T05:30:00+00:00,4805.606443,3917.870447,-15.77821195,8707.698678,1
2026-09-21T05:45:00+00:00,4805.606443,3917.870447,-13.03962417,8710.437265,1
2026-09-21T06:00:00+00:00,4805.606443,3917.870447,-18.51197827,8704.964911,1
2026-09-21T06:15:00+00:00,4805.606443,3917.870447,-25.13666067,8698.340229,1
2026-09-21T06:30:00+00:00,4805.606443,3917.870447,-4.770824817,8718.706065,1
2026-09-21T06:45:00+00:00,4805.606443,3917.870447,-17.00286212,8706.474027,1
2026-09-21T07:00:00+00:00,4805.606443,3917.870447,-13.06373146,8710.413158,1
2026-09-21T07:15:00+00:00,4805.606443,3917.870447,-15.65285406,8707.824036,1
2026-09-21T07:30:00+00:00,8703.687928,0,0,8703.687928,0
2026-09-21T07:45:00+00:00,8703.687928,0,0,8703.687928,0
2026-09-21T08:00:00+00:00,8703.687928,0,0,8703.687928,0
2026-09-21T08:15:00+00:00,4374.773037,4326.535297,-22.95109699,8678.357236,1
2026-09-21T08:30:00+00:00,2997.644758,5702.906571,-60.54650525,8640.004824,2
2026-09-21T08:45:00+00:00,2997.644758,5702.906571,-65.33033126,8635.220998,2
2026-09-21T09:00:00+00:00,2997.644758,5702.906571,-58.39225318,8642.159076,2
2026-09-21T09:15:00+00:00,2997.644758,5702.906571,-93.38293044,8607.168399,2
2026-09-21T09:30:00+00:00,7228.091712,1376.371274,-19.42488154,8585.038104,1
2026-09-21T09:45:00+00:00,7228.091712,1376.371274,-18.80447254,8585.658513,1
2026-09-21T10:00:00+00:00,7228.091712,1376.371274,-29.84775264,8574.615233,1
2026-09-21T10:15:00+00:00,7228.091712,1376.371274,-24.88448069,8579.578505,1
2026-09-21T10:30:00+00:00,7228.091712,1376.371274,-38.78164216,8565.681344,1
2026-09-21T10:45:00+00:00,7228.091712,1376.371274,-36.05184259,8568.411143,1
2026-09-21T11:00:00+00:00,7228.091712,1376.371274,-50.69349486,8553.769491,1
2026-09-21T11:15:00+00:00,7228.091712,1376.371274,-46.97104089,8557.491945,1
2026-09-21T11:30:00+00:00,7228.091712,1376.371274,-46.72287729,8557.740109,1
2026-09-21T11:45:00+00:00,7228.091712,1376.371274,-25.62897148,8578.834014,1
2026-09-21T12:00:00+00:00,7228.091712,1376.371274,-29.22734365,8575.235642,1
2026-09-21T12:15:00+00:00,7228.091712,1376.371274,-33.32204301,8571.140943,1
2026-09-21T12:30:00+00:00,7228.091712,1376.371274,-40.64286915,8563.820117,1
2026-09-21T12:45:00+00:00,8562.331862,0,0,8562.331862,0
2026-09-21T13:00:00+00:00,8562.331862,0,0,8562.331862,0
2026-09-21T13:15:00+00:00,8562.331862,0,0,8562.331862,0
2026-09-21T13:30:00+00:00,8562.331862,0,0,8562.331862,0
2026-09-21T13:45:00+00:00,8562.331862,0,0,8562.331862,0
2026-09-21T14:00:00+00:00,8562.331862,0,0,8562.331862,0
2026-09-21T14:15:00+00:00,8562.331862,0,0,8562.331862,0
2026-09-21T14:30:00+00:00,8562.331862,0,0,8562.331862,0
2026-09-21T14:45:00+00:00,8562.331862,0,0,8562.331862,0
2026-09-21T15:00:00+00:00,8562.331862,0,0,8562.331862,0
2026-09-21T15:15:00+00:00,8562.331862,0,0,8562.331862,0
2026-09-21T15:30:00+00:00,8562.331862,0,0,8562.331862,0
2026-09-21T15:45:00+00:00,8562.331862,0,0,8562.331862,0
2026-09-21T16:00:00+00:00,8562.331862,0,0,8562.331862,0
2026-09-21T16:15:00+00:00,8562.331862,0,0,8562.331862,0
2026-09-21T16:30:00+00:00,8562.331862,0,0,8562.331862,0
2026-09-21T16:45:00+00:00,8562.331862,0,0,8562.331862,0
2026-09-21T17:00:00+00:00,8562.331862,0,0,8562.331862,0
2026-09-21T17:15:00+00:00,8562.331862,0,0,8562.331862,0
2026-09-21T17:30:00+00:00,8562.331862,0,0,8562.331862,0
2026-09-21T17:45:00+00:00,8562.331862,0,0,8562.331862,0
2026-09-21T18:00:00+00:00,8562.331862,0,0,8562.331862,0
2026-09-21T18:15:00+00:00,8562.331862,0,0,8562.331862,0
2026-09-21T18:30:00+00:00,8562.331862,0,0,8562.331862,0
2026-09-21T18:45:00+00:00,8562.331862,0,0,8562.331862,0
2026-09-21T19:00:00+00:00,8562.331862,0,0,8562.331862,0
2026-09-21T19:15:00+00:00,8562.331862,0,0,8562.331862,0
2026-09-21T19:30:00+00:00,8562.331862,0,0,8562.331862,0
2026-09-21T19:45:00+00:00,8562.331862,0,0,8562.331862,0
2026-09-21T20:00:00+00:00,8562.331862,0,0,8562.331862,0
2026-09-21T20:15:00+00:00,8562.331862,0,0,8562.331862,0
2026-09-21T20:30:00+00:00,8562.331862,0,0,8562.331862,0
2026-09-21T20:45:00+00:00,8562.331862,0,0,8562.331862,0
2026-09-21T21:00:00+00:00,8562.331862,0,0,8562.331862,0
2026-09-21T21:15:00+00:00,8562.331862,0,0,8562.331862,0
2026-09-21T21:30:00+00:00,8562.331862,0,0,8562.331862,0
2026-09-21T21:45:00+00:00,8562.331862,0,0,8562.331862,0
2026-09-21T22:00:00+00:00,8562.331862,0,0,8562.331862,0
2026-09-21T22:15:00+00:00,8562.331862,0,0,8562.331862,0
2026-09-21T22:30:00+00:00,8562.331862,0,0,8562.331862,0
2026-09-21T22:45:00+00:00,8562.331862,0,0,8562.331862,0
2026-09-21T23:00:00+00:00,6631.441682,1929.828774,0.2369247464,8561.507381,1
2026-09-21T23:15:00+00:00,6631.441682,1929.828774,-1.307677005,8559.962779,1
2026-09-21T23:30:00+00:00,6631.441682,1929.828774,-5.254992591,8556.015464,1
2026-09-21T23:45:00+00:00,6631.441682,1929.828774,-3.195523589,8558.074933,1
2026-09-22T00:00:00+00:00,6631.249036,1929.828774,-20.01452043,8541.06329,1
2026-09-22T00:15:00+00:00,6631.249036,1929.828774,-18.81316352,8542.264647,1
2026-09-22T00:30:00+00:00,6631.249036,1929.828774,-8.859063343,8552.218747,1
2026-09-22T00:45:00+00:00,6631.249036,1929.828774,-18.29829627,8542.779514,1
2026-09-22T01:00:00+00:00,6631.249036,1929.828774,-27.73752919,8533.340281,1
2026-09-22T01:15:00+00:00,6631.249036,1929.828774,-22.24561185,8538.832198,1
2026-09-22T01:30:00+00:00,6631.249036,1929.828774,-21.21587735,8539.861933,1
2026-09-22T01:45:00+00:00,4040.511416,4519.142272,-25.5047202,8534.148968,2
2026-09-22T02:00:00+00:00,4040.511416,4519.142272,-23.41895618,8536.234732,2
2026-09-22T02:15:00+00:00,4040.511416,4519.142272,-25.8727962,8533.780892,2
2026-09-22T02:30:00+00:00,4040.511416,4519.142272,-26.42491021,8533.228777,2
2026-09-22T02:45:00+00:00,3142.543199,5416.616878,-36.00029338,8523.159783,3
2026-09-22T03:00:00+00:00,3142.543199,5416.616878,-40.15108582,8519.008991,3
2026-09-22T03:15:00+00:00,5721.310574,2827.30338,-43.80397198,8504.809982,2
2026-09-22T03:30:00+00:00,7632.720335,897.4746059,-25.98169177,8504.213249,1
2026-09-22T03:45:00+00:00,7632.720335,897.4746059,-29.14859766,8501.046343,1
2026-09-22T04:00:00+00:00,7632.720335,897.4746059,-43.79553739,8486.399404,1
2026-09-22T04:15:00+00:00,6493.430743,2036.137933,-46.71527606,8482.8534,2
2026-09-22T04:30:00+00:00,6493.430743,2036.137933,-73.62360712,8455.945069,2
2026-09-22T04:45:00+00:00,4312.558817,4215.811039,-74.98088496,8453.388971,3
2026-09-22T05:00:00+00:00,4312.558817,4215.811039,-49.09411112,8479.275745,3
2026-09-22T05:15:00+00:00,4312.558817,4215.811039,-49.72438526,8478.645471,3
2026-09-22T05:30:00+00:00,4312.558817,4215.811039,-47.09382571,8481.27603,3
2026-09-22T05:45:00+00:00,4312.558817,4215.811039,-36.70944697,8491.660409,3
2026-09-22T06:00:00+00:00,1747.527568,6779.432296,-30.17885228,8496.781012,4
2026-09-22T06:15:00+00:00,1747.527568,6779.432296,-48.27812506,8478.681739,4
2026-09-22T06:30:00+00:00,1747.527568,6779.432296,-63.1509958,8463.808869,4
2026-09-22T06:45:00+00:00,0,8523.278983,-60.46185259,8462.81713,5
2026-09-22T07:00:00+00:00,852.3874926,7625.804377,-32.83377005,8445.3581,4
2026-09-22T07:15:00+00:00,852.3874926,7625.804377,-13.87331686,8464.318553,4
2026-09-22T07:30:00+00:00,852.3874926,7625.804377,-18.11878991,8460.07308,4
2026-09-22T07:45:00+00:00,0,8476.660058,-31.21424747,8445.445811,5
2026-09-22T08:00:00+00:00,0.7543245235,8476.660058,-55.81920057,8421.595182,5
2026-09-22T08:15:00+00:00,0.7543245235,8476.660058,-47.15698659,8430.257396,5
2026-09-22T08:30:00+00:00,1065.93311,7337.996731,-65.67830372,8338.251537,4
2026-09-22T08:45:00+00:00,1065.93311,7337.996731,-58.67470556,8345.255135,4
2026-09-22T09:00:00+00:00,3247.028631,5158.323625,-42.98818602,8362.364071,3
2026-09-22T09:15:00+00:00,3247.028631,5158.323625,-39.82807435,8365.524182,3
2026-09-22T09:30:00+00:00,0,8402.554705,-45.12907858,8357.425626,4
2026-09-22T09:45:00+00:00,0,8402.554705,-48.88080381,8353.673901,4
2026-09-22T10:00:00+00:00,0,8402.554705,-46.73530992,8355.819395,4
2026-09-22T10:15:00+00:00,866.8970321,7551.699024,-59.1078871,8359.488169,3
2026-09-22T10:30:00+00:00,3406.185766,4988.077766,-37.20432048,8357.059212,2
2026-09-22T10:45:00+00:00,3406.185766,4988.077766,-38.19039622,8356.073136,2
2026-09-22T11:00:00+00:00,6642.83389,1743.846687,-41.65444402,8345.026132,1
2026-09-22T11:15:00+00:00,5751.695113,2584.828794,-1.693482365,8334.830424,1
2026-09-22T11:30:00+00:00,1742.562753,6591.757343,-1.973369681,8332.346726,2
2026-09-22T11:45:00+00:00,1742.562753,6591.757343,-3.736855702,8330.58324,2
2026-09-22T12:00:00+00:00,1742.562753,6591.757343,3.364839274,8337.684935,2
2026-09-22T12:15:00+00:00,0,8331.387261,20.39847065,8351.785731,3
2026-09-22T12:30:00+00:00,0,8331.387261,6.669844767,8338.057105,3
2026-09-22T12:45:00+00:00,0,8331.387261,9.774110888,8341.161372,3
2026-09-22T13:00:00+00:00,0,8331.387261,-7.662790039,8323.724471,3
2026-09-22T13:15:00+00:00,0,8331.387261,-22.91225277,8308.475008,3
2026-09-22T13:30:00+00:00,0,8331.387261,-0.2404628261,8331.146798,3
2026-09-22T13:45:00+00:00,0,8331.387261,10.11686654,8341.504127,3
2026-09-22T14:00:00+00:00,0,8331.387261,10.96760284,8342.354864,3
2026-09-22T14:15:00+00:00,0,8331.387261,-17.67310866,8313.714152,3
2026-09-22T14:30:00+00:00,0,8331.387261,-9.323286626,8322.063974,3
2026-09-22T14:45:00+00:00,0,8331.387261,14.17715502,8345.564416,3
2026-09-22T15:00:00+00:00,0,8331.387261,4.189980464,8335.577241,3
2026-09-22T15:15:00+00:00,0,8331.387261,-1.32664845,8330.060612,3
2026-09-22T15:30:00+00:00,2557.771179,5746.558467,49.71180969,8354.041456,2
2026-09-22T15:45:00+00:00,6573.949925,1739.629917,27.48895166,8341.068795,1
2026-09-22T16:00:00+00:00,6573.658293,1739.629917,12.81851299,8326.106723,1
2026-09-22T16:15:00+00:00,6573.658293,1739.629917,7.233320604,8320.521531,1
2026-09-22T16:30:00+00:00,8314.916355,0,0,8314.916355,0
2026-09-22T16:45:00+00:00,6478.181068,1835.725638,-5.451846103,8308.45486,1
2026-09-22T17:00:00+00:00,6478.181068,1835.725638,-6.301881876,8307.604824,1
2026-09-22T17:15:00+00:00,6478.181068,1835.725638,-10.97707863,8302.929627,1
2026-09-22T17:30:00+00:00,6478.181068,1835.725638,-4.176792444,8309.729914,1
2026-09-22T17:45:00+00:00,6478.181068,1835.725638,-6.726899763,8307.179806,1
2026-09-22T18:00:00+00:00,6478.181068,1835.725638,-8.993661824,8304.913044,1
2026-09-22T18:15:00+00:00,6478.181068,1835.725638,-1.910030382,8311.996676,1
2026-09-22T18:30:00+00:00,6478.181068,1835.725638,-6.585227134,8307.321479,1
2026-09-22T18:45:00+00:00,6478.181068,1835.725638,-5.451846103,8308.45486,1
2026-09-22T19:00:00+00:00,775.4283529,7535.343563,-20.36670208,8290.405214,2
2026-09-22T19:15:00+00:00,775.4283529,7535.343563,-36.82217497,8273.949741,2
2026-09-22T19:30:00+00:00,0,8309.997065,5.855173328,8315.852239,3
2026-09-22T19:45:00+00:00,0,8309.997065,9.908809734,8319.905875,3
2026-09-22T20:00:00+00:00,0,8309.997065,49.27371674,8359.270782,3
2026-09-22T20:15:00+00:00,0,8309.997065,24.4659703,8334.463036,3
2026-09-22T20:30:00+00:00,0,8309.997065,46.49442572,8356.491491,3
2026-09-22T20:45:00+00:00,0,8309.997065,43.7275313,8353.724597,3
2026-09-22T21:00:00+00:00,0,8307.258263,40.17079714,8347.42906,3
2026-09-22T21:15:00+00:00,0,8307.258263,33.92096292,8341.179226,3
2026-09-22T21:30:00+00:00,0,8307.258263,32.42252106,8339.680784,3
2026-09-22T21:45:00+00:00,0,8307.258263,13.66859658,8320.926859,3
2026-09-22T22:00:00+00:00,0,8307.258263,15.80367296,8323.061936,3
2026-09-22T22:15:00+00:00,0,8307.258263,-8.279466098,8298.978797,3
2026-09-22T22:30:00+00:00,0,8307.258263,-45.8380412,8261.420222,3
2026-09-22T22:45:00+00:00,0,8307.258263,-68.60271198,8238.655551,3
2026-09-22T23:00:00+00:00,1743.948141,6474.271427,-50.129098,8168.09047,2
2026-09-22T23:15:00+00:00,7412.237145,774.6535021,-11.31235697,8175.57829,1
2026-09-22T23:30:00+00:00,7412.237145,774.6535021,-3.919184838,8182.971462,1
2026-09-22T23:45:00+00:00,1989.072891,6189.010851,-8.583882766,8169.499859,1
2026-09-23T00:00:00+00:00,1988.480826,6189.010851,14.1642302,8191.655907,1
2026-09-23T00:15:00+00:00,1988.480826,6189.010851,20.43957171,8197.931249,1
2026-09-23T00:30:00+00:00,142.9269419,8033.550238,13.60735842,8190.084539,2
2026-09-23T00:45:00+00:00,-2.842170943e-14,8176.085209,-3.199834495,8172.885375,3
2026-09-23T01:00:00+00:00,-2.842170943e-14,8176.085209,15.6372171,8191.722426,3
2026-09-23T01:15:00+00:00,-2.842170943e-14,8176.085209,0.4842341579,8176.569443,3
2026-09-23T01:30:00+00:00,-2.842170943e-14,8176.085209,-21.62131341,8154.463896,3
2026-09-23T01:45:00+00:00,-2.842170943e-14,8176.085209,-35.95651619,8140.128693,3
2026-09-23T02:00:00+00:00,-2.842170943e-14,8176.085209,-49.72681201,8126.358397,3
2026-09-23T02:15:00+00:00,-2.842170943e-14,8176.085209,-24.61055174,8151.474657,3
2026-09-23T02:30:00+00:00,-2.842170943e-14,8176.085209,-28.42243945,8147.66277,3
2026-09-23T02:45:00+00:00,-2.842170943e-14,8176.085209,1.834408688,8177.919618,3
2026-09-23T03:00:00+00:00,-2.842170943e-14,8176.085209,23.55774606,8199.642955,3
2026-09-23T03:15:00+00:00,-2.842170943e-14,8176.085209,31.17976976,8207.264979,3
2026-09-23T03:30:00+00:00,-2.842170943e-14,8176.085209,85.65707585,8261.742285,3
2026-09-23T03:45:00+00:00,-2.842170943e-14,8176.085209,56.13143781,8232.216647,3
2026-09-23T04:00:00+00:00,4802.051419,3423.210608,-16.54420698,8208.71782,3
2026-09-23T04:15:00+00:00,2948.927264,5275.316105,14.01956579,8238.262935,4
2026-09-23T04:30:00+00:00,2948.927264,5275.316105,28.8908713,8253.13424,4
2026-09-23T04:45:00+00:00,0,8195.579788,50.49614074,8246.075929,4
2026-09-23T05:00:00+00:00,146.6724455,8053.044818,7.579070489,8207.296333,3
2026-09-23T05:15:00+00:00,146.6724455,8053.044818,-7.190239051,8192.527024,3
2026-09-23T05:30:00+00:00,146.6724455,8053.044818,-5.211558048,8194.505705,3
2026-09-23T05:45:00+00:00,146.6724455,8053.044818,-48.55879497,8151.158468,3
2026-09-23T06:00:00+00:00,146.6724455,8053.044818,-17.17896701,8182.538296,3
2026-09-23T06:15:00+00:00,146.6724455,8053.044818,-14.03260944,8185.684654,3
2026-09-23T06:30:00+00:00,146.6724455,8053.044818,26.13563907,8225.852902,3
2026-09-23T06:45:00+00:00,146.6724455,8053.044818,-1.947630558,8197.769632,3
2026-09-23T07:00:00+00:00,146.6724455,8053.044818,-18.40789122,8181.309372,3
2026-09-23T07:15:00+00:00,146.6724455,8053.044818,2.171709692,8201.888973,3
2026-09-23T07:30:00+00:00,146.6724455,8053.044818,-30.91087139,8168.806392,3
2026-09-23T07:45:00+00:00,146.6724455,8053.044818,-42.93875387,8156.778509,3
2026-09-23T08:00:00+00:00,146.2081902,8053.044818,-44.47802187,8154.774986,3
2026-09-23T08:15:00+00:00,-2.273736754e-13,8245.433033,-96.68239381,8148.750639,3
2026-09-23T08:30:00+00:00,2.273736754e-13,8212.493138,-70.16760583,8142.325532,3
2026-09-23T08:45:00+00:00,4676.366871,3447.690067,35.74370613,8159.800643,3
2026-09-23T09:00:00+00:00,4676.366871,3447.690067,21.15907045,8145.216008,3
2026-09-23T09:15:00+00:00,4676.366871,3447.690067,24.38681302,8148.44375,3
2026-09-23T09:30:00+00:00,4676.366871,3447.690067,53.94929738,8178.006235,3
2026-09-23T09:45:00+00:00,4676.366871,3447.690067,60.17135802,8184.228295,3
2026-09-23T10:00:00+00:00,4676.366871,3447.690067,57.44680844,8181.503746,3
2026-09-23T10:15:00+00:00,4676.366871,3447.690067,55.96447139,8180.021409,3
2026-09-23T10:30:00+00:00,4676.366871,3447.690067,40.61547015,8164.672407,3
2026-09-23T10:45:00+00:00,4676.366871,3447.690067,34.20302907,8158.259966,3
2026-09-23T11:00:00+00:00,4676.366871,3447.690067,53.60393258,8177.66087,3
2026-09-23T11:15:00+00:00,4676.366871,3447.690067,88.07926467,8212.136202,3
2026-09-23T11:30:00+00:00,4676.366871,3447.690067,92.32679327,8216.383731,3
2026-09-23T11:45:00+00:00,4676.366871,3447.690067,70.47161488,8194.528552,3
2026-09-23T12:00:00+00:00,4676.366871,3447.690067,102.5094222,8226.566359,3
2026-09-23T12:15:00+00:00,4676.366871,3447.690067,106.7306568,8230.787594,3
2026-09-23T12:30:00+00:00,6368.654346,1819.165601,38.24165037,8226.061597,2
2026-09-23T12:45:00+00:00,8221.003261,2.267501126e-13,1.770243994e-14,8221.003261,1
2026-09-23T13:00:00+00:00,8221.003261,0,0,8221.003261,0
2026-09-23T13:15:00+00:00,8221.003261,0,0,8221.003261,0
2026-09-23T13:30:00+00:00,8221.003261,0,0,8221.003261,0
2026-09-23T13:45:00+00:00,7307.141107,913.359806,4.662513012,8225.163426,1
2026-09-23T14:00:00+00:00,7307.141107,913.359806,43.41123682,8263.91215,1
2026-09-23T14:15:00+00:00,7307.141107,913.359806,52.85568659,8273.3566,1
2026-09-23T14:30:00+00:00,7307.141107,913.359806,45.35308631,8265.853999,1
2026-09-23T14:45:00+00:00,7307.141107,913.359806,41.99898265,8262.499896,1
2026-09-23T15:00:00+00:00,7307.141107,913.359806,38.55661311,8259.057526,1
2026-09-23T15:15:00+00:00,7307.141107,913.359806,51.97302773,8272.473941,1
2026-09-23T15:30:00+00:00,7307.141107,913.359806,58.59296916,8279.093882,1
2026-09-23T15:45:00+00:00,7307.141107,913.359806,60.1817551,8280.682668,1
2026-09-23T16:00:00+00:00,7307.183762,913.359806,49.58984882,8270.133416,1
2026-09-23T16:15:00+00:00,7307.183762,913.359806,52.67915482,8273.222722,1
2026-09-23T16:30:00+00:00,7307.183762,913.359806,48.35412642,8268.897694,1
2026-09-23T16:45:00+00:00,7307.183762,913.359806,56.03325847,8276.576826,1
2026-09-23T17:00:00+00:00,7307.183762,913.359806,65.91903767,8286.462605,1
2026-09-23T17:15:00+00:00,7307.183762,913.359806,60.35828687,8280.901854,1
2026-09-23T17:30:00+00:00,7307.183762,913.359806,58.76950093,8279.313069,1
2026-09-23T17:45:00+00:00,7307.183762,913.359806,60.53481864,8281.078386,1
2026-09-23T18:00:00+00:00,8280.271044,0,0,8280.271044,0
2026-09-23T18:15:00+00:00,8280.271044,0,0,8280.271044,0
2026-09-23T18:30:00+00:00,8280.271044,0,0,8280.271044,0
2026-09-23T18:45:00+00:00,8280.271044,0,0,8280.271044,0
2026-09-23T19:00:00+00:00,8280.271044,0,0,8280.271044,0
2026-09-23T19:15:00+00:00,8280.271044,0,0,8280.271044,0
2026-09-23T19:30:00+00:00,8280.271044,0,0,8280.271044,0
2026-09-23T19:45:00+00:00,8280.271044,0,0,8280.271044,0
2026-09-23T20:00:00+00:00,8280.271044,0,0,8280.271044,0
2026-09-23T20:15:00+00:00,8280.271044,0,0,8280.271044,0
2026-09-23T20:30:00+00:00,8280.271044,0,0,8280.271044,0
2026-09-23T20:45:00+00:00,8280.271044,0,0,8280.271044,0
2026-09-23T21:00:00+00:00,8280.271044,0,0,8280.271044,0
2026-09-23T21:15:00+00:00,8280.271044,0,0,8280.271044,0
2026-09-23T21:30:00+00:00,8280.271044,0,0,8280.271044,0
2026-09-23T21:45:00+00:00,8280.271044,0,0,8280.271044,0
2026-09-23T22:00:00+00:00,8280.271044,0,0,8280.271044,0
2026-09-23T22:15:00+00:00,8280.271044,0,0,8280.271044,0
2026-09-23T22:30:00+00:00,8280.271044,0,0,8280.271044,0
2026-09-23T22:45:00+00:00,8280.271044,0,0,8280.271044,0
2026-09-23T23:00:00+00:00,8280.271044,0,0,8280.271044,0
2026-09-23T23:15:00+00:00,8280.271044,0,0,8280.271044,0
2026-09-23T23:30:00+00:00,8280.271044,0,0,8280.271044,0
2026-09-23T23:45:00+00:00,8280.271044,0,0,8280.271044,0
2026-09-24T00:00:00+00:00,8280.271044,0,0,8280.271044,0
2026-09-24T00:15:00+00:00,8280.271044,0,0,8280.271044,0
2026-09-24T00:30:00+00:00,8280.271044,0,0,8280.271044,0
2026-09-24T00:45:00+00:00,8280.271044,0,0,8280.271044,0
2026-09-24T01:00:00+00:00,8280.271044,0,0,8280.271044,0
2026-09-24T01:15:00+00:00,8280.271044,0,0,8280.271044,0
2026-09-24T01:30:00+00:00,8280.271044,0,0,8280.271044,0
2026-09-24T01:45:00+00:00,8280.271044,0,0,8280.271044,0
2026-09-24T02:00:00+00:00,8280.271044,0,0,8280.271044,0
2026-09-24T02:15:00+00:00,8280.271044,0,0,8280.271044,0
2026-09-24T02:30:00+00:00,8280.271044,0,0,8280.271044,0
2026-09-24T02:45:00+00:00,2215.596515,6061.340792,-10.08281749,8266.854489,1
2026-09-24T03:00:00+00:00,2215.596515,6061.340792,-12.43403805,8264.503269,1
2026-09-24T03:15:00+00:00,2215.596515,6061.340792,-29.67632213,8247.260985,1
2026-09-24T03:30:00+00:00,2215.596515,6061.340792,-38.29746418,8238.639842,1
2026-09-24T03:45:00+00:00,2215.596515,6061.340792,-55.53974826,8221.397558,1
2026-09-24T04:00:00+00:00,0,8274.257727,-57.61561985,8216.642107,2
2026-09-24T04:15:00+00:00,0,8274.257727,-59.28843934,8214.969288,2
2026-09-24T04:30:00+00:00,0,8274.257727,-39.78725548,8234.470471,2
2026-09-24T04:45:00+00:00,0,8274.257727,-35.68207731,8238.57565,2
2026-09-24T05:00:00+00:00,0,8274.257727,-29.89734885,8244.360378,2
2026-09-24T05:15:00+00:00,0,8274.257727,-35.38291826,8238.874809,2
2026-09-24T05:30:00+00:00,0,8274.257727,-32.74079918,8241.516928,2
2026-09-24T05:45:00+00:00,0,8274.257727,-19.80655424,8254.451173,2
2026-09-24T06:00:00+00:00,0,8274.257727,-28.64265775,8245.615069,2
2026-09-24T06:15:00+00:00,0,8274.257727,-42.20278717,8232.05494,2
2026-09-24T06:30:00+00:00,0,8274.257727,-32.99801241,8241.259715,2
2026-09-24T06:45:00+00:00,0,8274.257727,-28.91717254,8245.340554,2
2026-09-24T07:00:00+00:00,2470.25945,5786.380815,-26.18335599,8230.456909,2
2026-09-24T07:15:00+00:00,6.130682633,8249.155057,-19.49888529,8235.786854,3
2026-09-24T07:30:00+00:00,6.130682633,8249.155057,-15.04028328,8240.245456,3
2026-09-24T07:45:00+00:00,6.130682633,8249.155057,-1.642804798,8253.642934,3
2026-09-24T08:00:00+00:00,0,8254.82854,-4.857297847,8249.971242,4
2026-09-24T08:15:00+00:00,0,8225.21073,-86.45390513,8138.756825,4
2026-09-24T08:30:00+00:00,0,8225.21073,-104.5457185,8120.665012,4
2026-09-24T08:45:00+00:00,0,8225.21073,-98.97021113,8126.240519,4
2026-09-24T09:00:00+00:00,0,8225.21073,-151.7057697,8073.504961,4
2026-09-24T09:15:00+00:00,0,8225.21073,-186.4715411,8038.739189,4
2026-09-24T09:30:00+00:00,5588.949442,2462.774242,-66.73546283,7984.988221,1
2026-09-24T09:45:00+00:00,5588.949442,2462.774242,-65.71195203,7986.011732,1
2026-09-24T10:00:00+00:00,5588.949442,2462.774242,-60.59439804,7991.129286,1
2026-09-24T10:15:00+00:00,4337.126709,3713.908851,-75.61697697,7975.418583,2
2026-09-24T10:30:00+00:00,4337.126709,3713.908851,-66.49215687,7984.543403,2
2026-09-24T10:45:00+00:00,4337.126709,3713.908851,-56.29926608,7994.736294,2
2026-09-24T11:00:00+00:00,0,8048.625302,-67.71084998,7980.914452,3
2026-09-24T11:15:00+00:00,0,8048.625302,-64.77361487,7983.851687,3
2026-09-24T11:30:00+00:00,2412.949889,5585.85106,-15.89831489,7982.902634,2
2026-09-24T11:45:00+00:00,2412.949889,5585.85106,-14.80844422,7983.992504,2
2026-09-24T12:00:00+00:00,2412.949889,5585.85106,-25.76988595,7973.031063,2
2026-09-24T12:15:00+00:00,2412.949889,5585.85106,-28.95613198,7969.844817,2
2026-09-24T12:30:00+00:00,2412.949889,5585.85106,-19.24602208,7979.554926,2
2026-09-24T12:45:00+00:00,2412.949889,5585.85106,-24.42202671,7974.378922,2
2026-09-24T13:00:00+00:00,2412.949889,5585.85106,-52.03074784,7946.770201,2
2026-09-24T13:15:00+00:00,2412.949889,5585.85106,-84.0761736,7914.724775,2
2026-09-24T13:30:00+00:00,2412.949889,5585.85106,-70.21586923,7928.585079,2
2026-09-24T13:45:00+00:00,2412.949889,5585.85106,-81.26462224,7917.536326,2
2026-09-24T14:00:00+00:00,1176.970528,6821.151006,-84.37340185,7913.748132,3
2026-09-24T14:15:00+00:00,5422.630288,2486.434556,-32.34311609,7876.721727,2
2026-09-24T14:30:00+00:00,6686.925958,1251.13461,-50.03068936,7888.029879,1
2026-09-24T14:45:00+00:00,7886.792427,0,0,7886.792427,0
2026-09-24T15:00:00+00:00,6176.963523,1708.889015,5.653100298,7891.505638,1
2026-09-24T15:15:00+00:00,4259.188705,3625.609637,19.30667461,7904.105016,2
2026-09-24T15:30:00+00:00,4259.188705,3625.609637,47.95581177,7932.754153,2
2026-09-24T15:45:00+00:00,4259.188705,3625.609637,43.78458241,7928.582924,2
2026-09-24T16:00:00+00:00,4259.170163,3625.609637,32.78871351,7917.568513,2
2026-09-24T16:15:00+00:00,1221.58164,6661.528404,86.55978239,7969.669827,3
2026-09-24T16:30:00+00:00,1221.58164,6661.528404,76.85690096,7959.966946,3
2026-09-24T16:45:00+00:00,1221.58164,6661.528404,80.90145832,7964.011503,3
2026-09-24T17:00:00+00:00,1221.58164,6661.528404,81.48894317,7964.598988,3
2026-09-24T17:15:00+00:00,2.273736754e-13,7881.816433,73.42076602,7955.237199,4
2026-09-24T17:30:00+00:00,2.273736754e-13,7881.816433,33.34221096,7915.158644,4
2026-09-24T17:45:00+00:00,2.273736754e-13,7881.816433,24.8672723,7906.683705,4
2026-09-24T18:00:00+00:00,2.273736754e-13,7881.816433,41.71981331,7923.536246,4
2026-09-24T18:15:00+00:00,2.273736754e-13,7881.816433,70.16284357,7951.979276,4
2026-09-24T18:30:00+00:00,2.273736754e-13,7881.816433,66.49438095,7948.310814,4
2026-09-24T18:45:00+00:00,2.273736754e-13,7881.816433,90.62878272,7972.445215,4
2026-09-24T19:00:00+00:00,2.273736754e-13,7881.816433,86.94231574,7968.758748,4
2026-09-24T19:15:00+00:00,1738.243443,6172.927418,63.61088295,7974.781745,3
2026-09-24T19:30:00+00:00,3695.82934,4256.206796,12.36837535,7964.404511,2
2026-09-24T19:45:00+00:00,3695.82934,4256.206796,12.4687551,7964.504891,2
2026-09-24T20:00:00+00:00,3695.82934,4256.206796,-0.3584501269,7951.677686,2
2026-09-24T20:15:00+00:00,3695.82934,4256.206796,0.529516693,7952.565653,2
2026-09-24T20:30:00+00:00,6727.517091,1220.288028,0.8915859639,7948.696706,1
2026-09-24T20:45:00+00:00,1675.446265,6269.581743,-0.6175136099,7944.410495,2
2026-09-24T21:00:00+00:00,1675.446265,6269.581743,1.09228187,7946.12029,2
2026-09-24T21:15:00+00:00,1675.446265,6269.581743,-2.01787182,7943.010137,2
2026-09-24T21:30:00+00:00,2895.319627,5049.293715,-7.556827173,7937.056515,1
2026-09-24T21:45:00+00:00,2895.319627,5049.293715,0.7980891582,7945.411431,1
2026-09-24T22:00:00+00:00,2895.319627,5049.293715,1.367061955,7945.980404,1
2026-09-24T22:15:00+00:00,2895.319627,5049.293715,12.38716665,7957.000509,1
2026-09-24T22:30:00+00:00,2895.319627,5049.293715,12.3632099,7956.976552,1
2026-09-24T22:45:00+00:00,2895.319627,5049.293715,4.032250319,7948.645592,1
2026-09-24T23:00:00+00:00,2895.319627,5049.293715,3.289591089,7947.902933,1
2026-09-24T23:15:00+00:00,0,7941.053032,-25.90579105,7915.14724,2
2026-09-24T23:30:00+00:00,0,7941.053032,-17.10282041,7923.950211,2
2026-09-24T23:45:00+00:00,0,7941.053032,-12.92147518,7928.131556,2
2026-09-25T00:00:00+00:00,-0.2374893221,7941.053032,-44.7476461,7896.067896,2
2026-09-25T00:15:00+00:00,-0.2374893221,7941.053032,-37.37796863,7903.437574,2
2026-09-25T00:30:00+00:00,-0.2374893221,7941.053032,-29.92465689,7910.890885,2
2026-09-25T00:45:00+00:00,-0.2374893221,7941.053032,-30.71249559,7910.103047,2
2026-09-25T01:00:00+00:00,5028.544081,2891.759317,-23.1439259,7897.159471,1
2026-09-25T01:15:00+00:00,5028.544081,2891.759317,-11.65896275,7908.644435,1
2026-09-25T01:30:00+00:00,5028.544081,2891.759317,-6.495554951,7913.807842,1
2026-09-25T01:45:00+00:00,0,7916.254682,-3.875233585,7912.379449,2
2026-09-25T02:00:00+00:00,0,7916.254682,-2.937931019,7913.316751,2
2026-09-25T02:15:00+00:00,0,7916.254682,-2.663527121,7913.591155,2
2026-09-25T02:30:00+00:00,0,7916.254682,-2.892957,7913.361725,2
2026-09-25T02:45:00+00:00,0,7916.254682,-7.475798765,7908.778884,2
2026-09-25T03:00:00+00:00,0,7916.254682,-3.074210938,7913.180471,2
2026-09-25T03:15:00+00:00,0,7916.254682,-10.00647095,7906.248211,2
2026-09-25T03:30:00+00:00,0,7927.612003,-40.47800216,7887.134001,2
2026-09-25T03:45:00+00:00,0,7927.612003,-38.75094732,7888.861056,2
2026-09-25T04:00:00+00:00,0,7927.612003,-40.48162005,7887.130383,2
2026-09-25T04:15:00+00:00,0,7927.612003,-47.19623264,7880.41577,2
2026-09-25T04:30:00+00:00,0,7927.612003,-40.57727555,7887.034727,2
2026-09-25T04:45:00+00:00,0,7927.612003,-42.45946467,7885.152538,2
2026-09-25T05:00:00+00:00,0,7927.612003,-41.88790322,7885.7241,2
2026-09-25T05:15:00+00:00,0,7927.612003,-46.33354153,7881.278461,2
2026-09-25T05:30:00+00:00,0,7927.612003,-46.2219366,7881.390066,2
2026-09-25T05:45:00+00:00,0,7927.612003,-54.07640474,7873.535598,2
2026-09-25T06:00:00+00:00,4988.990284,2903.116637,-24.13116617,7867.975755,1
2026-09-25T06:15:00+00:00,2574.636214,5316.143543,-18.19849639,7872.58126,2
2026-09-25T06:30:00+00:00,87.43852205,7801.974028,-16.37138155,7873.041168,3
2026-09-25T06:45:00+00:00,87.43852205,7801.974028,-19.0065139,7870.406036,3
2026-09-25T07:00:00+00:00,87.43852205,7801.974028,-10.77565235,7878.636898,3
2026-09-25T07:15:00+00:00,87.43852205,7801.974028,-19.76795661,7869.644593,3
2026-09-25T07:30:00+00:00,87.43852205,7801.974028,-1.897628009,7887.514922,3
2026-09-25T07:45:00+00:00,2986.3157,4898.857391,-3.474758112,7881.698333,2
2026-09-25T08:00:00+00:00,2986.444769,4898.857391,18.141663,7903.443823,2
2026-09-25T08:15:00+00:00,-4.547473509e-13,7881.721705,-26.50265862,7855.219046,3
2026-09-25T08:30:00+00:00,-4.547473509e-13,7881.721705,-8.424762597,7873.296942,3
2026-09-25T08:45:00+00:00,-4.547473509e-13,7881.721705,-15.00765781,7866.714047,3
2026-09-25T09:00:00+00:00,-4.547473509e-13,7881.721705,-19.11689728,7862.604807,3
2026-09-25T09:15:00+00:00,-4.547473509e-13,7881.721705,-46.21334707,7835.508358,3
2026-09-25T09:30:00+00:00,-4.547473509e-13,7881.721705,-39.308398,7842.413307,3
2026-09-25T09:45:00+00:00,-4.547473509e-13,7881.721705,-25.52029934,7856.201405,3
2026-09-25T10:00:00+00:00,-4.547473509e-13,7881.721705,-4.731857541,7876.989847,3
2026-09-25T10:15:00+00:00,-4.547473509e-13,7881.721705,-31.39788744,7850.323817,3
2026-09-25T10:30:00+00:00,2488.814336,5468.694799,-106.9043089,7850.604826,2
2026-09-25T10:45:00+00:00,4918.459471,2982.864314,-49.99124478,7851.332541,1
2026-09-25T11:00:00+00:00,2890.408462,4915.370932,51.41932445,7857.198719,1
2026-09-25T11:15:00+00:00,2890.408462,4915.370932,18.16090471,7823.940299,1
2026-09-25T11:30:00+00:00,2890.408462,4915.370932,19.60692296,7825.386317,1
2026-09-25T11:45:00+00:00,2890.408462,4915.370932,14.54585908,7820.325253,1
2026-09-25T12:00:00+00:00,0,7803.054202,-10.34272557,7792.711476,2
2026-09-25T12:15:00+00:00,0,7803.054202,-2.367731447,7800.68647,2
2026-09-25T12:30:00+00:00,0,7803.054202,-3.1274276,7799.926774,2
2026-09-25T12:45:00+00:00,0,7803.054202,-3.697199714,7799.357002,2
2026-09-25T13:00:00+00:00,0,7803.054202,-10.54744289,7792.506759,2
2026-09-25T13:15:00+00:00,0,7803.054202,-46.04644859,7757.007753,2
2026-09-25T13:30:00+00:00,0,7803.054202,-56.46179564,7746.592406,2
2026-09-25T13:45:00+00:00,0,7803.054202,-64.0905516,7738.96365,2
2026-09-25T14:00:00+00:00,2804.434487,4915.370932,-34.61876142,7685.186658,1
2026-09-25T14:15:00+00:00,2804.434487,4915.370932,-29.55769754,7690.247722,1
2026-09-25T14:30:00+00:00,2804.434487,4915.370932,-25.94265192,7693.862767,1
2026-09-25T14:45:00+00:00,0,7718.126564,-23.24817808,7694.878386,2
2026-09-25T15:00:00+00:00,0,7718.126564,-19.13287923,7698.993685,2
2026-09-25T15:15:00+00:00,4903.783759,2802.755632,-4.820633563,7701.718758,1
2026-09-25T15:30:00+00:00,4903.783759,2802.755632,5.914727523,7712.454119,1
2026-09-25T15:45:00+00:00,4903.783759,2802.755632,-6.014668623,7700.524723,1
2026-09-25T16:00:00+00:00,4903.888245,2802.755632,-14.09540131,7692.548476,1
2026-09-25T16:15:00+00:00,2485.767862,5219.54678,-12.69555567,7692.619086,2
2026-09-25T16:30:00+00:00,2485.767862,5219.54678,-7.486980971,7697.827661,2
2026-09-25T16:45:00+00:00,2485.767862,5219.54678,3.314991645,7708.629633,2
2026-09-25T17:00:00+00:00,2485.767862,5219.54678,-11.55820984,7693.756432,2
2026-09-25T17:15:00+00:00,2485.767862,5219.54678,9.284626912,7714.599269,2
2026-09-25T17:30:00+00:00,2485.767862,5219.54678,-0.8968626524,7704.417779,2
2026-09-25T17:45:00+00:00,2485.767862,5219.54678,-0.0353503539,7705.279291,2
2026-09-25T18:00:00+00:00,0,7702.850084,-28.10576567,7674.744319,3
2026-09-25T18:15:00+00:00,0,7702.850084,-27.05028428,7675.7998,3
2026-09-25T18:30:00+00:00,0,7702.850084,-30.84573874,7672.004345,3
2026-09-25T18:45:00+00:00,0,7702.850084,-25.44281312,7677.407271,3
2026-09-25T19:00:00+00:00,2787.526687,4900.094452,-17.47543971,7670.145699,2
2026-09-25T19:15:00+00:00,2787.526687,4900.094452,-12.70338211,7674.917757,2
2026-09-25T19:30:00+00:00,2787.526687,4900.094452,-10.87487919,7676.74626,2
2026-09-25T19:45:00+00:00,0,7684.973735,-13.85458979,7671.119146,3
2026-09-25T20:00:00+00:00,0,7684.973735,-13.26840722,7671.705328,3
2026-09-25T20:15:00+00:00,0,7684.973735,-14.40942459,7670.564311,3
2026-09-25T20:30:00+00:00,2780.995939,4900.094452,-16.25126753,7664.839123,2
2026-09-25T20:45:00+00:00,5194.587009,2483.303304,-1.081665127,7676.808648,1
2026-09-25T21:00:00+00:00,5194.587009,2483.303304,7.03807309,7684.928386,1
2026-09-25T21:15:00+00:00,5194.587009,2483.303304,0.6582787768,7678.548592,1
2026-09-25T21:30:00+00:00,5194.587009,2483.303304,2.39822268,7680.288536,1
2026-09-25T21:45:00+00:00,9.094947018e-13,7674.306094,-0.07265033123,7674.233443,2
2026-09-25T22:00:00+00:00,9.094947018e-13,7674.306094,-17.02716472,7657.278929,2
2026-09-25T22:15:00+00:00,2472.288892,5191.00279,-17.85087095,7645.440811,1
2026-09-25T22:30:00+00:00,0,7661.543621,-47.35588597,7614.187735,2
2026-09-25T22:45:00+00:00,0,7661.543621,-39.64139329,7621.902227,2
2026-09-25T23:00:00+00:00,0,7661.543621,-46.12686063,7615.41676,2
2026-09-25T23:15:00+00:00,0,7661.543621,-39.78316222,7621.760458,2
2026-09-25T23:30:00+00:00,0,7661.543621,-41.91458131,7619.629039,2
2026-09-25T23:45:00+00:00,0,7661.543621,-38.09139158,7623.452229,2
2026-09-26T00:00:00+00:00,0.5437685424,7661.543621,-31.66313408,7630.424255,2
2026-09-26T00:15:00+00:00,-1.110223025e-16,7662.085898,-16.63208385,7645.453814,3
2026-09-26T00:30:00+00:00,-1.110223025e-16,7662.085898,-6.14544781,7655.94045,3
2026-09-26T00:45:00+00:00,-1.110223025e-16,7662.085898,-17.89662501,7644.189273,3
2026-09-26T01:00:00+00:00,-1.110223025e-16,7662.085898,-33.15132384,7628.934574,3
2026-09-26T01:15:00+00:00,-1.110223025e-16,7662.085898,-35.33036674,7626.755531,3
2026-09-26T01:30:00+00:00,-1.110223025e-16,7662.085898,-61.82805651,7600.257841,3
2026-09-26T01:45:00+00:00,-1.110223025e-16,7662.085898,-56.16232862,7605.923569,3
2026-09-26T02:00:00+00:00,5156.429603,2471.083108,-24.98131937,7602.531392,2
2026-09-26T02:15:00+00:00,5156.429603,2471.083108,-16.23716815,7611.275543,2
2026-09-26T02:30:00+00:00,5156.429603,2471.083108,-7.899721633,7619.61299,2
2026-09-26T02:45:00+00:00,5156.968718,2470.540831,-5.253400695,7622.256149,1
2026-09-26T03:00:00+00:00,7618.91255,0,0,7618.91255,0
2026-09-26T03:15:00+00:00,7618.91255,0,0,7618.91255,0
2026-09-26T03:30:00+00:00,7618.91255,0,0,7618.91255,0
2026-09-26T03:45:00+00:00,7618.91255,0,0,7618.91255,0
2026-09-26T04:00:00+00:00,7618.91255,0,0,7618.91255,0
2026-09-26T04:15:00+00:00,3821.147805,3795.677122,14.66430369,7631.489231,1
2026-09-26T04:30:00+00:00,3821.147805,3795.677122,7.357057378,7624.181985,1
2026-09-26T04:45:00+00:00,3821.147805,3795.677122,4.921308606,7621.746236,1
2026-09-26T05:00:00+00:00,-4.547473509e-13,7614.635144,19.59278627,7634.22793,2
2026-09-26T05:15:00+00:00,-4.547473509e-13,7614.635144,23.19302184,7637.828165,2
2026-09-26T05:30:00+00:00,-4.547473509e-13,7614.635144,10.56717372,7625.202317,2
2026-09-26T05:45:00+00:00,-4.547473509e-13,7614.635144,24.36084896,7638.995992,2
2026-09-26T06:00:00+00:00,-4.547473509e-13,7614.635144,32.77585415,7647.410998,2
2026-09-26T06:15:00+00:00,-4.547473509e-13,7614.635144,38.76179123,7653.396935,2
2026-09-26T06:30:00+00:00,-4.547473509e-13,7614.635144,30.9173479,7645.552491,2
2026-09-26T06:45:00+00:00,-4.547473509e-13,7614.635144,36.20258486,7650.837728,2
2026-09-26T07:00:00+00:00,-4.547473509e-13,7614.635144,13.5935071,7628.228651,2
2026-09-26T07:15:00+00:00,-4.547473509e-13,7614.635144,21.82166533,7636.456809,2
2026-09-26T07:30:00+00:00,-4.547473509e-13,7614.635144,17.00355538,7631.638699,2
2026-09-26T07:45:00+00:00,-4.547473509e-13,7614.635144,9.926541842,7624.561685,2
2026-09-26T08:00:00+00:00,0.4871304082,7614.635144,25.73554579,7640.85782,2
2026-09-26T08:15:00+00:00,0.4871304082,7614.635144,22.69252999,7637.814804,2
2026-09-26T08:30:00+00:00,3814.903866,3818.958021,-14.87447361,7618.987414,1
2026-09-26T08:45:00+00:00,3814.903866,3818.958021,-3.643345067,7630.218542,1
2026-09-26T09:00:00+00:00,3814.903866,3818.958021,14.19432968,7648.056217,1
2026-09-26T09:15:00+00:00,7644.220208,0,0,7644.220208,0
2026-09-26T09:30:00+00:00,7644.220208,0,0,7644.220208,0
2026-09-26T09:45:00+00:00,7644.220208,0,0,7644.220208,0
2026-09-26T10:00:00+00:00,5604.703843,2038.395248,-17.49612992,7625.60296,1
2026-09-26T10:15:00+00:00,793.4350991,6847.019248,-34.6769962,7605.777351,2
2026-09-26T10:30:00+00:00,793.4350991,6847.019248,-32.73898089,7607.715366,2
2026-09-26T10:45:00+00:00,793.4350991,6847.019248,-59.12897098,7581.325376,2
2026-09-26T11:00:00+00:00,793.4350991,6847.019248,-39.95901804,7600.495329,2
2026-09-26T11:15:00+00:00,793.4350991,6847.019248,-51.58929123,7588.865056,2
2026-09-26T11:30:00+00:00,793.4350991,6847.019248,-61.41119181,7579.043155,2
2026-09-26T11:45:00+00:00,793.4350991,6847.019248,-69.69075213,7570.763595,2
2026-09-26T12:00:00+00:00,0,7638.89507,-73.31079799,7565.584272,3
2026-09-26T12:15:00+00:00,0,7638.89507,-75.06920029,7563.825869,3
2026-09-26T12:30:00+00:00,0,7638.89507,-63.99361229,7574.901457,3
2026-09-26T12:45:00+00:00,0,7638.89507,-64.11174409,7574.783326,3
2026-09-26T13:00:00+00:00,0,7638.89507,-52.34120667,7586.553863,3
2026-09-26T13:15:00+00:00,0,7638.89507,-40.97749449,7597.917575,3
2026-09-26T13:30:00+00:00,0,7638.89507,-41.53676114,7597.358309,3
2026-09-26T13:45:00+00:00,0,7638.89507,-47.52703357,7591.368036,3
2026-09-26T14:00:00+00:00,0,7638.89507,-58.23479892,7580.660271,3
2026-09-26T14:15:00+00:00,0,7618.722638,-41.50374907,7577.218889,3
2026-09-26T14:30:00+00:00,4772.727304,2810.098638,-14.54363358,7568.282308,2
2026-09-26T14:45:00+00:00,312.5779182,7267.79629,-21.2592179,7559.11499,3
2026-09-26T15:00:00+00:00,312.5779182,7267.79629,-15.13145887,7565.242749,3
2026-09-26T15:15:00+00:00,312.5779182,7267.79629,21.85053777,7602.224746,3
2026-09-26T15:30:00+00:00,312.5779182,7267.79629,29.46307871,7609.837287,3
2026-09-26T15:45:00+00:00,312.5779182,7267.79629,38.0801989,7618.454407,3
2026-09-26T16:00:00+00:00,0,7579.037462,19.39921323,7598.436675,4
2026-09-26T16:15:00+00:00,810.6233687,6787.16164,-8.378332036,7589.406677,3
2026-09-26T16:30:00+00:00,0,7595.561908,-6.729235096,7588.832673,4
2026-09-26T16:45:00+00:00,0,7595.561908,-4.084406279,7591.477502,4
2026-09-26T17:00:00+00:00,0,7595.561908,-33.07628748,7562.485621,4
2026-09-26T17:15:00+00:00,0,7595.561908,-37.41729269,7558.144616,4
2026-09-26T17:30:00+00:00,0,7595.561908,-32.44496727,7563.116941,4
2026-09-26T17:45:00+00:00,0,7595.561908,-30.65960362,7564.902305,4
2026-09-26T18:00:00+00:00,0,7595.561908,-34.97688086,7560.585027,4
2026-09-26T18:15:00+00:00,0,7595.561908,-39.75153239,7555.810376,4
2026-09-26T18:30:00+00:00,1030.703123,6475.920468,22.7110215,7529.334613,2
2026-09-26T18:45:00+00:00,3065.666704,4457.697652,2.933325677,7526.297681,1
2026-09-26T19:00:00+00:00,7521.246985,0,0,7521.246985,0
2026-09-26T19:15:00+00:00,4371.514127,3148.001458,4.598430705,7524.114015,1
2026-09-26T19:30:00+00:00,0,7516.412869,4.733943666,7521.146812,2
2026-09-26T19:45:00+00:00,0,7516.412869,10.90716249,7527.320031,2
2026-09-26T20:00:00+00:00,0,7516.412869,36.57661209,7552.989481,2
2026-09-26T20:15:00+00:00,0,7516.412869,12.68043031,7529.093299,2
2026-09-26T20:30:00+00:00,0,7516.412869,101.5190778,7617.931946,2
2026-09-26T20:45:00+00:00,0,7516.412869,98.48868113,7614.90155,2
2026-09-26T21:00:00+00:00,0,7516.412869,69.21060733,7585.623476,2
2026-09-26T21:15:00+00:00,0,7516.412869,9.257053586,7525.669922,2
2026-09-26T21:30:00+00:00,0,7516.412869,21.019897,7537.432766,2
2026-09-26T21:45:00+00:00,0,7516.412869,26.14371954,7542.556588,2
2026-09-26T22:00:00+00:00,0,7516.412869,-1.45639354,7514.956475,2
2026-09-26T22:15:00+00:00,0,7516.412869,13.12374726,7529.536616,2
2026-09-26T22:30:00+00:00,0,7516.412869,38.3948501,7554.807719,2
2026-09-26T22:45:00+00:00,0,7516.412869,38.06932534,7554.482194,2
2026-09-26T23:00:00+00:00,0,7516.412869,1.966983184,7518.379852,2
2026-09-26T23:15:00+00:00,0,7516.412869,8.02240982,7524.435279,2
2026-09-26T23:30:00+00:00,3170.309439,4368.411411,-4.685269909,7534.03558,1
2026-09-26T23:45:00+00:00,4261.525783,3264.784327,1.599001383,7527.909111,1
2026-09-27T00:00:00+00:00,2177.556926,5347.554425,-10.43789999,7514.673452,2
2026-09-27T00:15:00+00:00,2177.556926,5347.554425,-2.182220652,7522.929131,2
2026-09-27T00:30:00+00:00,2177.556926,5347.554425,0.5099274799,7525.621279,2
2026-09-27T00:45:00+00:00,2177.556926,5347.554425,-18.28303694,7506.828315,2
2026-09-27T01:00:00+00:00,2177.556926,5347.554425,-9.823655618,7515.287696,2
2026-09-27T01:15:00+00:00,2177.556926,5347.554425,-30.03979658,7495.071555,2
2026-09-27T01:30:00+00:00,2177.556926,5347.554425,-20.54403886,7504.567313,2
2026-09-27T01:45:00+00:00,2177.556926,5347.554425,-0.4782396369,7524.633112,2
2026-09-27T02:00:00+00:00,2177.556926,5347.554425,-0.7069716005,7524.40438,2
2026-09-27T02:15:00+00:00,2177.556926,5347.554425,1.370932164,7526.482284,2
2026-09-27T02:30:00+00:00,2177.556926,5347.554425,-11.19862288,7513.912729,2
2026-09-27T02:45:00+00:00,2177.556926,5347.554425,-18.77454502,7506.336806,2
2026-09-27T03:00:00+00:00,0,7523.684124,-19.78995224,7503.894172,3
2026-09-27T03:15:00+00:00,0,7523.684124,-54.42808267,7469.256041,3
2026-09-27T03:30:00+00:00,0,7523.684124,-48.17858228,7475.505542,3
2026-09-27T03:45:00+00:00,0,7523.684124,-53.03298734,7470.651137,3
2026-09-27T04:00:00+00:00,3242.246744,4258.899797,-21.3970993,7479.749442,2
2026-09-27T04:15:00+00:00,5305.670238,2176.129699,-18.1494992,7463.650438,1
2026-09-27T04:30:00+00:00,5305.670238,2176.129699,-20.53085447,7461.269083,1
2026-09-27T04:45:00+00:00,793.8376326,6685.48216,-26.89391662,7452.425877,2
2026-09-27T05:00:00+00:00,793.8376326,6685.48216,-32.50981577,7446.809977,2
2026-09-27T05:15:00+00:00,0,7478.076589,-37.3429378,7440.733651,3
2026-09-27T05:30:00+00:00,0,7478.076589,-63.9855267,7414.091062,3
2026-09-27T05:45:00+00:00,0,7478.076589,-66.89638535,7411.180204,3
2026-09-27T06:00:00+00:00,0,7478.076589,-99.678676,7378.397913,3
2026-09-27T06:15:00+00:00,713.4530113,6685.48216,-50.09023792,7348.844934,2
2026-09-27T06:30:00+00:00,713.4530113,6685.48216,-50.94887012,7347.986302,2
2026-09-27T06:45:00+00:00,4425.337025,2887.626095,22.46070521,7335.423825,2
2026-09-27T07:00:00+00:00,4425.337025,2887.626095,24.76919215,7337.732312,2
2026-09-27T07:15:00+00:00,6623.980649,711.4963962,6.723707812,7342.200753,1
2026-09-27T07:30:00+00:00,6623.980649,711.4963962,26.65839994,7362.135445,1
2026-09-27T07:45:00+00:00,6623.980649,711.4963962,80.01301709,7415.490062,1
2026-09-27T08:00:00+00:00,6623.692434,711.4963962,83.53090394,7418.719734,1
2026-09-27T08:15:00+00:00,6623.692434,711.4963962,87.63510526,7422.823935,1
2026-09-27T08:30:00+00:00,3296.051157,4037.308476,87.47859796,7420.838231,2
2026-09-27T08:45:00+00:00,3296.051157,4037.308476,76.11231674,7409.47195,2
2026-09-27T09:00:00+00:00,0,7331.259904,40.85103899,7372.110942,3
2026-09-27T09:15:00+00:00,0,7331.259904,46.10793528,7377.367839,3
2026-09-27T09:30:00+00:00,0,7331.259904,75.29726202,7406.557166,3
2026-09-27T09:45:00+00:00,0,7331.259904,99.01637085,7430.276274,3
2026-09-27T10:00:00+00:00,0,7331.259904,112.6683507,7443.928254,3
2026-09-27T10:15:00+00:00,0,7331.259904,88.0030621,7419.262966,3
2026-09-27T10:30:00+00:00,0,7331.259904,69.23210095,7400.492004,3
2026-09-27T10:45:00+00:00,0,7331.259904,76.15029251,7407.410196,3
2026-09-27T11:00:00+00:00,783.5911509,6619.763507,-5.881820251,7397.472838,2
2026-09-27T11:15:00+00:00,783.5911509,6619.763507,3.80787352,7407.162532,2
2026-09-27T11:30:00+00:00,783.5911509,6619.763507,-3.982883583,7399.371775,2
2026-09-27T11:45:00+00:00,783.5911509,6619.763507,5.069521941,7408.42418,2
2026-09-27T12:00:00+00:00,783.5911509,6619.763507,29.22385948,7432.578518,2
2026-09-27T12:15:00+00:00,783.5911509,6619.763507,20.75998959,7424.114648,2
2026-09-27T12:30:00+00:00,783.5911509,6619.763507,46.58889287,7449.943551,2
2026-09-27T12:45:00+00:00,4131.406251,3293.951427,-0.9129023371,7424.444775,1
2026-09-27T13:00:00+00:00,4131.406251,3293.951427,-32.50380065,7392.853877,1
2026-09-27T13:15:00+00:00,7388.880472,0,0,7388.880472,0
2026-09-27T13:30:00+00:00,7388.880472,0,0,7388.880472,0
2026-09-27T13:45:00+00:00,7388.880472,0,0,7388.880472,0
2026-09-27T14:00:00+00:00,7388.880472,0,0,7388.880472,0
2026-09-27T14:15:00+00:00,5569.173206,1818.706978,6.341653308,7394.221837,1
2026-09-27T14:30:00+00:00,5569.173206,1818.706978,12.34286299,7400.223046,1
2026-09-27T14:45:00+00:00,5569.173206,1818.706978,22.34487913,7410.225062,1
2026-09-27T15:00:00+00:00,3480.886412,3905.845845,22.22809557,7408.960352,2
2026-09-27T15:15:00+00:00,3480.886412,3905.845845,58.97534983,7445.707607,2
2026-09-27T15:30:00+00:00,4.547473509e-13,7384.385148,59.11815406,7443.503302,3
2026-09-27T15:45:00+00:00,4.547473509e-13,7384.385148,47.6152319,7432.00038,3
2026-09-27T16:00:00+00:00,0.4869656021,7384.385148,44.41089091,7429.283005,3
2026-09-27T16:15:00+00:00,0.4869656021,7384.385148,56.04297327,7440.915087,3
2026-09-27T16:30:00+00:00,0.4869656021,7384.385148,79.05835133,7463.930465,3
2026-09-27T16:45:00+00:00,0.4869656021,7384.385148,77.66960106,7462.541715,3
2026-09-27T17:00:00+00:00,0.4869656021,7384.385148,70.09179533,7454.963909,3
2026-09-27T17:15:00+00:00,0.4869656021,7384.385148,70.72430379,7455.596418,3
2026-09-27T17:30:00+00:00,0.4869656021,7384.385148,58.971444,7443.843558,3
2026-09-27T17:45:00+00:00,0.4869656021,7384.385148,44.04451618,7428.91663,3
2026-09-27T18:00:00+00:00,0.4869656021,7384.385148,28.24575194,7413.117866,3
2026-09-27T18:15:00+00:00,0.4869656021,7384.385148,13.52530125,7398.397415,3
2026-09-27T18:30:00+00:00,1861.429381,5565.67817,-28.10731614,7399.000236,2
2026-09-27T18:45:00+00:00,1861.429381,5565.67817,-37.95622316,7389.151329,2
2026-09-27T19:00:00+00:00,1861.429381,5565.67817,-24.72599291,7402.381559,2
2026-09-27T19:15:00+00:00,3931.947077,3478.539303,-6.120427924,7404.365952,1
2026-09-27T19:30:00+00:00,4.547473509e-13,7408.120389,-4.971851153,7403.148538,2
2026-09-27T19:45:00+00:00,530.3733359,6864.331892,-10.12222489,7384.583003,2
2026-09-27T20:00:00+00:00,530.3733359,6864.331892,13.19966684,7407.904894,2
2026-09-27T20:15:00+00:00,530.3733359,6864.331892,-26.29867216,7368.406555,2
2026-09-27T20:30:00+00:00,530.3733359,6864.331892,-12.59512326,7382.110104,2
2026-09-27T20:45:00+00:00,530.3733359,6864.331892,-38.31139101,7356.393837,2
2026-09-27T21:00:00+00:00,530.3733359,6864.331892,-11.31574674,7383.389481,2
2026-09-27T21:15:00+00:00,530.3733359,6864.331892,-32.49033898,7362.214889,2
2026-09-27T21:30:00+00:00,530.3733359,6864.331892,-49.25412628,7345.451101,2
2026-09-27T21:45:00+00:00,530.3733359,6864.331892,-29.60598708,7365.09924,2
2026-09-27T22:00:00+00:00,4381.517285,2934.750806,-39.36733801,7276.900753,1
2026-09-27T22:15:00+00:00,4381.517285,2934.750806,-14.10020739,7302.167884,1
2026-09-27T22:30:00+00:00,4381.517285,2934.750806,-42.81285583,7273.455235,1
2026-09-27T22:45:00+00:00,4381.517285,2934.750806,-34.77331427,7281.494777,1
2026-09-27T23:00:00+00:00,4381.517285,2934.750806,-34.77331427,7281.494777,1
2026-09-27T23:15:00+00:00,2565.487644,4749.78218,-30.39423336,7284.875591,2
2026-09-27T23:30:00+00:00,2565.487644,4749.78218,-33.39749307,7281.872331,2
2026-09-27T23:45:00+00:00,2565.487644,4749.78218,-25.67482526,7289.594999,2
2026-09-28T00:00:00+00:00,4358.868572,2934.750806,-11.80319552,7281.816182,1
2026-09-28T00:15:00+00:00,7278.747891,0,0,7278.747891,0
2026-09-28T00:30:00+00:00,7278.747891,0,0,7278.747891,0
2026-09-28T00:45:00+00:00,7278.747891,0,0,7278.747891,0
2026-09-28T01:00:00+00:00,3661.760763,3614.998878,-9.236370786,7267.523271,1
2026-09-28T01:15:00+00:00,3661.760763,3614.998878,0.05084752023,7276.810489,1
2026-09-28T01:30:00+00:00,3661.760763,3614.998878,-13.87997994,7262.879662,1
2026-09-28T01:45:00+00:00,3661.760763,3614.998878,-22.70283733,7254.056804,1
2026-09-28T02:00:00+00:00,3661.760763,3614.998878,-14.80870177,7261.95094,1
2026-09-28T02:15:00+00:00,3661.760763,3614.998878,-22.23847641,7254.521165,1
2026-09-28T02:30:00+00:00,3661.760763,3614.998878,-26.88208557,7249.877556,1
2026-09-28T02:45:00+00:00,3661.760763,3614.998878,-34.31186021,7242.447781,1
2026-09-28T03:00:00+00:00,3661.760763,3614.998878,-34.31186021,7242.447781,1
2026-09-28T03:15:00+00:00,3661.760763,3614.998878,-43.1347176,7233.624924,1
2026-09-28T03:30:00+00:00,2325.077056,4950.947813,-37.34824932,7238.67662,2
2026-09-28T03:45:00+00:00,1273.474811,6001.971995,-32.58529568,7242.861511,3
2026-09-28T04:00:00+00:00,1273.474811,6001.971995,-30.08653392,7245.360273,3
2026-09-28T04:15:00+00:00,76.76968767,7198.019293,-38.27057086,7236.51841,4
2026-09-28T04:30:00+00:00,76.76968767,7198.019293,-36.83277592,7237.956205,4
2026-09-28T04:45:00+00:00,76.76968767,7198.019293,-42.09942351,7232.689557,4
2026-09-28T05:00:00+00:00,76.76968767,7198.019293,-27.01147474,7247.777506,4
2026-09-28T05:15:00+00:00,3641.173385,3583.020415,35.3952657,7259.589066,3
2026-09-28T05:30:00+00:00,3641.173385,3583.020415,29.56546112,7253.759261,3
2026-09-28T05:45:00+00:00,3641.173385,3583.020415,31.52253054,7255.716331,3
2026-09-28T06:00:00+00:00,3641.173385,3583.020415,29.04532463,7253.239125,3
2026-09-28T06:15:00+00:00,3641.173385,3583.020415,60.97124176,7285.165042,3
2026-09-28T06:30:00+00:00,3641.173385,3583.020415,50.99387573,7275.187676,3
2026-09-28T06:45:00+00:00,3641.173385,3583.020415,59.88617319,7284.079973,3
2026-09-28T07:00:00+00:00,3641.173385,3583.020415,59.07473776,7283.268538,3
2026-09-28T07:15:00+00:00,3641.173385,3583.020415,78.59838464,7302.792185,3
2026-09-28T07:30:00+00:00,3641.173385,3583.020415,76.69212807,7300.885928,3
2026-09-28T07:45:00+00:00,4995.252109,2247.071479,58.676235,7300.999824,2
2026-09-28T08:00:00+00:00,6074.06663,1196.047298,19.14512606,7289.259054,1
2026-09-28T08:15:00+00:00,6074.06663,1196.047298,21.55286373,7291.666791,1
2026-09-28T08:30:00+00:00,7289.951196,0,0,7289.951196,0
2026-09-28T08:45:00+00:00,7289.951196,0,0,7289.951196,0
2026-09-28T09:00:00+00:00,7289.951196,0,0,7289.951196,0
2026-09-28T09:15:00+00:00,7289.951196,0,0,7289.951196,0
2026-09-28T09:30:00+00:00,7289.951196,0,0,7289.951196,0
2026-09-28T09:45:00+00:00,7289.951196,0,0,7289.951196,0
2026-09-28T10:00:00+00:00,7289.951196,0,0,7289.951196,0
2026-09-28T10:15:00+00:00,7289.951196,0,0,7289.951196,0
2026-09-28T10:30:00+00:00,7289.951196,0,0,7289.951196,0
2026-09-28T10:45:00+00:00,7289.951196,0,0,7289.951196,0
2026-09-28T11:00:00+00:00,7289.951196,0,0,7289.951196,0
2026-09-28T11:15:00+00:00,7289.951196,0,0,7289.951196,0
2026-09-28T11:30:00+00:00,7289.951196,0,0,7289.951196,0
2026-09-28T11:45:00+00:00,7289.951196,0,0,7289.951196,0
2026-09-28T12:00:00+00:00,7289.951196,0,0,7289.951196,0
2026-09-28T12:15:00+00:00,7289.951196,0,0,7289.951196,0
2026-09-28T12:30:00+00:00,7289.951196,0,0,7289.951196,0
2026-09-28T12:45:00+00:00,3127.983859,4159.679513,16.10099963,7303.764372,1
2026-09-28T13:00:00+00:00,3127.983859,4159.679513,7.282787508,7294.94616,1
2026-09-28T13:15:00+00:00,3127.983859,4159.679513,14.57954753,7302.24292,1
2026-09-28T13:30:00+00:00,3127.983859,4159.679513,25.85071302,7313.514085,1
2026-09-28T13:45:00+00:00,3127.983859,4159.679513,15.63524899,7303.298621,1
2026-09-28T14:00:00+00:00,3127.983859,4159.679513,1.02620391,7288.689576,1
2026-09-28T14:15:00+00:00,1815.705481,5471.236534,-38.71160435,7248.230412,2
2026-09-28T14:30:00+00:00,-2.273736754e-13,7284.517146,-80.0110936,7204.506053,3
2026-09-28T14:45:00+00:00,-2.273736754e-13,7284.517146,-69.90366122,7214.613485,3
2026-09-28T15:00:00+00:00,-2.273736754e-13,7284.517146,-97.82329432,7186.693852,3
2026-09-28T15:15:00+00:00,1237.369862,5972.960125,-29.43653631,7180.893451,2
2026-09-28T15:30:00+00:00,1237.369862,5972.960125,-11.86582959,7198.464158,2
2026-09-28T15:45:00+00:00,0,7209.523263,-4.227725292,7205.295537,3
2026-09-28T16:00:00+00:00,-0.4342729145,7209.523263,-7.553876028,7201.535114,3
2026-09-28T16:15:00+00:00,-0.4342729145,7209.523263,37.04294686,7246.131937,3
2026-09-28T16:30:00+00:00,-0.4342729145,7209.523263,18.67370017,7227.76269,3
2026-09-28T16:45:00+00:00,-0.4342729145,7209.523263,24.84492315,7233.933913,3
2026-09-28T17:00:00+00:00,1216.788436,5997.046661,44.37137718,7258.206474,3
2026-09-28T17:15:00+00:00,1216.788436,5997.046661,25.23663777,7239.071734,3
2026-09-28T17:30:00+00:00,1216.788436,5997.046661,31.77150572,7245.606602,3
2026-09-28T17:45:00+00:00,1216.788436,5997.046661,22.86223515,7236.697332,3
2026-09-28T18:00:00+00:00,1216.788436,5997.046661,26.95881211,7240.793909,3
2026-09-28T18:15:00+00:00,1216.788436,5997.046661,25.34161424,7239.176711,3
2026-09-28T18:30:00+00:00,1216.788436,5997.046661,19.26149865,7233.096595,3
2026-09-28T18:45:00+00:00,966.1528945,6273.403703,-6.355776296,7233.200821,3
2026-09-28T19:00:00+00:00,966.1528945,6273.403703,-18.6844045,7220.872193,3
2026-09-28T19:15:00+00:00,966.1528945,6273.403703,-24.3375244,7215.219073,3
2026-09-28T19:30:00+00:00,966.1528945,6273.403703,-38.44570165,7201.110896,3
2026-09-28T19:45:00+00:00,966.1528945,6273.403703,-36.17704917,7203.379548,3
2026-09-28T20:00:00+00:00,2207.244879,5036.840566,-24.62827131,7219.457173,2
2026-09-28T20:15:00+00:00,-4.547473509e-13,7242.787291,-24.79960683,7217.987684,3
2026-09-28T20:30:00+00:00,-4.547473509e-13,7242.787291,-25.1357609,7217.65153,3
2026-09-28T20:45:00+00:00,-4.547473509e-13,7242.787291,-23.71891191,7219.068379,3
2026-09-28T21:00:00+00:00,-4.547473509e-13,7242.787291,-24.67921901,7218.108072,3
2026-09-28T21:15:00+00:00,-4.547473509e-13,7227.935476,-8.591463753,7219.344013,3
2026-09-28T21:30:00+00:00,-4.547473509e-13,7227.935476,-7.057676577,7220.8778,3
2026-09-28T21:45:00+00:00,-4.547473509e-13,7227.935476,3.436397421,7231.371874,3
2026-09-28T22:00:00+00:00,-4.547473509e-13,7227.935476,8.463246459,7236.398723,3
2026-09-28T22:15:00+00:00,-4.547473509e-13,7227.935476,2.369273113,7230.304749,3
2026-09-28T22:30:00+00:00,-4.547473509e-13,7227.935476,-13.84787283,7214.087604,3
2026-09-28T22:45:00+00:00,-4.547473509e-13,7227.935476,-18.96239176,7208.973085,3
2026-09-28T23:00:00+00:00,0,7226.972756,-11.84785096,7215.124905,3
2026-09-28T23:15:00+00:00,2067.909396,5137.335102,-14.71148501,7190.533013,2
2026-09-28T23:30:00+00:00,2067.909396,5137.335102,-27.29568123,7177.948816,2
2026-09-28T23:45:00+00:00,2067.909396,5137.335102,-19.6858097,7185.558688,2
2026-09-29T00:00:00+00:00,-4.547473509e-13,7203.686014,-17.98723108,7185.698783,3
2026-09-29T00:15:00+00:00,-4.547473509e-13,7203.686014,-21.47503225,7182.210982,3
2026-09-29T00:30:00+00:00,-4.547473509e-13,7203.686014,-17.51264513,7186.173369,3
2026-09-29T00:45:00+00:00,-4.547473509e-13,7203.686014,0.4251087301,7204.111123,3
2026-09-29T01:00:00+00:00,-4.547473509e-13,7203.686014,6.223086593,7209.909101,3
2026-09-29T01:15:00+00:00,-4.547473509e-13,7203.686014,25.43865621,7229.12467,3
2026-09-29T01:30:00+00:00,2364.640884,4796.852248,34.52393463,7196.017067,2
2026-09-29T01:45:00+00:00,1069.601641,6091.179611,18.86535801,7179.64661,3
2026-09-29T02:00:00+00:00,1069.601641,6091.179611,43.15312544,7203.934377,3
2026-09-29T02:15:00+00:00,1069.601641,6091.179611,66.37079235,7227.152044,3
2026-09-29T02:30:00+00:00,1069.601641,6091.179611,51.14129166,7211.922544,3
2026-09-29T02:45:00+00:00,1069.601641,6091.179611,53.86234211,7214.643594,3
2026-09-29T03:00:00+00:00,1069.601641,6091.179611,60.35258663,7221.133839,3
2026-09-29T03:15:00+00:00,3312.893568,3886.195606,-28.7522981,7170.336875,2
2026-09-29T03:30:00+00:00,2228.759214,4969.734013,-25.58402395,7172.909203,3
2026-09-29T03:45:00+00:00,2228.759214,4969.734013,-21.2423507,7177.250877,3
2026-09-29T04:00:00+00:00,2228.759214,4969.734013,3.19857709,7201.691804,3
2026-09-29T04:15:00+00:00,2228.759214,4969.734013,-11.33931808,7187.153909,3
2026-09-29T04:30:00+00:00,2228.759214,4969.734013,-4.879872709,7193.613355,3
2026-09-29T04:45:00+00:00,2228.759214,4969.734013,-6.618125477,7191.875102,3
2026-09-29T05:00:00+00:00,2228.759214,4969.734013,-21.90829413,7176.584933,3
2026-09-29T05:15:00+00:00,2228.759214,4969.734013,-33.44970901,7165.043518,3
2026-09-29T05:30:00+00:00,2228.759214,4969.734013,-30.31014773,7168.18308,3
2026-09-29T05:45:00+00:00,4788.728711,2377.86577,-6.392944134,7160.201538,2
2026-09-29T06:00:00+00:00,6071.040346,1083.538407,-4.319324013,7150.259429,1
2026-09-29T06:15:00+00:00,6071.040346,1083.538407,2.58148291,7157.160236,1
2026-09-29T06:30:00+00:00,6071.040346,1083.538407,-5.26364496,7149.315108,1
2026-09-29T06:45:00+00:00,3133.559636,4019.404391,0.09021093129,7153.054238,2
2026-09-29T07:00:00+00:00,3133.559636,4019.404391,-4.926221037,7148.037806,2
2026-09-29T07:15:00+00:00,3133.559636,4019.404391,-9.342168542,7143.621858,2
2026-09-29T07:30:00+00:00,4.547473509e-13,7149.602884,-9.478614877,7140.124269,3
2026-09-29T07:45:00+00:00,1060.697322,6066.064476,7.993847717,7134.755646,2
2026-09-29T08:00:00+00:00,1060.370011,6066.064476,8.629967421,7135.064455,2
2026-09-29T08:15:00+00:00,0,7124.16452,31.19423399,7155.358754,3
2026-09-29T08:30:00+00:00,0,7124.16452,-18.30411083,7105.860409,3
2026-09-29T08:45:00+00:00,0,7124.16452,-16.43023095,7107.734289,3
2026-09-29T09:00:00+00:00,0,7124.16452,-30.2947093,7093.86981,3
2026-09-29T09:15:00+00:00,0,7124.16452,-19.79315298,7104.371367,3
2026-09-29T09:30:00+00:00,0,7124.16452,6.562874361,7130.727394,3
2026-09-29T09:45:00+00:00,0,7124.16452,35.38703106,7159.551551,3
2026-09-29T10:00:00+00:00,0,7124.16452,30.16096636,7154.325486,3
2026-09-29T10:15:00+00:00,0,7124.16452,18.39157494,7142.556095,3
2026-09-29T10:30:00+00:00,0,7124.16452,-6.491128673,7117.673391,3
2026-09-29T10:45:00+00:00,0,7124.16452,3.953654472,7128.118174,3
2026-09-29T11:00:00+00:00,2941.915084,4188.298536,-9.264711413,7120.948909,2
2026-09-29T11:15:00+00:00,2941.915084,4188.298536,-4.661904759,7125.551715,2
2026-09-29T11:30:00+00:00,2941.915084,4188.298536,18.74065841,7148.954278,2
2026-09-29T11:45:00+00:00,6083.23895,1058.100043,8.18825855,7149.527252,1
2026-09-29T12:00:00+00:00,6083.23895,1058.100043,2.793082593,7144.132076,1
2026-09-29T12:15:00+00:00,6083.23895,1058.100043,-2.602093364,7138.7369,1
2026-09-29T12:30:00+00:00,7134.407192,0,0,7134.407192,0
2026-09-29T12:45:00+00:00,7134.407192,0,0,7134.407192,0
2026-09-29T13:00:00+00:00,7134.407192,0,0,7134.407192,0
2026-09-29T13:15:00+00:00,7134.407192,0,0,7134.407192,0
2026-09-29T13:30:00+00:00,7134.407192,0,0,7134.407192,0
2026-09-29T13:45:00+00:00,7134.407192,0,0,7134.407192,0
2026-09-29T14:00:00+00:00,7134.407192,0,0,7134.407192,0
2026-09-29T14:15:00+00:00,7134.407192,0,0,7134.407192,0
2026-09-29T14:30:00+00:00,7134.407192,0,0,7134.407192,0
2026-09-29T14:45:00+00:00,2300.410245,4831.339709,5.1714366,7136.921391,1
2026-09-29T15:00:00+00:00,2300.410245,4831.339709,32.99525788,7164.745213,1
2026-09-29T15:15:00+00:00,2300.410245,4831.339709,62.08379831,7193.833753,1
2026-09-29T15:30:00+00:00,2300.410245,4831.339709,57.65728128,7189.407236,1
2026-09-29T15:45:00+00:00,2300.410245,4831.339709,70.30447278,7202.054428,1
2026-09-29T16:00:00+00:00,2300.722409,4831.339709,60.81907916,7192.881198,1
2026-09-29T16:15:00+00:00,2300.722409,4831.339709,50.06896639,7182.131085,1
2026-09-29T16:30:00+00:00,170.191035,6960.699935,78.4105015,7209.301472,2
2026-09-29T16:45:00+00:00,170.191035,6960.699935,76.4264693,7207.31744,2
2026-09-29T17:00:00+00:00,170.191035,6960.699935,69.20965354,7200.100624,2
2026-09-29T17:15:00+00:00,170.191035,6960.699935,79.4025176,7210.293488,2
2026-09-29T17:30:00+00:00,170.191035,6960.699935,87.69830294,7218.589273,2
2026-09-29T17:45:00+00:00,170.191035,6960.699935,95.36765001,7226.25862,2
2026-09-29T18:00:00+00:00,170.191035,6960.699935,63.18244605,7194.073416,2
2026-09-29T18:15:00+00:00,170.191035,6960.699935,60.4850221,7191.375992,2
2026-09-29T18:30:00+00:00,-2.842170943e-14,7130.424229,32.4960986,7162.920327,3
2026-09-29T18:45:00+00:00,-2.842170943e-14,7130.424229,36.44467388,7166.868902,3
2026-09-29T19:00:00+00:00,4882.08424,2299.084519,-26.42173824,7154.747021,2
2026-09-29T19:15:00+00:00,4882.08424,2299.084519,-25.71370759,7155.455052,2
2026-09-29T19:30:00+00:00,0,7177.954248,-24.76039807,7153.193849,3
2026-09-29T19:45:00+00:00,0,7177.954248,-16.47075448,7161.483493,3
2026-09-29T20:00:00+00:00,0,7177.954248,-28.11626329,7149.837984,3
2026-09-29T20:15:00+00:00,0,7177.954248,-25.81349967,7152.140748,3
2026-09-29T20:30:00+00:00,0,7177.954248,-27.01686742,7150.93738,3
2026-09-29T20:45:00+00:00,2116.876607,5048.594021,-19.46407211,7146.006556,2
2026-09-29T21:00:00+00:00,0,7163.411947,-28.20488299,7135.207064,3
2026-09-29T21:15:00+00:00,0,7163.411947,-42.29798049,7121.113967,3
2026-09-29T21:30:00+00:00,0,7163.411947,-38.160432,7125.251515,3
2026-09-29T21:45:00+00:00,0,7163.411947,-30.60722226,7132.804725,3
2026-09-29T22:00:00+00:00,0,7163.411947,-9.92494112,7153.487006,3
2026-09-29T22:15:00+00:00,0,7163.411947,-20.09694276,7143.315005,3
2026-09-29T22:30:00+00:00,0,7163.411947,-16.78618642,7146.625761,3
2026-09-29T22:45:00+00:00,0,7142.69883,1.227843293,7143.926674,3
2026-09-29T23:00:00+00:00,0,7142.69883,36.073705,7178.772535,3
2026-09-29T23:15:00+00:00,0,7142.69883,20.07935545,7162.778186,3
2026-09-29T23:30:00+00:00,0,7142.69883,0.5324826358,7143.231313,3
2026-09-29T23:45:00+00:00,4877.005846,2263.829102,1.314419617,7142.149368,2
2026-09-30T00:00:00+00:00,4877.245248,2263.829102,-8.807222336,7132.267128,2
2026-09-30T00:15:00+00:00,4877.245248,2263.829102,-5.446786277,7135.627564,2
2026-09-30T00:30:00+00:00,4877.245248,2263.829102,-9.751048155,7131.323302,2
2026-09-30T00:45:00+00:00,4877.245248,2263.829102,-3.481490187,7137.59286,2
2026-09-30T01:00:00+00:00,4877.245248,2263.829102,7.013389592,7148.08774,2
2026-09-30T01:15:00+00:00,4935.30855,2205.433784,4.024884568,7144.767218,2
2026-09-30T01:30:00+00:00,4935.30855,2205.433784,-2.821270471,7137.921063,2
2026-09-30T01:45:00+00:00,4935.30855,2205.433784,-10.37168966,7130.370644,2
2026-09-30T02:00:00+00:00,4935.30855,2205.433784,-11.85418206,7128.888152,2
2026-09-30T02:15:00+00:00,3592.393002,3547.611135,-41.19767089,7098.806465,3
2026-09-30T02:30:00+00:00,3592.393002,3547.611135,-39.3602208,7100.643916,3
2026-09-30T02:45:00+00:00,3592.393002,3547.611135,-47.72108882,7092.283048,3
2026-09-30T03:00:00+00:00,3744.764567,3398.599959,-67.92451117,7075.440014,2
2026-09-30T03:15:00+00:00,1334.522447,5807.517174,-88.57381484,7053.465806,3
2026-09-30T03:30:00+00:00,0,7140.198524,-84.86292138,7055.335602,4
2026-09-30T03:45:00+00:00,0,7140.198524,-115.2900057,7024.908518,4
2026-09-30T04:00:00+00:00,0,7140.198524,-69.58753254,7070.610991,4
2026-09-30T04:15:00+00:00,0,7140.198524,-56.66317416,7083.53535,4
2026-09-30T04:30:00+00:00,0,7140.198524,-69.3533192,7070.845205,4
2026-09-30T04:45:00+00:00,0,7140.198524,-103.6233491,7036.575175,4
2026-09-30T05:00:00+00:00,0,7140.198524,-117.2709561,7022.927568,4
2026-09-30T05:15:00+00:00,0,7140.198524,-78.17245747,7062.026066,4
2026-09-30T05:30:00+00:00,224.0600009,6895.59977,-31.23606482,7088.423706,4
2026-09-30T05:45:00+00:00,2.842170943e-14,7119.045296,-45.9675895,7073.077706,5
2026-09-30T06:00:00+00:00,2.842170943e-14,7119.045296,-63.88957006,7055.155726,5
2026-09-30T06:15:00+00:00,2.842170943e-14,7119.045296,-76.52278186,7042.522514,5
2026-09-30T06:30:00+00:00,1504.417513,5553.422419,-18.28204091,7039.557891,3
2026-09-30T06:45:00+00:00,315.3194236,6741.866863,-9.684211323,7047.502076,4
2026-09-30T07:00:00+00:00,315.3194236,6741.866863,-12.5087593,7044.677528,4
2026-09-30T07:15:00+00:00,315.3194236,6741.866863,-5.576143912,7051.610143,4
2026-09-30T07:30:00+00:00,2709.697729,4332.949648,-27.79092976,7014.856447,3
2026-09-30T07:45:00+00:00,-4.547473509e-13,7018.595028,-4.343701513,7014.251326,3
2026-09-30T08:00:00+00:00,0.6284572239,7018.595028,19.81784173,7039.041327,3
2026-09-30T08:15:00+00:00,1.110223025e-16,7019.221762,2.556731172,7021.778493,4
2026-09-30T08:30:00+00:00,1.110223025e-16,7019.221762,5.095011868,7024.316773,4
2026-09-30T08:45:00+00:00,1.110223025e-16,7019.221762,-11.13085314,7008.090908,4
2026-09-30T09:00:00+00:00,1.110223025e-16,7019.221762,-36.14440399,6983.077358,4
2026-09-30T09:15:00+00:00,1.110223025e-16,7019.221762,-38.42422398,6980.797538,4
2026-09-30T09:30:00+00:00,1.110223025e-16,7019.221762,-52.88271928,6966.339042,4
2026-09-30T09:45:00+00:00,1833.465806,5207.397908,-66.79922911,6974.064485,3
2026-09-30T10:00:00+00:00,1833.465806,5207.397908,-90.70647401,6950.15724,3
2026-09-30T10:15:00+00:00,324.1076503,6715.926373,-97.0619653,6942.972058,4
2026-09-30T10:30:00+00:00,1439.587519,5527.481928,-33.93303513,6933.136413,3
2026-09-30T10:45:00+00:00,-2.273736754e-13,6966.223318,-6.265097455,6959.958221,4
2026-09-30T11:00:00+00:00,-2.273736754e-13,6966.223318,-3.811792544,6962.411525,4
2026-09-30T11:15:00+00:00,-2.273736754e-13,6966.223318,-15.05880752,6951.16451,4
2026-09-30T11:30:00+00:00,-2.273736754e-13,6966.223318,-28.85852093,6937.364797,4
2026-09-30T11:45:00+00:00,-2.273736754e-13,6966.223318,-23.29286206,6942.930456,4
2026-09-30T12:00:00+00:00,3950.452368,2947.896588,35.93097545,6934.279931,3
2026-09-30T12:15:00+00:00,0,6895.163737,31.65435234,6926.818089,4
2026-09-30T12:30:00+00:00,0.797578632,6894.537003,85.264552,6980.599133,3
2026-09-30T12:45:00+00:00,0.797578632,6894.537003,119.5568324,7014.891414,3
2026-09-30T13:00:00+00:00,1366.954274,5455.795613,185.0690889,7007.818977,2
2026-09-30T13:15:00+00:00,1366.954274,5455.795613,173.3380531,6996.087941,2
2026-09-30T13:30:00+00:00,0,6821.620724,80.28622946,6901.906953,3
2026-09-30T13:45:00+00:00,0,6821.620724,87.21517585,6908.8359,3
2026-09-30T14:00:00+00:00,0,6821.620724,37.96541072,6859.586134,3
2026-09-30T14:15:00+00:00,1293.84022,5455.795613,-16.86499347,6732.77084,2
2026-09-30T14:30:00+00:00,2795.014957,3947.267148,-25.71740255,6716.564702,1
2026-09-30T14:45:00+00:00,2795.014957,3947.267148,-9.052189548,6733.229915,1
2026-09-30T15:00:00+00:00,2795.014957,3947.267148,1.082248183,6743.364353,1
2026-09-30T15:15:00+00:00,762.5016274,5978.66321,-1.079421811,6740.085415,2
2026-09-30T15:30:00+00:00,762.5016274,5978.66321,11.81055373,6752.975391,2
2026-09-30T15:45:00+00:00,762.5016274,5978.66321,11.51022831,6752.675066,2
2026-09-30T16:00:00+00:00,0,6740.466956,15.23394063,6755.700897,3
2026-09-30T16:15:00+00:00,0,6740.466956,14.32151752,6754.788474,3
2026-09-30T16:30:00+00:00,3965.881983,2793.199808,-19.86507341,6739.216717,2
2026-09-30T16:45:00+00:00,3965.881983,2793.199808,-23.15945139,6735.922339,2
2026-09-30T17:00:00+00:00,3965.881983,2793.199808,-18.74759977,6740.334191,2
2026-09-30T17:15:00+00:00,3965.881983,2793.199808,-11.12483391,6747.956957,2
2026-09-30T17:30:00+00:00,3965.881983,2793.199808,3.764176614,6762.845967,2
2026-09-30T17:45:00+00:00,3965.881983,2793.199808,0.414185647,6759.495976,2
2026-09-30T18:00:00+00:00,3965.881983,2793.199808,5.536443166,6764.618234,2
2026-09-30T18:15:00+00:00,3965.881983,2793.199808,7.339108463,6766.420899,2
2026-09-30T18:30:00+00:00,3965.881983,2793.199808,19.32563887,6778.40743,2
2026-09-30T18:45:00+00:00,3965.881983,2793.199808,12.53214882,6771.61394,2
2026-09-30T19:00:00+00:00,3965.881983,2793.199808,22.30645724,6781.388248,2
2026-09-30T19:15:00+00:00,3965.881983,2793.199808,22.225571,6781.307362,2
2026-09-30T19:30:00+00:00,6000.163599,761.8037465,14.7391299,6776.706475,1
2026-09-30T19:45:00+00:00,602.8790968,6156.121374,29.34086093,6788.341331,2
2026-09-30T20:00:00+00:00,602.8790968,6156.121374,22.53354496,6781.534016,2
2026-09-30T20:15:00+00:00,1377.95681,5394.317627,3.639677024,6775.914114,1
2026-09-30T20:30:00+00:00,0,6769.606959,8.621740638,6778.2287,2
2026-09-30T20:45:00+00:00,0,6769.606959,7.34274132,6776.949701,2
2026-09-30T21:00:00+00:00,0,6769.606959,-0.3959185436,6769.211041,2
2026-09-30T21:15:00+00:00,0,6769.606959,4.258293161,6773.865253,2
2026-09-30T21:30:00+00:00,0,6769.606959,4.398184148,6774.005144,2
2026-09-30T21:45:00+00:00,0,6769.606959,6.447324428,6776.054284,2
2026-09-30T22:00:00+00:00,0,6769.606959,9.574052863,6779.181012,2
2026-09-30T22:15:00+00:00,0,6769.606959,-4.930555032,6764.676404,2
2026-09-30T22:30:00+00:00,0,6769.606959,-11.24099107,6758.365968,2
2026-09-30T22:45:00+00:00,0,6769.606959,-4.054378041,6765.552581,2
2026-09-30T23:00:00+00:00,0,6769.606959,-8.988287885,6760.618672,2
2026-09-30T23:15:00+00:00,0,6769.606959,-7.712921373,6761.894038,2
2026-09-30T23:30:00+00:00,0,6769.606959,-7.64016744,6761.966792,2
2026-09-30T23:45:00+00:00,0,6769.606959,1.351642927,6770.958602,2
2026-10-01T00:00:00+00:00,3543.397928,3231.043423,-16.07860586,6758.362745,2
2026-10-01T00:15:00+00:00,256.9631366,6515.671669,-9.129591827,6763.505213,3
2026-10-01T00:30:00+00:00,0,6771.930094,20.59043823,6792.520533,4
2026-10-01T00:45:00+00:00,1353.84489,5396.640762,8.947544365,6759.433196,3
2026-10-01T01:00:00+00:00,1353.84489,5396.640762,32.87068911,6783.356341,3
2026-10-01T01:15:00+00:00,1353.84489,5396.640762,60.32170982,6810.807362,3
2026-10-01T01:30:00+00:00,1353.84489,5396.640762,35.66360732,6786.149259,3
2026-10-01T01:45:00+00:00,1353.84489,5396.640762,12.02020356,6762.505856,3
2026-10-01T02:00:00+00:00,0,6749.113023,11.35152366,6760.464547,4
2026-10-01T02:15:00+00:00,0,6749.113023,3.414196331,6752.527219,4
2026-10-01T02:30:00+00:00,0,6749.113023,39.3717028,6788.484726,4
2026-10-01T02:45:00+00:00,0,6749.113023,65.11873937,6814.231762,4
2026-10-01T03:00:00+00:00,0,6749.113023,45.56331804,6794.676341,4
2026-10-01T03:15:00+00:00,0,6749.113023,37.56847313,6786.681496,4
2026-10-01T03:30:00+00:00,0,6749.113023,98.04930748,6847.162331,4
2026-10-01T03:45:00+00:00,0,6749.113023,95.67697262,6844.789996,4
2026-10-01T04:00:00+00:00,0,6749.113023,69.6665943,6818.779617,4
2026-10-01T04:15:00+00:00,-2.273736754e-13,6754.861032,80.97542528,6835.836457,4
2026-10-01T04:30:00+00:00,-4.547473509e-13,6779.684768,53.70216604,6833.386934,4
2026-10-01T04:45:00+00:00,0,6782.100051,75.70349177,6857.803543,4
2026-10-01T05:00:00+00:00,0,6782.100051,82.06001434,6864.160066,4
2026-10-01T05:15:00+00:00,0,6782.100051,79.08974178,6861.189793,4
2026-10-01T05:30:00+00:00,0,6782.100051,92.49695255,6874.597004,4
2026-10-01T05:45:00+00:00,0,6782.100051,103.3635609,6885.463612,4
2026-10-01T06:00:00+00:00,0,6782.100051,96.52524659,6878.625298,4
2026-10-01T06:15:00+00:00,1407.071673,5429.627791,39.19979622,6875.89926,3
2026-10-01T06:30:00+00:00,1407.071673,5429.627791,18.98557549,6855.685039,3
2026-10-01T06:45:00+00:00,0,6833.336562,25.81871967,6859.155282,4
2026-10-01T07:00:00+00:00,0,6833.336562,2.347190921,6835.683753,4
2026-10-01T07:15:00+00:00,0,6833.336562,-138.057041,6695.279521,4
2026-10-01T07:30:00+00:00,0,6833.336562,-115.8553599,6717.481202,4
2026-10-01T07:45:00+00:00,0,6833.336562,-139.8688696,6693.467693,4
2026-10-01T08:00:00+00:00,-0.5350313197,6833.336562,-144.6736453,6688.127885,4
2026-10-01T08:15:00+00:00,-0.5350313197,6833.336562,-117.9940365,6714.807494,4
2026-10-01T08:30:00+00:00,1564.617086,5151.547326,-34.98949763,6681.174914,2
2026-10-01T08:45:00+00:00,4837.759019,1842.095344,-8.144780043,6671.709583,1
2026-10-01T09:00:00+00:00,4837.759019,1842.095344,-15.13082866,6664.723534,1
2026-10-01T09:15:00+00:00,366.0406816,6311.355588,-23.87829529,6653.517974,2
2026-10-01T09:30:00+00:00,366.0406816,6311.355588,-37.11265257,6640.283617,2
2026-10-01T09:45:00+00:00,366.0406816,6311.355588,-33.46982531,6643.926444,2
2026-10-01T10:00:00+00:00,366.0406816,6311.355588,-22.30398424,6655.092285,2
2026-10-01T10:15:00+00:00,366.0406816,6311.355588,-22.35112923,6655.045141,2
2026-10-01T10:30:00+00:00,366.0406816,6311.355588,-54.1115264,6623.284743,2
2026-10-01T10:45:00+00:00,0,6676.392418,-57.46845337,6618.923965,3
2026-10-01T11:00:00+00:00,0,6676.392418,-45.70069362,6630.691725,3
2026-10-01T11:15:00+00:00,0,6676.392418,-45.97647802,6630.41594,3
2026-10-01T11:30:00+00:00,0,6676.392418,-62.13701604,6614.255402,3
2026-10-01T11:45:00+00:00,0,6676.392418,-57.79281387,6618.599605,3
2026-10-01T12:00:00+00:00,0,6676.392418,-61.93040758,6614.462011,3
2026-10-01T12:15:00+00:00,0,6676.392418,-50.16975012,6626.222668,3
2026-10-01T12:30:00+00:00,0,6676.392418,-49.07840972,6627.314009,3
2026-10-01T12:45:00+00:00,0,6637.054499,-18.51749819,6618.537001,3
2026-10-01T13:00:00+00:00,0,6637.054499,-11.11702903,6625.93747,3
2026-10-01T13:15:00+00:00,0,6637.054499,-12.79462944,6624.259869,3
2026-10-01T13:30:00+00:00,1765.107196,4834.297075,-20.39703148,6579.007239,2
2026-10-01T13:45:00+00:00,4110.884206,2467.028626,-1.987813728,6575.925018,2
2026-10-01T14:00:00+00:00,4110.884206,2467.028626,18.97632792,6596.889159,2
2026-10-01T14:15:00+00:00,4110.884206,2467.028626,2.830104375,6580.742936,2
2026-10-01T14:30:00+00:00,4110.884206,2467.028626,3.225478876,6581.13831,2
2026-10-01T14:45:00+00:00,4110.884206,2467.028626,15.523447,6593.436279,2
2026-10-01T15:00:00+00:00,4480.440054,2101.991796,10.81710074,6593.24895,1
2026-10-01T15:15:00+00:00,4480.440054,2101.991796,12.92282407,6595.354674,1
2026-10-01T15:30:00+00:00,2409.079301,4172.213927,35.16397195,6616.457199,2
2026-10-01T15:45:00+00:00,2409.079301,4172.213927,17.33632137,6598.629549,2
2026-10-01T16:00:00+00:00,2409.136929,4172.213927,16.10852864,6597.459384,2
2026-10-01T16:15:00+00:00,0,6579.88722,15.36126435,6595.248484,3
2026-10-01T16:30:00+00:00,0,6579.88722,31.05092565,6610.938146,3
2026-10-01T16:45:00+00:00,0,6579.88722,58.69556791,6638.582788,3
2026-10-01T17:00:00+00:00,0,6579.88722,20.23271802,6600.119938,3
2026-10-01T17:15:00+00:00,0,6579.88722,-29.48570214,6550.401518,3
2026-10-01T17:30:00+00:00,0,6579.88722,-41.98245904,6537.904761,3
2026-10-01T17:45:00+00:00,0,6579.88722,-20.1236708,6559.763549,3
2026-10-01T18:00:00+00:00,4.547473509e-13,6583.814336,-40.38194139,6543.432395,3
2026-10-01T18:15:00+00:00,0,6583.814336,-40.92623638,6542.8881,4
2026-10-01T18:30:00+00:00,0,6583.814336,-47.72256707,6536.091769,4
2026-10-01T18:45:00+00:00,0,6583.814336,-42.93441676,6540.879919,4
2026-10-01T19:00:00+00:00,0,6583.814336,-45.16523128,6538.649105,4
2026-10-01T19:15:00+00:00,0,6583.814336,-33.28071199,6550.533624,4
2026-10-01T19:30:00+00:00,0,6583.814336,-38.30489259,6545.509443,4
2026-10-01T19:45:00+00:00,2063.275988,4513.592205,-33.52533038,6543.342863,3
2026-10-01T20:00:00+00:00,2063.275988,4513.592205,-31.79461722,6545.073576,3
2026-10-01T20:15:00+00:00,2063.275988,4513.592205,-32.02972129,6544.838472,3
2026-10-01T20:30:00+00:00,4452.589862,2105.918912,-19.80279785,6538.705976,2
2026-10-01T20:45:00+00:00,4452.589862,2105.918912,-16.01844711,6542.490327,2
2026-10-01T21:00:00+00:00,4452.589862,2105.918912,-16.49149096,6542.017283,2
2026-10-01T21:15:00+00:00,4452.589862,2105.918912,-16.01844711,6542.490327,2
2026-10-01T21:30:00+00:00,2037.338853,4519.842263,-43.01095274,6514.170163,3
2026-10-01T21:45:00+00:00,2037.338853,4519.842263,-26.77356437,6530.407552,3
2026-10-01T22:00:00+00:00,2037.338853,4519.842263,-11.00921983,6546.171896,3
2026-10-01T22:15:00+00:00,1912.15586,4631.054521,-3.256788284,6539.953593,3
2026-10-01T22:30:00+00:00,0,6541.298953,0.7264999672,6542.025453,3
2026-10-01T22:45:00+00:00,0,6541.298953,-5.104651891,6536.194301,3
2026-10-01T23:00:00+00:00,0,6541.298953,1.693098635,6542.992052,3
2026-10-01T23:15:00+00:00,0,6541.298953,-0.9279009015,6540.371052,3
2026-10-01T23:30:00+00:00,0,6541.298953,-3.030316621,6538.268637,3
2026-10-01T23:45:00+00:00,0,6541.298953,-5.26691147,6536.032042,3
2026-10-02T00:00:00+00:00,0.3433500672,6541.298953,-7.665765898,6533.976537,3
2026-10-02T00:15:00+00:00,0.3433500672,6541.298953,-8.254918683,6533.387385,3
2026-10-02T00:30:00+00:00,0.3433500672,6541.298953,-9.920002989,6531.7223,3
2026-10-02T00:45:00+00:00,0.3433500672,6541.298953,-7.958725205,6533.683578,3
2026-10-02T01:00:00+00:00,0.3433500672,6541.298953,1.756463567,6543.398767,3
2026-10-02T01:15:00+00:00,0,6541.641362,3.798282299,6545.439644,4
2026-10-02T01:30:00+00:00,0,6541.641362,10.44925344,6552.090615,4
2026-10-02T01:45:00+00:00,2232.330408,4324.510192,-21.52993317,6535.310667,3
2026-10-02T02:00:00+00:00,4629.327491,1910.586841,-19.18466335,6520.729669,2
2026-10-02T02:15:00+00:00,0,6537.085302,-26.36760745,6510.717695,3
2026-10-02T02:30:00+00:00,0,6537.085302,-24.43875082,6512.646551,3
2026-10-02T02:45:00+00:00,0,6522.199329,12.64427894,6534.843608,3
2026-10-02T03:00:00+00:00,0,6522.199329,6.267997878,6528.467327,3
2026-10-02T03:15:00+00:00,0,6522.199329,-2.341646618,6519.857683,3
2026-10-02T03:30:00+00:00,0,6522.199329,16.86091943,6539.060249,3
2026-10-02T03:45:00+00:00,0,6522.199329,24.6501974,6546.849527,3
2026-10-02T04:00:00+00:00,0,6522.199329,6.067257368,6528.266587,3
2026-10-02T04:15:00+00:00,0.3862431727,6521.856921,123.0082705,6645.251434,2
2026-10-02T04:30:00+00:00,0,6522.242105,101.6295519,6623.871657,3
2026-10-02T04:45:00+00:00,0,6522.242105,122.7052167,6644.947321,3
2026-10-02T05:00:00+00:00,0,6522.242105,95.80969257,6618.051797,3
2026-10-02T05:15:00+00:00,0,6522.242105,74.43451523,6596.67662,3
2026-10-02T05:30:00+00:00,0,6522.242105,51.26859234,6573.510697,3
