source,period,model,week_start,n_opened,long_share,short_share,btc_week_ret,model_week_ret,avg_r
ema,A,ema_trend,2021-12-27,1,1.0,0.0,-0.06830743170044717,-0.005203132700000057,-1.033843194
ema,A,ema_trend,2022-01-03,1,1.0,0.0,-0.11524467718509712,0.014213523549160945,1.9456039227732893
ema,A,ema_trend,2022-01-10,3,1.0,0.0,0.029130296607638106,0.029141302614231313,0.9721034451869478
ema,A,ema_trend,2022-01-17,0,,,-0.1581276556223734,0.0,
ema,A,ema_trend,2022-01-24,0,,,0.04516721550197755,0.0,
ema,A,ema_trend,2022-01-31,9,1.0,0.0,0.1180801291946707,-0.016639719793481667,-0.03919429375353545
ema,A,ema_trend,2022-02-07,0,,,-0.007259665196324816,0.011807749860448524,
ema,A,ema_trend,2022-02-14,3,1.0,0.0,-0.08734413446337086,-0.001304972324192688,-0.037152102650177175
ema,A,ema_trend,2022-02-21,0,,,-0.018239362325635833,0.0,
ema,A,ema_trend,2022-02-28,5,1.0,0.0,0.019262761579546428,-0.05125726894962934,-1.0272096229765577
ema,A,ema_trend,2022-03-07,4,1.0,0.0,-0.01703748246141512,-0.041260823914351374,-1.0371670756699136
ema,A,ema_trend,2022-03-14,5,1.0,0.0,0.09274697569966728,0.01980742735814922,0.7460386446161463
ema,A,ema_trend,2022-03-21,0,,,0.13471875530135957,0.016906571071306553,
ema,A,ema_trend,2022-03-28,0,,,-0.008878324032130402,0.0,
ema,A,ema_trend,2022-04-04,0,,,-0.09177437497575747,0.0,
ema,A,ema_trend,2022-04-11,2,1.0,0.0,-0.058701269120442046,-0.01869081833753239,-1.0389644250702372
ema,A,ema_trend,2022-04-18,4,1.0,0.0,-0.005517578617303176,-0.043442361144957475,-1.0460123301523834
ema,A,ema_trend,2022-04-25,2,1.0,0.0,-0.02495798936998006,-0.020373839123055903,-1.0239341521727006
ema,A,ema_trend,2022-05-02,0,,,-0.11487512217439222,0.0,
ema,A,ema_trend,2022-05-09,0,,,-0.08016058548504568,0.0,
ema,A,ema_trend,2022-05-16,0,,,-0.0326427401511451,0.0,
ema,A,ema_trend,2022-05-23,0,,,-0.02744360281862135,0.0,
ema,A,ema_trend,2022-05-30,7,1.0,0.0,0.0155054807072319,0.004212861279573987,0.23823194824359423
ema,A,ema_trend,2022-06-06,2,1.0,0.0,-0.11172006322705275,-0.0102986807255242,-1.0639894216521024
ema,A,ema_trend,2022-06-13,0,,,-0.22609176548486132,0.0,
ema,A,ema_trend,2022-06-20,7,1.0,0.0,0.022701751486308375,0.007896954910840748,-0.16920236700635508
ema,A,ema_trend,2022-06-27,0,,,-0.08187051112030064,-0.0206415400427975,
ema,A,ema_trend,2022-07-04,8,1.0,0.0,0.08003334075389446,0.02361707173735228,0.08104056447503835
ema,A,ema_trend,2022-07-11,6,1.0,0.0,-0.0029288261686543082,0.01399491718305157,1.4497649213643335
ema,A,ema_trend,2022-07-18,2,1.0,0.0,0.08579601451888164,0.06062697902520209,0.44463106740776914
ema,A,ema_trend,2022-07-25,5,1.0,0.0,0.03164918463943045,0.0516798199462849,0.7585866292377552
ema,A,ema_trend,2022-08-01,2,1.0,0.0,-0.005218906518912214,-0.013850660109286816,0.4477492525810287
ema,A,ema_trend,2022-08-08,2,1.0,0.0,0.04864032306079391,-0.011475206386326153,-1.0527230969740402
ema,A,ema_trend,2022-08-15,0,,,-0.1148002320443352,0.0,
ema,A,ema_trend,2022-08-22,0,,,-0.09097669576210532,0.0,
ema,A,ema_trend,2022-08-29,3,1.0,0.0,0.022783515696901402,0.0026504289689404104,-0.045527051861974144
ema,A,ema_trend,2022-09-05,9,1.0,0.0,0.0913285608590455,0.055960314007142964,0.9490046747475659
ema,A,ema_trend,2022-09-12,2,1.0,0.0,-0.11054258949634688,0.02032020035098525,-1.035322920417118
ema,A,ema_trend,2022-09-19,3,1.0,0.0,-0.031173232117750582,-0.02411357666278624,-0.03865300133128594
ema,A,ema_trend,2022-09-26,3,1.0,0.0,0.012981075908994333,-0.01861254587043215,-1.0518475385376522
ema,A,ema_trend,2022-10-03,5,1.0,0.0,0.02026637000031495,-0.02359103202447299,-0.46321253536459944
ema,A,ema_trend,2022-10-10,0,,,-0.009314693659219109,0.0,
ema,A,ema_trend,2022-10-17,3,1.0,0.0,0.016094448453634946,-0.0033414695777245207,-0.09794703329010061
ema,A,ema_trend,2022-10-24,9,1.0,0.0,0.05386458743159639,-0.036920605301872134,-0.40034719126899
ema,A,ema_trend,2022-10-31,2,1.0,0.0,0.013808150105451888,-0.02080920285344956,-1.0425626210640986
ema,A,ema_trend,2022-11-07,0,,,-0.21882038995136366,0.0,
ema,A,ema_trend,2022-11-14,0,,,-0.0027793592781013565,0.0,
ema,A,ema_trend,2022-11-21,5,1.0,0.0,0.00845340192641797,0.008977915663437308,0.16984036852025297
ema,A,ema_trend,2022-11-28,4,1.0,0.0,0.04129786327387852,0.04714539279863872,1.1603062533898112
ema,A,ema_trend,2022-12-05,3,1.0,0.0,-0.0010815298092999859,-0.028886528967609126,-1.056625488489425
ema,A,ema_trend,2022-12-12,3,1.0,0.0,-0.020594724613592907,-0.035393201115590966,-1.0593066813828689
ema,A,ema_trend,2022-12-19,0,,,0.00596354944726607,0.0,
ema,A,ema_trend,2022-12-26,1,1.0,0.0,-0.013062228241499607,-0.010745574188610885,-1.0745574113437677
ema,A,ema_trend,2023-01-02,7,1.0,0.0,0.030996274428374493,0.06995001635957787,1.0480819124759042
ema,A,ema_trend,2023-01-09,2,1.0,0.0,0.2185418478800225,0.014461723549902938,0.43664412831341126
ema,A,ema_trend,2023-01-16,0,,,0.08814046518312679,0.0,
ema,A,ema_trend,2023-01-23,0,,,0.04529064468835453,0.0,
ema,A,ema_trend,2023-01-30,4,1.0,0.0,-0.033948277314463815,-0.0123819932922411,-0.29970857167141507
ema,A,ema_trend,2023-02-06,3,1.0,0.0,-0.050196198116498,-0.0015634778783349956,-0.04637356204903331
ema,A,ema_trend,2023-02-13,4,1.0,0.0,0.114383030291902,-0.02450290633627472,-1.0567511405267638
ema,A,ema_trend,2023-02-20,0,,,-0.029715980474944947,-0.018391856406087204,
ema,A,ema_trend,2023-02-27,1,1.0,0.0,-0.04760752448514327,-0.010679253242932174,-1.0679253211155721
ema,A,ema_trend,2023-03-06,1,1.0,0.0,-0.01955985860557996,-0.010559040508499318,-1.055904055025462
ema,A,ema_trend,2023-03-13,11,1.0,0.0,0.2714265579748032,-0.017220940152245512,-0.22672219440010333
ema,A,ema_trend,2023-03-20,0,,,-1.787955615795145e-05,-0.009892992665334721,
ema,A,ema_trend,2023-03-27,6,1.0,0.0,0.007405844573815212,-0.021901613833074096,-0.05564486452001952
ema,A,ema_trend,2023-04-03,2,1.0,0.0,0.005466517579823638,0.009170924426262106,0.4463188789957977
ema,A,ema_trend,2023-04-10,4,1.0,0.0,0.06998287761910649,0.055764058812622475,1.1452907394817955
ema,A,ema_trend,2023-04-17,0,,,-0.08963039217627145,0.008322790294556848,
ema,A,ema_trend,2023-04-24,4,1.0,0.0,0.05996817837506763,0.0010156440483892748,-0.306549254027203
ema,A,ema_trend,2023-05-01,4,1.0,0.0,-0.02783296120139922,-0.05560008789071247,-1.0706360864792912
ema,A,ema_trend,2023-05-08,0,,,-0.05332039012517631,0.0,
ema,A,ema_trend,2023-05-15,4,1.0,0.0,-0.0062490944014504946,-0.010645306064886784,-0.3217063988082287
ema,A,ema_trend,2023-05-22,4,1.0,0.0,0.049652867349342156,0.014380884894845458,0.38624734736808264
ema,A,ema_trend,2023-05-29,4,1.0,0.0,-0.03416821604371023,-0.04148504576638812,-1.108383859964282
ema,A,ema_trend,2023-06-05,1,1.0,0.0,-0.04397322663323078,-0.020321787174478412,1.925367958751519
ema,A,ema_trend,2023-06-12,2,1.0,0.0,0.01646730262574203,0.007427290500871431,0.43464510752562047
ema,A,ema_trend,2023-06-19,6,1.0,0.0,0.1565519335129597,0.07408529438918499,0.4356608531661781
ema,A,ema_trend,2023-06-26,4,1.0,0.0,0.004744670448840749,-0.011327017762944425,0.45485386061153843
ema,A,ema_trend,2023-07-03,2,1.0,0.0,-0.01493097851467462,-0.026667687546966024,-1.0514954580894456
ema,A,ema_trend,2023-07-10,6,1.0,0.0,0.002224528158017769,0.0682071304854226,0.9229457982054465
ema,A,ema_trend,2023-07-17,2,1.0,0.0,-0.0049287481641240305,-0.018507842184079193,-1.0666713885659211
ema,A,ema_trend,2023-07-24,3,1.0,0.0,-0.026534316430532723,-0.029889051976722203,-1.1046267637709197
ema,A,ema_trend,2023-07-31,1,1.0,0.0,-0.006652187572566137,-0.00035468323645670985,-1.1080954565280994
ema,A,ema_trend,2023-08-07,4,1.0,0.0,0.007535546327108733,-0.038623691635306434,-1.107013125435159
ema,A,ema_trend,2023-08-14,0,,,-0.10644192711887535,-0.005496865269468798,
ema,A,ema_trend,2023-08-21,1,1.0,0.0,-0.0032877151716027564,-0.010254925622738442,-1.0254925608655994
ema,A,ema_trend,2023-08-28,3,1.0,0.0,-0.004995728345777883,-0.0319523179082809,-1.0687642822777128
ema,A,ema_trend,2023-09-04,2,1.0,0.0,-0.005151721668418707,-0.02147429345765739,-1.074912464724416
ema,A,ema_trend,2023-09-11,3,1.0,0.0,0.02670087970864743,-0.009370980550805541,-0.08651858632952895
ema,A,ema_trend,2023-09-18,4,1.0,0.0,-0.010799909529553675,-0.0014679304166623774,-0.3210567471559558
ema,A,ema_trend,2023-09-25,3,1.0,0.0,0.06720652401730076,0.027435137977372737,1.8812533688749975
ema,A,ema_trend,2023-10-02,1,1.0,0.0,-0.0031815633581026015,0.01075419902989605,-1.0622514669021463
ema,A,ema_trend,2023-10-09,0,,,-0.027407221664994985,-0.011514107778490268,
ema,A,ema_trend,2023-10-16,7,1.0,0.0,0.10492838174793451,0.0729803378710141,1.474773553292072
ema,A,ema_trend,2023-10-23,1,1.0,0.0,0.15082767218448123,0.03945351204331038,1.9500168619649074
ema,A,ema_trend,2023-10-30,0,,,0.014346292209033606,0.0,
ema,A,ema_trend,2023-11-06,0,,,0.05856670064734626,0.0,
ema,A,ema_trend,2023-11-13,0,,,0.008114181204124993,0.0,
ema,A,ema_trend,2023-11-20,7,1.0,0.0,0.0020951682690377726,-0.019025269990245786,-0.18953574797483022
ema,A,ema_trend,2023-11-27,4,1.0,0.0,0.06778104138851804,0.06726406048217837,1.1668514750531123
ema,A,ema_trend,2023-12-04,1,1.0,0.0,0.09502005581618667,0.0025919825238274186,1.8561231430960994
ema,A,ema_trend,2023-12-11,3,1.0,0.0,-0.05499667717941625,-0.03150737097601908,-1.0482576675788893
ema,A,ema_trend,2023-12-18,8,1.0,0.0,0.03885219635620185,-0.007195712590952974,-0.3076407407936532
ema,A,ema_trend,2023-12-25,4,1.0,0.0,-0.016048814076617512,-0.025404124384069138,-0.3239979046795815
ema,A,ema_trend,2024-01-01,4,1.0,0.0,0.03871368892398408,-0.04158780138851548,-1.0485497364678458
ema,A,ema_trend,2024-01-08,9,1.0,0.0,-0.04994628452812311,-0.033993678606904165,-0.3650478426580638
ema,A,ema_trend,2024-01-15,3,1.0,0.0,-0.003701414443422313,-0.006155169021283435,-1.0414764995155095
ema,A,ema_trend,2024-01-22,4,1.0,0.0,0.01082808521075429,-0.04549396824883911,0.4493809776614527
ema,A,ema_trend,2024-01-29,2,1.0,0.0,0.013169476123187751,0.048487677204342994,0.43666168584354326
ema,A,ema_trend,2024-02-05,5,1.0,0.0,0.1343877229973094,0.09691702256473134,1.893908914821467
ema,A,ema_trend,2024-02-12,0,,,0.0797018657195252,0.0,
ema,A,ema_trend,2024-02-19,1,1.0,0.0,-0.008085958841741125,0.019798719399202414,1.9798719421450393
ema,A,ema_trend,2024-02-26,5,1.0,0.0,0.22038084599373442,0.007302696004586329,0.1363591423520428
ema,A,ema_trend,2024-03-04,1,1.0,0.0,0.09188101188044162,-0.010272271450882275,-1.0272271490949278
ema,A,ema_trend,2024-03-11,3,1.0,0.0,-0.007821870780316154,-0.030415614451968942,-1.0243099654551082
ema,A,ema_trend,2024-03-18,3,1.0,0.0,-0.017296121528935005,0.0029102785350054727,0.9761111623279527
ema,A,ema_trend,2024-03-25,4,1.0,0.0,0.06106192320736881,-0.009318350352167437,-1.0414039002219537
ema,A,ema_trend,2024-04-01,3,1.0,0.0,-0.027581624026883578,-0.02166226690086115,-0.04646263159199374
ema,A,ema_trend,2024-04-08,3,1.0,0.0,-0.05336153292763979,0.01144192149699963,-0.04985483873116303
ema,A,ema_trend,2024-04-15,3,1.0,0.0,-0.0110186502267694,0.0021200570351829207,0.961371819150396
ema,A,ema_trend,2024-04-22,5,1.0,0.0,-0.027917441124520548,-0.021559890485325583,-1.0435429298309746
ema,A,ema_trend,2024-04-29,4,1.0,0.0,0.014019801980198032,-0.007686592365721334,0.45823448587360005
ema,A,ema_trend,2024-05-06,2,1.0,0.0,-0.03965161693485386,-0.000716826665404291,-1.0613734728466653
ema,A,ema_trend,2024-05-13,9,1.0,0.0,0.07808933838062582,0.043096826948486155,1.2785193333398102
ema,A,ema_trend,2024-05-20,2,1.0,0.0,0.033843753489396944,0.05238474226471723,0.44109210712334435
ema,A,ema_trend,2024-05-27,2,1.0,0.0,-0.010920220506136724,-0.00839748705197818,0.42267459716701217
ema,A,ema_trend,2024-06-03,5,1.0,0.0,0.02765804544696615,0.03355177482762839,0.11048215129695294
ema,A,ema_trend,2024-06-10,0,,,-0.042490652085259706,0.0,
ema,A,ema_trend,2024-06-17,2,1.0,0.0,-0.05216242439875174,-0.020869232433724294,-1.0489632392494719
ema,A,ema_trend,2024-06-24,2,1.0,0.0,-0.006866675737851158,-0.001674893102101671,-1.0395889702892456
ema,A,ema_trend,2024-07-01,0,,,-0.10992069434664442,-0.01904070285313164,
ema,A,trend,2021-12-27,1,1.0,0.0,-0.06830743170044717,0.001595998999999848,0.1595998524
ema,A,trend,2022-01-03,13,0.23076923076923078,0.7692307692307693,-0.11524467718509712,-0.01476666481771749,-0.12363457502112798
ema,A,trend,2022-01-10,4,0.5,0.5,0.029130296607638106,-0.0005556881795384383,0.022019342241668002
ema,A,trend,2022-01-17,15,0.0,1.0,-0.1581276556223734,0.01648225760357569,0.11206264566458138
ema,A,trend,2022-01-24,3,0.0,1.0,0.04516721550197755,-0.006190234456563526,-0.20609875562064284
ema,A,trend,2022-01-31,2,0.0,1.0,0.1180801291946707,0.0008043286902623681,0.04081008893287799
ema,A,trend,2022-02-07,10,0.0,1.0,-0.007259665196324816,-0.007471749775112224,-0.11611284586263329
ema,A,trend,2022-02-14,12,0.16666666666666666,0.8333333333333334,-0.08734413446337086,-0.003790269976775451,0.004957386225218773
ema,A,trend,2022-02-21,8,0.0,1.0,-0.018239362325635833,-0.017185176902385746,-0.21510715115561696
ema,A,trend,2022-02-28,8,0.0,1.0,0.019262761579546428,-0.006339514739323593,-0.06206700873003275
ema,A,trend,2022-03-07,4,0.0,1.0,-0.01703748246141512,-0.010318138262016996,-0.2916243148095415
ema,A,trend,2022-03-14,6,0.3333333333333333,0.6666666666666666,0.09274697569966728,-0.022386238043803353,-0.37514540251627543
ema,A,trend,2022-03-21,10,1.0,0.0,0.13471875530135957,-0.007521713316396839,-0.07447382624020091
ema,A,trend,2022-03-28,19,1.0,0.0,-0.008878324032130402,-0.02393716326160278,-0.12551540478307535
ema,A,trend,2022-04-04,5,1.0,0.0,-0.09177437497575747,-0.009528269563873759,-0.18945190978160567
ema,A,trend,2022-04-11,3,0.0,1.0,-0.058701269120442046,0.017125783188302712,0.5718662062203572
ema,A,trend,2022-04-18,9,0.1111111111111111,0.8888888888888888,-0.005517578617303176,-0.0015387559393765793,0.04438460254565774
ema,A,trend,2022-04-25,10,0.0,1.0,-0.02495798936998006,0.06272014058504172,0.563308301419864
ema,A,trend,2022-05-02,9,0.0,1.0,-0.11487512217439222,0.0009059555662906948,0.010371859043621355
ema,A,trend,2022-05-09,15,0.0,1.0,-0.08016058548504568,0.03642048253650132,0.2408681280679778
ema,A,trend,2022-05-16,3,0.0,1.0,-0.0326427401511451,0.0006912883656726709,0.02304066840184657
ema,A,trend,2022-05-23,4,0.0,1.0,-0.02744360281862135,0.0011379906169255438,0.03001707598013724
ema,A,trend,2022-05-30,5,0.0,1.0,0.0155054807072319,-0.008879516507778962,-0.17695973356633465
ema,A,trend,2022-06-06,9,0.0,1.0,-0.11172006322705275,0.023092237566010754,0.2578585631201766
ema,A,trend,2022-06-13,11,0.0,1.0,-0.22609176548486132,0.015614278618955701,0.1413853216831491
ema,A,trend,2022-06-20,0,,,0.022701751486308375,0.0,
ema,A,trend,2022-06-27,9,0.0,1.0,-0.08187051112030064,0.004852494358558612,0.055444794954359666
ema,A,trend,2022-07-04,3,0.0,1.0,0.08003334075389446,-0.003859415488119855,-0.18403410356606473
ema,A,trend,2022-07-11,11,0.0,1.0,-0.0029288261686543082,-0.019460281818182046,-0.16264262983359623
ema,A,trend,2022-07-18,8,0.875,0.125,0.08579601451888164,-0.02933638268144012,-0.3708361815204644
ema,A,trend,2022-07-25,16,0.8125,0.1875,0.03164918463943045,-0.030293162368140836,-0.1898407038698403
ema,A,trend,2022-08-01,11,1.0,0.0,-0.005218906518912214,-0.0215182437610576,-0.15218106602109516
ema,A,trend,2022-08-08,15,1.0,0.0,0.04864032306079391,0.006742398230141999,0.015196524653738802
ema,A,trend,2022-08-15,2,0.5,0.5,-0.1148002320443352,-0.006348395494800596,-0.3178381972651013
ema,A,trend,2022-08-22,4,0.25,0.75,-0.09097669576210532,0.020850471764306544,0.5214239192673458
ema,A,trend,2022-08-29,3,0.0,1.0,0.022783515696901402,-0.005588826322103113,-0.18633962205074273
ema,A,trend,2022-09-05,7,0.2857142857142857,0.7142857142857143,0.0913285608590455,-0.01902252453352249,-0.32584724468379944
ema,A,trend,2022-09-12,13,0.3076923076923077,0.6923076923076923,-0.11054258949634688,-0.02470229414292202,-0.14514162561314048
ema,A,trend,2022-09-19,9,0.3333333333333333,0.6666666666666666,-0.031173232117750582,-0.01806566196013648,-0.22715845027534975
ema,A,trend,2022-09-26,6,0.16666666666666666,0.8333333333333334,0.012981075908994333,-0.017238626010883662,-0.28871772687699543
ema,A,trend,2022-10-03,12,0.4166666666666667,0.5833333333333334,0.02026637000031495,-0.02888618770527185,-0.2569253369184779
ema,A,trend,2022-10-10,9,0.0,1.0,-0.009314693659219109,0.03544881650898635,0.41746104373926207
ema,A,trend,2022-10-17,8,0.0,1.0,0.016094448453634946,-0.033175183006677544,-0.41743681137163735
ema,A,trend,2022-10-24,7,1.0,0.0,0.05386458743159639,0.003911724726461507,0.05723511789835501
ema,A,trend,2022-10-31,15,0.8,0.2,0.013808150105451888,-0.012854158465202215,-0.08533214765842098
ema,A,trend,2022-11-07,8,0.0,1.0,-0.21882038995136366,0.012058951245093485,0.1717142091186396
ema,A,trend,2022-11-14,7,0.0,1.0,-0.0027793592781013565,0.014929088607667396,0.25642278912559985
ema,A,trend,2022-11-21,5,0.0,1.0,0.00845340192641797,-0.013987920035369417,-0.36928144925718653
ema,A,trend,2022-11-28,4,0.0,1.0,0.04129786327387852,-0.01958159480588806,-0.49179252709153953
ema,A,trend,2022-12-05,5,0.2,0.8,-0.0010815298092999859,-0.024355690308159872,-0.49099349904917255
ema,A,trend,2022-12-12,8,0.0,1.0,-0.020594724613592907,0.025798321654807665,0.38554837273356946
ema,A,trend,2022-12-19,6,0.0,1.0,0.00596354944726607,-0.00656760506528975,-0.10942265931729078
ema,A,trend,2022-12-26,11,0.0,1.0,-0.013062228241499607,-0.014841725596716482,-0.13474851858342798
ema,A,trend,2023-01-02,1,0.0,1.0,0.030996274428374493,-0.008495099267676332,-0.8495099257919506
ema,A,trend,2023-01-09,17,1.0,0.0,0.2185418478800225,0.08507522099060028,0.502669303393253
ema,A,trend,2023-01-16,8,1.0,0.0,0.08814046518312679,-0.010939194352742154,-0.15525212550694337
ema,A,trend,2023-01-23,11,1.0,0.0,0.04529064468835453,-0.014815232136504708,-0.18875560067709252
ema,A,trend,2023-01-30,7,1.0,0.0,-0.033948277314463815,-0.021877806732673255,-0.2378576862969968
ema,A,trend,2023-02-06,2,1.0,0.0,-0.050196198116498,0.007203591983293345,0.35970631331142483
ema,A,trend,2023-02-13,14,0.9285714285714286,0.07142857142857142,0.114383030291902,0.044019201575701494,0.35522994589204265
ema,A,trend,2023-02-20,6,0.6666666666666666,0.3333333333333333,-0.029715980474944947,-0.003861215266802609,-0.06412945209662436
ema,A,trend,2023-02-27,6,0.0,1.0,-0.04760752448514327,-0.022253004192016368,-0.37310627518912304
ema,A,trend,2023-03-06,12,0.0,1.0,-0.01955985860557996,-0.009685701480833475,-0.07926256859364174
ema,A,trend,2023-03-13,6,1.0,0.0,0.2714265579748032,-0.010910740684104359,-0.21104125383120828
ema,A,trend,2023-03-20,7,0.5714285714285714,0.42857142857142855,-1.787955615795145e-05,-0.021187740417170642,-0.2760875570267582
ema,A,trend,2023-03-27,11,0.8181818181818182,0.18181818181818182,0.007405844573815212,0.008661692311951796,0.07968884137339231
ema,A,trend,2023-04-03,7,0.8571428571428571,0.14285714285714285,0.005466517579823638,-0.01873069300045649,-0.28791098368015
ema,A,trend,2023-04-10,19,1.0,0.0,0.06998287761910649,0.04094308568749905,0.20783903050268437
ema,A,trend,2023-04-17,8,0.875,0.125,-0.08963039217627145,-0.017128683837528746,-0.19901291545356392
ema,A,trend,2023-04-24,4,1.0,0.0,0.05996817837506763,0.020617486040249045,0.5315938393071479
ema,A,trend,2023-05-01,12,0.25,0.75,-0.02783296120139922,-0.029018568235754882,-0.2448230368650414
ema,A,trend,2023-05-08,9,0.0,1.0,-0.05332039012517631,0.008104179856812,0.09394861212658329
ema,A,trend,2023-05-15,7,0.0,1.0,-0.0062490944014504946,-0.022647292505536543,-0.3379478405763825
ema,A,trend,2023-05-22,7,0.14285714285714285,0.8571428571428571,0.049652867349342156,-0.020668751353534853,-0.3734762068846439
ema,A,trend,2023-05-29,11,0.45454545454545453,0.5454545454545454,-0.03416821604371023,-0.022939843897930134,-0.2328338738587199
ema,A,trend,2023-06-05,14,0.0,1.0,-0.04397322663323078,0.07961180779467147,0.5789819473761826
ema,A,trend,2023-06-12,5,0.4,0.6,0.01646730262574203,-0.010373885366677937,-0.20748597615005657
ema,A,trend,2023-06-19,5,0.6,0.4,0.1565519335129597,-0.015302652103076242,-0.3073007467217057
ema,A,trend,2023-06-26,8,0.375,0.625,0.004744670448840749,-0.011856019586474531,-0.14822744350317021
ema,A,trend,2023-07-03,12,0.5833333333333334,0.4166666666666667,-0.01493097851467462,-0.03705406624774776,-0.31274217948633576
ema,A,trend,2023-07-10,10,1.0,0.0,0.002224528158017769,0.0260464450703195,0.5175822331016485
ema,A,trend,2023-07-17,8,0.875,0.125,-0.0049287481641240305,-0.005743544787115029,-0.07034676937766385
ema,A,trend,2023-07-24,7,0.5714285714285714,0.42857142857142855,-0.026534316430532723,-0.0034288130439981135,-0.06017822968665391
ema,A,trend,2023-07-31,7,0.0,1.0,-0.006652187572566137,-0.034360378526197444,-0.5123871154781108
ema,A,trend,2023-08-07,9,0.5555555555555556,0.4444444444444444,0.007535546327108733,-0.010477483406546306,-0.1161840120144188
ema,A,trend,2023-08-14,9,0.0,1.0,-0.10644192711887535,-0.00029074632549419555,-0.0013792390882664078
ema,A,trend,2023-08-21,6,0.0,1.0,-0.0032877151716027564,-0.013974062063246584,-0.2327946924603473
ema,A,trend,2023-08-28,8,0.0,1.0,-0.004995728345777883,-0.023132371029704002,-0.29123827054554086
ema,A,trend,2023-09-04,3,0.0,1.0,-0.005151721668418707,0.0007140908835392423,0.03914255842573403
ema,A,trend,2023-09-11,8,0.0,1.0,0.02670087970864743,-0.0021396139535356795,0.026065620827656653
ema,A,trend,2023-09-18,4,0.0,1.0,-0.010799909529553675,0.0038553623913213375,0.0688616893467854
ema,A,trend,2023-09-25,8,0.625,0.375,0.06720652401730076,-0.020995367204382553,-0.22610907981299364
ema,A,trend,2023-10-02,6,0.5,0.5,-0.0031815633581026015,-0.003557691771113758,-0.05867113882999805
ema,A,trend,2023-10-09,7,0.14285714285714285,0.8571428571428571,-0.027407221664994985,0.002694931511402432,0.03670886018202829
ema,A,trend,2023-10-16,13,0.6923076923076923,0.3076923076923077,0.10492838174793451,0.11438082564316887,0.8479919394912481
ema,A,trend,2023-10-23,15,1.0,0.0,0.15082767218448123,0.01626735329184692,0.11341866701526725
ema,A,trend,2023-10-30,23,1.0,0.0,0.014346292209033606,0.0068095077850229835,0.031861962706935316
ema,A,trend,2023-11-06,30,1.0,0.0,0.05856670064734626,0.008631362920421548,0.022878152275380627
ema,A,trend,2023-11-13,9,1.0,0.0,0.008114181204124993,-0.017033953833504256,-0.1128825264513156
ema,A,trend,2023-11-20,14,1.0,0.0,0.0020951682690377726,-0.03393290081400224,-0.28629815367341144
ema,A,trend,2023-11-27,15,0.9333333333333333,0.06666666666666667,0.06778104138851804,-0.005754027175731369,-0.015990608511963537
ema,A,trend,2023-12-04,24,1.0,0.0,0.09502005581618667,0.07110682768030108,0.27904984338523997
ema,A,trend,2023-12-11,6,1.0,0.0,-0.05499667717941625,-0.001572168250357997,0.023233540767525786
ema,A,trend,2023-12-18,19,1.0,0.0,0.03885219635620185,0.01279407249549469,0.06894098963403639
ema,A,trend,2023-12-25,8,1.0,0.0,-0.016048814076617512,0.05907522774316187,0.7263603855323751
ema,A,trend,2024-01-01,4,1.0,0.0,0.03871368892398408,0.028287973844297376,0.7072235184627751
ema,A,trend,2024-01-08,15,0.8666666666666667,0.13333333333333333,-0.04994628452812311,-0.010279171427751366,-0.06741035446080489
ema,A,trend,2024-01-15,9,0.3333333333333333,0.6666666666666666,-0.003701414443422313,-0.022688774230032127,-0.2543778597574828
ema,A,trend,2024-01-22,10,0.4,0.6,0.01082808521075429,-0.011206688203888149,-0.11147233907531835
ema,A,trend,2024-01-29,8,0.625,0.375,0.013169476123187751,0.018132942270132624,0.22657502145032027
ema,A,trend,2024-02-05,19,0.8947368421052632,0.10526315789473684,0.1343877229973094,0.02624953271879682,0.12739460468231756
ema,A,trend,2024-02-12,15,1.0,0.0,0.0797018657195252,0.021390750844699324,0.1422947331874316
ema,A,trend,2024-02-19,10,1.0,0.0,-0.008085958841741125,0.008232828729321184,0.014876755410339369
ema,A,trend,2024-02-26,24,1.0,0.0,0.22038084599373442,0.028366957637666612,0.1685854643868684
ema,A,trend,2024-03-04,19,1.0,0.0,0.09188101188044162,0.006828525806774621,0.037912875497783466
ema,A,trend,2024-03-11,23,1.0,0.0,-0.007821870780316154,-0.026903108206611237,-0.07973809257230248
ema,A,trend,2024-03-18,7,1.0,0.0,-0.017296121528935005,-0.015152878346284315,-0.21716602854042458
ema,A,trend,2024-03-25,16,0.9375,0.0625,0.06106192320736881,0.023591997387443886,0.10928769334785897
ema,A,trend,2024-04-01,9,0.3333333333333333,0.6666666666666666,-0.027581624026883578,-0.01452957232615304,-0.09190776372921339
ema,A,trend,2024-04-08,12,0.4166666666666667,0.5833333333333334,-0.05336153292763979,0.027817316629670685,0.2393188525706487
ema,A,trend,2024-04-15,5,0.2,0.8,-0.0110186502267694,-0.016251004081907605,-0.3257305992219891
ema,A,trend,2024-04-22,10,0.3,0.7,-0.027917441124520548,-0.00037881967385455795,-0.0033661218171394227
ema,A,trend,2024-04-29,15,0.2,0.8,0.014019801980198032,-0.025195816720285702,-0.1689227222098042
ema,A,trend,2024-05-06,11,0.0,1.0,-0.03965161693485386,-0.02777058856783743,-0.254565669259555
ema,A,trend,2024-05-13,13,0.38461538461538464,0.6153846153846154,0.07808933838062582,-0.04369852017833009,-0.35020413690049856
ema,A,trend,2024-05-20,9,1.0,0.0,0.033843753489396944,-0.024126898252840978,-0.25465437387013606
ema,A,trend,2024-05-27,9,0.6666666666666666,0.3333333333333333,-0.010920220506136724,-0.03531589062108975,-0.5308469111161959
ema,A,trend,2024-06-03,13,0.7692307692307693,0.23076923076923078,0.02765804544696615,0.006438041641895875,0.07500755812226331
ema,A,trend,2024-06-10,6,0.0,1.0,-0.042490652085259706,-0.01486638407063412,-0.23279055527929007
ema,A,trend,2024-06-17,13,0.07692307692307693,0.9230769230769231,-0.05216242439875174,-0.010604215865259281,-0.08191763448340691
ema,A,trend,2024-06-24,10,0.0,1.0,-0.006866675737851158,0.016303869677963156,0.16490937848425716
ema,A,random_ctrl,2021-12-27,4,0.5,0.5,-0.06830743170044717,0.001264755999999867,-1.0485305320433527
ema,A,random_ctrl,2022-01-03,7,0.8571428571428571,0.14285714285714285,-0.11524467718509712,0.000985527548120313,-1.0245759501455214
ema,A,random_ctrl,2022-01-10,2,0.5,0.5,0.029130296607638106,-0.007661199279984987,-1.0356743950334986
ema,A,random_ctrl,2022-01-17,6,0.8333333333333334,0.16666666666666666,-0.1581276556223734,-0.012235439736709819,-1.023177749396517
ema,A,random_ctrl,2022-01-24,0,,,0.04516721550197755,-0.016410199068660813,
ema,A,random_ctrl,2022-01-31,1,1.0,0.0,0.1180801291946707,-0.022315831600752123,-1.0217687237877322
ema,A,random_ctrl,2022-02-07,0,,,-0.007259665196324816,-0.01268194797126021,
ema,A,random_ctrl,2022-02-14,1,1.0,0.0,-0.08734413446337086,-0.00508205883001156,-1.0207371546187256
ema,A,random_ctrl,2022-02-21,5,0.6,0.4,-0.018239362325635833,-0.01795403013363539,-1.02485209938309
ema,A,random_ctrl,2022-02-28,0,,,0.019262761579546428,0.004851071848608557,
ema,A,random_ctrl,2022-03-07,0,,,-0.01703748246141512,0.0039729557706127405,
ema,A,random_ctrl,2022-03-14,0,,,0.09274697569966728,-0.025866935308773487,
ema,A,random_ctrl,2022-03-21,2,0.0,1.0,0.13471875530135957,-0.004057557388342237,-1.0611625455694593
ema,A,random_ctrl,2022-03-28,3,0.3333333333333333,0.6666666666666666,-0.008878324032130402,-0.014788833898879417,-1.0781179300229506
ema,A,random_ctrl,2022-04-04,3,0.0,1.0,-0.09177437497575747,0.010934216628412985,-1.0741071297157438
ema,A,random_ctrl,2022-04-11,0,,,-0.058701269120442046,0.014022971919122051,
ema,A,random_ctrl,2022-04-18,0,,,-0.005517578617303176,0.010234776615048347,
ema,A,random_ctrl,2022-04-25,1,1.0,0.0,-0.02495798936998006,0.02699229478007359,-1.0232607398034754
ema,A,random_ctrl,2022-05-02,0,,,-0.11487512217439222,0.0006043944446678662,
ema,A,random_ctrl,2022-05-09,5,1.0,0.0,-0.08016058548504568,0.03897196033438144,-1.011079658932027
ema,A,random_ctrl,2022-05-16,0,,,-0.0326427401511451,0.011700636767170591,
ema,A,random_ctrl,2022-05-23,0,,,-0.02744360281862135,0.01239622003413099,
ema,A,random_ctrl,2022-05-30,0,,,0.0155054807072319,-0.01565784246377111,
ema,A,random_ctrl,2022-06-06,2,1.0,0.0,-0.11172006322705275,0.004527395559815517,-1.0144652171685447
ema,A,random_ctrl,2022-06-13,2,1.0,0.0,-0.22609176548486132,-0.0035653950917374777,-1.0136396016779052
ema,A,random_ctrl,2022-06-20,0,,,0.022701751486308375,-0.0030488649966791126,
ema,A,random_ctrl,2022-06-27,0,,,-0.08187051112030064,-0.0006060076671462467,
ema,A,random_ctrl,2022-07-04,0,,,0.08003334075389446,0.004724393458012122,
ema,A,random_ctrl,2022-07-11,0,,,-0.0029288261686543082,0.00020726032221562996,
ema,A,random_ctrl,2022-07-18,0,,,0.08579601451888164,-0.004189618365659564,
ema,A,random_ctrl,2022-07-25,0,,,0.03164918463943045,0.004365203819048702,
ema,A,random_ctrl,2022-08-01,0,,,-0.005218906518912214,-0.008054433501710756,
ema,A,random_ctrl,2022-08-08,0,,,0.04864032306079391,-0.0004934852885883911,
ema,A,random_ctrl,2022-08-15,0,,,-0.1148002320443352,0.007602587517250736,
ema,A,random_ctrl,2022-08-22,0,,,-0.09097669576210532,-0.0005360199614102834,
ema,A,random_ctrl,2022-08-29,0,,,0.022783515696901402,-0.010132556670612414,
ema,A,random_ctrl,2022-09-05,0,,,0.0913285608590455,0.008587520982195285,
ema,A,random_ctrl,2022-09-12,0,,,-0.11054258949634688,0.0014082690610515147,
ema,A,random_ctrl,2022-09-19,0,,,-0.031173232117750582,-0.003989414580549466,
ema,A,random_ctrl,2022-09-26,0,,,0.012981075908994333,0.006580233993261686,
ema,A,random_ctrl,2022-10-03,0,,,0.02026637000031495,0.0017738559771740547,
ema,A,random_ctrl,2022-10-10,0,,,-0.009314693659219109,0.009322302315037057,
ema,A,random_ctrl,2022-10-17,0,,,0.016094448453634946,0.0023726083506454554,
ema,A,random_ctrl,2022-10-24,0,,,0.05386458743159639,-0.003236171271394306,
ema,A,random_ctrl,2022-10-31,0,,,0.013808150105451888,0.002678659198742439,
ema,A,random_ctrl,2022-11-07,3,1.0,0.0,-0.21882038995136366,-0.020981958972083103,-1.011984474199921
ema,A,random_ctrl,2022-11-14,0,,,-0.0027793592781013565,0.00019168803085722885,
ema,A,random_ctrl,2022-11-21,0,,,0.00845340192641797,0.00020518399182867242,
ema,A,random_ctrl,2022-11-28,0,,,0.04129786327387852,-0.0006014887765509735,
ema,A,random_ctrl,2022-12-05,0,,,-0.0010815298092999859,1.734881469372951e-05,
ema,A,random_ctrl,2022-12-12,1,1.0,0.0,-0.020594724613592907,0.00045354276536380134,-1.0273406176359772
ema,A,random_ctrl,2022-12-19,2,1.0,0.0,0.00596354944726607,-0.0049624517466202445,-1.0464290952510458
ema,A,random_ctrl,2022-12-26,1,1.0,0.0,-0.013062228241499607,0.0012105673915856485,-1.044164197706086
ema,A,random_ctrl,2023-01-02,0,,,0.030996274428374493,-0.009895149557863858,
ema,A,random_ctrl,2023-01-09,0,,,0.2185418478800225,-0.009784974506434119,
ema,A,random_ctrl,2023-01-16,0,,,0.08814046518312679,-0.00223853321560763,
ema,A,random_ctrl,2023-01-23,0,,,0.04529064468835453,-0.007272592055556415,
ema,A,random_ctrl,2023-01-30,0,,,-0.033948277314463815,0.0006513548615427744,
ema,A,random_ctrl,2023-02-06,0,,,-0.050196198116498,0.006575378022082523,
ema,A,random_ctrl,2023-02-13,0,,,0.114383030291902,-0.004228983206390868,
ema,A,random_ctrl,2023-02-20,0,,,-0.029715980474944947,0.005941010942357439,
ema,A,random_ctrl,2023-02-27,0,,,-0.04760752448514327,0.006864438219818192,
ema,A,random_ctrl,2023-03-06,0,,,-0.01955985860557996,-6.779803880041513e-05,
ema,A,random_ctrl,2023-03-13,0,,,0.2714265579748032,0.005454172924060252,
ema,A,random_ctrl,2023-03-20,0,,,-1.787955615795145e-05,-0.0012137468703400378,
ema,A,random_ctrl,2023-03-27,0,,,0.007405844573815212,-0.004490307513110414,
ema,A,random_ctrl,2023-04-03,0,,,0.005466517579823638,-0.0016445966656090105,
ema,A,random_ctrl,2023-04-10,0,,,0.06998287761910649,-0.010918936656197586,
ema,A,random_ctrl,2023-04-17,0,,,-0.08963039217627145,0.010919682479493265,
ema,A,random_ctrl,2023-04-24,0,,,0.05996817837506763,0.0009320222032882519,
ema,A,random_ctrl,2023-05-01,0,,,-0.02783296120139922,0.0031088776058578738,
ema,A,random_ctrl,2023-05-08,0,,,-0.05332039012517631,0.00018785624279726854,
ema,A,random_ctrl,2023-05-15,0,,,-0.0062490944014504946,0.0025604985688552073,
ema,A,random_ctrl,2023-05-22,0,,,0.049652867349342156,-0.0025567769516805505,
ema,A,random_ctrl,2023-05-29,0,,,-0.03416821604371023,-0.0005741765477924599,
ema,A,random_ctrl,2023-06-05,0,,,-0.04397322663323078,0.021708596375415334,
ema,A,random_ctrl,2023-06-12,0,,,0.01646730262574203,0.0025623959185783196,
ema,A,random_ctrl,2023-06-19,0,,,0.1565519335129597,0.021189867130008144,
ema,A,random_ctrl,2023-06-26,0,,,0.004744670448840749,0.009506001851469215,
ema,A,random_ctrl,2023-07-03,0,,,-0.01493097851467462,-0.00897380571626516,
ema,A,random_ctrl,2023-07-10,0,,,0.002224528158017769,0.004390887098253415,
ema,A,random_ctrl,2023-07-17,0,,,-0.0049287481641240305,0.029629340117031555,
ema,A,random_ctrl,2023-07-24,0,,,-0.026534316430532723,-0.007787401400227378,
ema,A,random_ctrl,2023-07-31,0,,,-0.006652187572566137,-0.0057443099420051436,
ema,A,random_ctrl,2023-08-07,0,,,0.007535546327108733,0.007202089397672529,
ema,A,random_ctrl,2023-08-14,0,,,-0.10644192711887535,-0.024996734140193988,
ema,A,random_ctrl,2023-08-21,0,,,-0.0032877151716027564,-0.0022993255139129865,
ema,A,random_ctrl,2023-08-28,0,,,-0.004995728345777883,0.0015194536736986564,
ema,A,random_ctrl,2023-09-04,0,,,-0.005151721668418707,0.0012790901671977384,
ema,A,random_ctrl,2023-09-11,0,,,0.02670087970864743,0.004801263954769652,
ema,A,random_ctrl,2023-09-18,0,,,-0.010799909529553675,0.019522248587390933,
ema,A,random_ctrl,2023-09-25,0,,,0.06720652401730076,0.02143335366416177,
ema,A,random_ctrl,2023-10-02,0,,,-0.0031815633581026015,-0.007274642198515591,
ema,A,random_ctrl,2023-10-09,0,,,-0.027407221664994985,-0.003943104416456511,
ema,A,random_ctrl,2023-10-16,0,,,0.10492838174793451,0.06125135939283943,
ema,A,random_ctrl,2023-10-23,0,,,0.15082767218448123,0.018019703887488303,
ema,A,random_ctrl,2023-10-30,0,,,0.014346292209033606,0.015741860951497877,
ema,A,random_ctrl,2023-11-06,0,,,0.05856670064734626,0.06436705220696548,
ema,A,random_ctrl,2023-11-13,0,,,0.008114181204124993,-0.025218920589836435,
ema,A,random_ctrl,2023-11-20,0,,,0.0020951682690377726,-0.001055119201424759,
ema,A,random_ctrl,2023-11-27,0,,,0.06778104138851804,0.019526435849231083,
ema,A,random_ctrl,2023-12-04,0,,,0.09502005581618667,-0.029105688602333757,
ema,A,random_ctrl,2023-12-11,0,,,-0.05499667717941625,-0.05107630439052013,
ema,A,random_ctrl,2023-12-18,0,,,0.03885219635620185,0.017059400398713898,
ema,A,random_ctrl,2023-12-25,0,,,-0.016048814076617512,0.0037394871733160695,
ema,A,random_ctrl,2024-01-01,0,,,0.03871368892398408,-0.012941596347603168,
ema,A,random_ctrl,2024-01-08,0,,,-0.04994628452812311,0.023256034013207527,
ema,A,random_ctrl,2024-01-15,0,,,-0.003701414443422313,0.01919138350161531,
ema,A,random_ctrl,2024-01-22,0,,,0.01082808521075429,-0.018237155734734833,
ema,A,random_ctrl,2024-01-29,0,,,0.013169476123187751,0.07361261528804919,
ema,A,random_ctrl,2024-02-05,0,,,0.1343877229973094,0.03183683478095345,
ema,A,random_ctrl,2024-02-12,0,,,0.0797018657195252,-0.007137228930721662,
ema,A,random_ctrl,2024-02-19,0,,,-0.008085958841741125,-0.01891256351382964,
ema,A,random_ctrl,2024-02-26,0,,,0.22038084599373442,0.02216748916225808,
ema,A,random_ctrl,2024-03-04,0,,,0.09188101188044162,0.03026559106042037,
ema,A,random_ctrl,2024-03-11,0,,,-0.007821870780316154,-0.06675954827698971,
ema,A,random_ctrl,2024-03-18,0,,,-0.017296121528935005,0.0039541431184919595,
ema,A,random_ctrl,2024-03-25,0,,,0.06106192320736881,0.018678805204199955,
ema,A,random_ctrl,2024-04-01,0,,,-0.027581624026883578,-0.011917493963980785,
ema,A,random_ctrl,2024-04-08,0,,,-0.05336153292763979,-0.04484456585553087,
ema,A,random_ctrl,2024-04-15,0,,,-0.0110186502267694,0.014252851577358783,
ema,A,random_ctrl,2024-04-22,0,,,-0.027917441124520548,-0.017796013422797796,
ema,A,random_ctrl,2024-04-29,0,,,0.014019801980198032,0.008462716664081604,
ema,A,random_ctrl,2024-05-06,0,,,-0.03965161693485386,-0.011029750993800658,
ema,A,random_ctrl,2024-05-13,0,,,0.07808933838062582,0.05780043031512294,
ema,A,random_ctrl,2024-05-20,0,,,0.033843753489396944,0.011644183559395005,
ema,A,random_ctrl,2024-05-27,0,,,-0.010920220506136724,0.023062920771656836,
ema,A,random_ctrl,2024-06-03,0,,,0.02765804544696615,-0.02728199868464265,
ema,A,random_ctrl,2024-06-10,0,,,-0.042490652085259706,-0.01910352662908421,
ema,A,random_ctrl,2024-06-17,0,,,-0.05216242439875174,-0.0299217027038986,
ema,A,random_ctrl,2024-06-24,0,,,-0.006866675737851158,0.013538577502798299,
ema,A,random_ctrl,2024-07-01,0,,,-0.10992069434664442,-0.03473866545356885,
ema,A,random_ctrl,2024-07-08,0,,,0.08805604428844771,0.014703911243434176,
ema,A,random_ctrl,2024-07-15,0,,,0.12140852577241557,0.026414168961828244,
ema,A,random_ctrl,2024-07-22,0,,,0.001010705557560554,-0.016902804427966767,
ema,A,random_ctrl,2024-07-29,0,,,-0.14755616647933523,-0.043081687979575456,
ema,A,random_ctrl,2024-08-05,0,,,0.009587416193914233,-0.013706908054561318,
ema,A,random_ctrl,2024-08-12,0,,,-0.004970397274199345,-0.00020802326290980666,
ema,A,random_ctrl,2024-08-19,0,,,0.099018067691381,0.03374023942391835,
ema,A,random_ctrl,2024-08-26,0,,,-0.1079256329606676,-0.028773672904315317,
ema,A,random_ctrl,2024-09-02,0,,,-0.042085291181132134,-0.007004218985079413,
ema,A,random_ctrl,2024-09-09,0,,,0.07744758079945768,0.014532908227074648,
ema,A,random_ctrl,2024-09-16,0,,,0.07541180449856255,0.006077736380234233,
ema,A,random_ctrl,2024-09-23,0,,,0.03168939330797249,0.020453758044177928,
ema,A,random_ctrl,2024-09-30,0,,,-0.04235551992098063,-0.0184906230475802,
ema,A,random_ctrl,2024-10-07,0,,,0.000834056235127445,-0.011883420919714838,
ema,A,random_ctrl,2024-10-14,0,,,0.09816167524678798,0.030812141952758942,
ema,A,random_ctrl,2024-10-21,0,,,-0.014799399276757108,-0.01329616422879032,
ema,A,random_ctrl,2024-10-28,0,,,0.01100572997668614,0.00011896111075482274,
ema,A,random_ctrl,2024-11-04,0,,,0.16869762958202528,0.036622098066021236,
ema,A,random_ctrl,2024-11-11,0,,,0.11794813098878576,-0.016917044419211935,
ema,A,random_ctrl,2024-11-18,0,,,0.0895726685955931,0.035335170713315156,
ema,A,random_ctrl,2024-11-25,0,,,-0.007267973322166554,-0.0033082598008931097,
ema,A,random_ctrl,2024-12-02,0,,,0.0406132262797152,0.11121521366112375,
dc,A,dc_short,2021-12-27,5,0.0,1.0,-0.06830743170044717,-0.00573458019999995,2.4558029541996187
dc,A,dc_short,2022-01-03,0,,,-0.11524467718509712,0.12209270259486504,
dc,A,dc_short,2022-01-10,5,0.0,1.0,0.029130296607638106,-0.05280943486145773,0.15379257771929203
dc,A,dc_short,2022-01-17,2,0.0,1.0,-0.1581276556223734,0.14077437189286668,3.5054396521389175
dc,A,dc_short,2022-01-24,3,0.0,1.0,0.04516721550197755,0.0023044477359841498,-1.0180591114657271
dc,A,dc_short,2022-01-31,2,0.0,1.0,0.1180801291946707,-0.0365546009551031,0.027508113440849025
dc,A,dc_short,2022-02-07,6,0.0,1.0,-0.007259665196324816,0.04154906635004019,1.6172867602154801
dc,A,dc_short,2022-02-14,1,0.0,1.0,-0.08734413446337086,0.06334206502159256,5.647381067434375
dc,A,dc_short,2022-02-21,9,0.0,1.0,-0.018239362325635833,0.09359217452269486,-0.1704357542044873
dc,A,dc_short,2022-02-28,4,0.0,1.0,0.019262761579546428,0.024796480660431053,-1.0589304297016535
dc,A,dc_short,2022-03-07,0,,,-0.01703748246141512,0.025459970372376795,
dc,A,dc_short,2022-03-14,0,,,0.09274697569966728,-0.09846185683036646,
dc,A,dc_short,2022-03-21,0,,,0.13471875530135957,-0.05515059106143283,
dc,A,dc_short,2022-03-28,0,,,-0.008878324032130402,0.0,
dc,A,dc_short,2022-04-04,0,,,-0.09177437497575747,0.0,
dc,A,dc_short,2022-04-11,1,0.0,1.0,-0.058701269120442046,0.004213318087896489,0.7838634458741359
dc,A,dc_short,2022-04-18,8,0.0,1.0,-0.005517578617303176,0.018936281818002998,0.5466673492969775
dc,A,dc_short,2022-04-25,5,0.0,1.0,-0.02495798936998006,0.06396805671214123,0.7491966443551635
dc,A,dc_short,2022-05-02,7,0.0,1.0,-0.11487512217439222,0.04150850651811999,0.5886797976504072
dc,A,dc_short,2022-05-09,1,0.0,1.0,-0.08016058548504568,0.0068040972984133585,0.6804097092977205
dc,A,dc_short,2022-05-16,0,,,-0.0326427401511451,0.0,
dc,A,dc_short,2022-05-23,1,0.0,1.0,-0.02744360281862135,0.00025121540768324735,0.7613339353325134
dc,A,dc_short,2022-05-30,2,0.0,1.0,0.0155054807072319,-0.008696362161408233,-1.0187680645416581
dc,A,dc_short,2022-06-06,6,0.0,1.0,-0.11172006322705275,0.03594099795028227,1.3896621310787178
dc,A,dc_short,2022-06-13,2,0.0,1.0,-0.22609176548486132,0.016111113801397847,-1.016026762365032
dc,A,dc_short,2022-06-20,2,0.0,1.0,0.022701751486308375,-0.02184792982158079,-1.012620348699404
dc,A,dc_short,2022-06-27,1,0.0,1.0,-0.08187051112030064,0.03154247746502947,-1.0120738906021487
dc,A,dc_short,2022-07-04,0,,,0.08003334075389446,-0.006796895256697022,
dc,A,dc_short,2022-07-11,0,,,-0.0029288261686543082,-0.001330333621445856,
dc,A,dc_short,2022-07-18,2,0.0,1.0,0.08579601451888164,-0.07083634058934885,-1.1349004439217434
dc,A,dc_short,2022-07-25,2,0.0,1.0,0.03164918463943045,-0.04061332235855852,-1.2214070335225422
dc,A,dc_short,2022-08-01,0,,,-0.005218906518912214,-0.004054985094812502,
dc,A,dc_short,2022-08-08,0,,,0.04864032306079391,-0.014813461169788766,
dc,A,dc_short,2022-08-15,0,,,-0.1148002320443352,0.038384425086071206,
dc,A,dc_short,2022-08-22,5,0.0,1.0,-0.09097669576210532,0.012581562050073769,0.022106375638392583
dc,A,dc_short,2022-08-29,6,0.0,1.0,0.022783515696901402,-0.058987610208295904,-0.7588739696238561
dc,A,dc_short,2022-09-05,4,0.0,1.0,0.0913285608590455,-0.03953470330492004,-0.6266825722259433
dc,A,dc_short,2022-09-12,2,0.0,1.0,-0.11054258949634688,0.12373104569432969,2.7058133674938922
dc,A,dc_short,2022-09-19,5,0.0,1.0,-0.031173232117750582,-0.006593578371250519,-0.3955032251865373
dc,A,dc_short,2022-09-26,5,0.0,1.0,0.012981075908994333,-0.055591145546407095,-0.7389782904793677
dc,A,dc_short,2022-10-03,3,0.0,1.0,0.02026637000031495,-0.0359744478060251,2.9122157748366675
dc,A,dc_short,2022-10-10,3,0.0,1.0,-0.009314693659219109,0.1204460046846012,-0.07130952080508195
dc,A,dc_short,2022-10-17,4,0.0,1.0,0.016094448453634946,-0.018673616278934047,-1.0815079122562044
dc,A,dc_short,2022-10-24,2,0.0,1.0,0.05386458743159639,-0.04666636423534787,-1.025013907260544
dc,A,dc_short,2022-10-31,3,0.0,1.0,0.013808150105451888,-0.040471402391049294,-1.1446864637961733
dc,A,dc_short,2022-11-07,1,0.0,1.0,-0.21882038995136366,0.028881973218328527,2.8881973046295593
dc,A,dc_short,2022-11-14,1,0.0,1.0,-0.0027793592781013565,0.0012070447840260012,0.870181171069783
dc,A,dc_short,2022-11-21,3,0.0,1.0,0.00845340192641797,-0.016786731652766118,-1.0337774857057191
dc,A,dc_short,2022-11-28,2,0.0,1.0,0.04129786327387852,-0.026434444825584436,-0.2041539102318332
dc,A,dc_short,2022-12-05,3,0.0,1.0,-0.0010815298092999859,-0.014399860305893908,-1.0808540151205612
dc,A,dc_short,2022-12-12,5,0.0,1.0,-0.020594724613592907,0.06284929317170751,1.9217877919639879
dc,A,dc_short,2022-12-19,2,0.0,1.0,0.00596354944726607,0.014216648166891499,-1.1143365447065783
dc,A,dc_short,2022-12-26,0,,,-0.013062228241499607,0.021122865947811098,
dc,A,dc_short,2023-01-02,4,0.0,1.0,0.030996274428374493,-0.04861749537197857,-1.039009656371527
dc,A,dc_short,2023-01-09,0,,,0.2185418478800225,-0.021629814370203948,
dc,A,dc_short,2023-01-16,0,,,0.08814046518312679,0.0,
dc,A,dc_short,2023-01-23,0,,,0.04529064468835453,0.0,
dc,A,dc_short,2023-01-30,0,,,-0.033948277314463815,0.0,
dc,A,dc_short,2023-02-06,0,,,-0.050196198116498,0.0,
dc,A,dc_short,2023-02-13,3,0.0,1.0,0.114383030291902,-0.018825473784350732,-1.2242301506712512
dc,A,dc_short,2023-02-20,0,,,-0.029715980474944947,-0.01789957711635004,
dc,A,dc_short,2023-02-27,3,0.0,1.0,-0.04760752448514327,0.03032272832355365,0.360107476602093
dc,A,dc_short,2023-03-06,1,0.0,1.0,-0.01955985860557996,0.037507659423346995,5.783387315651691
dc,A,dc_short,2023-03-13,7,0.0,1.0,0.2714265579748032,-0.07279491191841114,-1.049298601241928
dc,A,dc_short,2023-03-20,10,0.0,1.0,-1.787955615795145e-05,-0.08571583842971675,-1.1736961684137492
dc,A,dc_short,2023-03-27,4,0.0,1.0,0.007405844573815212,-0.037797211780243645,-1.1607186854321552
dc,A,dc_short,2023-04-03,2,0.0,1.0,0.005466517579823638,-0.027599387162780986,-1.2158036574501503
dc,A,dc_short,2023-04-10,1,0.0,1.0,0.06998287761910649,-0.03914957368410166,-2.1543191609218875
dc,A,dc_short,2023-04-17,0,,,-0.08963039217627145,0.0,
dc,A,dc_short,2023-04-24,6,0.0,1.0,0.05996817837506763,0.018680288395148015,1.3782441169772544
dc,A,dc_short,2023-05-01,0,,,-0.02783296120139922,0.044898324316559934,
dc,A,dc_short,2023-05-08,4,0.0,1.0,-0.05332039012517631,0.01562737785666579,0.4136814163057788
dc,A,dc_short,2023-05-15,1,0.0,1.0,-0.0062490944014504946,0.03453291236155609,-1.1048261101181462
dc,A,dc_short,2023-05-22,4,0.0,1.0,0.049652867349342156,-0.03325194986119506,0.2107531954349393
dc,A,dc_short,2023-05-29,4,0.0,1.0,-0.03416821604371023,0.0008728002545281832,0.5053673152355096
dc,A,dc_short,2023-06-05,6,0.0,1.0,-0.04397322663323078,0.1152065168091092,2.1129844482641844
dc,A,dc_short,2023-06-12,2,0.0,1.0,0.01646730262574203,0.01354802551460299,-0.2023484590236605
dc,A,dc_short,2023-06-19,1,0.0,1.0,0.1565519335129597,-0.020255246570852425,-1.032490284557458
dc,A,dc_short,2023-06-26,9,0.0,1.0,0.004744670448840749,-0.08964329024265905,-1.0696235777468068
dc,A,dc_short,2023-07-03,3,0.0,1.0,-0.01493097851467462,0.023826653447470703,-1.2769558622217323
dc,A,dc_short,2023-07-10,0,,,0.002224528158017769,-0.06623291436153989,
dc,A,dc_short,2023-07-17,0,,,-0.0049287481641240305,-0.00019137216358078302,
dc,A,dc_short,2023-07-24,7,0.0,1.0,-0.026534316430532723,-0.029898853877250442,-0.9007287341554313
dc,A,dc_short,2023-07-31,2,0.0,1.0,-0.006652187572566137,0.03690396424994047,2.651363568476581
dc,A,dc_short,2023-08-07,3,0.0,1.0,0.007535546327108733,0.04404045178275395,1.7813713937257625
dc,A,dc_short,2023-08-14,4,0.0,1.0,-0.10644192711887535,0.03940692035190341,-0.0756772342574501
dc,A,dc_short,2023-08-21,4,0.0,1.0,-0.0032877151716027564,0.008405184258960752,0.372588344345044
dc,A,dc_short,2023-08-28,2,0.0,1.0,-0.004995728345777883,0.017343581870970404,-1.029667386480246
dc,A,dc_short,2023-09-04,1,0.0,1.0,-0.005151721668418707,0.011321426091414732,-1.0582269720321122
dc,A,dc_short,2023-09-11,0,,,0.02670087970864743,0.0033679290028387765,
dc,A,dc_short,2023-09-18,1,0.0,1.0,-0.010799909529553675,0.007351045360415531,-1.122371171510964
dc,A,dc_short,2023-09-25,0,,,0.06720652401730076,-0.05301414439568242,
dc,A,dc_short,2023-10-02,2,0.0,1.0,-0.0031815633581026015,0.017107537403349804,1.9788145064953115
dc,A,dc_short,2023-10-09,1,0.0,1.0,-0.027407221664994985,0.060521324006010735,-1.0750265008669517
dc,A,dc_short,2023-10-16,5,0.0,1.0,0.10492838174793451,-0.04331783034346226,-0.2829031243223107
dc,A,dc_short,2023-10-23,0,,,0.15082767218448123,-0.03969137184797644,
dc,A,dc_short,2023-10-30,0,,,0.014346292209033606,0.0,
dc,A,dc_short,2023-11-06,0,,,0.05856670064734626,0.0,
dc,A,dc_short,2023-11-13,0,,,0.008114181204124993,0.0,
dc,A,dc_short,2023-11-20,0,,,0.0020951682690377726,0.0,
dc,A,dc_short,2023-11-27,1,0.0,1.0,0.06778104138851804,0.00010718526646469329,-1.107919701296388
dc,A,dc_short,2023-12-04,4,0.0,1.0,0.09502005581618667,-0.0565200073543658,-1.1664385306915293
dc,A,dc_short,2023-12-11,0,,,-0.05499667717941625,0.0,
dc,A,dc_short,2023-12-18,4,0.0,1.0,0.03885219635620185,-0.0574999423790743,-1.470975317459314
dc,A,dc_short,2023-12-25,1,0.0,1.0,-0.016048814076617512,-0.012259612800234687,-1.2259612830359645
dc,A,dc_short,2024-01-01,0,,,0.03871368892398408,0.0,
dc,A,dc_short,2024-01-08,4,0.0,1.0,-0.04994628452812311,-0.01385577259125137,-0.43765893142981144
dc,A,dc_short,2024-01-15,2,0.0,1.0,-0.003701414443422313,0.020441349411064458,1.2031262877690216
dc,A,dc_short,2024-01-22,5,0.0,1.0,0.01082808521075429,0.007366702383731161,-0.6962016409666494
dc,A,dc_short,2024-01-29,4,0.0,1.0,0.013169476123187751,-0.02866614837678616,-1.0949378279834807
dc,A,dc_short,2024-02-05,2,0.0,1.0,0.1343877229973094,-0.06604775689364106,-1.1367550249788092
dc,A,dc_short,2024-02-12,2,0.0,1.0,0.0797018657195252,-0.0362619879652758,-1.0824197448695552
dc,A,dc_short,2024-02-19,0,,,-0.008085958841741125,0.0,
dc,A,dc_short,2024-02-26,0,,,0.22038084599373442,0.0,
dc,A,dc_short,2024-03-04,3,0.0,1.0,0.09188101188044162,-0.027388582822443386,-1.162631690778942
dc,A,dc_short,2024-03-11,5,0.0,1.0,-0.007821870780316154,-0.06667741772842362,-1.2265549001362195
dc,A,dc_short,2024-03-18,1,0.0,1.0,-0.017296121528935005,-0.0013692590518746828,-1.0755542039042079
dc,A,dc_short,2024-03-25,12,0.0,1.0,0.06106192320736881,-0.11098155530449105,-0.6121530345116644
dc,A,dc_short,2024-04-01,2,0.0,1.0,-0.027581624026883578,0.05123141603203907,-1.1572694287311633
dc,A,dc_short,2024-04-08,6,0.0,1.0,-0.05336153292763979,0.1103423275089126,1.8499282050256813
dc,A,dc_short,2024-04-15,6,0.0,1.0,-0.0110186502267694,-0.020380585895723557,0.30277611097892426
dc,A,dc_short,2024-04-22,1,0.0,1.0,-0.027917441124520548,0.03512596522015654,3.7809599296249026
dc,A,dc_short,2024-04-29,1,0.0,1.0,0.014019801980198032,0.029236920467869076,-1.041367832775969
dc,A,dc_short,2024-05-06,2,0.0,1.0,-0.03965161693485386,0.021714230098991427,-1.0891941917599781
dc,A,dc_short,2024-05-13,2,0.0,1.0,0.07808933838062582,-0.03711677890667142,-1.1280370945514955
dc,A,dc_short,2024-05-20,3,0.0,1.0,0.033843753489396944,-0.07602237080222918,-1.2348283932136968
dc,A,dc_short,2024-05-27,0,,,-0.010920220506136724,0.0023796997275360443,
dc,A,dc_short,2024-06-03,4,0.0,1.0,0.02765804544696615,-0.04309369764835935,-1.152418236098216
dc,A,dc_short,2024-06-10,3,0.0,1.0,-0.042490652085259706,0.024089866815947714,0.18456839104336145
dc,A,dc_short,2024-06-17,9,0.0,1.0,-0.05216242439875174,0.030757466132112832,0.9523406874037258
dc,A,dc_short,2024-06-24,4,0.0,1.0,-0.006866675737851158,0.003518484139865663,0.01571055124375209
dc,A,dc_short,2024-07-01,0,,,-0.10992069434664442,0.02647033898289375,
dc,A,dc_coinflip,2021-12-27,5,0.6,0.4,-0.06830743170044717,-0.003718196700000065,0.21022186068090104
dc,A,dc_coinflip,2022-01-03,2,0.5,0.5,-0.11524467718509712,0.015079062620875883,0.04349110611052809
dc,A,dc_coinflip,2022-01-10,7,0.5714285714285714,0.42857142857142855,0.029130296607638106,0.021609228020681215,0.7014614259109911
dc,A,dc_coinflip,2022-01-17,0,,,-0.1581276556223734,0.02772145719022734,
dc,A,dc_coinflip,2022-01-24,5,0.6,0.4,0.04516721550197755,-0.0021567397095486607,0.22186074774597295
dc,A,dc_coinflip,2022-01-31,0,,,0.1180801291946707,0.0069102767225810435,
dc,A,dc_coinflip,2022-02-07,10,0.6,0.4,-0.007259665196324816,0.01852465412158355,0.5678010712755353
dc,A,dc_coinflip,2022-02-14,3,0.6666666666666666,0.3333333333333333,-0.08734413446337086,0.019226301738651586,0.37584357133180424
dc,A,dc_coinflip,2022-02-21,7,0.5714285714285714,0.42857142857142855,-0.018239362325635833,0.09151653987770336,0.777169500608631
dc,A,dc_coinflip,2022-02-28,5,0.4,0.6,0.019262761579546428,0.01306896686153669,-1.023382546742449
dc,A,dc_coinflip,2022-03-07,4,0.25,0.75,-0.01703748246141512,-0.006650771533713518,-0.4934958564088228
dc,A,dc_coinflip,2022-03-14,0,,,0.09274697569966728,-0.034636405702964224,
dc,A,dc_coinflip,2022-03-21,0,,,0.13471875530135957,-0.04288370922283635,
dc,A,dc_coinflip,2022-03-28,0,,,-0.008878324032130402,0.0,
dc,A,dc_coinflip,2022-04-04,0,,,-0.09177437497575747,0.0,
dc,A,dc_coinflip,2022-04-11,1,0.0,1.0,-0.058701269120442046,0.004213318419676426,0.7838634459705683
dc,A,dc_coinflip,2022-04-18,6,0.6666666666666666,0.3333333333333333,-0.005517578617303176,-0.03624347613175294,-0.7112315948580635
dc,A,dc_coinflip,2022-04-25,7,0.5714285714285714,0.42857142857142855,-0.02495798936998006,-0.015650294553274713,-0.18705828449500114
dc,A,dc_coinflip,2022-05-02,7,0.5714285714285714,0.42857142857142855,-0.11487512217439222,-0.0016575819130607572,-0.07153789648974386
dc,A,dc_coinflip,2022-05-09,2,0.5,0.5,-0.08016058548504568,-0.006711533067914499,-0.16320468465707944
dc,A,dc_coinflip,2022-05-16,0,,,-0.0326427401511451,0.0,
dc,A,dc_coinflip,2022-05-23,2,0.5,0.5,-0.02744360281862135,-0.0002951111305824483,-0.13275411338170656
dc,A,dc_coinflip,2022-05-30,3,0.6666666666666666,0.3333333333333333,0.0155054807072319,0.0034195501223670544,-0.3486612656755564
dc,A,dc_coinflip,2022-06-06,4,0.5,0.5,-0.11172006322705275,-0.04245419375310855,-0.7144170816116878
dc,A,dc_coinflip,2022-06-13,4,0.75,0.25,-0.22609176548486132,-0.020438636705878976,-0.6346585051647866
dc,A,dc_coinflip,2022-06-20,4,0.75,0.25,0.022701751486308375,0.014461783283814755,-0.23958213147633978
dc,A,dc_coinflip,2022-06-27,4,1.0,0.0,-0.08187051112030064,-0.01785464121542002,-0.5348498055117623
dc,A,dc_coinflip,2022-07-04,0,,,0.08003334075389446,0.0023919800722485007,
dc,A,dc_coinflip,2022-07-11,2,1.0,0.0,-0.0029288261686543082,-0.003364506793976818,2.1691809804055806
dc,A,dc_coinflip,2022-07-18,4,0.5,0.5,0.08579601451888164,-0.0005238173155727166,-1.288520628367592
dc,A,dc_coinflip,2022-07-25,2,0.0,1.0,0.03164918463943045,-0.054034187406769574,-1.2214070338014555
dc,A,dc_coinflip,2022-08-01,0,,,-0.005218906518912214,0.0,
dc,A,dc_coinflip,2022-08-08,0,,,0.04864032306079391,0.0,
dc,A,dc_coinflip,2022-08-15,0,,,-0.1148002320443352,0.0,
dc,A,dc_coinflip,2022-08-22,7,0.42857142857142855,0.5714285714285714,-0.09097669576210532,-0.011006823997083748,-0.0004926285893414753
dc,A,dc_coinflip,2022-08-29,10,0.5,0.5,0.022783515696901402,0.011117789478278794,-0.11386296513140468
dc,A,dc_coinflip,2022-09-05,6,0.6666666666666666,0.3333333333333333,0.0913285608590455,0.004035353715740708,0.27213296576433643
dc,A,dc_coinflip,2022-09-12,4,0.25,0.75,-0.11054258949634688,0.06305989740766882,1.3488847540146887
dc,A,dc_coinflip,2022-09-19,6,0.6666666666666666,0.3333333333333333,-0.031173232117750582,-0.0001427420252395617,-0.12513395341100397
dc,A,dc_coinflip,2022-09-26,9,0.5555555555555556,0.4444444444444444,0.012981075908994333,-0.011169893089177485,0.14963120517024386
dc,A,dc_coinflip,2022-10-03,2,1.0,0.0,0.02026637000031495,0.004686354597143616,-1.0230834935856192
dc,A,dc_coinflip,2022-10-10,3,0.3333333333333333,0.6666666666666666,-0.009314693659219109,-0.017685344508261647,-1.0896844895532973
dc,A,dc_coinflip,2022-10-17,4,0.75,0.25,0.016094448453634946,-0.031663423824462744,-0.12014132925503118
dc,A,dc_coinflip,2022-10-24,1,1.0,0.0,0.05386458743159639,0.001976330483458799,0.6958719476040289
dc,A,dc_coinflip,2022-10-31,6,0.5,0.5,0.013808150105451888,-0.016372259521270638,-0.6472238730234802
dc,A,dc_coinflip,2022-11-07,1,1.0,0.0,-0.21882038995136366,-0.03285945736113394,-1.039000320323323
dc,A,dc_coinflip,2022-11-14,2,0.5,0.5,-0.0027793592781013565,-0.004054124480315835,-0.07106973291671875
dc,A,dc_coinflip,2022-11-21,3,0.6666666666666666,0.3333333333333333,0.00845340192641797,0.015322649997014715,0.6380911050616201
dc,A,dc_coinflip,2022-11-28,3,0.3333333333333333,0.6666666666666666,0.04129786327387852,-0.0062958774236714365,-0.4570673135028988
dc,A,dc_coinflip,2022-12-05,2,0.5,0.5,-0.0010815298092999859,-0.005009558461268493,0.4939545356560131
dc,A,dc_coinflip,2022-12-12,3,0.6666666666666666,0.3333333333333333,-0.020594724613592907,0.02672334342984084,0.7589902401941951
dc,A,dc_coinflip,2022-12-19,4,0.5,0.5,0.00596354944726607,0.004168074075797001,-0.4274616556470674
dc,A,dc_coinflip,2022-12-26,1,1.0,0.0,-0.013062228241499607,0.003280951207793814,-1.0206393939347753
dc,A,dc_coinflip,2023-01-02,3,0.6666666666666666,0.3333333333333333,0.030996274428374493,-0.010782485989188628,0.9115284603377106
dc,A,dc_coinflip,2023-01-09,0,,,0.2185418478800225,0.021452193363817873,
dc,A,dc_coinflip,2023-01-16,0,,,0.08814046518312679,0.0,
dc,A,dc_coinflip,2023-01-23,0,,,0.04529064468835453,0.0,
dc,A,dc_coinflip,2023-01-30,0,,,-0.033948277314463815,0.0,
dc,A,dc_coinflip,2023-02-06,0,,,-0.050196198116498,0.0,
dc,A,dc_coinflip,2023-02-13,2,0.5,0.5,0.114383030291902,-0.009413750689105549,-1.1398620591928985
dc,A,dc_coinflip,2023-02-20,0,,,-0.029715980474944947,-0.013492401703629753,
dc,A,dc_coinflip,2023-02-27,4,0.75,0.25,-0.04760752448514327,-0.01701387296576573,-0.42568051263142676
dc,A,dc_coinflip,2023-03-06,1,1.0,0.0,-0.01955985860557996,-0.011277396836566367,-1.1277396814522038
dc,A,dc_coinflip,2023-03-13,9,0.7777777777777778,0.2222222222222222,0.2714265579748032,0.04505122651543325,0.5851649528368815
dc,A,dc_coinflip,2023-03-20,8,0.375,0.625,-1.787955615795145e-05,0.020822740060457923,-1.119205942930376
dc,A,dc_coinflip,2023-03-27,4,0.5,0.5,0.007405844573815212,-0.051136689623843434,1.2746474290566008
dc,A,dc_coinflip,2023-04-03,2,0.5,0.5,0.005466517579823638,-0.036323945893931286,-1.184805126653238
dc,A,dc_coinflip,2023-04-10,1,0.0,1.0,0.06998287761910649,0.018952502581598196,-2.1543191604127063
dc,A,dc_coinflip,2023-04-17,0,,,-0.08963039217627145,0.0,
dc,A,dc_coinflip,2023-04-24,8,0.75,0.25,0.05996817837506763,-0.041426354233289775,-0.6818124879907403
dc,A,dc_coinflip,2023-05-01,10,0.5,0.5,-0.02783296120139922,-0.021390774667685908,-0.17341583539063976
dc,A,dc_coinflip,2023-05-08,5,0.8,0.2,-0.05332039012517631,0.015918930820393085,0.19130006479258976
dc,A,dc_coinflip,2023-05-15,1,1.0,0.0,-0.0062490944014504946,-0.006524294267689523,-1.0718537268531676
dc,A,dc_coinflip,2023-05-22,7,0.42857142857142855,0.5714285714285714,0.049652867349342156,0.03358066978015484,0.4996445378115703
dc,A,dc_coinflip,2023-05-29,5,0.6,0.4,-0.03416821604371023,0.0007451012506951571,-0.31610992204753
dc,A,dc_coinflip,2023-06-05,6,0.6666666666666666,0.3333333333333333,-0.04397322663323078,-0.02798035873284943,-0.10859424185143784
dc,A,dc_coinflip,2023-06-12,3,1.0,0.0,0.01646730262574203,0.007776983366039714,0.2100430461082452
dc,A,dc_coinflip,2023-06-19,3,0.3333333333333333,0.6666666666666666,0.1565519335129597,0.012710465132700799,0.5937966382335546
dc,A,dc_coinflip,2023-06-26,3,1.0,0.0,0.004744670448840749,0.05230798594042518,1.3083703244752496
dc,A,dc_coinflip,2023-07-03,3,0.6666666666666666,0.3333333333333333,-0.01493097851467462,-0.05500202790580622,-1.0665510639418685
dc,A,dc_coinflip,2023-07-10,0,,,0.002224528158017769,0.02171896406253304,
dc,A,dc_coinflip,2023-07-17,0,,,-0.0049287481641240305,-0.00011942445681245584,
dc,A,dc_coinflip,2023-07-24,7,0.0,1.0,-0.026534316430532723,-0.019648295692356377,-0.9007287342327484
dc,A,dc_coinflip,2023-07-31,2,0.5,0.5,-0.006652187572566137,0.012004133725834532,1.4316087989694855
dc,A,dc_coinflip,2023-08-07,3,0.6666666666666666,0.3333333333333333,0.007535546327108733,0.010257661563943143,-0.14083961465762126
dc,A,dc_coinflip,2023-08-14,0,,,-0.10644192711887535,0.0020989122262187188,
dc,A,dc_coinflip,2023-08-21,5,0.6,0.4,-0.0032877151716027564,0.005076836888042724,0.00818981325425081
dc,A,dc_coinflip,2023-08-28,4,0.5,0.5,-0.004995728345777883,0.006901714286566163,0.060281034986113785
dc,A,dc_coinflip,2023-09-04,0,,,-0.005151721668418707,0.005586870573507374,
dc,A,dc_coinflip,2023-09-11,0,,,0.02670087970864743,0.0018882221332714444,
dc,A,dc_coinflip,2023-09-18,2,1.0,0.0,-0.010799909529553675,-0.002074134477954348,2.0142391057671443
dc,A,dc_coinflip,2023-09-25,0,,,0.06720652401730076,0.027674185588310696,
dc,A,dc_coinflip,2023-10-02,4,0.5,0.5,-0.0031815633581026015,-0.043447188293312844,-1.6178379871667297
dc,A,dc_coinflip,2023-10-09,3,0.0,1.0,-0.027407221664994985,-0.009152479173704764,0.2826987427998253
dc,A,dc_coinflip,2023-10-16,6,0.3333333333333333,0.6666666666666666,0.10492838174793451,-0.0057764875232692026,0.17180266398537178
dc,A,dc_coinflip,2023-10-23,0,,,0.15082767218448123,0.00699337926001542,
dc,A,dc_coinflip,2023-10-30,0,,,0.014346292209033606,0.0,
dc,A,dc_coinflip,2023-11-06,0,,,0.05856670064734626,0.0,
dc,A,dc_coinflip,2023-11-13,0,,,0.008114181204124993,0.0,
dc,A,dc_coinflip,2023-11-20,0,,,0.0020951682690377726,0.0,
dc,A,dc_coinflip,2023-11-27,1,0.0,1.0,0.06778104138851804,0.00010718541503829115,-1.1079197016484132
dc,A,dc_coinflip,2023-12-04,3,0.3333333333333333,0.6666666666666666,0.09502005581618667,-0.018645349204014727,-0.24976109970006224
dc,A,dc_coinflip,2023-12-11,0,,,-0.05499667717941625,0.0,
dc,A,dc_coinflip,2023-12-18,4,0.5,0.5,0.03885219635620185,-0.05382880022807501,-1.3751000201841581
dc,A,dc_coinflip,2023-12-25,1,1.0,0.0,-0.016048814076617512,-0.011330397461352448,-1.1330397500645035
dc,A,dc_coinflip,2024-01-01,0,,,0.03871368892398408,0.0,
dc,A,dc_coinflip,2024-01-08,7,0.7142857142857143,0.2857142857142857,-0.04994628452812311,-0.015637911304316687,-0.08928535493259547
dc,A,dc_coinflip,2024-01-15,4,0.75,0.25,-0.003701414443422313,-0.011309304921318208,-0.4954785948105103
dc,A,dc_coinflip,2024-01-22,6,0.5,0.5,0.01082808521075429,-0.008501261434211815,-0.010970868742854467
dc,A,dc_coinflip,2024-01-29,7,0.5714285714285714,0.42857142857142855,0.013169476123187751,-0.026531459832852766,1.2771577733397677
dc,A,dc_coinflip,2024-02-05,1,1.0,0.0,0.1343877229973094,0.08160854326989586,3.805826357264711
dc,A,dc_coinflip,2024-02-12,2,0.5,0.5,0.0797018657195252,0.01989926197331271,0.5552690030241981
dc,A,dc_coinflip,2024-02-19,0,,,-0.008085958841741125,0.0,
dc,A,dc_coinflip,2024-02-26,0,,,0.22038084599373442,0.0,
dc,A,dc_coinflip,2024-03-04,4,0.5,0.5,0.09188101188044162,-0.025818009033111156,-1.1001914397468187
dc,A,dc_coinflip,2024-03-11,1,0.0,1.0,-0.007821870780316154,-0.0311015791550302,-1.3252078354911894
dc,A,dc_coinflip,2024-03-18,2,0.5,0.5,-0.017296121528935005,0.0017862511210515741,0.8741749902706496
dc,A,dc_coinflip,2024-03-25,10,0.6,0.4,0.06106192320736881,-0.03942335784909945,-0.5793831622278864
dc,A,dc_coinflip,2024-04-01,3,1.0,0.0,-0.027581624026883578,0.010834493875301332,0.610057209010937
dc,A,dc_coinflip,2024-04-08,6,0.5,0.5,-0.05336153292763979,0.04103854328392509,0.561489671808728
dc,A,dc_coinflip,2024-04-15,6,0.3333333333333333,0.6666666666666666,-0.0110186502267694,-0.008330837517122713,-0.08860113130227905
dc,A,dc_coinflip,2024-04-22,2,0.5,0.5,-0.027917441124520548,-0.006369696795256896,-1.0348946477181167
dc,A,dc_coinflip,2024-04-29,2,1.0,0.0,0.014019801980198032,0.007138966201741814,0.4722195808706052
dc,A,dc_coinflip,2024-05-06,2,1.0,0.0,-0.03965161693485386,-0.030088841373598574,-1.017757269253731
dc,A,dc_coinflip,2024-05-13,4,0.5,0.5,0.07808933838062582,-0.015125800133293565,-0.6476995782797734
dc,A,dc_coinflip,2024-05-20,3,0.3333333333333333,0.6666666666666666,0.033843753489396944,-0.01878003065954037,-1.1772853110185848
dc,A,dc_coinflip,2024-05-27,1,0.0,1.0,-0.010920220506136724,-0.010618401205424788,-1.0333969000225462
dc,A,dc_coinflip,2024-06-03,6,0.5,0.5,0.02765804544696615,-0.037594518858351966,-0.7449825718094512
dc,A,dc_coinflip,2024-06-10,4,0.5,0.5,-0.042490652085259706,0.012816864185913435,1.7592924893858728
dc,A,dc_coinflip,2024-06-17,9,0.5555555555555556,0.4444444444444444,-0.05216242439875174,-0.0176588017692606,-0.3614644014189426
dc,A,dc_coinflip,2024-06-24,5,1.0,0.0,-0.006866675737851158,0.009308545164854465,-0.6436184159616923
dc,A,dc_coinflip,2024-07-01,0,,,-0.10992069434664442,-0.02437443927478522,
ema,B,ema_trend,2024-07-15,0,,,0.12140852577241557,0.0,
ema,B,ema_trend,2024-07-22,0,,,0.001010705557560554,0.0,
ema,B,ema_trend,2024-07-29,0,,,-0.14755616647933523,0.0,
ema,B,ema_trend,2024-08-05,3,1.0,0.0,0.009587416193914233,-0.017380821199999952,-0.0363550501777811
ema,B,ema_trend,2024-08-12,2,1.0,0.0,-0.004970397274199345,0.011702581476216611,0.4342036550938384
ema,B,ema_trend,2024-08-19,10,1.0,0.0,0.099018067691381,0.1252724044097271,0.7387722719185417
ema,B,ema_trend,2024-08-26,0,,,-0.1079256329606676,-0.03249089119344184,
ema,B,ema_trend,2024-09-02,1,1.0,0.0,-0.042085291181132134,0.019674565008461986,1.9674565294886934
ema,B,ema_trend,2024-09-09,9,1.0,0.0,0.07744758079945768,-0.008968085890180055,-0.05760008544123697
ema,B,ema_trend,2024-09-16,7,1.0,0.0,0.07541180449856255,0.052918155597757144,1.0842011700692187
ema,B,ema_trend,2024-09-23,0,,,0.03168939330797249,0.019518950819932712,
ema,B,ema_trend,2024-09-30,0,,,-0.04235551992098063,0.0,
ema,B,ema_trend,2024-10-07,5,1.0,0.0,0.000834056235127445,-0.026026566525702344,-0.46749463323049517
ema,B,ema_trend,2024-10-14,5,1.0,0.0,0.09816167524678798,-0.004387085676426983,-0.4684423365979698
ema,B,ema_trend,2024-10-21,2,1.0,0.0,-0.014799399276757108,-0.037713864873585856,-1.0725376306127687
ema,B,ema_trend,2024-10-28,3,1.0,0.0,0.01100572997668614,-0.02167133439160751,-1.0709214015997033
ema,B,ema_trend,2024-11-04,8,1.0,0.0,0.16869762958202528,0.11776138449337625,1.5665784035639851
ema,B,ema_trend,2024-11-11,1,1.0,0.0,0.11794813098878576,-0.010205523913433101,-1.0205524322439772
ema,B,ema_trend,2024-11-18,3,1.0,0.0,0.0895726685955931,0.028278124282953954,0.9602605709318217
ema,B,ema_trend,2024-11-25,2,1.0,0.0,-0.007267973322166554,-0.00891908601021063,-1.0333923367522346
ema,B,ema_trend,2024-12-02,2,1.0,0.0,0.0406132262797152,-0.024393711402205587,-1.029182168980184
ema,B,ema_trend,2024-12-09,5,1.0,0.0,0.033249328438705206,0.01868108114145417,0.15711064194571872
ema,B,ema_trend,2024-12-16,2,1.0,0.0,-0.08916550806206991,-0.03903649611968152,-1.0210004984754386
ema,B,ema_trend,2024-12-23,2,1.0,0.0,-0.015226485301934822,-0.020697185521306394,-1.0371156423182868
ema,B,ema_trend,2024-12-30,8,1.0,0.0,0.0493866012374653,0.11440925627361231,1.2071286277628621
ema,B,ema_trend,2025-01-06,1,1.0,0.0,-0.038828092040724016,0.004125684733241819,1.9482908884089776
ema,B,ema_trend,2025-01-13,8,1.0,0.0,0.07167424643046005,-0.025330707809862574,-0.29894714159152924
ema,B,ema_trend,2025-01-20,2,1.0,0.0,0.012679764879577782,-0.02062502463597038,-1.03662397967019
ema,B,ema_trend,2025-01-27,4,1.0,0.0,-0.04784741686125171,-0.041229438548410546,-1.04372797191339
ema,B,ema_trend,2025-02-03,0,,,-0.012659938036005403,0.0,
ema,B,ema_trend,2025-02-10,5,1.0,0.0,-0.0036438086352562626,-0.002993876018138719,-0.43346980711300687
ema,B,ema_trend,2025-02-17,7,1.0,0.0,0.0016085149328659565,-0.050784314341402736,-1.0520032098264482
ema,B,ema_trend,2025-02-24,2,1.0,0.0,-0.02061949908640559,-0.024823316069554013,-1.0207524585213865
ema,B,ema_trend,2025-03-03,4,1.0,0.0,-0.14370337844215986,-0.07740112642378538,-1.0286861155609994
ema,B,ema_trend,2025-03-10,3,1.0,0.0,0.022811865588727498,-0.01425334502360076,-0.03597656478837119
ema,B,ema_trend,2025-03-17,9,1.0,0.0,0.042448168959503985,-0.02411169336773522,0.28352652460163613
ema,B,ema_trend,2025-03-24,5,1.0,0.0,-0.04272477614159653,0.03810782590295614,-0.4481781956841779
ema,B,ema_trend,2025-03-31,0,,,-0.04834145193038153,0.0,
ema,B,ema_trend,2025-04-07,5,1.0,0.0,0.06815999510328385,-0.0008184941913602639,0.7525279296440995
ema,B,ema_trend,2025-04-14,4,1.0,0.0,0.017048886766549254,0.040427805100899494,1.2039661601778722
ema,B,ema_trend,2025-04-21,4,1.0,0.0,0.09994823524440344,0.10128057094431697,1.1920005825587925
ema,B,ema_trend,2025-04-28,0,,,0.005591838476971089,0.0,
ema,B,ema_trend,2025-05-05,7,1.0,0.0,0.10435945326428397,0.07666482563074517,1.0759445537962835
ema,B,ema_trend,2025-05-12,0,,,0.02276439951569187,0.0,
ema,B,ema_trend,2025-05-19,6,1.0,0.0,0.023744069150185565,-0.06214620705985341,-1.0341502853223588
ema,B,ema_trend,2025-05-26,4,1.0,0.0,-0.030985057203323674,-0.041486179410291424,-1.0345406578432466
ema,B,ema_trend,2025-06-02,1,1.0,0.0,0.0008902695433106178,-0.010582827202646139,-1.0582827771152858
ema,B,ema_trend,2025-06-09,5,1.0,0.0,-0.0013247539742619052,0.006035209325664592,0.1263909719092478
ema,B,ema_trend,2025-06-16,2,1.0,0.0,-0.043981428842145176,-0.02159465539224603,-1.0775889561311467
ema,B,ema_trend,2025-06-23,5,1.0,0.0,0.073446305285922,-0.002750343974358249,0.13960898605442487
ema,B,ema_trend,2025-06-30,7,1.0,0.0,0.0076928190507141725,-0.05076612657894719,-1.0444624808039766
ema,B,ema_trend,2025-07-07,2,1.0,0.0,0.09078081765040036,-0.004194035592513967,0.4624255514956537
ema,B,ema_trend,2025-07-14,0,,,-0.01465182696346079,0.0,
ema,B,ema_trend,2025-07-21,3,1.0,0.0,0.018467133310657635,0.03249626979665443,-0.0602654187661813
ema,B,ema_trend,2025-07-28,1,1.0,0.0,-0.0445250770054908,-0.04365974869351019,-1.0297518472935476
ema,B,ema_trend,2025-08-04,7,1.0,0.0,0.04514574801252702,0.09212949129850379,1.5082255368576551
ema,B,ema_trend,2025-08-11,1,1.0,0.0,-0.016420800295039673,-0.0030835981915496857,-1.042353633482709
ema,B,ema_trend,2025-08-18,5,1.0,0.0,-0.03326632403582874,0.0035287159639119103,-1.0354399604347742
ema,B,ema_trend,2025-08-25,0,,,-0.04622136893176498,-0.06171585502702526,
ema,B,ema_trend,2025-09-01,4,1.0,0.0,0.02661097951288216,-0.006850828076210069,0.41700992174544876
ema,B,ema_trend,2025-09-08,2,1.0,0.0,0.03733739050585605,0.062452256898206215,1.916258144864205
ema,B,ema_trend,2025-09-15,1,1.0,0.0,-0.0004712461727519601,-0.010524508366574592,-1.0524508441382678
ema,B,ema_trend,2025-09-22,1,1.0,0.0,-0.026490790738381897,-0.010241991807481643,-1.0241991325507422
ema,B,ema_trend,2025-09-29,7,1.0,0.0,0.10090250630791164,0.08721590247710576,1.0634891808009617
ema,B,ema_trend,2025-10-06,2,1.0,0.0,-0.06904882269448387,-0.031905384812749515,-1.0492333624645607
ema,B,ema_trend,2025-10-13,0,,,-0.05502413163532949,0.0,
ema,B,ema_trend,2025-10-20,3,1.0,0.0,0.054516822683801536,0.038424464318553175,1.9140455133511487
ema,B,ema_trend,2025-10-27,4,1.0,0.0,-0.03501489847033057,-0.02984610362127904,-1.0504530907409082
ema,B,ema_trend,2025-11-03,2,1.0,0.0,-0.05284848989446955,0.02146223421880733,-1.0231038592615054
ema,B,ema_trend,2025-11-10,3,1.0,0.0,-0.09970265394728794,-0.07176715373584042,-1.0387331292295674
ema,B,ema_trend,2025-11-17,0,,,-0.07875348635809831,0.0,
ema,B,ema_trend,2025-11-24,6,1.0,0.0,0.04046592376609803,-0.0433820846085734,-1.0519885346522664
ema,B,ema_trend,2025-12-01,7,1.0,0.0,0.00021147852275071877,-0.09007363835485038,-1.0403273100127557
ema,B,ema_trend,2025-12-08,7,1.0,0.0,-0.024586098946594692,-0.014710763921903958,-0.19718435161718212
ema,B,ema_trend,2025-12-15,1,1.0,0.0,0.005782242670340665,-0.010776457978188714,-1.0776458031341785
ema,B,ema_trend,2025-12-22,3,1.0,0.0,-0.008023776828199214,-0.010859893162204592,-0.07014645117600504
ema,B,ema_trend,2025-12-29,9,1.0,0.0,0.04067316551590783,0.04829198283992153,0.9056830965658563
ema,B,ema_trend,2026-01-05,1,1.0,0.0,-0.005756995126174003,0.0003998787099874779,-1.0964133705774053
ema,B,ema_trend,2026-01-12,6,1.0,0.0,0.02927816011081541,-0.04496015146289234,-0.5550704841575318
ema,B,ema_trend,2026-01-19,0,,,-0.07472667615129258,0.0,
ema,B,ema_trend,2026-01-26,0,,,-0.11176985971194375,0.0,
ema,B,ema_trend,2026-02-02,0,,,-0.08637571088445972,0.0,
ema,B,ema_trend,2026-02-09,6,1.0,0.0,-0.021386882806710084,-0.049104878322771994,-1.0412945455135285
ema,B,ema_trend,2026-02-16,3,1.0,0.0,-0.017106950052764414,-0.031355371675350185,-1.048151946570252
ema,B,ema_trend,2026-02-23,11,1.0,0.0,-0.027799590947608532,-0.10159459013740002,-0.7669059183926717
ema,B,ema_trend,2026-03-02,4,1.0,0.0,0.0030803210835428363,-0.021138228867494946,-1.0377535388604011
ema,B,ema_trend,2026-03-09,7,1.0,0.0,0.10360102149754957,0.0793560142975045,1.5124929164716607
ema,B,ema_trend,2026-03-16,1,1.0,0.0,-0.06792526462024284,0.009382243172578075,-1.0306627551485854
ema,B,ema_trend,2026-03-23,4,1.0,0.0,-0.027281076913324154,-0.04161413865376973,-1.050441372373554
ema,B,ema_trend,2026-03-30,2,1.0,0.0,0.04588635412940811,-0.013065975078459968,0.43545371583796066
ema,B,ema_trend,2026-04-06,8,1.0,0.0,0.024633375840482197,-0.0585133926469068,-0.6837168016261561
ema,B,ema_trend,2026-04-13,4,1.0,0.0,0.04327522101490788,0.013431125986082204,-0.3179968117532519
ema,B,ema_trend,2026-04-20,3,1.0,0.0,0.0657970008594535,-0.031379308942600104,-1.0531783836899382
ema,B,ema_trend,2026-04-27,2,1.0,0.0,-0.00115108462697866,-0.0018102568477774694,1.8819664192198216
ema,B,ema_trend,2026-05-04,7,1.0,0.0,0.046501381619997284,0.0960048336918562,1.057321798507084
ema,B,ema_trend,2026-05-11,0,,,-0.05801457239227681,0.0,
ema,B,ema_trend,2026-05-18,3,1.0,0.0,-0.004974488148291711,-0.002053162820281118,-0.058420596497236486
ema,B,ema_trend,2026-05-25,2,1.0,0.0,-0.04388945071978534,0.008695629066883592,0.44003216300175585
ema,B,ema_trend,2026-06-01,0,,,-0.14041040555824857,0.0,
ema,B,ema_trend,2026-06-08,0,,,0.037747204144815694,0.0,
ema,B,ema_trend,2026-06-15,5,1.0,0.0,-0.03681711840749369,-0.02203288006241466,-0.47819853818374247
ema,B,ema_trend,2026-06-22,2,1.0,0.0,-0.058945398861231735,-0.01422549325108613,0.4548510863562534
ema,B,ema_trend,2026-06-29,8,1.0,0.0,0.06825650851653009,0.12174481703363638,0.8097082592708665
ema,B,ema_trend,2026-07-06,3,1.0,0.0,0.0021473429382128373,-0.0508055704912217,-1.0747151716448418
ema,B,ema_trend,2026-07-13,4,1.0,0.0,0.01490036878373524,-0.032939532199240396,-1.082717001262938
ema,B,ema_trend,2026-07-20,6,1.0,0.0,0.010499227202473094,0.009367144302526498,-0.08169488186222662
ema,B,ema_trend,2026-07-27,3,1.0,0.0,-0.028045574057844136,0.0008029399264788406,0.8937656496011886
ema,B,ema_trend,2026-08-03,4,1.0,0.0,0.020841693458408805,-0.003125131505049561,-0.35835176446405714
ema,B,ema_trend,2026-08-10,5,1.0,0.0,-0.030696730851347498,-0.005484601788229626,0.118907413703037
ema,B,ema_trend,2026-08-17,8,1.0,0.0,0.23611932797699686,0.0846401074553087,1.1653168832674758
ema,B,ema_trend,2026-08-24,0,,,-0.0011000222577602914,0.0,
ema,B,ema_trend,2026-08-31,5,1.0,0.0,0.03425931411820171,-0.022761505159518913,-0.4574109982212827
ema,B,ema_trend,2026-09-07,0,,,-0.04366868783475997,0.0,
ema,B,ema_trend,2026-09-14,1,1.0,0.0,0.05665583675701713,-0.0034822009360022665,-1.050938023897748
ema,B,trend,2024-07-15,1,1.0,0.0,0.12140852577241557,0.00811187999999996,0.3758741747
ema,B,trend,2024-07-22,12,0.6666666666666666,0.3333333333333333,0.001010705557560554,-0.013963676134835401,-0.0788498198610848
ema,B,trend,2024-07-29,20,0.15,0.85,-0.14755616647933523,-0.012630660345318567,-0.06297476452980029
ema,B,trend,2024-08-05,5,0.0,1.0,0.009587416193914233,0.01028737107710076,0.021209906013040146
ema,B,trend,2024-08-12,8,0.25,0.75,-0.004970397274199345,-0.03563714402241347,-0.33684999095335494
ema,B,trend,2024-08-19,7,1.0,0.0,0.099018067691381,-0.0019225259859100285,-0.02709418350030759
ema,B,trend,2024-08-26,9,0.0,1.0,-0.1079256329606676,-0.00022207612450642067,-0.0003034715908811399
ema,B,trend,2024-09-02,12,0.08333333333333333,0.9166666666666666,-0.042085291181132134,-0.01717349783583766,-0.1422799109836339
ema,B,trend,2024-09-09,5,0.8,0.2,0.07744758079945768,0.005496008670892838,0.1626182934758747
ema,B,trend,2024-09-16,20,0.7,0.3,0.07541180449856255,-0.024289797561652615,-0.16706251506888262
ema,B,trend,2024-09-23,24,1.0,0.0,0.03168939330797249,0.010690518300968455,0.054526495572962026
ema,B,trend,2024-09-30,6,1.0,0.0,-0.04235551992098063,-0.01166623401822986,-0.1631215579415344
ema,B,trend,2024-10-07,10,0.7,0.3,0.000834056235127445,0.02955304871358644,0.2362863041625049
ema,B,trend,2024-10-14,15,1.0,0.0,0.09816167524678798,0.016410131491947366,0.1217463149904799
ema,B,trend,2024-10-21,12,0.5833333333333334,0.4166666666666667,-0.014799399276757108,-0.0032150606268446236,-0.023166199226259777
ema,B,trend,2024-10-28,18,0.5,0.5,0.01100572997668614,0.01664485318277964,0.09320028902375209
ema,B,trend,2024-11-04,25,0.92,0.08,0.16869762958202528,0.0869916543253586,0.34770235216365397
ema,B,trend,2024-11-11,21,1.0,0.0,0.11794813098878576,0.024938408702767312,0.12041503479119908
ema,B,trend,2024-11-18,22,1.0,0.0,0.0895726685955931,0.03958635752838613,0.17894565884724473
ema,B,trend,2024-11-25,21,1.0,0.0,-0.007267973322166554,-0.02859231629856096,-0.11653194996447483
ema,B,trend,2024-12-02,25,1.0,0.0,0.0406132262797152,-0.004288489037515886,-0.03126228130134554
ema,B,trend,2024-12-09,7,1.0,0.0,0.033249328438705206,-0.02521050511055234,-0.3625728362110892
ema,B,trend,2024-12-16,8,0.5,0.5,-0.08916550806206991,-0.03789717768870415,-0.48044338022101396
ema,B,trend,2024-12-23,6,0.5,0.5,-0.015226485301934822,-0.005275936108654955,-0.13924146047752903
ema,B,trend,2024-12-30,10,0.6,0.4,0.0493866012374653,-0.022658459232049233,-0.19281581005878623
ema,B,trend,2025-01-06,14,0.5714285714285714,0.42857142857142855,-0.038828092040724016,-0.002462995565372994,-0.039803359856272764
ema,B,trend,2025-01-13,23,0.6956521739130435,0.30434782608695654,0.07167424643046005,-0.01863276281674353,-0.07624222873051784
ema,B,trend,2025-01-20,3,0.3333333333333333,0.6666666666666666,0.012679764879577782,-0.006852467733093337,-0.22862096917042232
ema,B,trend,2025-01-27,20,0.15,0.85,-0.04784741686125171,0.011532802118323415,0.06073427701614047
ema,B,trend,2025-02-03,8,0.0,1.0,-0.012659938036005403,0.03370409472037639,0.42775255610977664
ema,B,trend,2025-02-10,2,0.0,1.0,-0.0036438086352562626,-0.00046518553321239775,-0.05546182402302621
ema,B,trend,2025-02-17,13,0.07692307692307693,0.9230769230769231,0.0016085149328659565,-0.024099035641506616,-0.18231443135601583
ema,B,trend,2025-02-24,13,0.0,1.0,-0.02061949908640559,0.023773212807727928,0.2034485890043033
ema,B,trend,2025-03-03,9,0.0,1.0,-0.14370337844215986,0.02652191946784388,0.2537915254786233
ema,B,trend,2025-03-10,4,0.0,1.0,0.022811865588727498,0.0022731298798492894,0.15186644697499138
ema,B,trend,2025-03-17,4,0.0,1.0,0.042448168959503985,-0.012776450026773412,-0.3200722445196104
ema,B,trend,2025-03-24,8,0.125,0.875,-0.04272477614159653,0.006389047310170204,0.07992237543518922
ema,B,trend,2025-03-31,15,0.0,1.0,-0.04834145193038153,0.0019835200975937273,-0.011018062911990863
ema,B,trend,2025-04-07,4,0.0,1.0,0.06815999510328385,0.01403055322655189,0.4536254300560794
ema,B,trend,2025-04-14,5,0.2,0.8,0.017048886766549254,-0.0038169204829052727,-0.0755725930818347
ema,B,trend,2025-04-21,15,1.0,0.0,0.09994823524440344,0.012398302597923294,0.07083738271597796
ema,B,trend,2025-04-28,5,0.8,0.2,0.005591838476971089,-0.013887989090188624,-0.23917377626467892
ema,B,trend,2025-05-05,23,0.9130434782608695,0.08695652173913043,0.10435945326428397,0.07916495129286805,0.33978508078205233
ema,B,trend,2025-05-12,11,1.0,0.0,0.02276439951569187,-0.05744506913206415,-0.5322427603797517
ema,B,trend,2025-05-19,11,1.0,0.0,0.023744069150185565,-0.010289321963371734,-0.07533467742354691
ema,B,trend,2025-05-26,9,0.8888888888888888,0.1111111111111111,-0.030985057203323674,-0.004554208438119045,-0.047820311147943245
ema,B,trend,2025-06-02,8,0.375,0.625,0.0008902695433106178,-0.008762317040850287,-0.10852016971256473
ema,B,trend,2025-06-09,12,0.6666666666666666,0.3333333333333333,-0.0013247539742619052,0.026151664673969677,0.2209842254535319
ema,B,trend,2025-06-16,19,0.10526315789473684,0.8947368421052632,-0.043981428842145176,-0.023015506617589665,-0.12040524298660019
ema,B,trend,2025-06-23,2,0.5,0.5,0.073446305285922,-0.011415648752288954,-0.5721819912200756
ema,B,trend,2025-06-30,7,0.5714285714285714,0.42857142857142855,0.0076928190507141725,-0.024375251969155687,-0.3513243041678344
ema,B,trend,2025-07-07,16,1.0,0.0,0.09078081765040036,0.05437256496542853,0.3363870865072737
ema,B,trend,2025-07-14,27,1.0,0.0,-0.01465182696346079,-0.009666747051849445,-0.037606834426818204
ema,B,trend,2025-07-21,16,1.0,0.0,0.018467133310657635,0.004398671514999508,0.044111525033338386
ema,B,trend,2025-07-28,4,0.75,0.25,-0.0445250770054908,-0.0021563468403184016,-0.0543285194853415
ema,B,trend,2025-08-04,25,1.0,0.0,0.04514574801252702,-0.04431227356534939,-0.14978618010209555
ema,B,trend,2025-08-11,12,1.0,0.0,-0.016420800295039673,0.04013687382953335,0.2452638943085296
ema,B,trend,2025-08-18,12,0.6666666666666666,0.3333333333333333,-0.03326632403582874,-0.0254805610191281,-0.208979916394103
ema,B,trend,2025-08-25,5,0.0,1.0,-0.04622136893176498,-0.0042751194370642676,-0.08561244617282264
ema,B,trend,2025-09-01,7,0.42857142857142855,0.5714285714285714,0.02661097951288216,-0.002821875077738012,-0.06742758005040382
ema,B,trend,2025-09-08,22,1.0,0.0,0.03733739050585605,0.021204398561660565,0.11031937317483763
ema,B,trend,2025-09-15,13,1.0,0.0,-0.0004712461727519601,0.02801229419985307,0.33190771412332837
ema,B,trend,2025-09-22,8,0.375,0.625,-0.026490790738381897,-0.012079407822768506,-0.15146935586685054
ema,B,trend,2025-09-29,17,0.8823529411764706,0.11764705882352941,0.10090250630791164,-0.020617671472032084,-0.1457784998822272
ema,B,trend,2025-10-06,11,0.45454545454545453,0.5454545454545454,-0.06904882269448387,0.0906790235152517,0.8579218448062782
ema,B,trend,2025-10-13,7,0.14285714285714285,0.8571428571428571,-0.05502413163532949,-0.017870153818195678,-0.25675383878798674
ema,B,trend,2025-10-20,6,0.0,1.0,0.054516822683801536,-0.005522166684725716,-0.09212325202933103
ema,B,trend,2025-10-27,11,0.18181818181818182,0.8181818181818182,-0.03501489847033057,-0.024934185007303378,-0.22833681497374042
ema,B,trend,2025-11-03,11,0.0,1.0,-0.05284848989446955,-0.005877410420260909,-0.05220087724724236
ema,B,trend,2025-11-10,16,0.0,1.0,-0.09970265394728794,-0.04026693897138378,-0.2625496561099976
ema,B,trend,2025-11-17,9,0.0,1.0,-0.07875348635809831,0.012435851200484738,0.15257249108236398
ema,B,trend,2025-11-24,0,,,0.04046592376609803,0.0,
ema,B,trend,2025-12-01,4,0.0,1.0,0.00021147852275071877,0.06039048796832591,1.5162433800078234
ema,B,trend,2025-12-08,6,0.0,1.0,-0.024586098946594692,-0.01852076592931473,-0.3101707990299056
ema,B,trend,2025-12-15,11,0.0,1.0,0.005782242670340665,-0.03316133038846414,-0.304087367721465
ema,B,trend,2025-12-22,12,0.0,1.0,-0.008023776828199214,-0.052355454816329194,-0.4447948791611147
ema,B,trend,2025-12-29,4,0.0,1.0,0.04067316551590783,0.006486752545218133,0.1660886088175477
ema,B,trend,2026-01-05,10,0.9,0.1,-0.005756995126174003,-0.04801533750475839,-0.3903462181519239
ema,B,trend,2026-01-12,8,1.0,0.0,0.02927816011081541,0.00681950416999455,0.09049733651264105
ema,B,trend,2026-01-19,6,0.0,1.0,-0.07472667615129258,0.05313157920679212,0.8625001953173518
ema,B,trend,2026-01-26,11,0.0,1.0,-0.11176985971194375,0.030576868339928787,0.28751941157082667
ema,B,trend,2026-02-02,7,0.0,1.0,-0.08637571088445972,0.0417275299016755,0.600655579175284
ema,B,trend,2026-02-09,8,0.0,1.0,-0.021386882806710084,-0.022396455527960546,-0.28187182090284296
ema,B,trend,2026-02-16,6,0.0,1.0,-0.017106950052764414,-0.004983855790250513,0.1763431909106518
ema,B,trend,2026-02-23,8,0.0,1.0,-0.027799590947608532,-0.010499890218880426,-0.32431633508001134
ema,B,trend,2026-03-02,4,0.0,1.0,0.0030803210835428363,-0.0044524678492020575,-0.11103135071056586
ema,B,trend,2026-03-09,4,0.75,0.25,0.10360102149754957,-0.012687599284388229,-0.31731709672470854
ema,B,trend,2026-03-16,14,0.2857142857142857,0.7142857142857143,-0.06792526462024284,-0.02566912293356305,-0.23447207874881865
ema,B,trend,2026-03-23,8,0.0,1.0,-0.027281076913324154,-0.015774399038445353,-0.12445549224432689
ema,B,trend,2026-03-30,4,0.0,1.0,0.04588635412940811,-0.003042754221432409,-0.04622192681098598
ema,B,trend,2026-04-06,7,0.42857142857142855,0.5714285714285714,0.024633375840482197,0.008706055158782089,0.0727820924994087
ema,B,trend,2026-04-13,12,1.0,0.0,0.04327522101490788,-0.028817886447151553,-0.2094683192023059
ema,B,trend,2026-04-20,10,0.8,0.2,0.0657970008594535,-0.017002216853844287,-0.1950558628544568
ema,B,trend,2026-04-27,10,0.5,0.5,-0.00115108462697866,-0.0036284942206891158,-0.1100427028874578
ema,B,trend,2026-05-04,21,0.9523809523809523,0.047619047619047616,0.046501381619997284,0.03180664743258621,0.13069432456363042
ema,B,trend,2026-05-11,10,0.7,0.3,-0.05801457239227681,-0.04607022045119291,-0.4680990936874158
ema,B,trend,2026-05-18,14,0.6428571428571429,0.35714285714285715,-0.004974488148291711,0.014531453063294286,0.10769512667177691
ema,B,trend,2026-05-25,11,0.45454545454545453,0.5454545454545454,-0.04388945071978534,0.007481372334952052,0.07135886667584605
ema,B,trend,2026-06-01,20,0.1,0.9,-0.14041040555824857,0.010095911805356739,0.052771638656589195
ema,B,trend,2026-06-08,6,0.16666666666666666,0.8333333333333334,0.037747204144815694,-0.04052578228349668,-0.6838227109431821
ema,B,trend,2026-06-15,8,0.125,0.875,-0.03681711840749369,0.003644076995916734,0.04842241556224216
ema,B,trend,2026-06-22,9,0.0,1.0,-0.058945398861231735,-0.010887500913338455,-0.11969089720321059
ema,B,trend,2026-06-29,5,0.4,0.6,0.06825650851653009,-0.015770279139534105,-0.3158914364746768
ema,B,trend,2026-07-06,9,0.3333333333333333,0.6666666666666666,0.0021473429382128373,-0.018077200830571294,-0.20136699807364547
ema,B,trend,2026-07-13,10,0.4,0.6,0.01490036878373524,-0.004207750058466075,-0.04178406868918495
ema,B,trend,2026-07-20,12,0.5,0.5,0.010499227202473094,-0.014112530658637601,-0.13656404183367443
ema,B,trend,2026-07-27,13,0.23076923076923078,0.7692307692307693,-0.028045574057844136,-0.001130530208883762,-0.004015353878671645
ema,B,trend,2026-08-03,12,0.4166666666666667,0.5833333333333334,0.020841693458408805,-0.015753092967439652,-0.13103598772462519
ema,B,trend,2026-08-10,11,0.6363636363636364,0.36363636363636365,-0.030696730851347498,-0.0025556531572664687,-0.019686990387363473
ema,B,trend,2026-08-17,29,0.896551724137931,0.10344827586206896,0.23611932797699686,0.12236861005721988,0.3949904513425463
ema,B,trend,2026-08-24,2,1.0,0.0,-0.0011000222577602914,0.0016992170264804596,0.17374342408383148
ema,B,trend,2026-08-31,17,1.0,0.0,0.03425931411820171,-0.024665149199650127,-0.15350319978359236
ema,B,trend,2026-09-07,9,1.0,0.0,-0.04366868783475997,-0.020891632187229447,-0.23285280849959422
ema,B,trend,2026-09-14,5,0.8,0.2,0.05665583675701713,0.005517894346722008,0.17579117829566498
ema,B,random_ctrl,2024-07-15,1,0.0,1.0,0.12140852577241557,-0.01083371529999999,-1.083371534
ema,B,random_ctrl,2024-07-22,11,0.7272727272727273,0.2727272727272727,0.001010705557560554,-0.03877433591626345,-1.035922569599083
ema,B,random_ctrl,2024-07-29,11,0.8181818181818182,0.18181818181818182,-0.14755616647933523,-0.027895164525459593,-1.0397602308532727
ema,B,random_ctrl,2024-08-05,3,0.6666666666666666,0.3333333333333333,0.009587416193914233,-0.03780755744895081,-1.02127737033055
ema,B,random_ctrl,2024-08-12,0,,,-0.004970397274199345,0.0007791539768411404,
ema,B,random_ctrl,2024-08-19,0,,,0.099018067691381,-0.02055115454334322,
ema,B,random_ctrl,2024-08-26,0,,,-0.1079256329606676,0.042232641834048845,
ema,B,random_ctrl,2024-09-02,1,1.0,0.0,-0.042085291181132134,0.01496827929352218,-1.0311854429922869
ema,B,random_ctrl,2024-09-09,0,,,0.07744758079945768,-0.015284801306781448,
ema,B,random_ctrl,2024-09-16,0,,,0.07541180449856255,-0.020501947469248827,
ema,B,random_ctrl,2024-09-23,1,1.0,0.0,0.03168939330797249,-0.005750082261794631,-1.0206794563833435
ema,B,random_ctrl,2024-09-30,1,0.0,1.0,-0.04235551992098063,-0.03009174194809594,-1.0399139628447531
ema,B,random_ctrl,2024-10-07,0,,,0.000834056235127445,-0.008398069445864409,
ema,B,random_ctrl,2024-10-14,2,1.0,0.0,0.09816167524678798,0.014962958330034137,-1.042211830053922
ema,B,random_ctrl,2024-10-21,1,0.0,1.0,-0.014799399276757108,0.019194841225197212,-1.054212177699755
ema,B,random_ctrl,2024-10-28,0,,,0.01100572997668614,0.016513828983641732,
ema,B,random_ctrl,2024-11-04,1,0.0,1.0,0.16869762958202528,0.2723399261552377,-1.073887556328089
ema,B,random_ctrl,2024-11-11,5,0.8,0.2,0.11794813098878576,0.11074767367447214,-1.0213464316812244
ema,B,random_ctrl,2024-11-18,0,,,0.0895726685955931,0.2803049036228027,
ema,B,random_ctrl,2024-11-25,0,,,-0.007267973322166554,0.07398663325547727,
ema,B,random_ctrl,2024-12-02,0,,,0.0406132262797152,0.0860013621599025,
ema,B,random_ctrl,2024-12-09,0,,,0.033249328438705206,-0.08933546620373578,
ema,B,random_ctrl,2024-12-16,0,,,-0.08916550806206991,-0.22377345174332397,
ema,B,random_ctrl,2024-12-23,0,,,-0.015226485301934822,-0.0008853516934499428,
ema,B,random_ctrl,2024-12-30,0,,,0.0493866012374653,0.2154513164363101,
ema,B,random_ctrl,2025-01-06,0,,,-0.038828092040724016,-0.12250035067456067,
ema,B,random_ctrl,2025-01-13,0,,,0.07167424643046005,0.02394372243331344,
ema,B,random_ctrl,2025-01-20,0,,,0.012679764879577782,-0.044287286956924965,
ema,B,random_ctrl,2025-01-27,1,0.0,1.0,-0.04784741686125171,-0.1551039288638042,-1.066774373552162
ema,B,random_ctrl,2025-02-03,4,0.0,1.0,-0.012659938036005403,-0.0936072661237709,-1.0323442659249826
ema,B,random_ctrl,2025-02-10,1,0.0,1.0,-0.0036438086352562626,0.0397427582368044,-1.1537951741553905
ema,B,random_ctrl,2025-02-17,0,,,0.0016085149328659565,-0.013072081738427554,
ema,B,random_ctrl,2025-02-24,1,0.0,1.0,-0.02061949908640559,0.16304530435785058,-1.042914245563259
ema,B,random_ctrl,2025-03-03,0,,,-0.14370337844215986,-0.15471458875989252,
ema,B,random_ctrl,2025-03-10,0,,,0.022811865588727498,-0.019129576860645536,
ema,B,random_ctrl,2025-03-17,0,,,0.042448168959503985,-0.013021463756991425,
ema,B,random_ctrl,2025-03-24,0,,,-0.04272477614159653,-0.016601709041600965,
ema,B,random_ctrl,2025-03-31,0,,,-0.04834145193038153,-0.020952296067969,
ema,B,random_ctrl,2025-04-07,0,,,0.06815999510328385,0.004809007813394883,
ema,B,random_ctrl,2025-04-14,0,,,0.017048886766549254,-0.022456866216342353,
ema,B,random_ctrl,2025-04-21,1,1.0,0.0,0.09994823524440344,-0.07437025850959189,-1.0286692721192865
ema,B,random_ctrl,2025-04-28,4,0.25,0.75,0.005591838476971089,-0.04494262302245611,-1.0599966295472918
ema,B,random_ctrl,2025-05-05,4,0.25,0.75,0.10435945326428397,0.09464813401485839,-1.0960182298034282
ema,B,random_ctrl,2025-05-12,3,0.6666666666666666,0.3333333333333333,0.02276439951569187,-0.06850780060951023,-1.0618826098761804
ema,B,random_ctrl,2025-05-19,3,0.6666666666666666,0.3333333333333333,0.023744069150185565,-0.033558640223274816,-1.0266631853799393
ema,B,random_ctrl,2025-05-26,3,0.3333333333333333,0.6666666666666666,-0.030985057203323674,-0.11616767122679694,-1.0385520839238824
ema,B,random_ctrl,2025-06-02,0,,,0.0008902695433106178,-0.02307205098401821,
ema,B,random_ctrl,2025-06-09,1,0.0,1.0,-0.0013247539742619052,-0.035526882912693236,-1.0965479400752018
ema,B,random_ctrl,2025-06-16,0,,,-0.043981428842145176,-0.09300985196230027,
ema,B,random_ctrl,2025-06-23,0,,,0.073446305285922,0.04626709606629653,
ema,B,random_ctrl,2025-06-30,0,,,0.0076928190507141725,0.011683545771285608,
ema,B,random_ctrl,2025-07-07,1,1.0,0.0,0.09078081765040036,0.15163561578368423,-3.3580729814406896
ema,B,random_ctrl,2025-07-14,3,0.6666666666666666,0.3333333333333333,-0.01465182696346079,0.22118850349097197,-1.0392901293589534
ema,B,random_ctrl,2025-07-21,0,,,0.018467133310657635,-0.07323862118725422,
ema,B,random_ctrl,2025-07-28,2,0.5,0.5,-0.0445250770054908,-0.1470552832455999,-1.0334416522670857
ema,B,random_ctrl,2025-08-04,1,1.0,0.0,0.04514574801252702,0.17668452771744247,-1.0271561828021214
ema,B,random_ctrl,2025-08-11,0,,,-0.016420800295039673,0.13411439121384117,
ema,B,random_ctrl,2025-08-18,1,1.0,0.0,-0.03326632403582874,-0.03191780511405706,-1.0332770783240812
ema,B,random_ctrl,2025-08-25,0,,,-0.04622136893176498,-0.10288534149676709,
ema,B,random_ctrl,2025-09-01,0,,,0.02661097951288216,0.03289830399541804,
ema,B,random_ctrl,2025-09-08,0,,,0.03733739050585605,0.12093852725558496,
ema,B,random_ctrl,2025-09-15,0,,,-0.0004712461727519601,-0.0338470455377784,
ema,B,random_ctrl,2025-09-22,2,0.5,0.5,-0.026490790738381897,-0.0865158105074787,-1.056588934532985
ema,B,random_ctrl,2025-09-29,1,1.0,0.0,0.10090250630791164,0.04436437825991635,-1.0450952777723252
ema,B,random_ctrl,2025-10-06,3,0.6666666666666666,0.3333333333333333,-0.06904882269448387,-0.596985156043107,-1.0207722648717683
ema,B,random_ctrl,2025-10-13,0,,,-0.05502413163532949,-0.009342389513210425,
ema,B,random_ctrl,2025-10-20,0,,,0.054516822683801536,0.0004579120237846457,
ema,B,random_ctrl,2025-10-27,1,1.0,0.0,-0.03501489847033057,0.0038895116762311943,-1.0235348223058438
ema,B,random_ctrl,2025-11-03,3,1.0,0.0,-0.05284848989446955,-0.008980977890149178,-1.0226410238993169
ema,B,random_ctrl,2025-11-10,1,1.0,0.0,-0.09970265394728794,-0.027679847249513112,-1.0227879808104567
ema,B,random_ctrl,2025-11-17,4,1.0,0.0,-0.07875348635809831,-0.023731871120877934,-1.024406538456855
ema,B,random_ctrl,2025-11-24,0,,,0.04046592376609803,0.022584806365098187,
ema,B,random_ctrl,2025-12-01,0,,,0.00021147852275071877,-0.0009383009112944318,
ema,B,random_ctrl,2025-12-08,0,,,-0.024586098946594692,0.0030734434393686616,
ema,B,random_ctrl,2025-12-15,0,,,0.005782242670340665,-0.0067661993751626515,
ema,B,random_ctrl,2025-12-22,0,,,-0.008023776828199214,-0.004796173246497393,
ema,B,random_ctrl,2025-12-29,0,,,0.04067316551590783,0.010239303217338458,
ema,B,random_ctrl,2026-01-05,0,,,-0.005756995126174003,-0.0031584800140580516,
ema,B,random_ctrl,2026-01-12,0,,,0.02927816011081541,0.0034245685740350584,
ema,B,random_ctrl,2026-01-19,2,1.0,0.0,-0.07472667615129258,-0.03924079958172233,-1.036523646976185
ema,B,random_ctrl,2026-01-26,6,1.0,0.0,-0.11176985971194375,-0.04633877308708778,-1.0408957447392988
ema,B,random_ctrl,2026-02-02,2,1.0,0.0,-0.08637571088445972,-0.015608963836052814,-1.0155294721229242
ema,B,random_ctrl,2026-02-09,0,,,-0.021386882806710084,-0.0051332014276121996,
ema,B,random_ctrl,2026-02-16,0,,,-0.017106950052764414,0.00033161866710984533,
ema,B,random_ctrl,2026-02-23,1,1.0,0.0,-0.027799590947608532,-0.0019373428900053558,-1.040343866319869
ema,B,random_ctrl,2026-03-02,0,,,0.0030803210835428363,0.00020751806473895407,
ema,B,random_ctrl,2026-03-09,0,,,0.10360102149754957,0.031395958204438745,
ema,B,random_ctrl,2026-03-16,0,,,-0.06792526462024284,-0.022451310495437915,
ema,B,random_ctrl,2026-03-23,0,,,-0.027281076913324154,-0.00816770355341423,
ema,B,random_ctrl,2026-03-30,0,,,0.04588635412940811,0.013810986123500069,
ema,B,random_ctrl,2026-04-06,0,,,0.024633375840482197,0.006089340232676044,
ema,B,random_ctrl,2026-04-13,0,,,0.04327522101490788,0.014418370348197485,
ema,B,random_ctrl,2026-04-20,0,,,0.0657970008594535,0.020531370643751545,
ema,B,random_ctrl,2026-04-27,0,,,-0.00115108462697866,-0.0019364969286250755,
ema,B,random_ctrl,2026-05-04,0,,,0.046501381619997284,0.022200357721945174,
ema,B,random_ctrl,2026-05-11,0,,,-0.05801457239227681,-0.023030314937400154,
ema,B,random_ctrl,2026-05-18,0,,,-0.004974488148291711,-0.002475268590180102,
ema,B,random_ctrl,2026-05-25,0,,,-0.04388945071978534,-0.014207404038019011,
ema,B,random_ctrl,2026-06-01,4,1.0,0.0,-0.14041040555824857,-0.0638500672722252,-1.0220295420812995
ema,B,random_ctrl,2026-06-08,0,,,0.037747204144815694,0.013556025924954307,
ema,B,random_ctrl,2026-06-15,0,,,-0.03681711840749369,-0.01795368960081334,
ema,B,random_ctrl,2026-06-22,1,1.0,0.0,-0.058945398861231735,-0.025466770967057184,-1.0298442398018648
ema,B,random_ctrl,2026-06-29,0,,,0.06825650851653009,0.026247307388918006,
ema,B,random_ctrl,2026-07-06,0,,,0.0021473429382128373,-0.004537221715172235,
ema,B,random_ctrl,2026-07-13,0,,,0.01490036878373524,0.007531870097613247,
ema,B,random_ctrl,2026-07-20,0,,,0.010499227202473094,-0.0015447851501702026,
ema,B,random_ctrl,2026-07-27,0,,,-0.028045574057844136,-0.012831639031280928,
ema,B,random_ctrl,2026-08-03,0,,,0.020841693458408805,-0.0032404433984525305,
ema,B,random_ctrl,2026-08-10,0,,,-0.030696730851347498,0.011406269816003123,
ema,B,random_ctrl,2026-08-17,0,,,0.23611932797699686,0.06431263288687483,
ema,B,random_ctrl,2026-08-24,0,,,-0.0011000222577602914,-0.034149363615990525,
ema,B,random_ctrl,2026-08-31,0,,,0.03425931411820171,0.045402652160678736,
ema,B,random_ctrl,2026-09-07,0,,,-0.04366868783475997,-0.04584405217450449,
ema,B,random_ctrl,2026-09-14,0,,,0.05665583675701713,0.02606639656115406,
dc,B,dc_short,2024-10-28,7,0.0,1.0,0.01100572997668614,0.08807934799999995,0.1645484553273706
dc,B,dc_short,2024-11-04,0,,,0.16869762958202528,-0.07097068071546564,
dc,B,dc_short,2024-11-11,0,,,0.11794813098878576,0.0,
dc,B,dc_short,2024-11-18,0,,,0.0895726685955931,0.0,
dc,B,dc_short,2024-11-25,0,,,-0.007267973322166554,0.0,
dc,B,dc_short,2024-12-02,0,,,0.0406132262797152,0.0,
dc,B,dc_short,2024-12-09,0,,,0.033249328438705206,0.0,
dc,B,dc_short,2024-12-16,0,,,-0.08916550806206991,0.0,
dc,B,dc_short,2024-12-23,6,0.0,1.0,-0.015226485301934822,0.06497922453205307,0.010137462609419242
dc,B,dc_short,2024-12-30,2,0.0,1.0,0.0493866012374653,-0.0796480132003351,-1.1327655601823188
dc,B,dc_short,2025-01-06,2,0.0,1.0,-0.038828092040724016,0.007414825466163455,1.2387818776137318
dc,B,dc_short,2025-01-13,11,0.0,1.0,0.07167424643046005,-0.00912883711752177,-0.4654237670149483
dc,B,dc_short,2025-01-20,6,0.0,1.0,0.012679764879577782,-0.026361876074100676,0.4531043458465788
dc,B,dc_short,2025-01-27,8,0.0,1.0,-0.04784741686125171,0.05433604145852322,0.446142043315675
dc,B,dc_short,2025-02-03,2,0.0,1.0,-0.012659938036005403,0.013585009683396043,1.6959001734081864
dc,B,dc_short,2025-02-10,6,0.0,1.0,-0.0036438086352562626,-0.0035139594693782694,0.3547546347431922
dc,B,dc_short,2025-02-17,8,0.0,1.0,0.0016085149328659565,-0.026156835535648182,0.9111844018744952
dc,B,dc_short,2025-02-24,1,0.0,1.0,-0.02061949908640559,0.11956954051748347,0.7130110112663486
dc,B,dc_short,2025-03-03,9,0.0,1.0,-0.14370337844215986,0.09784495684640815,0.7970513074552291
dc,B,dc_short,2025-03-10,7,0.0,1.0,0.022811865588727498,-0.005430539404779999,0.13018104313378526
dc,B,dc_short,2025-03-17,0,,,0.042448168959503985,-0.0187004941519745,
dc,B,dc_short,2025-03-24,1,0.0,1.0,-0.04272477614159653,0.02579842383018849,1.5511884317615783
dc,B,dc_short,2025-03-31,3,0.0,1.0,-0.04834145193038153,0.03494388004164173,0.45614679248302387
dc,B,dc_short,2025-04-07,6,0.0,1.0,0.06815999510328385,-0.023096880666122588,-1.041792153156912
dc,B,dc_short,2025-04-14,1,0.0,1.0,0.017048886766549254,-0.00269290330423122,-1.0156758353039972
dc,B,dc_short,2025-04-21,0,,,0.09994823524440344,-0.03780555498575078,
dc,B,dc_short,2025-04-28,0,,,0.005591838476971089,-0.0005990861863482966,
dc,B,dc_short,2025-05-05,2,0.0,1.0,0.10435945326428397,-0.038840442083472926,-1.8872074202886477
dc,B,dc_short,2025-05-12,0,,,0.02276439951569187,0.0,
dc,B,dc_short,2025-05-19,0,,,0.023744069150185565,0.0,
dc,B,dc_short,2025-05-26,0,,,-0.030985057203323674,0.0,
dc,B,dc_short,2025-06-02,5,0.0,1.0,0.0008902695433106178,0.055698325472028465,0.4365867671739413
dc,B,dc_short,2025-06-09,3,0.0,1.0,-0.0013247539742619052,-0.016670373387046244,-1.1363127105895285
dc,B,dc_short,2025-06-16,8,0.0,1.0,-0.043981428842145176,0.006493406906033616,0.7486913833087966
dc,B,dc_short,2025-06-23,7,0.0,1.0,0.073446305285922,-0.040957370409367755,-1.0426745795895969
dc,B,dc_short,2025-06-30,2,0.0,1.0,0.0076928190507141725,-0.02247868789516938,-1.0689534848245945
dc,B,dc_short,2025-07-07,1,0.0,1.0,0.09078081765040036,-0.04560319375784749,-1.3094620682460911
dc,B,dc_short,2025-07-14,0,,,-0.01465182696346079,0.0,
dc,B,dc_short,2025-07-21,0,,,0.018467133310657635,0.0,
dc,B,dc_short,2025-07-28,0,,,-0.0445250770054908,0.0,
dc,B,dc_short,2025-08-04,2,0.0,1.0,0.04514574801252702,-0.0021311339369907145,-0.09950536437529578
dc,B,dc_short,2025-08-11,0,,,-0.016420800295039673,0.0,
dc,B,dc_short,2025-08-18,2,0.0,1.0,-0.03326632403582874,0.034376145545693904,1.751268196310741
dc,B,dc_short,2025-08-25,7,0.0,1.0,-0.04622136893176498,0.05261152163115734,0.9595429320856427
dc,B,dc_short,2025-09-01,10,0.0,1.0,0.02661097951288216,-0.039629064371282774,-0.9233695872475769
dc,B,dc_short,2025-09-08,0,,,0.03733739050585605,-0.02431982734559901,
dc,B,dc_short,2025-09-15,0,,,-0.0004712461727519601,0.0,
dc,B,dc_short,2025-09-22,1,0.0,1.0,-0.026490790738381897,0.03363192589508612,3.3631926381350556
dc,B,dc_short,2025-09-29,8,0.0,1.0,0.10090250630791164,-0.07193212137076233,-1.1027023566484053
dc,B,dc_short,2025-10-06,7,0.0,1.0,-0.06904882269448387,-0.018850018768840293,-0.1896922963429473
dc,B,dc_short,2025-10-13,4,0.0,1.0,-0.05502413163532949,0.05168722678531501,2.4114204399796453
dc,B,dc_short,2025-10-20,4,0.0,1.0,0.054516822683801536,-0.050365263378159386,0.9645571992233264
dc,B,dc_short,2025-10-27,1,0.0,1.0,-0.03501489847033057,0.05410272282193751,3.9489586523540843
dc,B,dc_short,2025-11-03,3,0.0,1.0,-0.05284848989446955,0.05581923298608249,0.13457529834276274
dc,B,dc_short,2025-11-10,1,0.0,1.0,-0.09970265394728794,0.03666030916326757,2.0113661663482585
dc,B,dc_short,2025-11-17,1,0.0,1.0,-0.07875348635809831,0.08066269636676382,5.027010266497922
dc,B,dc_short,2025-11-24,2,0.0,1.0,0.04046592376609803,-0.010584378475691936,-1.021906078602818
dc,B,dc_short,2025-12-01,0,,,0.00021147852275071877,-0.0024225706147293913,
dc,B,dc_short,2025-12-08,1,0.0,1.0,-0.024586098946594692,0.003612955405382978,-1.0889176378548837
dc,B,dc_short,2025-12-15,0,,,0.005782242670340665,0.01760361709425884,
dc,B,dc_short,2025-12-22,0,,,-0.008023776828199214,0.0011997157430163607,
dc,B,dc_short,2025-12-29,0,,,0.04067316551590783,-0.03747869257025449,
dc,B,dc_short,2026-01-05,6,0.0,1.0,-0.005756995126174003,-0.07313803133836305,-1.1941853784070686
dc,B,dc_short,2026-01-12,7,0.0,1.0,0.02927816011081541,-0.05439141570007011,-0.373505988983065
dc,B,dc_short,2026-01-19,0,,,-0.07472667615129258,0.037665376297300934,
dc,B,dc_short,2026-01-26,3,0.0,1.0,-0.11176985971194375,0.048849239732911665,0.939855458729748
dc,B,dc_short,2026-02-02,0,,,-0.08637571088445972,0.01308427579921645,
dc,B,dc_short,2026-02-09,1,0.0,1.0,-0.021386882806710084,-0.0011399136660823483,1.6211386937740775
dc,B,dc_short,2026-02-16,3,0.0,1.0,-0.017106950052764414,0.011650183595618424,-1.0213845015315668
dc,B,dc_short,2026-02-23,2,0.0,1.0,-0.027799590947608532,-0.016120600318882516,-1.0256981714009248
dc,B,dc_short,2026-03-02,1,0.0,1.0,0.0030803210835428363,0.008240050320347247,-1.0483863775706004
dc,B,dc_short,2026-03-09,1,0.0,1.0,0.10360102149754957,-0.05068819805535563,-1.1115274382009486
dc,B,dc_short,2026-03-16,1,0.0,1.0,-0.06792526462024284,0.031266342503692535,-1.11116768283583
dc,B,dc_short,2026-03-23,3,0.0,1.0,-0.027281076913324154,0.031401211549687114,0.41869907138654855
dc,B,dc_short,2026-03-30,3,0.0,1.0,0.04588635412940811,-0.029351149603808913,-0.44103664165981615
dc,B,dc_short,2026-04-06,3,0.0,1.0,0.024633375840482197,0.016096563340609826,-0.5802202828071156
dc,B,dc_short,2026-04-13,2,0.0,1.0,0.04327522101490788,-0.03146992798469728,-1.0607035764522545
dc,B,dc_short,2026-04-20,1,0.0,1.0,0.0657970008594535,-0.0343724788915899,3.023320853487398
dc,B,dc_short,2026-04-27,1,0.0,1.0,-0.00115108462697866,0.019359863942363775,-1.164343630980837
dc,B,dc_short,2026-05-04,3,0.0,1.0,0.046501381619997284,-0.10315355857819153,-1.1540032366309074
dc,B,dc_short,2026-05-11,6,0.0,1.0,-0.05801457239227681,0.028832326769086425,0.341749598586276
dc,B,dc_short,2026-05-18,8,0.0,1.0,-0.004974488148291711,-0.0030537852631389306,-0.20105650156907273
dc,B,dc_short,2026-05-25,4,0.0,1.0,-0.04388945071978534,0.020814409663784117,1.466221245053382
dc,B,dc_short,2026-06-01,1,0.0,1.0,-0.14041040555824857,0.039627369943495916,0.6061922648941703
dc,B,dc_short,2026-06-08,4,0.0,1.0,0.037747204144815694,-0.011158809679108317,-0.09431506068883902
dc,B,dc_short,2026-06-15,1,0.0,1.0,-0.03681711840749369,0.016815954112448406,1.4954510774948164
dc,B,dc_short,2026-06-22,5,0.0,1.0,-0.058945398861231735,0.039650684514340284,-1.073153684532708
dc,B,dc_short,2026-06-29,1,0.0,1.0,0.06825650851653009,-0.08194528803827095,-1.1517229044529542
dc,B,dc_short,2026-07-06,1,0.0,1.0,0.0021473429382128373,0.020414068031565202,0.8476056765714124
dc,B,dc_short,2026-07-13,0,,,0.01490036878373524,-0.006019182966351844,
dc,B,dc_short,2026-07-20,2,0.0,1.0,0.010499227202473094,-0.03102904913715887,-1.270400613882988
dc,B,dc_short,2026-07-27,1,0.0,1.0,-0.028045574057844136,0.029581234882072316,9.37855759203897
dc,B,dc_short,2026-08-03,0,,,0.020841693458408805,0.05381284349649862,
dc,B,dc_short,2026-08-10,3,0.0,1.0,-0.030696730851347498,0.011017820796298317,-1.0380663613734988
dc,B,dc_short,2026-08-17,0,,,0.23611932797699686,-0.04990000039508913,
dc,B,dc_short,2026-08-24,0,,,-0.0011000222577602914,0.0034636173886193333,
dc,B,dc_short,2026-08-31,0,,,0.03425931411820171,-0.0024512502653872836,
dc,B,dc_short,2026-09-07,0,,,-0.04366868783475997,0.002734830370614949,
dc,B,dc_short,2026-09-14,0,,,0.05665583675701713,-0.004773356076832047,
dc,B,dc_short,2026-09-21,0,,,0.03593105122602558,-0.003146283748909462,
dc,B,dc_coinflip,2024-10-28,7,0.14285714285714285,0.8571428571428571,0.01100572997668614,0.07478844900000015,-0.026220997565583794
dc,B,dc_coinflip,2024-11-04,2,0.5,0.5,0.16869762958202528,-0.06221609290853103,-0.06172520502152484
dc,B,dc_coinflip,2024-11-11,0,,,0.11794813098878576,0.0,
dc,B,dc_coinflip,2024-11-18,0,,,0.0895726685955931,0.0,
dc,B,dc_coinflip,2024-11-25,0,,,-0.007267973322166554,0.0,
dc,B,dc_coinflip,2024-12-02,0,,,0.0406132262797152,0.0,
dc,B,dc_coinflip,2024-12-09,0,,,0.033249328438705206,0.0,
dc,B,dc_coinflip,2024-12-16,0,,,-0.08916550806206991,0.0,
dc,B,dc_coinflip,2024-12-23,7,0.7142857142857143,0.2857142857142857,-0.015226485301934822,0.00023666180159143124,0.38375204630471443
dc,B,dc_coinflip,2024-12-30,3,0.0,1.0,0.0493866012374653,-0.007914772496930289,-1.1049581753044626
dc,B,dc_coinflip,2025-01-06,2,1.0,0.0,-0.038828092040724016,-0.021844127770284105,-1.1617265612816439
dc,B,dc_coinflip,2025-01-13,9,0.4444444444444444,0.5555555555555556,0.07167424643046005,0.03984217797648926,0.6872432228445423
dc,B,dc_coinflip,2025-01-20,8,0.125,0.875,0.012679764879577782,0.011740154184396445,0.07979212414239473
dc,B,dc_coinflip,2025-01-27,8,0.625,0.375,-0.04784741686125171,-0.020448938065173672,-0.4309305996459643
dc,B,dc_coinflip,2025-02-03,2,0.5,0.5,-0.012659938036005403,-0.007621027347637033,0.09789588041659802
dc,B,dc_coinflip,2025-02-10,9,0.6666666666666666,0.3333333333333333,-0.0036438086352562626,0.049494204064856495,0.475188364580436
dc,B,dc_coinflip,2025-02-17,10,0.5,0.5,0.0016085149328659565,-0.0004346702247869372,-0.001265222500536689
dc,B,dc_coinflip,2025-02-24,1,1.0,0.0,-0.02061949908640559,-0.002853962565240842,0.7114894988027529
dc,B,dc_coinflip,2025-03-03,10,0.5,0.5,-0.14370337844215986,-0.00650113915942796,-0.20909819089751083
dc,B,dc_coinflip,2025-03-10,6,0.6666666666666666,0.3333333333333333,0.022811865588727498,-0.010209974053413173,-0.365420915285263
dc,B,dc_coinflip,2025-03-17,2,0.5,0.5,0.042448168959503985,0.02557158538588067,-0.09403980080593322
dc,B,dc_coinflip,2025-03-24,4,0.75,0.25,-0.04272477614159653,-0.04140148116423714,-0.3818209152018539
dc,B,dc_coinflip,2025-03-31,5,0.8,0.2,-0.04834145193038153,-0.04304829427991275,-0.4733044746876753
dc,B,dc_coinflip,2025-04-07,5,1.0,0.0,0.06815999510328385,0.020419072444959996,1.460106565450991
dc,B,dc_coinflip,2025-04-14,0,,,0.017048886766549254,-0.004608123749150317,
dc,B,dc_coinflip,2025-04-21,0,,,0.09994823524440344,0.04513044203911809,
dc,B,dc_coinflip,2025-04-28,0,,,0.005591838476971089,-0.011040404180278407,
dc,B,dc_coinflip,2025-05-05,1,0.0,1.0,0.10435945326428397,0.013932317412524764,-1.3714492855866918
dc,B,dc_coinflip,2025-05-12,0,,,0.02276439951569187,0.0,
dc,B,dc_coinflip,2025-05-19,0,,,0.023744069150185565,0.0,
dc,B,dc_coinflip,2025-05-26,0,,,-0.030985057203323674,0.0,
dc,B,dc_coinflip,2025-06-02,6,0.5,0.5,0.0008902695433106178,0.019243593085698008,0.1547100242849098
dc,B,dc_coinflip,2025-06-09,6,0.8333333333333334,0.16666666666666666,-0.0013247539742619052,-0.012818314647028317,-0.035314664308494614
dc,B,dc_coinflip,2025-06-16,8,0.5,0.5,-0.043981428842145176,0.00379573108695741,0.18389910153688627
dc,B,dc_coinflip,2025-06-23,7,0.42857142857142855,0.5714285714285714,0.073446305285922,-0.010014369214278007,0.2166453912089308
dc,B,dc_coinflip,2025-06-30,0,,,0.0076928190507141725,0.009154987096178457,
dc,B,dc_coinflip,2025-07-07,0,,,0.09078081765040036,0.01648138817879574,
dc,B,dc_coinflip,2025-07-14,0,,,-0.01465182696346079,0.0,
dc,B,dc_coinflip,2025-07-21,0,,,0.018467133310657635,0.0,
dc,B,dc_coinflip,2025-07-28,0,,,-0.0445250770054908,0.0,
dc,B,dc_coinflip,2025-08-04,4,0.5,0.5,0.04514574801252702,-0.0009773451051954263,-0.02110623243973403
dc,B,dc_coinflip,2025-08-11,0,,,-0.016420800295039673,0.0,
dc,B,dc_coinflip,2025-08-18,2,0.0,1.0,-0.03326632403582874,0.03437614539407452,1.7512681962848595
dc,B,dc_coinflip,2025-08-25,6,0.5,0.5,-0.04622136893176498,0.009726554131893161,0.412731508396928
dc,B,dc_coinflip,2025-09-01,9,0.4444444444444444,0.5555555555555556,0.02661097951288216,0.038125402316568024,0.18205723699820228
dc,B,dc_coinflip,2025-09-08,0,,,0.03733739050585605,0.0031025529066384117,
dc,B,dc_coinflip,2025-09-15,0,,,-0.0004712461727519601,0.0,
dc,B,dc_coinflip,2025-09-22,2,1.0,0.0,-0.026490790738381897,-0.021559632490372627,-1.0838492624347253
dc,B,dc_coinflip,2025-09-29,8,0.625,0.375,0.10090250630791164,0.024486382564739895,-0.1460565978859314
dc,B,dc_coinflip,2025-10-06,8,0.25,0.75,-0.06904882269448387,-0.030163534493130473,-0.28651673316320425
dc,B,dc_coinflip,2025-10-13,6,0.5,0.5,-0.05502413163532949,-0.021716156047552726,0.2352214728458634
dc,B,dc_coinflip,2025-10-20,5,0.2,0.8,0.054516822683801536,-0.05813275355376324,0.5565976074262141
dc,B,dc_coinflip,2025-10-27,2,1.0,0.0,-0.03501489847033057,0.034024969908263536,-1.0412131378032905
dc,B,dc_coinflip,2025-11-03,5,0.8,0.2,-0.05284848989446955,0.049439407182655604,-0.319840804175659
dc,B,dc_coinflip,2025-11-10,1,0.0,1.0,-0.09970265394728794,-0.0064022275946327145,0.814620703599117
dc,B,dc_coinflip,2025-11-17,3,0.3333333333333333,0.6666666666666666,-0.07875348635809831,0.06261725306781529,1.5607060521289065
dc,B,dc_coinflip,2025-11-24,3,0.0,1.0,0.04046592376609803,-0.00829341672598738,-0.4060011648640569
dc,B,dc_coinflip,2025-12-01,1,0.0,1.0,0.00021147852275071877,0.00830504920699382,0.8373775399648281
dc,B,dc_coinflip,2025-12-08,2,1.0,0.0,-0.024586098946594692,-0.01390632872001818,-1.0434650784895094
dc,B,dc_coinflip,2025-12-15,4,0.25,0.75,0.005782242670340665,-0.010485321533215908,-0.6744680627550168
dc,B,dc_coinflip,2025-12-22,0,,,-0.008023776828199214,0.006308505323871838,
dc,B,dc_coinflip,2025-12-29,0,,,0.04067316551590783,-0.03507639931725304,
dc,B,dc_coinflip,2026-01-05,5,0.6,0.4,-0.005756995126174003,-0.05858093914535489,-1.136480525631764
dc,B,dc_coinflip,2026-01-12,8,0.625,0.375,0.02927816011081541,-0.09196676270425685,-1.1017650694249994
dc,B,dc_coinflip,2026-01-19,1,1.0,0.0,-0.07472667615129258,0.007899922075463861,-1.0163003254680487
dc,B,dc_coinflip,2026-01-26,4,0.75,0.25,-0.11176985971194375,-0.0017731293064484621,-0.5427000686466238
dc,B,dc_coinflip,2026-02-02,0,,,-0.08637571088445972,0.011244025574006722,
dc,B,dc_coinflip,2026-02-09,1,0.0,1.0,-0.021386882806710084,-0.0011483683031975334,1.6211386946624926
dc,B,dc_coinflip,2026-02-16,3,0.3333333333333333,0.6666666666666666,-0.017106950052764414,0.007414153549879732,-1.0185169622982093
dc,B,dc_coinflip,2026-02-23,2,0.5,0.5,-0.027799590947608532,-0.0026260492263363577,0.5934694800690765
dc,B,dc_coinflip,2026-03-02,2,0.5,0.5,0.0030803210835428363,0.015881488263596477,0.23237119155026442
dc,B,dc_coinflip,2026-03-09,0,,,0.10360102149754957,-0.020261132713087493,
dc,B,dc_coinflip,2026-03-16,2,1.0,0.0,-0.06792526462024284,-0.029892792371215893,-1.0904246480427005
dc,B,dc_coinflip,2026-03-23,4,0.75,0.25,-0.027281076913324154,-0.0032828423988655597,-0.18574047959796974
dc,B,dc_coinflip,2026-03-30,3,0.3333333333333333,0.6666666666666666,0.04588635412940811,0.00943522447438383,0.24118368402197418
dc,B,dc_coinflip,2026-04-06,3,0.6666666666666666,0.3333333333333333,0.024633375840482197,0.002561188949565363,0.9391479441911189
dc,B,dc_coinflip,2026-04-13,1,0.0,1.0,0.04327522101490788,0.029843122603249617,-1.11626003847866
dc,B,dc_coinflip,2026-04-20,2,0.0,1.0,0.0657970008594535,-0.045051916857112184,-1.1526387148133348
dc,B,dc_coinflip,2026-04-27,4,0.25,0.75,-0.00115108462697866,-0.03311739627671628,-1.1389181335823753
dc,B,dc_coinflip,2026-05-04,6,0.5,0.5,0.046501381619997284,-0.02806666285079029,-0.012482892436870563
dc,B,dc_coinflip,2026-05-11,6,0.3333333333333333,0.6666666666666666,-0.05801457239227681,0.08393832961514769,1.2037630239273656
dc,B,dc_coinflip,2026-05-18,10,0.7,0.3,-0.004974488148291711,0.01582654069000511,-0.20980573096127367
dc,B,dc_coinflip,2026-05-25,7,0.5714285714285714,0.42857142857142855,-0.04388945071978534,0.005816573068263109,0.03735943976963753
dc,B,dc_coinflip,2026-06-01,3,0.6666666666666666,0.3333333333333333,-0.14041040555824857,0.025916162188380554,0.34110118471861234
dc,B,dc_coinflip,2026-06-08,4,0.5,0.5,0.037747204144815694,0.0013635505000091364,-0.09019021621507034
dc,B,dc_coinflip,2026-06-15,1,0.0,1.0,-0.03681711840749369,-0.007217965815937144,-1.01071518248629
dc,B,dc_coinflip,2026-06-22,2,0.0,1.0,-0.058945398861231735,0.0008165581172061565,-1.0172870586385816
dc,B,dc_coinflip,2026-06-29,0,,,0.06825650851653009,-0.020098990939478978,
dc,B,dc_coinflip,2026-07-06,0,,,0.0021473429382128373,-0.001319061354369433,
dc,B,dc_coinflip,2026-07-13,1,1.0,0.0,0.01490036878373524,-0.004617312045569921,-1.0300344471854874
dc,B,dc_coinflip,2026-07-20,0,,,0.010499227202473094,-0.004540709148480149,
dc,B,dc_coinflip,2026-07-27,4,0.5,0.5,-0.028045574057844136,-0.024757207348539922,-0.7729871458049227
dc,B,dc_coinflip,2026-08-03,1,1.0,0.0,0.020841693458408805,-0.007779702841591907,-1.0866905138470073
dc,B,dc_coinflip,2026-08-10,1,0.0,1.0,-0.030696730851347498,-0.013867530281942875,-1.0738652271821536
dc,B,dc_coinflip,2026-08-17,1,1.0,0.0,0.23611932797699686,-0.005773759173576809,1.182664733998466
dc,B,dc_coinflip,2026-08-24,0,,,-0.0011000222577602914,0.004066821057240988,
dc,B,dc_coinflip,2026-08-31,0,,,0.03425931411820171,-0.002876417215730731,
dc,B,dc_coinflip,2026-09-07,0,,,-0.04366868783475997,0.003210552068390937,
dc,B,dc_coinflip,2026-09-14,0,,,0.05665583675701713,-0.005601020825263148,
dc,B,dc_coinflip,2026-09-21,0,,,0.03593105122602558,-0.0036948982397555508,
xsec,A,xsec_mom,2021-12-27,0,,,-0.06830743170044717,0.0,
xsec,A,xsec_mom,2022-01-03,3,1.0,0.0,-0.11524467718509712,0.004024999000000085,-1.009529118658124
xsec,A,xsec_mom,2022-01-10,1,1.0,0.0,0.029130296607638106,0.03490658901412469,-1.0081771900752565
xsec,A,xsec_mom,2022-01-17,0,,,-0.1581276556223734,-0.07648989978113041,
xsec,A,xsec_mom,2022-01-24,3,1.0,0.0,0.04516721550197755,-0.005398198129979992,0.01893505954469042
xsec,A,xsec_mom,2022-01-31,1,1.0,0.0,0.1180801291946707,0.02010161474131955,-1.0181358673979615
xsec,A,xsec_mom,2022-02-07,2,1.0,0.0,-0.007259665196324816,0.008153034147409643,-0.05908117030336263
xsec,A,xsec_mom,2022-02-14,1,1.0,0.0,-0.08734413446337086,-0.01542551599657127,-0.5899809648830541
xsec,A,xsec_mom,2022-02-21,0,,,-0.018239362325635833,-0.01985735110687581,
xsec,A,xsec_mom,2022-02-28,1,1.0,0.0,0.019262761579546428,0.00030441485113663624,0.6925864516792636
xsec,A,xsec_mom,2022-03-07,1,1.0,0.0,-0.01703748246141512,-0.005358001373040877,0.8399704560390556
xsec,A,xsec_mom,2022-03-14,1,1.0,0.0,0.09274697569966728,0.014371412716088772,0.7525180061817884
xsec,A,xsec_mom,2022-03-21,1,1.0,0.0,0.13471875530135957,0.01964755744297708,0.33263250605293054
xsec,A,xsec_mom,2022-03-28,2,1.0,0.0,-0.008878324032130402,0.027995670094584257,0.02720530841287183
xsec,A,xsec_mom,2022-04-04,1,1.0,0.0,-0.09177437497575747,-0.024883287932496945,-1.008217787558267
xsec,A,xsec_mom,2022-04-11,2,1.0,0.0,-0.058701269120442046,-0.0113425700116081,-1.0095068287961406
xsec,A,xsec_mom,2022-04-18,0,,,-0.005517578617303176,-0.00977212437178232,
xsec,A,xsec_mom,2022-04-25,1,1.0,0.0,-0.02495798936998006,-0.02301341382503319,-1.0278865440447622
xsec,A,xsec_mom,2022-05-02,2,1.0,0.0,-0.11487512217439222,-0.02000684443812284,-1.0120698739513758
xsec,A,xsec_mom,2022-05-09,2,1.0,0.0,-0.08016058548504568,-0.026480534130489786,-1.0162220386167753
xsec,A,xsec_mom,2022-05-16,3,1.0,0.0,-0.0326427401511451,-0.009528005636089465,-0.8062787596003306
xsec,A,xsec_mom,2022-05-23,1,1.0,0.0,-0.02744360281862135,-0.019376263427056117,-1.0187349125585676
xsec,A,xsec_mom,2022-05-30,2,1.0,0.0,0.0155054807072319,0.0026795715453504787,0.06562982782125536
xsec,A,xsec_mom,2022-06-06,2,1.0,0.0,-0.11172006322705275,-0.027285637512963423,-1.0110838703038365
xsec,A,xsec_mom,2022-06-13,3,1.0,0.0,-0.22609176548486132,-0.009019617982879424,-0.2776119461000314
xsec,A,xsec_mom,2022-06-20,1,1.0,0.0,0.022701751486308375,0.006128505599175771,-0.09347059216836752
xsec,A,xsec_mom,2022-06-27,2,1.0,0.0,-0.08187051112030064,-0.01748112344879682,-0.5527100393809545
xsec,A,xsec_mom,2022-07-04,1,1.0,0.0,0.08003334075389446,0.0035011290047526344,-0.04684411928003795
xsec,A,xsec_mom,2022-07-11,1,1.0,0.0,-0.0029288261686543082,-0.013917810852462464,-1.011268702357202
xsec,A,xsec_mom,2022-07-18,3,1.0,0.0,0.08579601451888164,0.025858852670994414,1.3491075952096285
xsec,A,xsec_mom,2022-07-25,1,1.0,0.0,0.03164918463943045,-0.007576069448760325,-1.008232756811692
xsec,A,xsec_mom,2022-08-01,1,1.0,0.0,-0.005218906518912214,0.015724586234716842,-0.3877724093788066
xsec,A,xsec_mom,2022-08-08,1,1.0,0.0,0.04864032306079391,0.011861731245740081,-1.0096002162849653
xsec,A,xsec_mom,2022-08-15,1,1.0,0.0,-0.1148002320443352,-0.03940370485348166,-1.0141296404253137
xsec,A,xsec_mom,2022-08-22,3,1.0,0.0,-0.09097669576210532,-0.024950644110628195,-0.7830565268792024
xsec,A,xsec_mom,2022-08-29,2,1.0,0.0,0.022783515696901402,0.007090292231834772,1.222843177093551
xsec,A,xsec_mom,2022-09-05,1,1.0,0.0,0.0913285608590455,0.01989810459509611,-1.0119942597739915
xsec,A,xsec_mom,2022-09-12,2,1.0,0.0,-0.11054258949634688,-0.03132903486785321,-1.0109450441397398
xsec,A,xsec_mom,2022-09-19,3,1.0,0.0,-0.031173232117750582,0.018995768446975037,0.2559419187473102
xsec,A,xsec_mom,2022-09-26,1,1.0,0.0,0.012981075908994333,-0.012789528490670277,-1.0105905644305695
xsec,A,xsec_mom,2022-10-03,1,1.0,0.0,0.02026637000031495,0.017547093536032232,-0.09925516470088037
xsec,A,xsec_mom,2022-10-10,0,,,-0.009314693659219109,-0.024248184325516453,
xsec,A,xsec_mom,2022-10-17,2,1.0,0.0,0.016094448453634946,0.010159642570758853,0.379947137773902
xsec,A,xsec_mom,2022-10-24,0,,,0.05386458743159639,0.04181492006128362,
xsec,A,xsec_mom,2022-10-31,2,1.0,0.0,0.013808150105451888,-0.003667326047118058,-0.7761527862719786
xsec,A,xsec_mom,2022-11-07,0,,,-0.21882038995136366,-0.05585201885043045,
xsec,A,xsec_mom,2022-11-14,2,1.0,0.0,-0.0027793592781013565,-0.009807790071807543,-0.4361741276036123
xsec,A,xsec_mom,2022-11-21,2,1.0,0.0,0.00845340192641797,-0.0015218861983540277,-0.27884976884328855
xsec,A,xsec_mom,2022-11-28,2,1.0,0.0,0.04129786327387852,0.006851812994421058,-1.008849441998334
xsec,A,xsec_mom,2022-12-05,0,,,-0.0010815298092999859,-0.01579326487260957,
xsec,A,xsec_mom,2022-12-12,1,1.0,0.0,-0.020594724613592907,-0.025716770215024276,-1.034278708167065
xsec,A,xsec_mom,2022-12-19,3,1.0,0.0,0.00596354944726607,0.0037615406847888444,0.5834633106989066
xsec,A,xsec_mom,2022-12-26,1,1.0,0.0,-0.013062228241499607,-0.011772637171428402,-1.0427452189845312
xsec,A,xsec_mom,2023-01-02,0,,,0.030996274428374493,0.01568287749403363,
xsec,A,xsec_mom,2023-01-09,3,1.0,0.0,0.2185418478800225,0.08961476084522557,3.327503109777297
xsec,A,xsec_mom,2023-01-16,1,1.0,0.0,0.08814046518312679,0.01404122627311466,0.6718904574750786
xsec,A,xsec_mom,2023-01-23,0,,,0.04529064468835453,0.024242730093200437,
xsec,A,xsec_mom,2023-01-30,0,,,-0.033948277314463815,-0.021322361586818883,
xsec,A,xsec_mom,2023-02-06,2,1.0,0.0,-0.050196198116498,-0.02586815838414913,-1.0266403207459511
xsec,A,xsec_mom,2023-02-13,2,1.0,0.0,0.114383030291902,0.013293479164668831,-1.0201473181490561
xsec,A,xsec_mom,2023-02-20,2,1.0,0.0,-0.029715980474944947,-0.015215825853876708,-1.0196890486920247
xsec,A,xsec_mom,2023-02-27,0,,,-0.04760752448514327,-0.022128606281971108,
xsec,A,xsec_mom,2023-03-06,2,1.0,0.0,-0.01955985860557996,-0.03329285512487545,-1.0373012324966988
xsec,A,xsec_mom,2023-03-13,3,1.0,0.0,0.2714265579748032,0.032840209533203435,0.7783157825538504
xsec,A,xsec_mom,2023-03-20,1,1.0,0.0,-1.787955615795145e-05,-0.003257441673179984,0.09428580818370434
xsec,A,xsec_mom,2023-03-27,1,1.0,0.0,0.007405844573815212,0.004936172849425047,1.0532618857645204
xsec,A,xsec_mom,2023-04-03,1,1.0,0.0,0.005466517579823638,0.0006152056902364311,0.17446080791800603
xsec,A,xsec_mom,2023-04-10,1,1.0,0.0,0.06998287761910649,0.02964328689224982,-1.0181865195878572
xsec,A,xsec_mom,2023-04-17,1,1.0,0.0,-0.08963039217627145,-0.04704093503246354,-1.0132718356707715
xsec,A,xsec_mom,2023-04-24,3,1.0,0.0,0.05996817837506763,0.008242345855119515,-0.3117680230987842
xsec,A,xsec_mom,2023-05-01,1,1.0,0.0,-0.02783296120139922,-0.02224260131740985,-1.032196746923555
xsec,A,xsec_mom,2023-05-08,2,1.0,0.0,-0.05332039012517631,-0.019908354149997698,-1.0193891145577383
xsec,A,xsec_mom,2023-05-15,2,1.0,0.0,-0.0062490944014504946,-0.008850176283448197,-0.4739427988673149
xsec,A,xsec_mom,2023-05-22,2,1.0,0.0,0.049652867349342156,0.004020335697759947,0.07263008405294957
xsec,A,xsec_mom,2023-05-29,1,1.0,0.0,-0.03416821604371023,0.016539950934881142,-0.23571255478826017
xsec,A,xsec_mom,2023-06-05,1,1.0,0.0,-0.04397322663323078,-0.02307559684011995,-1.021475589126906
xsec,A,xsec_mom,2023-06-12,1,1.0,0.0,0.01646730262574203,-0.014002075069482589,2.946686009613784
xsec,A,xsec_mom,2023-06-19,1,1.0,0.0,0.1565519335129597,0.04452899473868177,2.0238393040714007
xsec,A,xsec_mom,2023-06-26,1,1.0,0.0,0.004744670448840749,0.009167944785217985,0.5632031043266249
xsec,A,xsec_mom,2023-07-03,2,1.0,0.0,-0.01493097851467462,-0.006094559196304528,0.434042748542716
xsec,A,xsec_mom,2023-07-10,1,1.0,0.0,0.002224528158017769,0.029971944225378966,0.41609307548275504
xsec,A,xsec_mom,2023-07-17,2,1.0,0.0,-0.0049287481641240305,-0.008600765262461119,-0.31267749994429994
xsec,A,xsec_mom,2023-07-24,1,1.0,0.0,-0.026534316430532723,-0.00761971009138751,-1.0141338546318879
xsec,A,xsec_mom,2023-07-31,1,1.0,0.0,-0.006652187572566137,-0.015447088198802916,-1.0148097351688845
xsec,A,xsec_mom,2023-08-07,2,1.0,0.0,0.007535546327108733,0.0015645918597744224,-0.25769405954883023
xsec,A,xsec_mom,2023-08-14,1,1.0,0.0,-0.10644192711887535,-0.022350694074185884,-1.0256910646737682
xsec,A,xsec_mom,2023-08-21,3,1.0,0.0,-0.0032877151716027564,-0.021454830392718782,-0.7230020961360584
xsec,A,xsec_mom,2023-08-28,3,1.0,0.0,-0.004995728345777883,-0.031342546181986286,-1.0372706649492216
xsec,A,xsec_mom,2023-09-04,3,1.0,0.0,-0.005151721668418707,-0.0077063152679668345,-0.8112307245389316
xsec,A,xsec_mom,2023-09-11,1,1.0,0.0,0.02670087970864743,-0.022474566880767766,-0.5838516995274267
xsec,A,xsec_mom,2023-09-18,3,1.0,0.0,-0.010799909529553675,0.005451637783900454,8.235740655736775
xsec,A,xsec_mom,2023-09-25,1,1.0,0.0,0.06720652401730076,0.058195242299505345,0.9675911490971993
xsec,A,xsec_mom,2023-10-02,2,1.0,0.0,-0.0031815633581026015,-0.021260593145382423,6.485834659631995
xsec,A,xsec_mom,2023-10-09,1,1.0,0.0,-0.027407221664994985,-0.015388125007757436,-0.01301705495773852
xsec,A,xsec_mom,2023-10-16,0,,,0.10492838174793451,0.09197897186485182,
xsec,A,xsec_mom,2023-10-23,1,1.0,0.0,0.15082767218448123,0.05821865528585457,3.2116759313207734
xsec,A,xsec_mom,2023-10-30,0,,,0.014346292209033606,0.04712474380316012,
xsec,A,xsec_mom,2023-11-06,1,1.0,0.0,0.05856670064734626,0.09962884673571648,-1.0091095385031759
xsec,A,xsec_mom,2023-11-13,2,1.0,0.0,0.008114181204124993,0.02438287823737939,1.9817226370448746
xsec,A,xsec_mom,2023-11-20,0,,,0.0020951682690377726,-0.014506218114263225,
xsec,A,xsec_mom,2023-11-27,1,1.0,0.0,0.06778104138851804,0.011395541247948282,-0.1680061833439574
xsec,A,xsec_mom,2023-12-04,1,1.0,0.0,0.09502005581618667,0.08098179442632136,6.9319058354524525
xsec,A,xsec_mom,2023-12-11,1,1.0,0.0,-0.05499667717941625,-0.007582144220928955,-0.025484050466663317
xsec,A,xsec_mom,2023-12-18,0,,,0.03885219635620185,0.08773614318358036,
xsec,A,xsec_mom,2023-12-25,1,1.0,0.0,-0.016048814076617512,-0.02496374038533089,-1.0053411345698628
xsec,A,xsec_mom,2024-01-01,1,1.0,0.0,0.03871368892398408,-0.029980007745454507,0.23042446471452285
xsec,A,xsec_mom,2024-01-08,1,1.0,0.0,-0.04994628452812311,0.024367038302022692,3.893139464465244
xsec,A,xsec_mom,2024-01-15,1,1.0,0.0,-0.003701414443422313,-0.0026898340842475,-1.0150698188586373
xsec,A,xsec_mom,2024-01-22,1,1.0,0.0,0.01082808521075429,-0.0012235014883001938,1.4069678506808794
xsec,A,xsec_mom,2024-01-29,1,1.0,0.0,0.013169476123187751,0.021146254093801886,-0.06234682759426345
xsec,A,xsec_mom,2024-02-05,1,1.0,0.0,0.1343877229973094,0.05080541135268746,3.203964979396724
xsec,A,xsec_mom,2024-02-12,1,1.0,0.0,0.0797018657195252,0.005074827509987889,0.09599637405318613
xsec,A,xsec_mom,2024-02-19,1,1.0,0.0,-0.008085958841741125,-0.0011311395799147306,4.759375251790602
xsec,A,xsec_mom,2024-02-26,2,1.0,0.0,0.22038084599373442,0.038726587512355914,3.0107405061157904
xsec,A,xsec_mom,2024-03-04,1,1.0,0.0,0.09188101188044162,0.04114023805389144,0.4177010435081848
xsec,A,xsec_mom,2024-03-11,1,1.0,0.0,-0.007821870780316154,0.032866390605027496,0.6317700096629296
xsec,A,xsec_mom,2024-03-18,1,1.0,0.0,-0.017296121528935005,-0.015427292498768508,-0.46725389881541174
xsec,A,xsec_mom,2024-03-25,1,1.0,0.0,0.06106192320736881,0.013851971319746248,0.6134445327535099
xsec,A,xsec_mom,2024-04-01,2,1.0,0.0,-0.027581624026883578,-0.02521596155547501,-1.0131731091400593
xsec,A,xsec_mom,2024-04-08,3,1.0,0.0,-0.05336153292763979,-0.030609891716334436,-1.019086803539101
xsec,A,xsec_mom,2024-04-15,3,1.0,0.0,-0.0110186502267694,-0.0007701239343110844,-0.09688634861438135
xsec,A,xsec_mom,2024-04-22,1,1.0,0.0,-0.027917441124520548,0.005514087173353888,1.305015578430702
xsec,A,xsec_mom,2024-04-29,1,1.0,0.0,0.014019801980198032,-0.0065647577909457855,-1.017378057057992
xsec,A,xsec_mom,2024-05-06,1,1.0,0.0,-0.03965161693485386,-0.01590324850462954,-1.0281228865443781
xsec,A,xsec_mom,2024-05-13,1,1.0,0.0,0.07808933838062582,0.02620854136136752,1.411078375718801
xsec,A,xsec_mom,2024-05-20,1,1.0,0.0,0.033843753489396944,-0.0018356102245152828,-0.11628588416576602
xsec,A,xsec_mom,2024-05-27,2,1.0,0.0,-0.010920220506136724,-0.0014179527686224436,-1.014738085267144
xsec,A,xsec_mom,2024-06-03,0,,,0.02765804544696615,-0.022621980245101425,
xsec,A,xsec_mom,2024-06-10,3,1.0,0.0,-0.042490652085259706,-0.021415097305877984,-0.712553645449732
xsec,A,xsec_mom,2024-06-17,3,1.0,0.0,-0.05216242439875174,-0.031019554540884342,-1.0328147559163308
xsec,A,xsec_mom,2024-06-24,2,1.0,0.0,-0.006866675737851158,-0.02468715571849045,-1.0458808905281334
xsec,A,xsec_random,2021-12-27,0,,,-0.06830743170044717,0.0,
xsec,A,xsec_random,2022-01-03,3,1.0,0.0,-0.11524467718509712,-0.030489720499999984,-1.0164345458151303
xsec,A,xsec_random,2022-01-10,3,1.0,0.0,0.029130296607638106,0.033275701333087326,0.6729999045501707
xsec,A,xsec_random,2022-01-17,2,1.0,0.0,-0.1581276556223734,-0.03292814881619299,-1.0131531468855797
xsec,A,xsec_random,2022-01-24,3,1.0,0.0,0.04516721550197755,0.000116230647111637,-0.0013265759340218657
xsec,A,xsec_random,2022-01-31,3,1.0,0.0,0.1180801291946707,0.027873324920800746,0.9276406582810223
xsec,A,xsec_random,2022-02-07,3,1.0,0.0,-0.007259665196324816,0.007773040686116284,-0.04657612721423784
xsec,A,xsec_random,2022-02-14,2,1.0,0.0,-0.08734413446337086,-0.02002492751581475,-0.8271060958344204
xsec,A,xsec_random,2022-02-21,2,1.0,0.0,-0.018239362325635833,-0.026112466499751408,-1.0091836088296446
xsec,A,xsec_random,2022-02-28,3,1.0,0.0,0.019262761579546428,-0.0023119113379544975,-0.08094777947225927
xsec,A,xsec_random,2022-03-07,3,1.0,0.0,-0.01703748246141512,-0.012213878451957094,-0.41223441686918855
xsec,A,xsec_random,2022-03-14,3,1.0,0.0,0.09274697569966728,0.03885052982464976,1.5229264990833222
xsec,A,xsec_random,2022-03-21,2,1.0,0.0,0.13471875530135957,0.0504314455615138,2.1864257328121197
xsec,A,xsec_random,2022-03-28,3,1.0,0.0,-0.008878324032130402,0.005816045012215332,-0.13727999293227752
xsec,A,xsec_random,2022-04-04,2,1.0,0.0,-0.09177437497575747,-0.03055324225673317,-1.0146037897181335
xsec,A,xsec_random,2022-04-11,3,1.0,0.0,-0.058701269120442046,-0.017226662220285904,-0.5776179480381051
xsec,A,xsec_random,2022-04-18,3,1.0,0.0,-0.005517578617303176,-0.016196952015977817,-0.6367507929949688
xsec,A,xsec_random,2022-04-25,2,1.0,0.0,-0.02495798936998006,-0.017987889521898448,-0.7571231676153545
xsec,A,xsec_random,2022-05-02,3,1.0,0.0,-0.11487512217439222,-0.01778838050169884,-0.8347229496791804
xsec,A,xsec_random,2022-05-09,1,1.0,0.0,-0.08016058548504568,-0.017731917471059067,-1.0141517232701358
xsec,A,xsec_random,2022-05-16,3,1.0,0.0,-0.0326427401511451,-0.009683064119721974,-0.5458460771502393
xsec,A,xsec_random,2022-05-23,2,1.0,0.0,-0.02744360281862135,-0.027027586255236824,-1.0137241789685971
xsec,A,xsec_random,2022-05-30,3,1.0,0.0,0.0155054807072319,0.010763780898155995,0.35128193771234484
xsec,A,xsec_random,2022-06-06,3,1.0,0.0,-0.11172006322705275,-0.03063314446423604,-1.0140230335502622
xsec,A,xsec_random,2022-06-13,3,1.0,0.0,-0.22609176548486132,-0.008877196056615633,-0.2976893154973759
xsec,A,xsec_random,2022-06-20,3,1.0,0.0,0.022701751486308375,0.016490691838106253,0.5463842960941527
xsec,A,xsec_random,2022-06-27,3,1.0,0.0,-0.08187051112030064,-0.017850334211632735,-0.39414198343824336
xsec,A,xsec_random,2022-07-04,2,1.0,0.0,0.08003334075389446,0.007438915794607315,-0.1942833924235925
xsec,A,xsec_random,2022-07-11,1,1.0,0.0,-0.0029288261686543082,-0.02054537698781489,-1.0173475302126394
xsec,A,xsec_random,2022-07-18,2,1.0,0.0,0.08579601451888164,0.025118641962048605,1.1176610949162806
xsec,A,xsec_random,2022-07-25,2,1.0,0.0,0.03164918463943045,0.009170145728460977,0.4223144897589449
xsec,A,xsec_random,2022-08-01,2,1.0,0.0,-0.005218906518912214,0.01073236007159628,0.026866737377630685
xsec,A,xsec_random,2022-08-08,2,1.0,0.0,0.04864032306079391,0.01995527351635773,0.6438676354668605
xsec,A,xsec_random,2022-08-15,2,1.0,0.0,-0.1148002320443352,-0.03541643919051729,-1.010563305421879
xsec,A,xsec_random,2022-08-22,3,1.0,0.0,-0.09097669576210532,-0.023874930389952143,-0.6974586766029852
xsec,A,xsec_random,2022-08-29,2,1.0,0.0,0.022783515696901402,0.023846709828098778,0.9203705663749894
xsec,A,xsec_random,2022-09-05,1,1.0,0.0,0.0913285608590455,0.018107754139772503,1.0083187236450346
xsec,A,xsec_random,2022-09-12,2,1.0,0.0,-0.11054258949634688,-0.030501258941968756,-1.0159980507146649
xsec,A,xsec_random,2022-09-19,3,1.0,0.0,-0.031173232117750582,0.012154920046888451,0.28255550082914543
xsec,A,xsec_random,2022-09-26,2,1.0,0.0,0.012981075908994333,-0.008303515781391435,-0.24255918700257695
xsec,A,xsec_random,2022-10-03,3,1.0,0.0,0.02026637000031495,0.013357623047864253,0.06444341560270495
xsec,A,xsec_random,2022-10-10,2,1.0,0.0,-0.009314693659219109,-0.03200952690700154,-1.0244400532761122
xsec,A,xsec_random,2022-10-17,3,1.0,0.0,0.016094448453634946,0.0147865581404647,0.46950767874422644
xsec,A,xsec_random,2022-10-24,3,1.0,0.0,0.05386458743159639,0.039950060397209386,1.2585081179918884
xsec,A,xsec_random,2022-10-31,1,1.0,0.0,0.013808150105451888,-0.0027035391769600903,-1.0107340021146431
xsec,A,xsec_random,2022-11-07,2,1.0,0.0,-0.21882038995136366,-0.030509725188714754,-1.0139835947996714
xsec,A,xsec_random,2022-11-14,3,1.0,0.0,-0.0027793592781013565,-0.003545566544411849,0.140457883608332
xsec,A,xsec_random,2022-11-21,2,1.0,0.0,0.00845340192641797,0.032206212255577515,1.4554012404798295
xsec,A,xsec_random,2022-11-28,2,1.0,0.0,0.04129786327387852,0.016883674469536203,0.3630483233050243
xsec,A,xsec_random,2022-12-05,2,1.0,0.0,-0.0010815298092999859,-0.015649732317781107,-0.6921203914442917
xsec,A,xsec_random,2022-12-12,2,1.0,0.0,-0.020594724613592907,-0.02377423308001736,-1.027020919616073
xsec,A,xsec_random,2022-12-19,3,1.0,0.0,0.00596354944726607,0.006443717937351989,0.19669968942727034
xsec,A,xsec_random,2022-12-26,3,1.0,0.0,-0.013062228241499607,-0.027099577227573723,-1.0390089252738963
xsec,A,xsec_random,2023-01-02,2,1.0,0.0,0.030996274428374493,0.0577099474686833,5.168850975868355
xsec,A,xsec_random,2023-01-09,2,1.0,0.0,0.2185418478800225,0.1491838216897805,5.480905209740257
xsec,A,xsec_random,2023-01-16,3,1.0,0.0,0.08814046518312679,0.0035015959431956567,0.13652710767555312
xsec,A,xsec_random,2023-01-23,3,1.0,0.0,0.04529064468835453,0.00721536783402188,0.13635677669603838
xsec,A,xsec_random,2023-01-30,2,1.0,0.0,-0.033948277314463815,-0.018646505151522108,-0.8845530971745716
xsec,A,xsec_random,2023-02-06,2,1.0,0.0,-0.050196198116498,-0.022829563922764917,-1.0266403207297938
xsec,A,xsec_random,2023-02-13,3,1.0,0.0,0.114383030291902,0.0556138585338839,1.368065462037766
xsec,A,xsec_random,2023-02-20,2,1.0,0.0,-0.029715980474944947,-0.026146288380074267,-1.0137808047706687
xsec,A,xsec_random,2023-02-27,2,1.0,0.0,-0.04760752448514327,-0.02849560446853283,-1.0178267443219056
xsec,A,xsec_random,2023-03-06,3,1.0,0.0,-0.01955985860557996,-0.01884438078686035,-0.6290264171624101
xsec,A,xsec_random,2023-03-13,3,1.0,0.0,0.2714265579748032,0.050038221501971236,1.4833990527153202
xsec,A,xsec_random,2023-03-20,2,1.0,0.0,-1.787955615795145e-05,0.006612730526946997,0.5865819675326636
xsec,A,xsec_random,2023-03-27,3,1.0,0.0,0.007405844573815212,-0.009903740252619753,-0.26489132782046093
xsec,A,xsec_random,2023-04-03,2,1.0,0.0,0.005466517579823638,0.007054365095853221,0.25491786510651493
xsec,A,xsec_random,2023-04-10,3,1.0,0.0,0.06998287761910649,0.07945680209864237,2.627022010770989
xsec,A,xsec_random,2023-04-17,3,1.0,0.0,-0.08963039217627145,-0.03142138590991295,-1.0198885814405882
xsec,A,xsec_random,2023-04-24,3,1.0,0.0,0.05996817837506763,0.01568920092199244,0.3529592420045659
xsec,A,xsec_random,2023-05-01,2,1.0,0.0,-0.02783296120139922,-0.017583657184719548,-1.0208683525491353
xsec,A,xsec_random,2023-05-08,1,1.0,0.0,-0.05332039012517631,-0.018225469568622588,-1.02387332117984
xsec,A,xsec_random,2023-05-15,3,1.0,0.0,-0.0062490944014504946,-0.01170970860727294,-0.4958950550624181
xsec,A,xsec_random,2023-05-22,2,1.0,0.0,0.049652867349342156,0.02739247142395107,1.3147439086152886
xsec,A,xsec_random,2023-05-29,2,1.0,0.0,-0.03416821604371023,-0.017005689594096096,-1.0302369945696022
xsec,A,xsec_random,2023-06-05,2,1.0,0.0,-0.04397322663323078,-0.02879316071012894,-1.0436539873911395
xsec,A,xsec_random,2023-06-12,3,1.0,0.0,0.01646730262574203,-0.0025591885862639163,-0.09220327485011565
xsec,A,xsec_random,2023-06-19,3,1.0,0.0,0.1565519335129597,0.011231125207873616,0.2102925102558609
xsec,A,xsec_random,2023-06-26,2,1.0,0.0,0.004744670448840749,-0.0007757032595354652,0.02166648474328163
xsec,A,xsec_random,2023-07-03,2,1.0,0.0,-0.01493097851467462,-0.0004985426187054109,0.1544960366771912
xsec,A,xsec_random,2023-07-10,3,1.0,0.0,0.002224528158017769,0.029147672116453638,0.8175017769611862
xsec,A,xsec_random,2023-07-17,1,1.0,0.0,-0.0049287481641240305,0.012648427994266465,1.6909529868270117
xsec,A,xsec_random,2023-07-24,3,1.0,0.0,-0.026534316430532723,-0.009821368201146985,-0.3266223119584056
xsec,A,xsec_random,2023-07-31,3,1.0,0.0,-0.006652187572566137,-0.0318854126704059,-1.0476132017000248
xsec,A,xsec_random,2023-08-07,3,1.0,0.0,0.007535546327108733,-0.0041763534769238,-0.4960002199710937
xsec,A,xsec_random,2023-08-14,2,1.0,0.0,-0.10644192711887535,-0.03225428341171077,-1.076583902021195
xsec,A,xsec_random,2023-08-21,3,1.0,0.0,-0.0032877151716027564,-0.022299121126564292,-0.7471788113575885
xsec,A,xsec_random,2023-08-28,2,1.0,0.0,-0.004995728345777883,-0.020510448207641252,-1.0268545490366
xsec,A,xsec_random,2023-09-04,3,1.0,0.0,-0.005151721668418707,-0.002504779586444683,-0.6021507085924859
xsec,A,xsec_random,2023-09-11,1,1.0,0.0,0.02670087970864743,-0.015354091297201777,0.002735013357020945
xsec,A,xsec_random,2023-09-18,3,1.0,0.0,-0.010799909529553675,-0.012448372880218161,0.09907852561589525
xsec,A,xsec_random,2023-09-25,2,1.0,0.0,0.06720652401730076,0.055014802733893475,1.8662041716078024
xsec,A,xsec_random,2023-10-02,2,1.0,0.0,-0.0031815633581026015,-0.023597297202483714,-0.731422085021852
xsec,A,xsec_random,2023-10-09,2,1.0,0.0,-0.027407221664994985,-0.029253349144581442,-1.0399572739240042
xsec,A,xsec_random,2023-10-16,2,1.0,0.0,0.10492838174793451,0.07783766290140326,3.0661701766807252
xsec,A,xsec_random,2023-10-23,3,1.0,0.0,0.15082767218448123,0.039102515921515923,1.6429721726453144
xsec,A,xsec_random,2023-10-30,2,1.0,0.0,0.014346292209033606,0.04144596768751474,2.398597127607725
xsec,A,xsec_random,2023-11-06,2,1.0,0.0,0.05856670064734626,0.08271349609367395,2.9274232191475322
xsec,A,xsec_random,2023-11-13,1,1.0,0.0,0.008114181204124993,-0.0184282909347403,-1.012937819357924
xsec,A,xsec_random,2023-11-20,3,1.0,0.0,0.0020951682690377726,-0.017192869312667725,-0.07139037592530384
xsec,A,xsec_random,2023-11-27,2,1.0,0.0,0.06778104138851804,0.03380970493007762,2.8859097450768143
xsec,A,xsec_random,2023-12-04,1,1.0,0.0,0.09502005581618667,0.04988765988903121,1.1640146192550294
xsec,A,xsec_random,2023-12-11,3,1.0,0.0,-0.05499667717941625,-0.015896342451124923,-0.6589335187926791
xsec,A,xsec_random,2023-12-18,2,1.0,0.0,0.03885219635620185,0.010300423486739874,0.4589751612977737
xsec,A,xsec_random,2023-12-25,2,1.0,0.0,-0.016048814076617512,-0.006696440727217312,-0.7004978096399909
xsec,A,xsec_random,2024-01-01,1,1.0,0.0,0.03871368892398408,-0.013532232113304565,-1.0074612687585904
xsec,A,xsec_random,2024-01-08,2,1.0,0.0,-0.04994628452812311,-0.0032215818392486995,0.3012503532331225
xsec,A,xsec_random,2024-01-15,3,1.0,0.0,-0.003701414443422313,0.008073527068567898,0.27138084054020467
xsec,A,xsec_random,2024-01-22,3,1.0,0.0,0.01082808521075429,-0.024737734448397886,-0.817822709169949
xsec,A,xsec_random,2024-01-29,3,1.0,0.0,0.013169476123187751,0.005894437860407109,0.18040583767421267
xsec,A,xsec_random,2024-02-05,3,1.0,0.0,0.1343877229973094,0.03153311165931738,1.0572930580988145
xsec,A,xsec_random,2024-02-12,3,1.0,0.0,0.0797018657195252,0.03103315610376045,1.0335707704059915
xsec,A,xsec_random,2024-02-19,3,1.0,0.0,-0.008085958841741125,0.010142451695049015,0.3377448903833377
xsec,A,xsec_random,2024-02-26,3,1.0,0.0,0.22038084599373442,0.0930171409799696,3.0985618711702347
xsec,A,xsec_random,2024-03-04,3,1.0,0.0,0.09188101188044162,-0.030871884859526633,-1.0135270171528672
xsec,A,xsec_random,2024-03-11,3,1.0,0.0,-0.007821870780316154,-0.015465639543058018,-0.813845452468437
xsec,A,xsec_random,2024-03-18,2,1.0,0.0,-0.017296121528935005,-0.02403382183508951,-0.7487730385316296
xsec,A,xsec_random,2024-03-25,3,1.0,0.0,0.06106192320736881,0.012046109155442464,0.26633496202179596
xsec,A,xsec_random,2024-04-01,2,1.0,0.0,-0.027581624026883578,-0.024404840739955747,-1.022083995821855
xsec,A,xsec_random,2024-04-08,3,1.0,0.0,-0.05336153292763979,-0.030549094292340206,-1.0161828576378926
xsec,A,xsec_random,2024-04-15,3,1.0,0.0,-0.0110186502267694,0.0031121469963224513,0.10042325616776299
xsec,A,xsec_random,2024-04-22,3,1.0,0.0,-0.027917441124520548,-0.0080338529981282,-0.2725635058527304
xsec,A,xsec_random,2024-04-29,3,1.0,0.0,0.014019801980198032,-0.030775300032262476,-1.018050978644218
xsec,A,xsec_random,2024-05-06,3,1.0,0.0,-0.03965161693485386,-0.02227041384673034,-0.9070557006010334
xsec,A,xsec_random,2024-05-13,2,1.0,0.0,0.07808933838062582,0.009641658769309114,0.7148589645020293
xsec,A,xsec_random,2024-05-20,3,1.0,0.0,0.033843753489396944,0.0005306286459800802,-0.1626381239085737
xsec,A,xsec_random,2024-05-27,2,1.0,0.0,-0.010920220506136724,-0.0032863708368005007,-1.0148383110771615
xsec,A,xsec_random,2024-06-03,1,1.0,0.0,0.02765804544696615,-0.033178763881168805,-1.0299146408572428
xsec,A,xsec_random,2024-06-10,3,1.0,0.0,-0.042490652085259706,-0.016918168217451512,-0.5684775207433094
xsec,A,xsec_random,2024-06-17,3,1.0,0.0,-0.05216242439875174,-0.030653016967894797,-1.0174442360826272
xsec,A,xsec_random,2024-06-24,1,1.0,0.0,-0.006866675737851158,-0.005622208448277877,-1.0378516285680397
xsec,B,xsec_mom,2024-09-02,0,,,-0.042085291181132134,0.0,
xsec,B,xsec_mom,2024-09-09,3,1.0,0.0,0.07744758079945768,0.014028452000000025,1.6566112519132072
xsec,B,xsec_mom,2024-09-16,2,1.0,0.0,0.07541180449856255,0.042741928902010784,0.806179828561246
xsec,B,xsec_mom,2024-09-23,2,1.0,0.0,0.03168939330797249,0.025537644730418307,0.32774707008789267
xsec,B,xsec_mom,2024-09-30,1,1.0,0.0,-0.04235551992098063,-0.01697756464130462,-1.010563874660335
xsec,B,xsec_mom,2024-10-07,1,1.0,0.0,0.000834056235127445,0.02104430172306726,-0.47645140386861634
xsec,B,xsec_mom,2024-10-14,2,1.0,0.0,0.09816167524678798,0.025557124952878763,21.147826071417114
xsec,B,xsec_mom,2024-10-21,1,1.0,0.0,-0.014799399276757108,-0.008571524121684604,3.1825955253521965
xsec,B,xsec_mom,2024-10-28,1,1.0,0.0,0.01100572997668614,-0.0004287314591623348,3.7266968010521864
xsec,B,xsec_mom,2024-11-04,0,,,0.16869762958202528,0.22017457307514676,
xsec,B,xsec_mom,2024-11-11,2,1.0,0.0,0.11794813098878576,0.10143876919794104,1.9780671537814611
xsec,B,xsec_mom,2024-11-18,0,,,0.0895726685955931,0.0678621801777648,
xsec,B,xsec_mom,2024-11-25,1,1.0,0.0,-0.007267973322166554,0.033138347458119055,1.637875812100483
xsec,B,xsec_mom,2024-12-02,0,,,0.0406132262797152,0.028942654314033867,
xsec,B,xsec_mom,2024-12-09,2,1.0,0.0,0.033249328438705206,-0.023670889523664584,-1.0082663403208663
xsec,B,xsec_mom,2024-12-16,2,1.0,0.0,-0.08916550806206991,-0.025183750795931825,-1.007986009407645
xsec,B,xsec_mom,2024-12-23,3,1.0,0.0,-0.015226485301934822,0.001702126412775895,0.2238094883635009
xsec,B,xsec_mom,2024-12-30,1,1.0,0.0,0.0493866012374653,0.022653134592977464,1.0898802793877482
xsec,B,xsec_mom,2025-01-06,1,1.0,0.0,-0.038828092040724016,-0.01663437914875232,-1.0111469310779369
xsec,B,xsec_mom,2025-01-13,3,1.0,0.0,0.07167424643046005,0.004774200648015814,-0.21464483637740372
xsec,B,xsec_mom,2025-01-20,2,1.0,0.0,0.012679764879577782,0.001306590751486647,-0.7814011943559702
xsec,B,xsec_mom,2025-01-27,0,,,-0.04784741686125171,-0.02382953336876903,
xsec,B,xsec_mom,2025-02-03,1,1.0,0.0,-0.012659938036005403,-0.00620951420265603,-0.21687037034638498
xsec,B,xsec_mom,2025-02-10,2,1.0,0.0,-0.0036438086352562626,0.007999762719245851,0.09213385267308968
xsec,B,xsec_mom,2025-02-17,1,1.0,0.0,0.0016085149328659565,-0.006330838880961309,-1.0115791169374482
xsec,B,xsec_mom,2025-02-24,1,1.0,0.0,-0.02061949908640559,-0.020389889525419536,-1.0103450858476712
xsec,B,xsec_mom,2025-03-03,3,1.0,0.0,-0.14370337844215986,-0.030289902766956533,-1.0068905333352207
xsec,B,xsec_mom,2025-03-10,3,1.0,0.0,0.022811865588727498,-0.00891161074709812,-0.29055227989875915
xsec,B,xsec_mom,2025-03-17,2,1.0,0.0,0.042448168959503985,0.010007922584509554,-0.2512977756570722
xsec,B,xsec_mom,2025-03-24,2,1.0,0.0,-0.04272477614159653,-0.025377599496677394,-1.0316757202285016
xsec,B,xsec_mom,2025-03-31,2,1.0,0.0,-0.04834145193038153,-0.030372437005270814,-1.008743819185666
xsec,B,xsec_mom,2025-04-07,3,1.0,0.0,0.06815999510328385,0.005130495013185188,0.720359880636741
xsec,B,xsec_mom,2025-04-14,2,1.0,0.0,0.017048886766549254,-0.000979829438513713,0.18300071763892034
xsec,B,xsec_mom,2025-04-21,1,1.0,0.0,0.09994823524440344,0.029551762193048114,0.47643702833704676
xsec,B,xsec_mom,2025-04-28,2,1.0,0.0,0.005591838476971089,-0.013134807182173636,0.3394697027765507
xsec,B,xsec_mom,2025-05-05,1,1.0,0.0,0.10435945326428397,0.08481179235161784,6.4586950696339205
xsec,B,xsec_mom,2025-05-12,1,1.0,0.0,0.02276439951569187,0.0021588590591770096,0.1486499770821515
xsec,B,xsec_mom,2025-05-19,2,1.0,0.0,0.023744069150185565,-0.0031596087898718705,-0.4512433709734439
xsec,B,xsec_mom,2025-05-26,0,,,-0.030985057203323674,-0.009580811032253389,
xsec,B,xsec_mom,2025-06-02,2,1.0,0.0,0.0008902695433106178,-0.0210298545594666,-1.0321367646012027
xsec,B,xsec_mom,2025-06-09,3,1.0,0.0,-0.0013247539742619052,-0.0005533106360329221,-1.0429234455579708
xsec,B,xsec_mom,2025-06-16,0,,,-0.043981428842145176,-0.030761798555163034,
xsec,B,xsec_mom,2025-06-23,3,1.0,0.0,0.073446305285922,0.026047081130782246,1.3536025973439234
xsec,B,xsec_mom,2025-06-30,2,1.0,0.0,0.0076928190507141725,0.0036179747216014135,1.9206134232248575
xsec,B,xsec_mom,2025-07-07,1,1.0,0.0,0.09078081765040036,0.08953455367418783,7.9532390027723
xsec,B,xsec_mom,2025-07-14,1,1.0,0.0,-0.01465182696346079,0.05771254113682733,0.8927043406548827
xsec,B,xsec_mom,2025-07-21,1,1.0,0.0,0.018467133310657635,0.0005576857737601415,-0.6150171983995557
xsec,B,xsec_mom,2025-07-28,2,1.0,0.0,-0.0445250770054908,-0.034871529617575336,-1.014981573562392
xsec,B,xsec_mom,2025-08-04,2,1.0,0.0,0.04514574801252702,0.03948391528045292,1.6816672742836614
xsec,B,xsec_mom,2025-08-11,1,1.0,0.0,-0.016420800295039673,0.0012211152973999884,0.08786274272507236
xsec,B,xsec_mom,2025-08-18,1,1.0,0.0,-0.03326632403582874,0.005047015501971286,-0.36236152386837284
xsec,B,xsec_mom,2025-08-25,1,1.0,0.0,-0.04622136893176498,-0.025461538546708296,-0.8458886738021494
xsec,B,xsec_mom,2025-09-01,2,1.0,0.0,0.02661097951288216,0.007248504886766316,1.9008574109998952
xsec,B,xsec_mom,2025-09-08,1,1.0,0.0,0.03733739050585605,0.06117094639013532,3.0340016571487562
xsec,B,xsec_mom,2025-09-15,2,1.0,0.0,-0.0004712461727519601,-0.005639429623109815,-0.6652554597431352
xsec,B,xsec_mom,2025-09-22,2,1.0,0.0,-0.026490790738381897,-0.03027785824098117,-1.0136449670404126
xsec,B,xsec_mom,2025-09-29,3,1.0,0.0,0.10090250630791164,0.014049003931454918,-0.6729205509969121
xsec,B,xsec_mom,2025-10-06,1,1.0,0.0,-0.06904882269448387,-0.04390387917016825,-1.0143693238105884
xsec,B,xsec_mom,2025-10-13,3,1.0,0.0,-0.05502413163532949,-0.011627130296795851,-0.632578979358721
xsec,B,xsec_mom,2025-10-20,0,,,0.054516822683801536,0.00703728243310775,
xsec,B,xsec_mom,2025-10-27,0,,,-0.03501489847033057,-0.007274190948580395,
xsec,B,xsec_mom,2025-11-03,2,1.0,0.0,-0.05284848989446955,-0.02757363396708723,-1.0213448516244183
xsec,B,xsec_mom,2025-11-10,3,1.0,0.0,-0.09970265394728794,-0.02230526021830581,-1.0143532753123579
xsec,B,xsec_mom,2025-11-17,1,1.0,0.0,-0.07875348635809831,-0.018375856135695368,-1.0066556049199065
xsec,B,xsec_mom,2025-11-24,3,1.0,0.0,0.04046592376609803,0.008098291081536813,0.12490864392640831
xsec,B,xsec_mom,2025-12-01,1,1.0,0.0,0.00021147852275071877,-0.014343107932005883,-1.0243422618254885
xsec,B,xsec_mom,2025-12-08,3,1.0,0.0,-0.024586098946594692,-0.005327225360347465,-0.09529889947985963
xsec,B,xsec_mom,2025-12-15,2,1.0,0.0,0.005782242670340665,-0.02248208651559802,-1.0144353945499125
xsec,B,xsec_mom,2025-12-22,2,1.0,0.0,-0.008023776828199214,-0.003999691911851566,0.8377145038878862
xsec,B,xsec_mom,2025-12-29,0,,,0.04067316551590783,0.026046692030430085,
xsec,B,xsec_mom,2026-01-05,3,1.0,0.0,-0.005756995126174003,-0.01157065245954525,-0.6412681749173765
xsec,B,xsec_mom,2026-01-12,2,1.0,0.0,0.02927816011081541,-0.015378400624721955,-0.7373675114616909
xsec,B,xsec_mom,2026-01-19,1,1.0,0.0,-0.07472667615129258,-0.01820901648831663,-1.0359040496150878
xsec,B,xsec_mom,2026-01-26,3,1.0,0.0,-0.11176985971194375,-0.030987157812445543,-1.0331647284777705
xsec,B,xsec_mom,2026-02-02,3,1.0,0.0,-0.08637571088445972,-0.03029287416888604,-1.009845102428493
xsec,B,xsec_mom,2026-02-09,3,1.0,0.0,-0.021386882806710084,0.006034707540024886,-0.06820288064340176
xsec,B,xsec_mom,2026-02-16,1,1.0,0.0,-0.017106950052764414,-0.012315471763662211,-0.2032551636938545
xsec,B,xsec_mom,2026-02-23,1,1.0,0.0,-0.027799590947608532,-0.0017301373771536621,-1.021425671012497
xsec,B,xsec_mom,2026-03-02,2,1.0,0.0,0.0030803210835428363,0.0035727629499588964,-0.05598801503794122
xsec,B,xsec_mom,2026-03-09,1,1.0,0.0,0.10360102149754957,0.030041525345723574,1.8629910283072066
xsec,B,xsec_mom,2026-03-16,1,1.0,0.0,-0.06792526462024284,-0.015647256519165653,-1.013982677059536
xsec,B,xsec_mom,2026-03-23,1,1.0,0.0,-0.027281076913324154,-0.020369041898467,1.5128113975973645
xsec,B,xsec_mom,2026-03-30,2,1.0,0.0,0.04588635412940811,0.017728127012323958,2.250760677031647
xsec,B,xsec_mom,2026-04-06,0,,,0.024633375840482197,0.007464658594303453,
xsec,B,xsec_mom,2026-04-13,1,1.0,0.0,0.04327522101490788,0.010893479839212405,0.30832052503924856
xsec,B,xsec_mom,2026-04-20,0,,,0.0657970008594535,0.023507321098949374,
xsec,B,xsec_mom,2026-04-27,1,1.0,0.0,-0.00115108462697866,0.0036509384503358167,-0.42358229205799036
xsec,B,xsec_mom,2026-05-04,1,1.0,0.0,0.046501381619997284,0.020709133800045354,-1.0243934163690138
xsec,B,xsec_mom,2026-05-11,1,1.0,0.0,-0.05801457239227681,-0.030855634623660033,-1.0065879235058326
xsec,B,xsec_mom,2026-05-18,2,1.0,0.0,-0.004974488148291711,0.03724961337219512,0.3879379626054599
xsec,B,xsec_mom,2026-05-25,1,1.0,0.0,-0.04388945071978534,0.0004239144704905051,-1.0250018188703303
xsec,B,xsec_mom,2026-06-01,1,1.0,0.0,-0.14041040555824857,-0.04781037817446665,-1.0242799704568495
xsec,B,xsec_mom,2026-06-08,2,1.0,0.0,0.037747204144815694,0.01051348090033044,-0.17820737827757885
xsec,B,xsec_mom,2026-06-15,1,1.0,0.0,-0.03681711840749369,-0.010721012552749598,2.4302418670069663
xsec,B,xsec_mom,2026-06-22,1,1.0,0.0,-0.058945398861231735,-0.02505136659962326,-1.012071963785017
xsec,B,xsec_mom,2026-06-29,2,1.0,0.0,0.06825650851653009,0.043924040122791386,0.620947164885431
xsec,B,xsec_mom,2026-07-06,1,1.0,0.0,0.0021473429382128373,-0.016494929626463706,-0.8630233667576925
xsec,B,xsec_mom,2026-07-13,1,1.0,0.0,0.01490036878373524,0.007148557595104688,0.18690829028817282
xsec,B,xsec_mom,2026-07-20,2,1.0,0.0,0.010499227202473094,0.005341048200664611,0.19065433685735955
xsec,B,xsec_mom,2026-07-27,2,1.0,0.0,-0.028045574057844136,-0.030130495191460605,-1.0501636554949647
xsec,B,xsec_mom,2026-08-03,2,1.0,0.0,0.020841693458408805,0.0014832565170219691,0.6163699164566832
xsec,B,xsec_mom,2026-08-10,2,1.0,0.0,-0.030696730851347498,-0.016278640161094593,-0.3726003639186004
xsec,B,xsec_mom,2026-08-17,2,1.0,0.0,0.23611932797699686,0.05799163272115693,1.5142902248340886
xsec,B,xsec_mom,2026-08-24,2,1.0,0.0,-0.0011000222577602914,-0.017688697538605025,-0.36317712626102217
xsec,B,xsec_mom,2026-08-31,2,1.0,0.0,0.03425931411820171,0.032728349998535355,1.3155533008784603
xsec,B,xsec_mom,2026-09-07,2,1.0,0.0,-0.04366868783475997,-0.023317535963717773,-1.0233934287212443
xsec,B,xsec_mom,2026-09-14,2,1.0,0.0,0.05665583675701713,0.06764125774827257,1.7189813540779648
xsec,B,xsec_mom,2026-09-21,0,,,0.03593105122602558,0.0007178406921894975,
xsec,B,xsec_random,2024-09-02,0,,,-0.042085291181132134,0.0,
xsec,B,xsec_random,2024-09-09,3,1.0,0.0,0.07744758079945768,0.016895106999999854,0.6621017559439937
xsec,B,xsec_random,2024-09-16,2,1.0,0.0,0.07541180449856255,0.02110633619166391,1.811333812853198
xsec,B,xsec_random,2024-09-23,2,1.0,0.0,0.03168939330797249,0.033044971750914476,0.3264742639407799
xsec,B,xsec_random,2024-09-30,2,1.0,0.0,-0.04235551992098063,-0.029239035255735346,-1.03880847749768
xsec,B,xsec_random,2024-10-07,3,1.0,0.0,0.000834056235127445,-0.015950410237302037,-0.5357839041593694
xsec,B,xsec_random,2024-10-14,3,1.0,0.0,0.09816167524678798,0.054883250863395405,1.8143707687007897
xsec,B,xsec_random,2024-10-21,3,1.0,0.0,-0.014799399276757108,-0.02015827014330762,1.229536798253273
xsec,B,xsec_random,2024-10-28,2,1.0,0.0,0.01100572997668614,-0.010737751198653722,-0.6961349939073519
xsec,B,xsec_random,2024-11-04,2,1.0,0.0,0.16869762958202528,0.1201667057621072,3.2454271254579306
xsec,B,xsec_random,2024-11-11,3,1.0,0.0,0.11794813098878576,0.015307207953238366,0.9300623774563131
xsec,B,xsec_random,2024-11-18,2,1.0,0.0,0.0895726685955931,0.016088374913314496,0.231157647432749
xsec,B,xsec_random,2024-11-25,2,1.0,0.0,-0.007267973322166554,-0.004694539543802723,-0.26849864114419053
xsec,B,xsec_random,2024-12-02,3,1.0,0.0,0.0406132262797152,0.008998061829952553,0.2955877329864716
xsec,B,xsec_random,2024-12-09,3,1.0,0.0,0.033249328438705206,-0.030611576812265007,-1.0138597723157237
xsec,B,xsec_random,2024-12-16,3,1.0,0.0,-0.08916550806206991,-0.030361193079110893,-1.01212794389337
xsec,B,xsec_random,2024-12-23,3,1.0,0.0,-0.015226485301934822,-0.004166294787195768,-0.14916644908014157
xsec,B,xsec_random,2024-12-30,2,1.0,0.0,0.0493866012374653,0.02948079511338153,0.3328700861396868
xsec,B,xsec_random,2025-01-06,1,1.0,0.0,-0.038828092040724016,-0.03141346632280828,-1.0098605208231346
xsec,B,xsec_random,2025-01-13,2,1.0,0.0,0.07167424643046005,0.001965338842799369,0.15075978028978365
xsec,B,xsec_random,2025-01-20,3,1.0,0.0,0.012679764879577782,-6.218356972820249e-05,-0.0037539054860599532
xsec,B,xsec_random,2025-01-27,3,1.0,0.0,-0.04784741686125171,-0.030524331428683937,-1.0112666782325948
xsec,B,xsec_random,2025-02-03,3,1.0,0.0,-0.012659938036005403,-0.02197282793134936,-0.7369879942025598
xsec,B,xsec_random,2025-02-10,3,1.0,0.0,-0.0036438086352562626,0.015385141000552993,0.27272248440906766
xsec,B,xsec_random,2025-02-17,2,1.0,0.0,0.0016085149328659565,-0.0069344239006631225,0.00201453311734282
xsec,B,xsec_random,2025-02-24,3,1.0,0.0,-0.02061949908640559,-0.030676996815638513,-1.014335130126568
xsec,B,xsec_random,2025-03-03,3,1.0,0.0,-0.14370337844215986,-0.030335155173079054,-1.0112275981258607
xsec,B,xsec_random,2025-03-10,3,1.0,0.0,0.022811865588727498,-0.0024277199852834608,-0.040135805524764964
xsec,B,xsec_random,2025-03-17,2,1.0,0.0,0.042448168959503985,0.013872056879244976,-0.3003333516132183
xsec,B,xsec_random,2025-03-24,2,1.0,0.0,-0.04272477614159653,-0.021683304408804394,-0.7867691457030401
xsec,B,xsec_random,2025-03-31,2,1.0,0.0,-0.04834145193038153,-0.033053286758635725,-1.0167749605343963
xsec,B,xsec_random,2025-04-07,3,1.0,0.0,0.06815999510328385,0.02581937583306937,2.337909642862346
xsec,B,xsec_random,2025-04-14,2,1.0,0.0,0.017048886766549254,-1.577181437062425e-05,0.1994305544457129
xsec,B,xsec_random,2025-04-21,2,1.0,0.0,0.09994823524440344,0.08526189173301857,1.3623647771168708
xsec,B,xsec_random,2025-04-28,2,1.0,0.0,0.005591838476971089,-0.019320989617519713,-0.48608567139637876
xsec,B,xsec_random,2025-05-05,3,1.0,0.0,0.10435945326428397,0.08190817465294664,2.7279155806453423
xsec,B,xsec_random,2025-05-12,2,1.0,0.0,0.02276439951569187,-0.0015058637563332145,-0.31472160182468284
xsec,B,xsec_random,2025-05-19,2,1.0,0.0,0.023744069150185565,-0.009174877836874096,-0.270485359722416
xsec,B,xsec_random,2025-05-26,2,1.0,0.0,-0.030985057203323674,-0.02175617784194772,-1.013640983145927
xsec,B,xsec_random,2025-06-02,3,1.0,0.0,0.0008902695433106178,-0.0034318340307444295,-0.12130514035498526
xsec,B,xsec_random,2025-06-09,3,1.0,0.0,-0.0013247539742619052,-0.01794072396805857,-0.7643835346961515
xsec,B,xsec_random,2025-06-16,2,1.0,0.0,-0.043981428842145176,-0.02560416529628884,-1.0152760028781356
xsec,B,xsec_random,2025-06-23,3,1.0,0.0,0.073446305285922,0.02854783208201095,1.3568018412455658
xsec,B,xsec_random,2025-06-30,2,1.0,0.0,0.0076928190507141725,-0.004651128084608658,-0.28841438637541683
xsec,B,xsec_random,2025-07-07,2,1.0,0.0,0.09078081765040036,0.05041574683598804,1.8445575896913184
xsec,B,xsec_random,2025-07-14,2,1.0,0.0,-0.01465182696346079,0.025869692576928394,1.4068842571102602
xsec,B,xsec_random,2025-07-21,3,1.0,0.0,0.018467133310657635,0.005405188547807471,-0.070690544559274
xsec,B,xsec_random,2025-07-28,2,1.0,0.0,-0.0445250770054908,-0.028095110963152536,-1.0116597114317776
xsec,B,xsec_random,2025-08-04,3,1.0,0.0,0.04514574801252702,0.03125716632528719,1.631146615590434
xsec,B,xsec_random,2025-08-11,2,1.0,0.0,-0.016420800295039673,0.030368926508971716,0.6481136746866918
xsec,B,xsec_random,2025-08-18,3,1.0,0.0,-0.03326632403582874,-0.021834387305684766,-0.7216918063884892
xsec,B,xsec_random,2025-08-25,3,1.0,0.0,-0.04622136893176498,-0.025454683884909124,-0.8542504376354211
xsec,B,xsec_random,2025-09-01,3,1.0,0.0,0.02661097951288216,0.013150763662038933,1.232647077663191
xsec,B,xsec_random,2025-09-08,1,1.0,0.0,0.03733739050585605,0.03803920621046197,1.4220947458259485
xsec,B,xsec_random,2025-09-15,3,1.0,0.0,-0.0004712461727519601,-0.007826149897975032,-0.2623648899767054
xsec,B,xsec_random,2025-09-22,3,1.0,0.0,-0.026490790738381897,-0.031150295261675565,-1.0192405447117359
xsec,B,xsec_random,2025-09-29,3,1.0,0.0,0.10090250630791164,0.048858742108755626,1.612563770418225
xsec,B,xsec_random,2025-10-06,3,1.0,0.0,-0.06904882269448387,-0.030739853968034914,-1.009749719667549
xsec,B,xsec_random,2025-10-13,3,1.0,0.0,-0.05502413163532949,-0.007751442503374784,-0.2056446645059653
xsec,B,xsec_random,2025-10-20,1,1.0,0.0,0.054516822683801536,0.004440852962245279,0.007927865672132495
xsec,B,xsec_random,2025-10-27,2,1.0,0.0,-0.03501489847033057,-0.022337441215383502,-1.023850033774841
xsec,B,xsec_random,2025-11-03,2,1.0,0.0,-0.05284848989446955,-0.021375693862748957,-1.024205791905569
xsec,B,xsec_random,2025-11-10,3,1.0,0.0,-0.09970265394728794,-0.02199799427970872,-0.8892007219935966
xsec,B,xsec_random,2025-11-17,2,1.0,0.0,-0.07875348635809831,-0.02499818981310009,-1.0100469810602228
xsec,B,xsec_random,2025-11-24,3,1.0,0.0,0.04046592376609803,0.013809802061111931,0.4515914023833895
xsec,B,xsec_random,2025-12-01,3,1.0,0.0,0.00021147852275071877,-0.019120801543774824,-0.6310535047531157
xsec,B,xsec_random,2025-12-08,3,1.0,0.0,-0.024586098946594692,-0.006648105361968026,-0.49034439683644565
xsec,B,xsec_random,2025-12-15,2,1.0,0.0,0.005782242670340665,-0.028508951156681728,-1.016652788302453
xsec,B,xsec_random,2025-12-22,3,1.0,0.0,-0.008023776828199214,4.703271589034941e-05,0.3261186960166134
xsec,B,xsec_random,2025-12-29,2,1.0,0.0,0.04067316551590783,0.04009961430167608,1.4892262236927822
xsec,B,xsec_random,2026-01-05,3,1.0,0.0,-0.005756995126174003,0.0035900421540853156,-0.3892821519308726
xsec,B,xsec_random,2026-01-12,2,1.0,0.0,0.02927816011081541,-0.0012456308224052526,0.020015693948863822
xsec,B,xsec_random,2026-01-19,2,1.0,0.0,-0.07472667615129258,-0.03441486045621911,-1.014135430856638
xsec,B,xsec_random,2026-01-26,3,1.0,0.0,-0.11176985971194375,-0.030492092038652996,-1.0165184294911345
xsec,B,xsec_random,2026-02-02,3,1.0,0.0,-0.08637571088445972,-0.030180943581749498,-1.0060809338631078
xsec,B,xsec_random,2026-02-09,3,1.0,0.0,-0.021386882806710084,-0.0009565148233948717,-0.04432162678279591
xsec,B,xsec_random,2026-02-16,2,1.0,0.0,-0.017106950052764414,-0.001713820107256403,-0.08004607398264292
xsec,B,xsec_random,2026-02-23,3,1.0,0.0,-0.027799590947608532,-0.020042226926062612,-0.6623517280175442
xsec,B,xsec_random,2026-03-02,3,1.0,0.0,0.0030803210835428363,0.0018932157392528293,0.05980115531372555
xsec,B,xsec_random,2026-03-09,3,1.0,0.0,0.10360102149754957,0.03942371830262226,1.0644233334345279
xsec,B,xsec_random,2026-03-16,2,1.0,0.0,-0.06792526462024284,-0.020487246636843315,-0.6701171641153052
xsec,B,xsec_random,2026-03-23,3,1.0,0.0,-0.027281076913324154,-0.021157118404647735,-0.7048785693018793
xsec,B,xsec_random,2026-03-30,3,1.0,0.0,0.04588635412940811,0.006163318469931012,0.15755507697593812
xsec,B,xsec_random,2026-04-06,2,1.0,0.0,0.024633375840482197,0.004133775215637403,0.2712217018956284
xsec,B,xsec_random,2026-04-13,3,1.0,0.0,0.04327522101490788,0.0057520064751317435,0.19486769057898037
xsec,B,xsec_random,2026-04-20,3,1.0,0.0,0.0657970008594535,0.02630322500061144,1.1524693126612504
xsec,B,xsec_random,2026-04-27,2,1.0,0.0,-0.00115108462697866,-0.012877635231830942,-1.033842591452793
xsec,B,xsec_random,2026-05-04,3,1.0,0.0,0.046501381619997284,0.1517132521931328,5.033154547939216
xsec,B,xsec_random,2026-05-11,3,1.0,0.0,-0.05801457239227681,-0.024062322987778995,0.6937760312858533
xsec,B,xsec_random,2026-05-18,2,1.0,0.0,-0.004974488148291711,0.042212141145794524,-0.3760285694582058
xsec,B,xsec_random,2026-05-25,2,1.0,0.0,-0.04388945071978534,-0.017050007691304825,-0.6469390539970936
xsec,B,xsec_random,2026-06-01,3,1.0,0.0,-0.14041040555824857,-0.03129717289181755,-1.0359452248674732
xsec,B,xsec_random,2026-06-08,3,1.0,0.0,0.037747204144815694,0.005891211408799224,0.1900994579896568
xsec,B,xsec_random,2026-06-15,3,1.0,0.0,-0.03681711840749369,-0.02016329678383333,-0.6778166558366027
xsec,B,xsec_random,2026-06-22,3,1.0,0.0,-0.058945398861231735,-0.022625226373938823,-0.7458208751309602
xsec,B,xsec_random,2026-06-29,3,1.0,0.0,0.06825650851653009,0.04572977676704393,1.3124926419473895
xsec,B,xsec_random,2026-07-06,2,1.0,0.0,0.0021473429382128373,-0.00595166589229823,-0.014466550440562026
xsec,B,xsec_random,2026-07-13,3,1.0,0.0,0.01490036878373524,0.0053451330862948065,-0.11015512807146928
xsec,B,xsec_random,2026-07-20,1,1.0,0.0,0.010499227202473094,-0.005880054043414518,0.26407872744355265
xsec,B,xsec_random,2026-07-27,3,1.0,0.0,-0.028045574057844136,-0.01380277552265996,-0.4531540153702405
xsec,B,xsec_random,2026-08-03,3,1.0,0.0,0.020841693458408805,0.010661929180636243,-0.011874981233613793
xsec,B,xsec_random,2026-08-10,2,1.0,0.0,-0.030696730851347498,0.006306356734661955,5.9465475873808735
xsec,B,xsec_random,2026-08-17,2,1.0,0.0,0.23611932797699686,0.26939931047762067,8.115868398908548
xsec,B,xsec_random,2026-08-24,2,1.0,0.0,-0.0011000222577602914,-0.015339285265816738,-0.2576615014348946
xsec,B,xsec_random,2026-08-31,0,,,0.03425931411820171,0.0130372746844174,
xsec,B,xsec_random,2026-09-07,2,1.0,0.0,-0.04366868783475997,-0.028487396369927143,-1.0384909470857155
xsec,B,xsec_random,2026-09-14,3,1.0,0.0,0.05665583675701713,0.03289587386960435,1.0862302230027814
xsec,B,xsec_random,2026-09-21,0,,,0.03593105122602558,0.004089987674106288,
live-base,live,avwap,2026-09-07,1,1.0,0.0,-0.04366868783475997,0.001977019999999996,0.6443408266
live-base,live,avwap,2026-09-14,3,1.0,0.0,0.05665583675701713,-0.010710585059126476,-0.28148352227565154
live-base,live,confluence,2026-09-07,0,,,-0.04366868783475997,-0.002250971399999968,
live-base,live,confluence,2026-09-14,2,1.0,0.0,0.05665583675701713,-0.03180547020379232,-1.4251009837886555
live-base,live,ensemble,2026-09-07,0,,,-0.04366868783475997,0.0,
live-base,live,ensemble,2026-09-14,1,1.0,0.0,0.05665583675701713,-0.013876787499999987,-1.3898514622614986
live-base,live,meanrev,2026-09-07,5,1.0,0.0,-0.04366868783475997,-0.026082987999999974,-1.0770507650787826
live-base,live,meanrev,2026-09-14,8,1.0,0.0,0.05665583675701713,0.020528783000660633,0.7183261801980205
live-base,live,meanrev,2026-09-21,5,1.0,0.0,0.03593105122602558,0.04015264081017822,0.7565465528208574
live-base,live,random_ctrl,2026-09-07,4,0.5,0.5,-0.04366868783475997,-0.009286655899999996,-1.1808875565706514
live-base,live,random_ctrl,2026-09-14,4,0.25,0.75,0.05665583675701713,0.08656994418290886,-1.0467781325718377
live-base,live,random_ctrl,2026-09-21,0,,,0.03593105122602558,0.1300024955518353,
live-base,live,trend,2026-09-07,4,1.0,0.0,-0.04366868783475997,-0.006012269700000017,-0.16106380481247584
live-base,live,trend,2026-09-14,40,0.85,0.15,0.05665583675701713,0.06936487101223143,0.16813723556447085
live-base,live,trend,2026-09-21,31,0.967741935483871,0.03225806451612903,0.03593105122602558,-0.04201527415075368,-0.16191407270948635
live-scalp,live,scalp_bandit,2026-09-07,2,0.5,0.5,-0.04366868783475997,-0.011994049300000031,-0.9875472126313167
live-scalp,live,scalp_bandit,2026-09-14,30,0.5333333333333333,0.4666666666666667,0.05665583675701713,-0.08143460334727315,-0.24831971199515362
live-scalp,live,scalp_coinflip,2026-09-21,13,0.6153846153846154,0.38461538461538464,0.03593105122602558,-0.002089916599999908,-0.08212543348324229
live-scalp,live,scalp_fixed,2026-09-07,2,0.5,0.5,-0.04366868783475997,-0.01251501630000007,-1.188548760694953
live-scalp,live,scalp_fixed,2026-09-14,65,0.5692307692307692,0.4307692307692308,0.05665583675701713,-0.11689081738489226,-0.14962110771610485
live-scalp,live,scalp_fixed,2026-09-21,60,0.48333333333333334,0.5166666666666667,0.03593105122602558,-0.13137547618776402,-0.23031520014524176
live-scalp,live,scalp_managed,2026-09-14,28,0.5,0.5,0.05665583675701713,-0.10141538249999993,-0.36045939817867645
live-scalp,live,scalp_patient,2026-09-14,20,0.7,0.3,0.05665583675701713,0.09004336400000001,0.6023852099206378
live-scalp,live,scalp_patient,2026-09-21,23,0.5217391304347826,0.4782608695652174,0.03593105122602558,-0.07831318351111016,-0.4045897249592251
live-scalp,live,vwap_clone,2026-09-14,359,0.4178272980501393,0.5821727019498607,0.05665583675701713,-0.48735020400000006,-0.8300411067692283
live-scalp,live,vwap_clone,2026-09-21,352,0.36079545454545453,0.6392045454545454,0.03593105122602558,-0.3813921041724163,-0.5991767345035955
live-scalp,live,vwap_managed,2026-09-14,9,0.0,1.0,0.05665583675701713,0.002292144000000107,0.026835550909207955
live-scalp,live,vwap_managed,2026-09-21,9,0.1111111111111111,0.8888888888888888,0.03593105122602558,0.014591953142157,0.1631999166016289
