period,symbol,day,origin,entry_bar,entry,extreme,target,stop_distance,reward_risk,same_bar,alignment,po3_r_net,po3_r_gross,po3_exit,cont_r_net,cont_r_gross,cont_exit
A,BTC-USDT-SWAP,2022-06-15,L,2022-06-15T10:45:00+00:00,20645.5,20080.0,22308.5,0.0273909568671139,2.9407603890362513,False,against,2.8610057600795775,2.9407603890362513,target,-1.115246943523431,-1.0,stop
A,BTC-USDT-SWAP,2022-06-18,L,2022-06-18T08:30:00+00:00,19134.7,18704.1,20778.0,0.02250361907947353,3.816302833255901,True,mixed,-1.0922685982698443,-1.0,stop,0.2837609953669402,0.3766836971667439,time
A,BTC-USDT-SWAP,2022-06-20,U,2022-06-20T10:00:00+00:00,20648.8,21043.9,19635.0,0.019134283832474633,2.565932675272067,False,mixed,-1.1640924267210833,-1.0,stop,-1.1087009204062213,-1.0,stop
A,BTC-USDT-SWAP,2022-07-01,L,2022-07-01T12:45:00+00:00,19314.8,18952.0,20979.0,0.018783523515645995,4.587100330760761,False,mixed,-0.20404055736631135,-0.09233737596471904,time,-1.1671183639746432,-1.0,stop
A,BTC-USDT-SWAP,2022-07-28,L,2022-07-28T12:45:00+00:00,22929.9,22590.0,23456.7,0.014823440137113612,1.5498676081200267,True,mixed,1.4065731534863248,1.5498676081200264,target,-1.2112161719991181,-1.0,stop
A,BTC-USDT-SWAP,2022-09-26,U,2022-09-26T11:30:00+00:00,18900.1,19321.1,18683.1,0.022275014417913134,0.5154394299287411,False,aligned,-0.8708627786579604,-0.7757719714964423,time,0.4206223270190086,0.5154394299287411,target
A,BTC-USDT-SWAP,2022-10-29,U,2022-10-29T11:00:00+00:00,20779.7,21096.5,20558.0,0.015245648397233804,0.69981060606061,False,against,-0.2243249606533985,-0.0864898989898923,time,-0.051345115104169434,0.0864898989898923,time
A,BTC-USDT-SWAP,2023-01-21,U,2023-01-21T10:30:00+00:00,22790.0,23340.0,22425.3,0.02413339183852567,0.6630909090909104,False,mixed,-1.1305263422727319,-1.0,stop,0.5753784823500013,0.6630909090909104,target
A,BTC-USDT-SWAP,2023-03-10,L,2023-03-10T12:30:00+00:00,19870.0,19525.0,20363.5,0.017362858580775038,1.4304347826086956,False,against,0.7065883727391344,0.8284057971014471,time,-1.1806245307971006,-1.0,stop
A,BTC-USDT-SWAP,2023-04-20,L,2023-04-20T12:30:00+00:00,28724.0,28317.0,29084.0,0.01416933574711043,0.8845208845208845,True,against,-1.147157646007359,-1.0,stop,0.7372425036855174,0.8845208845208845,target
A,BTC-USDT-SWAP,2023-06-07,L,2023-06-07T11:30:00+00:00,26747.5,26347.3,27402.1,0.014962145994952826,1.6356821589205333,False,mixed,-1.1393044729010386,-1.0,stop,0.8709517145989555,1.0102448775612158,time
A,BTC-USDT-SWAP,2023-07-06,U,2023-07-06T12:00:00+00:00,30846.1,31557.3,30333.0,0.02305639935032308,0.721456692913383,False,mixed,0.6311334169045291,0.721456692913383,target,-1.0900312789370026,-1.0,stop
A,BTC-USDT-SWAP,2024-03-15,L,2024-03-15T09:30:00+00:00,67032.1,65588.7,72442.3,0.02153296704116399,3.748233337952033,False,mixed,1.622228161526599,1.7215602050713448,time,-1.1460416644450537,-1.0,stop
A,BTC-USDT-SWAP,2024-04-18,U,2024-04-18T12:30:00+00:00,62125.8,63087.0,60794.7,0.015471832958287813,1.3848314606741676,False,aligned,-1.202450480836459,-1.0,stop,1.2476472441245496,1.3848314606741676,target
A,ETH-USDT-SWAP,2022-01-22,L,2022-01-22T10:45:00+00:00,2455.55,2296.96,2625.25,0.06458430901427384,1.0700548584400005,False,mixed,-0.3086615490005652,-0.27643609307018163,time,0.24421078917964922,0.27643609307018163,time
A,ETH-USDT-SWAP,2022-02-12,L,2022-02-12T11:30:00+00:00,2917.71,2870.81,2959.24,0.016074250011138904,0.8855010660980738,True,against,-1.1295940063432743,-1.0,stop,0.7557873543869973,0.8855010660980739,target
A,ETH-USDT-SWAP,2022-03-01,L,2022-03-01T10:45:00+00:00,2899.96,2853.0,2975.0,0.01619332680450766,1.597955706984666,False,mixed,1.4665952435264122,1.5979557069846657,target,-1.1935216720613264,-1.0,stop
A,ETH-USDT-SWAP,2022-05-06,L,2022-05-06T12:45:00+00:00,2706.02,2658.71,2759.42,0.01748324106991077,1.1287254280279044,False,mixed,-1.1190653035351863,-1.0,stop,1.0097958715916384,1.1287254280279042,target
A,ETH-USDT-SWAP,2022-05-09,L,2022-05-09T10:30:00+00:00,2422.37,2380.0,2531.92,0.01749113471517559,2.585555817795621,True,against,-1.1190110963358444,-1.0,stop,2.4682105410963118,2.5855558177956213,target
A,ETH-USDT-SWAP,2022-05-16,L,2022-05-16T10:15:00+00:00,2018.85,1973.0,2144.84,0.02271094930282087,2.747873500545267,True,mixed,0.014073758882231608,0.10665212649945714,time,-0.19923055277535223,-0.10665212649945714,time
A,ETH-USDT-SWAP,2022-06-15,L,2022-06-15T11:30:00+00:00,1104.25,1013.0,1232.0,0.08263527280959927,1.4000000000000001,False,against,1.373117508287672,1.4,target,-1.0395717273287681,-1.0,stop
A,ETH-USDT-SWAP,2022-06-18,L,2022-06-18T08:30:00+00:00,998.68,974.24,1098.0,0.02447230344054146,4.063829787234054,True,mixed,-1.084761567962351,-1.0,stop,3.9822866331014883,4.063829787234054,target
A,ETH-USDT-SWAP,2022-06-19,U,2022-06-19T10:00:00+00:00,992.14,1013.0,935.69,0.02102525853206202,2.7061361457334563,True,aligned,-1.1495186906279973,-1.0,stop,2.603415581196071,2.7061361457334563,target
A,ETH-USDT-SWAP,2022-06-23,U,2022-06-23T09:30:00+00:00,1099.9,1119.0,1044.5,0.01736521501954715,2.9005235602094426,True,aligned,-1.180600298560202,-1.0,stop,2.776547394502646,2.9005235602094426,target
A,ETH-USDT-SWAP,2022-06-26,U,2022-06-26T13:00:00+00:00,1240.47,1283.0,1227.22,0.03428539182729125,0.31154479191159196,False,against,0.25062142355396805,0.311544791911592,target,-1.060200851063952,-1.0,stop
A,ETH-USDT-SWAP,2022-07-18,U,2022-07-18T08:30:00+00:00,1473.69,1499.0,1335.56,0.017174575385596663,5.457526669300687,False,against,-1.182582216920192,-1.0,stop,4.1198114009087465,4.24654286843146,time
A,ETH-USDT-SWAP,2022-07-26,L,2022-07-26T12:00:00+00:00,1406.44,1382.0,1449.85,0.017377207701715008,1.7761865793780587,True,mixed,-1.1197982291734818,-1.0,stop,1.657204109564235,1.776186579378059,target
A,ETH-USDT-SWAP,2022-08-22,L,2022-08-22T09:00:00+00:00,1563.58,1530.1,1622.6,0.0214123997492933,1.762843488649939,False,against,1.6629189734319028,1.7628434886499387,target,-1.1468524369773023,-1.0,stop
A,ETH-USDT-SWAP,2022-08-26,L,2022-08-26T12:45:00+00:00,1658.87,1617.0,1695.46,0.025240073061782956,0.8738953904943931,False,aligned,0.7897770136673131,0.8738953904943931,target,-1.1248931793945545,-1.0,stop
A,ETH-USDT-SWAP,2022-09-28,L,2022-09-28T10:15:00+00:00,1278.97,1251.28,1340.51,0.021650234172810975,2.222462983026358,True,mixed,2.123133366684721,2.222462983026358,target,-1.145261747119898,-1.0,stop
A,ETH-USDT-SWAP,2022-10-07,L,2022-10-07T12:30:00+00:00,1355.13,1335.0,1361.95,0.014854663390228322,0.3387978142076453,True,aligned,-1.140320021646794,-1.0,stop,0.19778389843517277,0.33879781420764526,target
A,ETH-USDT-SWAP,2022-10-26,U,2022-10-26T12:30:00+00:00,1521.47,1559.32,1457.22,0.024877256863428072,1.6974900924702816,False,against,-1.1266847433223208,-1.0,stop,1.6112937428996112,1.6974900924702816,target
A,ETH-USDT-SWAP,2022-11-09,L,2022-11-09T08:45:00+00:00,1269.4,1250.0,1337.12,0.015282810776744989,3.4907216494845095,False,against,-1.1363595533505066,-1.0,stop,3.356978588814424,3.4907216494845095,target
A,ETH-USDT-SWAP,2022-11-10,U,2022-11-10T10:15:00+00:00,1188.79,1219.78,1084.18,0.02606852345662397,3.3756050338818935,False,aligned,-1.120989283680217,-1.0,stop,3.2915046553000975,3.375605033881893,target
A,ETH-USDT-SWAP,2022-11-13,L,2022-11-13T10:30:00+00:00,1232.78,1213.09,1273.93,0.01597203069485233,2.089893346876586,False,against,-1.1304301124809433,-1.0,stop,0.4475939376460176,0.5784662265109112,time
A,ETH-USDT-SWAP,2022-11-14,U,2022-11-14T09:15:00+00:00,1254.26,1274.7,1170.0,0.016296461658667306,4.122309197651652,False,mixed,-1.1923099171232867,-1.0,stop,-1.127812603767114,-1.0,stop
A,ETH-USDT-SWAP,2023-01-16,L,2023-01-16T09:15:00+00:00,1543.09,1521.16,1585.0,0.01421174396827135,1.9110807113543273,False,mixed,-1.1467153912790582,-1.0,stop,-1.2202189827519323,-1.0,stop
A,ETH-USDT-SWAP,2023-03-10,L,2023-03-10T12:30:00+00:00,1394.79,1367.0,1437.61,0.019924146287254686,1.5408420295070169,False,against,1.433824820996765,1.5408420295070167,target,-1.1576685340500195,-1.0,stop
A,ETH-USDT-SWAP,2023-07-17,L,2023-07-17T11:15:00+00:00,1918.06,1891.04,1936.13,0.014087150558376685,0.6687638786084447,False,mixed,-1.1480222957253876,-1.0,stop,0.5203942438656641,0.6687638786084447,target
A,ETH-USDT-SWAP,2023-12-06,L,2023-12-06T12:45:00+00:00,2266.35,2233.03,2312.92,0.014702053963421233,1.397659063625467,False,mixed,-1.1417874598739404,-1.0,stop,1.2562898051245759,1.3976590636254673,target
A,ETH-USDT-SWAP,2024-02-20,L,2024-02-20T10:15:00+00:00,2914.31,2870.11,2956.01,0.015166540278830947,0.9434389140271594,False,aligned,0.8039858703054394,0.9434389140271594,target,-1.2064843967307741,-1.0,stop
A,ETH-USDT-SWAP,2024-03-15,L,2024-03-15T09:30:00+00:00,3650.12,3568.0,3938.93,0.022497890480312945,3.516926449098884,False,mixed,1.0324841202051973,1.1270092547491513,time,-1.1398659682781307,-1.0,stop
A,ETH-USDT-SWAP,2024-03-21,U,2024-03-21T09:45:00+00:00,3530.79,3587.5,3445.97,0.016061561293648174,1.4956797742902506,False,mixed,1.3665037087903427,1.4956797742902506,target,-1.1296972155748524,-1.0,stop
A,ETH-USDT-SWAP,2024-04-09,L,2024-04-09T09:15:00+00:00,3644.49,3580.0,3728.0,0.017695205639197745,1.29492944642581,False,aligned,-1.1176264883664107,-1.0,stop,1.1776132650837492,1.2949294464258103,target
A,SOL-USDT-SWAP,2022-01-09,L,2022-01-09T11:15:00+00:00,140.67,137.842,145.384,0.020103789009738925,1.6669024045261813,False,mixed,1.5606946946075138,1.6669024045261813,target,-1.156277970862804,-1.0,stop
A,SOL-USDT-SWAP,2022-01-12,U,2022-01-12T10:45:00+00:00,140.814,144.173,138.213,0.023854162228187602,0.7743376004763299,False,aligned,-1.1320302378311982,-1.0,stop,0.6854898080604352,0.7743376004763299,target
A,SOL-USDT-SWAP,2022-01-14,L,2022-01-14T12:45:00+00:00,144.438,141.968,150.562,0.01710076295711654,2.4793522267206587,False,aligned,0.5635217881275443,0.6870445344129569,time,-1.1833614488461477,-1.0,stop
A,SOL-USDT-SWAP,2022-01-24,L,2022-01-24T11:15:00+00:00,86.172,81.706,99.887,0.05182657939934079,3.0709807433945415,False,against,-1.039470024216298,-1.0,stop,-1.0618763052059994,-1.0,stop
A,SOL-USDT-SWAP,2022-01-25,U,2022-01-25T08:30:00+00:00,90.98,92.781,87.404,0.019795559463618398,1.9855635757912293,False,aligned,-1.158679386354805,-1.0,stop,1.877394882509723,1.985563575791229,target
A,SOL-USDT-SWAP,2022-02-01,U,2022-02-01T09:15:00+00:00,107.137,109.024,99.044,0.0176129628419687,4.2888182299947015,True,mixed,-1.178088782260204,-1.0,stop,-1.1181806406597716,-1.0,stop
A,SOL-USDT-SWAP,2022-02-03,L,2022-02-03T11:45:00+00:00,97.04,93.991,103.1,0.0314200329760924,1.987536897343383,False,mixed,1.525455669563789,1.5939652345031121,time,-1.1007314980075453,-1.0,stop
A,SOL-USDT-SWAP,2022-02-17,L,2022-02-17T09:30:00+00:00,98.72,97.292,102.798,0.014465153970826553,2.855742296918775,True,aligned,-1.1441267455882242,-1.0,stop,2.713565141071443,2.855742296918775,target
A,SOL-USDT-SWAP,2022-02-22,U,2022-02-22T11:15:00+00:00,84.613,86.0,81.006,0.01639228014607685,2.600576784426819,False,mixed,-1.1911977876171593,-1.0,stop,1.158930671539302,1.288392213410242,time
A,SOL-USDT-SWAP,2022-04-03,U,2022-04-03T10:45:00+00:00,139.0,141.14,130.554,0.015395683453237313,3.946728971962641,False,against,0.8721328938785115,1.0074766355140279,time,-1.1353521441588847,-1.0,stop
A,SOL-USDT-SWAP,2022-04-06,L,2022-04-06T11:45:00+00:00,121.611,119.241,127.426,0.01948836865086221,2.45358649789029,False,against,-1.1067068572784726,-1.0,stop,2.3484068561708886,2.4535864978902895,target
A,SOL-USDT-SWAP,2022-05-11,L,2022-05-11T12:15:00+00:00,62.44,60.41,68.458,0.032511210762331856,2.9645320197044325,True,against,-1.0635433784482722,-1.0,stop,2.903052490123153,2.964532019704432,target
A,SOL-USDT-SWAP,2022-06-06,U,2022-06-06T08:45:00+00:00,43.96,44.88,38.33,0.020928116469517782,6.119565217391295,False,mixed,1.60797057798913,1.706521739130432,time,-1.0992937532608635,-1.0,stop
A,SOL-USDT-SWAP,2022-06-13,L,2022-06-13T08:15:00+00:00,27.56,27.15,31.1,0.014876632801161109,8.634146341463419,True,against,-1.1401112506097475,-1.0,stop,-1.2104682835365819,-1.0,stop
A,SOL-USDT-SWAP,2022-06-15,L,2022-06-15T10:30:00+00:00,27.58,26.78,30.3,0.0290065264684553,3.4000000000000155,False,against,3.3240334350000165,3.400000000000015,target,-1.1089422862500022,-1.0,stop
A,SOL-USDT-SWAP,2022-06-18,L,2022-06-18T08:30:00+00:00,28.6,27.83,31.3,0.026923076923077032,3.506493506493491,True,mixed,-1.0769502749999944,-1.0,stop,-1.1172141107142837,-1.0,stop
A,SOL-USDT-SWAP,2022-06-22,L,2022-06-22T08:15:00+00:00,34.15,33.65,36.73,0.014641288433382138,5.159999999999997,True,aligned,5.011153419000008,5.159999999999997,target,-1.2138183899999944,-1.0,stop
A,SOL-USDT-SWAP,2022-07-01,L,2022-07-01T11:30:00+00:00,32.37,31.81,35.43,0.017299969107197985,5.46428571428573,False,against,0.6991787973214405,0.8214285714285748,time,-1.181273688392866,-1.0,stop
A,SOL-USDT-SWAP,2022-07-18,U,2022-07-18T08:30:00+00:00,41.92,42.59,38.54,0.015982824427480957,5.044776119402976,True,against,-1.1960434458955134,-1.0,stop,-1.1303413197761052,-1.0,stop
A,SOL-USDT-SWAP,2022-07-26,L,2022-07-26T12:00:00+00:00,35.81,35.28,36.83,0.014800335101926868,1.9245283018867807,True,against,-1.140838954245281,-1.0,stop,1.7846609066037633,1.924528301886781,target
A,SOL-USDT-SWAP,2022-07-30,U,2022-07-30T10:15:00+00:00,41.9,43.1,41.4,0.028639618138424888,0.4166666666666657,False,against,-1.1103116958333328,-1.0,stop,0.34290428124999967,0.4166666666666657,target
A,SOL-USDT-SWAP,2022-08-03,U,2022-08-03T12:30:00+00:00,39.75,40.73,37.41,0.024654088050314386,2.3877551020408276,True,aligned,-1.1278129295918378,-1.0,stop,-1.0841288464285705,-1.0,stop
A,SOL-USDT-SWAP,2022-08-15,L,2022-08-15T08:30:00+00:00,43.93,43.22,47.27,0.016162076030047823,4.704225352112675,True,mixed,-1.1288840778168872,-1.0,stop,-1.1938918975352055,-1.0,stop
A,SOL-USDT-SWAP,2022-08-21,U,2022-08-21T08:30:00+00:00,35.61,36.18,34.47,0.016006739679865215,2.0,False,aligned,-1.195753606578944,-1.0,stop,1.8667058131579044,2.0,target
A,SOL-USDT-SWAP,2022-08-26,L,2022-08-26T12:45:00+00:00,34.77,33.86,35.26,0.026171987345412817,0.5384615384615307,False,mixed,0.4576578403846142,0.5384615384615307,target,-1.1205190925824131,-1.0,stop
A,SOL-USDT-SWAP,2022-09-09,U,2022-09-09T09:15:00+00:00,35.41,36.0,33.59,0.0166619598983339,3.0847457627118353,False,mixed,1.1125520351694855,1.237288135593208,time,-1.1249858682203342,-1.0,stop
A,SOL-USDT-SWAP,2022-09-26,U,2022-09-26T11:15:00+00:00,32.56,33.33,31.86,0.023648648648648525,0.9090909090909174,False,mixed,-1.133159796428569,-1.0,stop,0.8193366136363793,0.9090909090909175,target
A,SOL-USDT-SWAP,2022-10-18,L,2022-10-18T12:15:00+00:00,30.93,30.4,31.49,0.017135467183963825,1.0566037735849012,False,mixed,-1.1215031051886704,-1.0,stop,0.9351606679245279,1.056603773584901,target
A,SOL-USDT-SWAP,2022-10-29,U,2022-10-29T10:45:00+00:00,33.15,33.86,31.86,0.02141779788838615,1.8169014084507005,False,mixed,0.28263179471831545,0.380281690140839,time,-0.47793179471829217,-0.380281690140839,time
A,SOL-USDT-SWAP,2022-11-11,U,2022-11-11T11:00:00+00:00,17.86,18.18,15.44,0.01791713325867863,7.562499999999992,True,aligned,-1.1751002718750025,-1.0,stop,-1.1161565249999932,-1.0,stop
A,SOL-USDT-SWAP,2022-11-13,L,2022-11-13T09:45:00+00:00,13.57,13.24,14.72,0.024318349299926312,3.4848484848484853,False,mixed,-1.0853048204545417,-1.0,stop,-1.1295491992424245,-1.0,stop
A,SOL-USDT-SWAP,2022-12-29,L,2022-12-29T11:00:00+00:00,9.556,9.237,9.882,0.0333821682712431,1.0219435736677163,False,against,-1.0618581119905937,-1.0,stop,0.9601090584639564,1.0219435736677163,target
A,SOL-USDT-SWAP,2023-01-03,U,2023-01-03T08:15:00+00:00,11.768,11.965,10.992,0.016740312712440447,3.939086294416259,True,mixed,-1.1872654057106609,-1.0,stop,3.8095056517766688,3.939086294416259,target
A,SOL-USDT-SWAP,2023-01-21,U,2023-01-21T10:30:00+00:00,25.054,26.649,24.223,0.06366248902370888,0.5210031347962372,False,against,0.2839604945924762,0.3166144200626948,time,0.48746976710031475,0.5210031347962372,target
A,SOL-USDT-SWAP,2023-02-13,L,2023-02-13T10:45:00+00:00,20.495,20.035,21.613,0.02244449865820936,2.430434782608688,False,mixed,-1.092514405434779,-1.0,stop,-0.6767847254347741,-0.5826086956521743,time
A,SOL-USDT-SWAP,2023-02-23,L,2023-02-23T12:30:00+00:00,24.052,23.601,24.695,0.018751039414601718,1.425720620842572,False,against,-1.1109440665742756,-1.0,stop,0.167678790798236,0.2793791574279403,time
A,SOL-USDT-SWAP,2023-03-10,L,2023-03-10T12:00:00+00:00,16.687,15.993,17.352,0.04158926110145627,0.9582132564841476,False,against,0.9067135920389078,0.9582132564841475,target,-1.0766025221902007,-1.0,stop
A,SOL-USDT-SWAP,2023-03-16,U,2023-03-16T10:00:00+00:00,19.52,19.816,18.889,0.015163934426229476,2.1317567567567623,False,aligned,-1.2065195277027088,-1.0,stop,-1.1374367614864889,-1.0,stop
A,SOL-USDT-SWAP,2023-03-20,U,2023-03-20T08:45:00+00:00,23.108,23.511,21.361,0.017439847671801918,4.334987593052123,False,against,-1.1798362081265579,-1.0,stop,-1.1193641707816324,-1.0,stop
A,SOL-USDT-SWAP,2023-04-12,U,2023-04-12T12:45:00+00:00,24.056,24.4,22.315,0.014299966744263287,5.06104651162794,True,against,-1.218873007558133,-1.0,stop,-1.1458037633720806,-1.0,stop
A,SOL-USDT-SWAP,2023-04-13,U,2023-04-13T09:30:00+00:00,24.222,24.575,23.636,0.014573528197506316,1.6600566572238113,False,against,-1.2148030122521227,-1.0,stop,1.5142171703966225,1.6600566572238113,target
A,SOL-USDT-SWAP,2023-07-06,U,2023-07-06T12:15:00+00:00,19.711,20.375,18.948,0.0336867738826037,1.1490963855421632,False,mixed,1.0879642467243957,1.1490963855421632,target,-1.0612892810240973,-1.0,stop
A,SOL-USDT-SWAP,2023-07-08,U,2023-07-08T09:30:00+00:00,22.153,22.485,21.32,0.014986683519162224,2.509036144578303,False,against,0.8971084174698803,1.0361445783132437,time,-1.1390746725903482,-1.0,stop
A,SOL-USDT-SWAP,2023-08-06,U,2023-08-06T10:15:00+00:00,23.099,23.477,22.581,0.01636434477683017,1.370370370370372,False,mixed,-0.3772662059523761,-0.24867724867725177,time,0.12008842817461424,0.24867724867725177,time
A,SOL-USDT-SWAP,2023-09-12,U,2023-09-12T10:45:00+00:00,18.376,18.85,17.562,0.025794514584240324,1.717299578059071,False,aligned,0.8964064922468409,0.9767932489451493,time,-1.0803629332278435,-1.0,stop
A,SOL-USDT-SWAP,2023-11-10,U,2023-11-10T10:45:00+00:00,48.94,49.82,45.054,0.017981201471189263,4.415909090909073,False,mixed,-1.174483685227268,-1.0,stop,4.294484964374992,4.415909090909073,target
A,SOL-USDT-SWAP,2023-11-16,L,2023-11-16T09:15:00+00:00,65.11,64.06,68.34,0.01612655506066652,3.0761904761904884,True,mixed,-1.1291702749999946,-1.0,stop,2.9492013221428723,3.0761904761904884,target
A,SOL-USDT-SWAP,2023-11-17,L,2023-11-17T08:30:00+00:00,58.44,57.11,60.59,0.022758384668035564,1.616541353383465,False,aligned,-1.0912239592105206,-1.0,stop,1.5259654821428708,1.616541353383465,target
A,SOL-USDT-SWAP,2023-11-19,U,2023-11-19T10:15:00+00:00,60.64,61.84,56.55,0.019788918205804796,3.4083333333333283,False,mixed,-1.1587319516666676,-1.0,stop,-1.1050702749999946,-1.0,stop
A,SOL-USDT-SWAP,2023-12-06,U,2023-12-06T10:45:00+00:00,64.66,66.77,61.02,0.032632230126817194,1.7251184834123194,False,mixed,1.278287335663509,1.3412322274881512,time,-1.0633038295023676,-1.0,stop
A,SOL-USDT-SWAP,2023-12-15,U,2023-12-15T13:00:00+00:00,76.92,79.6,74.04,0.034841393655746136,1.074626865671643,False,against,1.0154823850746284,1.0746268656716431,target,-1.0592234093283592,-1.0,stop
A,SOL-USDT-SWAP,2023-12-22,L,2023-12-22T10:30:00+00:00,93.08,90.39,99.6,0.028899871078642003,2.423791821561339,False,aligned,1.7172759574349543,1.7918215613382942,time,-1.1093367707249082,-1.0,stop
A,SOL-USDT-SWAP,2024-01-26,U,2024-01-26T10:00:00+00:00,87.46,88.73,85.97,0.014520923850903387,1.1732283464566795,True,mixed,-1.215573740748036,-1.0,stop,1.0273778816929107,1.1732283464566795,target
A,SOL-USDT-SWAP,2024-01-31,L,2024-01-31T12:00:00+00:00,99.14,97.34,101.98,0.018156142828323556,1.5777777777777822,False,aligned,1.4604582116666778,1.5777777777777822,target,-1.1728222288888899,-1.0,stop
A,SOL-USDT-SWAP,2024-03-04,U,2024-03-04T10:30:00+00:00,132.82,135.01,128.33,0.016488480650504424,2.0502283105022765,False,aligned,1.9250199702054758,2.0502283105022765,target,-1.1263119188356114,-1.0,stop
A,SOL-USDT-SWAP,2024-03-06,U,2024-03-06T08:45:00+00:00,132.84,135.02,120.07,0.016410719662752236,5.8577981651376,False,mixed,0.7996135575688189,0.9266055045871577,time,-1.1269154126146705,-1.0,stop
A,SOL-USDT-SWAP,2024-03-07,U,2024-03-07T12:00:00+00:00,140.33,144.68,130.54,0.03099836100619963,2.2505747126436857,False,mixed,-1.1020738552298903,-1.0,stop,0.7406004524137908,0.8091954022988475,time
A,SOL-USDT-SWAP,2024-03-11,U,2024-03-11T10:15:00+00:00,148.48,150.57,136.0,0.014075969827586231,5.971291866028693,False,mixed,-0.38388642811004425,-0.2344497607655542,time,-1.14814070562201,-1.0,stop
A,SOL-USDT-SWAP,2024-03-14,U,2024-03-14T11:15:00+00:00,170.36,174.25,163.17,0.022833998591218513,1.848329048843201,False,against,1.758302179241666,1.848329048843201,target,-1.090918398393312,-1.0,stop
A,SOL-USDT-SWAP,2024-03-15,L,2024-03-15T09:45:00+00:00,172.52,164.55,186.98,0.04619754231393461,1.814303638644916,False,aligned,1.7669421551442908,1.814303638644916,target,-1.0691658671580908,-1.0,stop
A,SOL-USDT-SWAP,2024-03-19,L,2024-03-19T10:00:00+00:00,179.49,171.35,198.73,0.04535071591732138,2.363636363636357,False,aligned,-1.0452560489557707,-1.0,stop,1.1355238504606897,1.18058968058968,time
A,SOL-USDT-SWAP,2024-03-27,L,2024-03-27T10:00:00+00:00,186.13,183.47,192.76,0.014291086874764932,2.49248120300752,False,mixed,-1.1458950118421038,-1.0,stop,-1.2190077315789472,-1.0,stop
A,SOL-USDT-SWAP,2024-04-08,U,2024-04-08T13:00:00+00:00,180.62,184.74,175.4,0.022810320008858402,1.2669902912621342,False,mixed,-0.11393119532766485,-0.02184466019417556,time,-0.07024186292475063,0.02184466019417556,time
A,SOL-USDT-SWAP,2024-04-16,L,2024-04-16T10:45:00+00:00,132.38,129.9,140.72,0.018733947726242556,3.3629032258064675,True,aligned,-1.111046242741931,-1.0,stop,-1.167555183467747,-1.0,stop
A,SOL-USDT-SWAP,2024-05-13,U,2024-05-13T10:15:00+00:00,145.37,147.68,137.78,0.015890486345188155,3.2857142857142843,False,mixed,-1.197170718290033,-1.0,stop,0.8192266688311781,0.9523809523809466,time
A,SOL-USDT-SWAP,2024-05-23,L,2024-05-23T12:00:00+00:00,175.72,173.04,179.37,0.015251536535397263,1.3619402985074611,False,aligned,-1.136641319776103,-1.0,stop,1.2256796655783724,1.3619402985074613,target
A,SOL-USDT-SWAP,2024-05-24,L,2024-05-24T09:00:00+00:00,165.41,162.44,176.17,0.01795538359228583,3.622895622895621,False,against,0.6431874146464627,0.7609427609427581,time,-1.1747316248316582,-1.0,stop
A,SOL-USDT-SWAP,2024-06-24,L,2024-06-24T09:45:00+00:00,124.48,121.5,129.78,0.023939588688946047,1.7785234899328826,True,mixed,1.688935723993292,1.7785234899328826,target,-1.1315664169463067,-1.0,stop
A,SOL-USDT-SWAP,2024-06-25,U,2024-06-25T13:00:00+00:00,136.73,139.1,131.18,0.017333430849118734,2.3417721518987227,False,mixed,-1.1809277032700443,-1.0,stop,-0.19280782563290036,-0.07172995780590176,time
A,XRP-USDT-SWAP,2022-01-22,L,2022-01-22T12:45:00+00:00,0.60096,0.54842,0.65362,0.0874267838125666,1.002283974114958,False,mixed,-0.10501606721545446,-0.08108108108108182,time,0.05714613954130378,0.08108108108108182,time
A,XRP-USDT-SWAP,2022-02-03,L,2022-02-03T11:45:00+00:00,0.59808,0.58821,0.60674,0.016502808988763936,0.8774062816616068,False,mixed,0.7492341825228186,0.8774062816616067,target,-1.1899309611702091,-1.0,stop
A,XRP-USDT-SWAP,2022-02-07,U,2022-02-07T09:30:00+00:00,0.75732,0.77469,0.67115,0.02293614324195848,4.960852043753597,False,against,-1.1372326629965448,-1.0,stop,4.200994618652855,4.297063903281523,time
A,XRP-USDT-SWAP,2022-02-10,U,2022-02-10T12:45:00+00:00,0.8756,0.898,0.85327,0.025582457743261733,0.9968750000000043,False,against,0.9158344928906343,0.9968750000000043,target,-1.0810377749999946,-1.0,stop
A,XRP-USDT-SWAP,2022-03-12,L,2022-03-12T09:45:00+00:00,0.7917,0.778,0.84911,0.017304534545913776,4.190510948905135,False,mixed,-0.5785392864416017,-0.4576642335766444,time,-1.1812264041970826,-1.0,stop
A,XRP-USDT-SWAP,2022-04-19,L,2022-04-19T10:00:00+00:00,0.7701,0.75888,0.7767,0.014569536423841069,0.5882352941176412,False,against,0.4434814451871668,0.5882352941176412,target,0.44471673930481104,0.5882352941176412,target
A,XRP-USDT-SWAP,2022-06-13,L,2022-06-13T09:15:00+00:00,0.31394,0.30321,0.35053,0.03417850544690074,3.41006523765144,False,mixed,-1.060392399883502,-1.0,stop,-1.092767196575025,-1.0,stop
A,XRP-USDT-SWAP,2022-06-18,L,2022-06-18T08:30:00+00:00,0.306,0.3002,0.32638,0.01895424836601298,3.5137931034482945,False,mixed,-1.1097433784482669,-1.0,stop,-1.1656315663793066,-1.0,stop
A,XRP-USDT-SWAP,2022-06-24,U,2022-06-24T10:00:00+00:00,0.37456,0.38711,0.33479,0.03350598035027767,3.1689243027888456,False,against,0.5315735895418366,0.5936254980079688,time,-1.0616256534860486,-1.0,stop
A,XRP-USDT-SWAP,2022-09-18,U,2022-09-18T09:30:00+00:00,0.38645,0.395,0.36411,0.022124466295769186,2.612865497076026,True,mixed,-1.1421920586257261,-1.0,stop,-1.093867818859641,-1.0,stop
A,XRP-USDT-SWAP,2022-09-25,U,2022-09-25T08:15:00+00:00,0.48742,0.4946,0.47549,0.01473062246112175,1.661559888579395,True,mixed,-1.212534123189412,-1.0,stop,1.5172555404944497,1.661559888579395,target
A,XRP-USDT-SWAP,2022-10-13,L,2022-10-13T11:15:00+00:00,0.45302,0.44,0.48968,0.02874045296013416,2.815668202764984,False,mixed,2.739644783525358,2.815668202764984,target,-1.1099318665514584,-1.0,stop
A,XRP-USDT-SWAP,2022-10-29,U,2022-10-29T10:45:00+00:00,0.47427,0.48389,0.4697,0.020283804583886733,0.4750519750519789,False,mixed,0.3720200370842079,0.4750519750519789,target,0.3710224279365949,0.4750519750519789,target
A,XRP-USDT-SWAP,2022-11-25,U,2022-11-25T08:15:00+00:00,0.41031,0.4202,0.38865,0.024103726450732398,2.190091001011121,True,against,0.19831251521739665,0.28513650151668213,time,-1.086073733038416,-1.0,stop
A,XRP-USDT-SWAP,2023-01-16,L,2023-01-16T08:15:00+00:00,0.38456,0.37702,0.40646,0.019606823382567067,2.9045092838196287,True,mixed,0.010807658454908243,0.11803713527851498,time,-1.160187099270557,-1.0,stop
A,XRP-USDT-SWAP,2023-01-24,U,2023-01-24T09:45:00+00:00,0.42194,0.43121,0.41866,0.02196994833388634,0.35382955771305336,False,mixed,0.2586160627831797,0.3538295577130534,target,-1.0945353882686062,-1.0,stop
A,XRP-USDT-SWAP,2023-02-13,L,2023-02-13T11:30:00+00:00,0.36688,0.36103,0.37813,0.01594526820758822,1.9230769230769407,False,mixed,0.4625468302564219,0.5948717948718049,time,-1.196500360726495,-1.0,stop
A,XRP-USDT-SWAP,2023-03-19,U,2023-03-19T11:15:00+00:00,0.38818,0.39406,0.37361,0.015147611932608574,2.477891156462591,False,against,-1.2067398554421764,-1.0,stop,-0.5259837801020333,-0.3877551020408173,time
A,XRP-USDT-SWAP,2023-03-22,L,2023-03-22T10:30:00+00:00,0.45316,0.44501,0.475,0.017984817724424024,2.679754601226993,False,mixed,-1.1157154283742283,-1.0,stop,2.5658039271165727,2.6797546012269935,target
A,XRP-USDT-SWAP,2023-03-29,U,2023-03-29T12:15:00+00:00,0.55173,0.586,0.51467,0.06211371504177751,1.0814123139772451,False,against,0.23580569122410738,0.2693317770644907,time,-0.3028580110373513,-0.2693317770644907,time
A,XRP-USDT-SWAP,2023-03-30,U,2023-03-30T11:15:00+00:00,0.54594,0.55799,0.52101,0.02207202256658242,2.0688796680497923,True,against,1.0670721450000078,1.1609958506224018,time,-1.0940933455394146,-1.0,stop
A,XRP-USDT-SWAP,2023-05-31,L,2023-05-31T11:15:00+00:00,0.50927,0.501,0.52778,0.01623893023347144,2.2382103990326514,False,aligned,-1.12826913836154,-1.0,stop,-1.1929839687122135,-1.0,stop
A,XRP-USDT-SWAP,2023-06-22,L,2023-06-22T12:45:00+00:00,0.49955,0.481,0.5275,0.03713342007807029,1.5067385444743913,False,aligned,-0.36835456022910595,-0.3121293800539091,time,0.25590437154987133,0.3121293800539091,time
A,XRP-USDT-SWAP,2023-07-17,L,2023-07-17T11:15:00+00:00,0.74215,0.719,0.75982,0.031193155022569568,0.763282937365014,False,aligned,0.6951592379805679,0.7632829373650138,target,-1.1014492346112315,-1.0,stop
A,XRP-USDT-SWAP,2023-07-20,L,2023-07-20T10:45:00+00:00,0.81391,0.80001,0.84887,0.01707805531324105,2.51510791366906,False,aligned,-1.1219150951438783,-1.0,stop,2.394784648489207,2.51510791366906,target
A,XRP-USDT-SWAP,2023-08-03,L,2023-08-03T09:30:00+00:00,0.66421,0.6541,0.68762,0.015221089715601922,2.315529179030678,False,against,-0.2525839089020639,-0.11473788328387184,time,-1.2057517464144403,-1.0,stop
A,XRP-USDT-SWAP,2023-10-23,U,2023-10-23T09:30:00+00:00,0.52835,0.53602,0.5198,0.014516892211602283,1.1147327249021999,False,aligned,-1.2156330404498084,-1.0,stop,0.968903500814854,1.1147327249021999,target
A,XRP-USDT-SWAP,2023-11-09,L,2023-11-09T12:45:00+00:00,0.68626,0.66192,0.70758,0.03546760702940581,0.8759244042728012,True,aligned,-1.058159231450286,-1.0,stop,0.8176354093262158,0.8759244042728012,target
A,XRP-USDT-SWAP,2023-11-10,L,2023-11-10T09:45:00+00:00,0.6541,0.6442,0.6717,0.015135300412780951,1.777777777777769,False,mixed,-1.1376987598484833,-1.0,stop,1.640896448484844,1.777777777777769,target
A,XRP-USDT-SWAP,2023-11-11,U,2023-11-11T09:15:00+00:00,0.6653,0.6882,0.6392,0.034420562152412494,1.1397379912663745,False,mixed,0.04390352227074284,0.10480349344977967,time,-0.1657035222707379,-0.10480349344977967,time
A,XRP-USDT-SWAP,2023-12-06,U,2023-12-06T11:00:00+00:00,0.629,0.6422,0.6098,0.02098569157392685,1.4545454545454555,False,mixed,-1.14979673030303,-1.0,stop,-1.0990184568181753,-1.0,stop
A,XRP-USDT-SWAP,2023-12-07,L,2023-12-07T09:45:00+00:00,0.632,0.6211,0.6547,0.017246835443038008,2.0825688073394404,False,aligned,0.9505062584862463,1.073394495412846,time,-1.1818258341743153,-1.0,stop
A,XRP-USDT-SWAP,2024-01-02,U,2024-01-02T11:45:00+00:00,0.6313,0.641,0.6279,0.015365119594487633,0.35051546391752,False,mixed,0.21421040567009708,0.35051546391752,target,0.21347432319587162,0.35051546391752,target
A,XRP-USDT-SWAP,2024-03-06,U,2024-03-06T09:00:00+00:00,0.6144,0.6242,0.5755,0.015950520833333384,3.9693877551020216,False,mixed,0.08285363035714605,0.21428571428571266,time,-1.1306074178571353,-1.0,stop
A,XRP-USDT-SWAP,2024-03-12,L,2024-03-12T08:45:00+00:00,0.6905,0.6772,0.734,0.019261404779145515,3.2706766917293275,False,mixed,-1.1079765907894685,-1.0,stop,-1.1630229885338317,-1.0,stop
A,XRP-USDT-SWAP,2024-03-14,U,2024-03-14T11:00:00+00:00,0.6879,0.708,0.6727,0.029219363279546457,0.756218905472636,False,mixed,0.6851429940298518,0.7562189054726361,target,-1.0708204242537303,-1.0,stop
A,XRP-USDT-SWAP,2024-03-15,L,2024-03-15T09:30:00+00:00,0.6162,0.594,0.6765,0.03602726387536514,2.7162162162162176,False,mixed,0.7471707172297377,0.8063063063063076,time,-1.0881120371621587,-1.0,stop
A,XRP-USDT-SWAP,2024-03-26,L,2024-03-26T12:15:00+00:00,0.6417,0.6287,0.6531,0.020258687860370907,0.8769230769230735,True,aligned,-1.1026095057692267,-1.0,stop,0.774184856538469,0.8769230769230735,target
A,XRP-USDT-SWAP,2024-03-27,L,2024-03-27T10:00:00+00:00,0.6206,0.6116,0.635,0.014502094747019027,1.599999999999995,False,mixed,-1.143756941666655,-1.0,stop,-1.2158509727777835,-1.0,stop
A,XRP-USDT-SWAP,2024-04-10,L,2024-04-10T13:00:00+00:00,0.6021,0.5917,0.6163,0.01727287825942529,1.365384615384619,False,mixed,1.2423734524038625,1.365384615384619,target,-1.1815547822115384,-1.0,stop
A,XRP-USDT-SWAP,2024-05-01,L,2024-05-01T09:00:00+00:00,0.4881,0.4781,0.5045,0.020487604998975527,1.6400000000000043,False,against,1.5357774510000093,1.6400000000000046,target,-1.1533886705000032,-1.0,stop
A,XRP-USDT-SWAP,2024-06-24,L,2024-06-24T09:45:00+00:00,0.4711,0.4622,0.4805,0.018891954998938695,1.0561797752808926,True,mixed,0.9439126499999972,1.0561797752808926,target,-1.1661709491573062,-1.0,stop
A,DOGE-USDT-SWAP,2022-01-12,U,2022-01-12T12:00:00+00:00,0.155021,0.158653,0.15117,0.023429083801549445,1.060297356828193,False,mixed,-1.1343884796117847,-1.0,stop,0.9695521500619548,1.060297356828193,target
A,DOGE-USDT-SWAP,2022-01-25,U,2022-01-25T12:45:00+00:00,0.141119,0.150595,0.132501,0.06714900190619273,0.909455466441534,True,aligned,-0.2009325286671573,-0.16948079358379003,time,0.13802915171485922,0.16948079358379003,time
A,DOGE-USDT-SWAP,2022-02-01,U,2022-02-01T09:30:00+00:00,0.142333,0.144338,0.140765,0.014086684043756592,0.782044887780539,False,aligned,-0.14558201899002607,0.0034912718204385142,time,-0.15256456455110257,-0.0034912718204385142,time
A,DOGE-USDT-SWAP,2022-03-01,L,2022-03-01T10:45:00+00:00,0.131666,0.129603,0.134525,0.01566843376422166,1.3858458555501638,False,mixed,1.250363662736308,1.3858458555501636,target,-1.1999359516602026,-1.0,stop
A,DOGE-USDT-SWAP,2022-03-02,U,2022-03-02T11:00:00+00:00,0.135031,0.13732,0.132049,0.016951662951470294,1.3027522935779954,False,against,1.1802388903669907,1.3027522935779954,target,-1.1228319263761413,-1.0,stop
A,DOGE-USDT-SWAP,2022-04-06,L,2022-04-06T10:00:00+00:00,0.157873,0.154799,0.174771,0.01947134722213438,5.497072218607638,True,aligned,-1.1068010557416972,-1.0,stop,5.3949948753903385,5.497072218607638,target
A,DOGE-USDT-SWAP,2022-04-07,U,2022-04-07T09:15:00+00:00,0.146183,0.148543,0.139916,0.01614414808835501,2.6555084745762683,False,against,-0.03930489031777435,0.09067796610170324,time,-1.1290283682203293,-1.0,stop
A,DOGE-USDT-SWAP,2022-04-26,U,2022-04-26T09:15:00+00:00,0.161537,0.166823,0.14829,0.0327231532094815,2.5060537268255674,False,mixed,2.444511027795111,2.5060537268255674,target,-1.0631250196083981,-1.0,stop
A,DOGE-USDT-SWAP,2022-04-27,U,2022-04-27T08:30:00+00:00,0.142947,0.145757,0.134918,0.019657635347366555,2.8572953736654667,False,mixed,0.9594145099910989,1.0651245551601383,time,-1.105778993861208,-1.0,stop
A,DOGE-USDT-SWAP,2022-05-13,U,2022-05-13T12:00:00+00:00,0.0932,0.09651,0.082031,0.03551502145922739,3.374320241691849,True,aligned,1.4757130349320329,1.5332326283987976,time,-1.0580801843655545,-1.0,stop
A,DOGE-USDT-SWAP,2022-05-16,L,2022-05-16T10:15:00+00:00,0.087324,0.085867,0.093187,0.016684989235490815,4.024021962937548,True,aligned,-1.124811908493476,-1.0,stop,-1.187879533442005,-1.0,stop
A,DOGE-USDT-SWAP,2022-06-01,U,2022-06-01T11:30:00+00:00,0.087,0.08952,0.085181,0.02896551724137941,0.7218253968253894,False,aligned,0.6500835119940417,0.7218253968253894,target,-1.0714502750000001,-1.0,stop
A,DOGE-USDT-SWAP,2022-06-13,L,2022-06-13T08:30:00+00:00,0.05595,0.05511,0.06626,0.015013404825737275,12.273809523809517,True,against,-1.1388252749999976,-1.0,stop,-1.2085696017857155,-1.0,stop
A,DOGE-USDT-SWAP,2022-06-15,L,2022-06-15T10:00:00+00:00,0.05113,0.05038,0.0564,0.01466849207901429,7.026666666666657,False,against,6.876126598999994,7.026666666666657,target,-1.2134256536666723,-1.0,stop
A,DOGE-USDT-SWAP,2022-06-18,L,2022-06-18T08:30:00+00:00,0.05286,0.05162,0.05787,0.023458191449110825,4.040322580645167,True,mixed,-1.088471242741926,-1.0,stop,-1.134224270967739,-1.0,stop
A,DOGE-USDT-SWAP,2022-06-19,U,2022-06-19T10:30:00+00:00,0.05832,0.05973,0.05113,0.024176954732510317,5.099290780141835,True,aligned,-1.1302948505319135,-1.0,stop,-1.085809849468078,-1.0,stop
A,DOGE-USDT-SWAP,2022-06-20,U,2022-06-20T11:15:00+00:00,0.06052,0.06157,0.05739,0.017349636483807045,2.9809523809523752,False,mixed,0.3651844192857132,0.4857142857142814,time,-1.1199902749999933,-1.0,stop
A,DOGE-USDT-SWAP,2022-07-12,L,2022-07-12T12:15:00+00:00,0.06148,0.06033,0.0632,0.018705270006506153,1.4956521739130513,False,against,-1.1112181010869506,-1.0,stop,1.3849551939130678,1.4956521739130602,target
A,DOGE-USDT-SWAP,2022-07-18,U,2022-07-18T08:30:00+00:00,0.06607,0.06702,0.06296,0.014378689268957053,3.2736842105263433,True,against,-1.2176859181578987,-1.0,stop,1.431240434210544,1.5789473684210664,time
A,DOGE-USDT-SWAP,2022-07-28,L,2022-07-28T09:30:00+00:00,0.0662,0.06522,0.06743,0.014803625377643426,1.2551020408163422,True,against,-1.1408074178571401,-1.0,stop,-1.211496141326526,-1.0,stop
A,DOGE-USDT-SWAP,2022-08-19,L,2022-08-19T11:45:00+00:00,0.06849,0.06753,0.07528,0.014016644765659055,7.072916666666755,True,mixed,-1.1487721499999948,-1.0,stop,-1.2232556890625028,-1.0,stop
A,DOGE-USDT-SWAP,2022-08-22,L,2022-08-22T09:00:00+00:00,0.06612,0.06517,0.06944,0.01436781609195391,3.494736842105294,False,against,2.2513206600000224,2.4000000000000234,time,-1.2178491050000069,-1.0,stop
A,DOGE-USDT-SWAP,2022-09-09,U,2022-09-09T09:30:00+00:00,0.06338,0.06493,0.06088,0.024455664247396588,1.6129032258064617,False,mixed,-0.4023307320967677,-0.3161290322580592,time,0.2299275062903185,0.3161290322580592,time
A,DOGE-USDT-SWAP,2022-10-05,L,2022-10-05T11:15:00+00:00,0.06486,0.06388,0.06687,0.015109466543324002,2.051020408163274,False,mixed,-1.137935989285709,-1.0,stop,1.9141888293367413,2.051020408163274,target
A,DOGE-USDT-SWAP,2022-10-13,L,2022-10-13T11:45:00+00:00,0.0571,0.05487,0.05996,0.03905429071803846,1.2825112107623349,False,against,1.2273936262331893,1.2825112107623349,target,-1.0814415895739897,-1.0,stop
A,DOGE-USDT-SWAP,2022-10-31,L,2022-10-31T08:45:00+00:00,0.11714,0.1135,0.12623,0.031073928632405587,2.4972527472527584,True,against,2.4270505493818795,2.497252747252758,target,-1.1018306126373634,-1.0,stop
A,DOGE-USDT-SWAP,2022-11-01,U,2022-11-01T10:30:00+00:00,0.14928,0.1589,0.12448,0.06444265809217589,2.5779625779625737,False,against,0.7114367428534313,0.7432432432432409,time,-1.031537385187108,-1.0,stop
A,DOGE-USDT-SWAP,2022-11-07,L,2022-11-07T08:15:00+00:00,0.11461,0.1118,0.11915,0.024517930372567897,1.6156583629893209,True,against,1.5283107645907492,1.6156583629893206,target,-1.1285113358540937,-1.0,stop
A,DOGE-USDT-SWAP,2022-12-06,L,2022-12-06T10:15:00+00:00,0.10053,0.0991,0.1028,0.01422460956928281,1.5874125874125924,True,aligned,-1.146581743531461,-1.0,stop,1.4414483386363768,1.5874125874125924,target
A,DOGE-USDT-SWAP,2023-01-06,L,2023-01-06T11:15:00+00:00,0.07043,0.06934,0.07223,0.015476359505892483,1.6513761467889756,True,mixed,1.513951830275233,1.6513761467889756,target,-1.202391867660542,-1.0,stop
A,DOGE-USDT-SWAP,2023-01-31,U,2023-01-31T08:15:00+00:00,0.09377,0.09562,0.08825,0.019729124453449827,2.9837837837838053,True,mixed,-1.1592068106756745,-1.0,stop,-1.105391896621619,-1.0,stop
A,DOGE-USDT-SWAP,2023-02-13,L,2023-02-13T09:45:00+00:00,0.08053,0.07937,0.08644,0.014404569725568212,5.0948275862068595,False,aligned,-1.1447373439655122,-1.0,stop,-1.2172984900862094,-1.0,stop
A,DOGE-USDT-SWAP,2023-04-04,U,2023-04-04T10:30:00+00:00,0.10022,0.10205,0.09213,0.01825982837756933,4.420765027322409,True,against,-1.1718525304644782,-1.0,stop,-1.1139568323770384,-1.0,stop
A,DOGE-USDT-SWAP,2023-06-22,L,2023-06-22T11:15:00+00:00,0.06653,0.06485,0.0694,0.025251766120547133,1.708333333333331,True,mixed,-0.6718296263392834,-0.5892857142857167,time,0.5067421263392929,0.5892857142857167,time
A,DOGE-USDT-SWAP,2023-07-15,U,2023-07-15T11:00:00+00:00,0.07362,0.07522,0.06768,0.021733224667209863,3.7125000000000234,True,against,0.9357068460937545,1.0312500000000053,time,-1.0955765249999927,-1.0,stop
A,DOGE-USDT-SWAP,2023-07-17,L,2023-07-17T11:00:00+00:00,0.06919,0.0676,0.0733,0.022980199450787803,2.584905660377347,False,against,0.2981447613207503,0.38993710691823424,time,-0.4817296669811269,-0.38993710691823424,time
A,DOGE-USDT-SWAP,2023-07-22,L,2023-07-22T12:30:00+00:00,0.07183,0.07002,0.07331,0.025198385075873672,0.8176795580110443,False,aligned,-1.0822889490331487,-1.0,stop,0.7351996723756877,0.8176795580110443,target
A,DOGE-USDT-SWAP,2023-10-20,U,2023-10-20T12:30:00+00:00,0.05963,0.06048,0.0586,0.014254569847392195,1.2117647058823615,False,mixed,-0.45352478999998813,-0.3058823529411734,time,0.15824008411765275,0.3058823529411734,time
A,DOGE-USDT-SWAP,2023-10-24,U,2023-10-24T13:00:00+00:00,0.06892,0.07012,0.06591,0.01741149158444583,2.5083333333333186,False,against,2.3903577731249848,2.5083333333333186,target,-1.1195602749999967,-1.0,stop
A,DOGE-USDT-SWAP,2023-11-02,U,2023-11-02T10:00:00+00:00,0.06991,0.07094,0.06838,0.014733228436561338,1.4854368932038824,False,against,1.3444620589806024,1.4854368932038824,target,-1.1414852264562967,-1.0,stop
A,DOGE-USDT-SWAP,2023-11-16,U,2023-11-16T10:15:00+00:00,0.07932,0.08059,0.07595,0.016011094301563205,2.653543307086626,False,mixed,-1.195700924212598,-1.0,stop,2.5195987612204878,2.6535433070866263,target
A,DOGE-USDT-SWAP,2023-12-04,L,2023-12-04T11:15:00+00:00,0.08708,0.0845,0.0914,0.029627928341754695,1.6744186046511598,True,aligned,1.6017818558139543,1.6744186046511598,target,-1.106700396317828,-1.0,stop
A,DOGE-USDT-SWAP,2023-12-07,L,2023-12-07T09:45:00+00:00,0.09506,0.09282,0.09834,0.023564064801178265,1.4642857142857064,False,aligned,0.27210880479910743,0.361607142857138,time,-0.45110567979909716,-0.361607142857138,time
A,DOGE-USDT-SWAP,2023-12-10,L,2023-12-10T11:30:00+00:00,0.09859,0.09655,0.1019,0.02069175372755858,1.6225490196078465,False,mixed,1.5193560834558932,1.6225490196078467,target,-1.151895542892152,-1.0,stop
A,DOGE-USDT-SWAP,2024-01-16,U,2024-01-16T11:30:00+00:00,0.08141,0.08258,0.0802,0.01437169880850024,1.0341880341880325,False,mixed,0.8891537032051244,1.0341880341880327,target,-1.1450707878205062,-1.0,stop
A,DOGE-USDT-SWAP,2024-03-01,U,2024-03-01T09:00:00+00:00,0.12141,0.12342,0.1164,0.016555473190017277,2.4925373134328392,True,mixed,-1.1893333003731346,-1.0,stop,2.3630745660447916,2.492537313432839,target
A,DOGE-USDT-SWAP,2024-03-02,U,2024-03-02T09:00:00+00:00,0.14724,0.15147,0.13816,0.028728606356968105,2.146572104018922,True,mixed,2.0757287226950454,2.146572104018922,target,-1.0720481473404249,-1.0,stop
A,DOGE-USDT-SWAP,2024-03-04,U,2024-03-04T09:15:00+00:00,0.16571,0.17222,0.14408,0.039285498762899135,3.3225806451612794,False,mixed,-1.0809743488863275,-1.0,stop,-1.052405113709674,-1.0,stop
A,DOGE-USDT-SWAP,2024-03-06,U,2024-03-06T09:45:00+00:00,0.16892,0.1801,0.14607,0.0661851764148711,2.043828264758491,False,mixed,0.9549948148926634,0.9856887298747721,time,-1.0306794342128767,-1.0,stop
A,DOGE-USDT-SWAP,2024-03-08,U,2024-03-08T11:45:00+00:00,0.16862,0.1738,0.1551,0.030719962044834646,2.6100386100386017,False,mixed,-1.1029803116795376,-1.0,stop,-1.0673097344594562,-1.0,stop
A,DOGE-USDT-SWAP,2024-03-10,L,2024-03-10T10:15:00+00:00,0.17356,0.17113,0.17969,0.01400092187139887,2.5226337448559786,False,aligned,-1.1489403984567754,-1.0,stop,2.3752930805555805,2.5226337448559786,target
A,DOGE-USDT-SWAP,2024-03-12,L,2024-03-12T09:30:00+00:00,0.17089,0.16755,0.18374,0.019544736380127464,3.847305389221577,False,mixed,-1.1063960833832251,-1.0,stop,3.7439003095060164,3.847305389221578,target
A,DOGE-USDT-SWAP,2024-03-18,L,2024-03-18T11:30:00+00:00,0.14873,0.14525,0.15435,0.023398103946749217,1.6149425287356232,False,against,-1.0887011370689612,-1.0,stop,1.5268878004310276,1.6149425287356232,target
A,DOGE-USDT-SWAP,2024-03-19,L,2024-03-19T09:15:00+00:00,0.12856,0.12515,0.14523,0.026524579962663317,4.888563049853375,True,against,-0.0059350238269763435,0.07331378299120249,time,-1.1189442877565983,-1.0,stop
A,DOGE-USDT-SWAP,2024-03-21,U,2024-03-21T09:00:00+00:00,0.15336,0.15795,0.14662,0.029929577464788804,1.4684095860566406,False,mixed,-1.1056456720588221,-1.0,stop,-1.069114980882348,-1.0,stop
A,DOGE-USDT-SWAP,2024-04-02,L,2024-04-02T09:30:00+00:00,0.18509,0.17982,0.20533,0.028472634934356242,3.8406072106261897,False,mixed,-0.5552225234345384,-0.4819734345351074,time,-1.1109466123814042,-1.0,stop
A,DOGE-USDT-SWAP,2024-04-05,L,2024-04-05T10:00:00+00:00,0.17179,0.16901,0.18084,0.016182548460329498,3.2553956834532327,False,mixed,-1.1287196994604267,-1.0,stop,-1.193649200719427,-1.0,stop
A,DOGE-USDT-SWAP,2024-04-09,L,2024-04-09T08:45:00+00:00,0.19615,0.19287,0.20352,0.016721896507774548,2.246951219512215,False,aligned,-1.1245341164634097,-1.0,stop,2.1237272947408723,2.246951219512215,target
A,DOGE-USDT-SWAP,2024-04-16,L,2024-04-16T10:45:00+00:00,0.15208,0.14946,0.16254,0.017227774855339186,3.9923664122137645,True,aligned,-1.1208464582061055,-1.0,stop,-1.1820247349236694,-1.0,stop
A,DOGE-USDT-SWAP,2024-04-22,L,2024-04-22T09:30:00+00:00,0.16017,0.15643,0.16346,0.023350190422675863,0.8796791443850249,True,aligned,0.19051892747327162,0.28074866310160357,time,-0.37097855314170014,-0.28074866310160357,time
A,DOGE-USDT-SWAP,2024-05-14,U,2024-05-14T12:45:00+00:00,0.1521,0.15516,0.14617,0.020118343195266133,1.9379084967320455,False,mixed,1.835561480637275,1.9379084967320452,target,-1.1033326279411735,-1.0,stop
A,DOGE-USDT-SWAP,2024-06-20,U,2024-06-20T12:30:00+00:00,0.12597,0.13033,0.12137,0.034611415416369,1.0550458715596307,False,aligned,0.9954803360091771,1.0550458715596307,target,-1.0596238988532076,-1.0,stop
A,BNB-USDT-SWAP,2023-03-15,L,2023-03-15T12:00:00+00:00,308.0,303.64,312.8,0.0141558441558442,1.1009174311926597,False,aligned,-1.1472988988532067,-1.0,stop,0.9537250733945021,1.1009174311926597,target
A,BNB-USDT-SWAP,2023-04-28,L,2023-04-28T12:15:00+00:00,323.39,317.75,330.54,0.017440242431738726,1.2677304964539098,False,mixed,-0.06727551728722864,0.05319148936170427,time,-0.17365852526595635,-0.05319148936170427,time
A,BNB-USDT-SWAP,2023-06-13,U,2023-06-13T11:45:00+00:00,235.91,239.92,228.41,0.016998007714806456,1.8703241895261886,False,mixed,-1.184457495947631,-1.0,stop,1.7448169731920273,1.8703241895261888,target
A,BNB-USDT-SWAP,2023-07-03,U,2023-07-03T10:15:00+00:00,249.03,258.75,245.73,0.039031441994940366,0.33950617283950735,True,against,0.2860599699074123,0.3395061728395074,target,-0.3117621594907359,-0.2582304526748962,time
A,BNB-USDT-SWAP,2023-07-24,L,2023-07-24T11:15:00+00:00,239.28,233.28,243.09,0.025075225677031094,0.6350000000000003,False,against,-0.1403551822499929,-0.05666666666666723,time,0.5519189246250075,0.6350000000000003,target
A,BNB-USDT-SWAP,2023-10-27,U,2023-10-27T12:30:00+00:00,226.2,229.39,219.88,0.014102564102564092,1.9811912225705324,False,mixed,-1.221908006818176,-1.0,stop,-1.147859365909081,-1.0,stop
A,BNB-USDT-SWAP,2023-11-14,U,2023-11-14T11:30:00+00:00,244.1,249.6,237.6,0.022531749283080705,1.1818181818181819,False,aligned,1.0898575977272789,1.1818181818181819,target,-1.0921520931818098,-1.0,stop
A,BNB-USDT-SWAP,2023-12-26,U,2023-12-26T09:45:00+00:00,273.6,280.7,264.2,0.025950292397660692,1.323943661971842,False,mixed,-1.1215311742957796,-1.0,stop,1.2416299415493062,1.323943661971842,target
A,BNB-USDT-SWAP,2024-03-04,U,2024-03-04T11:30:00+00:00,416.5,424.3,411.7,0.018727490996398588,0.6153846153846159,False,mixed,0.5038963230769287,0.615384615384616,target,0.5026040153846224,0.615384615384616,target
A,BNB-USDT-SWAP,2024-03-15,L,2024-03-15T09:45:00+00:00,567.1,541.7,612.5,0.04478927878681004,1.7874015748031504,False,aligned,1.7386390742126,1.7874015748031502,target,-1.0712760968503963,-1.0,stop
A,BNB-USDT-SWAP,2024-03-30,L,2024-03-30T08:15:00+00:00,599.8,591.1,612.8,0.014504834944981547,1.49425287356323,True,aligned,-0.05292181379309287,0.09195402298851431,time,-1.2158105824712722,-1.0,stop
A,BNB-USDT-SWAP,2024-05-01,L,2024-05-01T09:00:00+00:00,547.3,536.2,580.1,0.020281381326511805,2.954954954954985,False,against,1.19239224864867,1.297297297297316,time,-1.1549274930180229,-1.0,stop
A,BNB-USDT-SWAP,2024-06-24,L,2024-06-24T10:00:00+00:00,567.1,556.9,582.1,0.017986245812026177,1.4705882352941113,False,mixed,-1.1157061573529417,-1.0,stop,1.3553768750000006,1.470588235294111,target
A,AVAX-USDT-SWAP,2022-01-14,L,2022-01-14T12:45:00+00:00,88.766,87.23,91.797,0.017303922673095568,1.9733072916666594,False,mixed,0.9205141540039063,1.0429687499999922,time,-1.1812327399088505,-1.0,stop
A,AVAX-USDT-SWAP,2022-01-18,L,2022-01-18T09:30:00+00:00,85.849,84.635,87.419,0.014141108224906506,1.2932454695222364,False,mixed,-1.1474534875205882,-1.0,stop,1.146100520387155,1.2932454695222364,target
A,AVAX-USDT-SWAP,2022-01-22,L,2022-01-22T08:15:00+00:00,60.625,58.942,67.516,0.02776082474226804,4.0944741532976865,True,mixed,-1.0745964425579249,-1.0,stop,4.023128309581115,4.0944741532976865,target
A,AVAX-USDT-SWAP,2022-01-24,L,2022-01-24T08:15:00+00:00,59.944,59.087,64.843,0.014296676898438531,5.716452742123693,True,against,-1.145837556213523,-1.0,stop,-1.2189229010793439,-1.0,stop
A,AVAX-USDT-SWAP,2022-01-25,U,2022-01-25T10:45:00+00:00,63.707,65.133,61.66,0.022383725493273814,1.43548387096775,False,mixed,-1.1405688746844334,-1.0,stop,1.3401588449684538,1.43548387096775,target
A,AVAX-USDT-SWAP,2022-02-17,L,2022-02-17T08:45:00+00:00,93.492,92.168,98.72,0.0141616394985667,3.948640483383688,False,aligned,-1.1472381904078492,-1.0,stop,3.804499726359526,3.9486404833836874,target
A,AVAX-USDT-SWAP,2022-02-20,L,2022-02-20T09:15:00+00:00,79.612,78.314,85.728,0.01630407476259863,4.711864406779654,False,against,-1.127752432164859,-1.0,stop,1.628820012885211,1.7557781201848945,time
A,AVAX-USDT-SWAP,2022-03-17,U,2022-03-17T10:15:00+00:00,76.971,78.478,73.163,0.019578802406100878,2.5268745852687657,False,against,-1.1604134222461802,-1.0,stop,2.416963203185167,2.5268745852687657,target
A,AVAX-USDT-SWAP,2022-03-25,L,2022-03-25T09:30:00+00:00,85.481,83.542,87.812,0.022683403329394756,1.2021660649819554,False,aligned,-1.0915289753610065,-1.0,stop,1.1108499695848493,1.2021660649819554,target
A,AVAX-USDT-SWAP,2022-04-04,L,2022-04-04T12:00:00+00:00,96.246,94.508,98.067,0.018057893315046855,1.0477560414269267,False,mixed,-1.1152429102128798,-1.0,stop,0.9325638381904534,1.0477560414269267,target
A,AVAX-USDT-SWAP,2022-04-29,L,2022-04-29T12:30:00+00:00,66.253,65.159,67.999,0.016512459813140448,1.5959780621572255,False,mixed,-1.1261269660420405,-1.0,stop,1.4704775869744182,1.5959780621572253,target
A,AVAX-USDT-SWAP,2022-05-13,U,2022-05-13T12:15:00+00:00,35.653,36.34,29.504,0.01926906571677011,8.950509461426426,False,mixed,-1.1629589897015982,-1.0,stop,-1.107933244432309,-1.0,stop
A,AVAX-USDT-SWAP,2022-05-16,L,2022-05-16T10:30:00+00:00,32.509,31.403,36.548,0.03402134793441821,3.651898734177211,False,mixed,-0.03553285897377934,0.026220614828206437,time,-1.0931862499095826,-1.0,stop
A,AVAX-USDT-SWAP,2022-05-19,L,2022-05-19T11:45:00+00:00,28.661,27.465,30.078,0.04172917902376056,1.184782608695649,False,mixed,1.1332144144439786,1.184782608695649,target,-1.0763525503762565,-1.0,stop
A,AVAX-USDT-SWAP,2022-05-22,U,2022-05-22T11:45:00+00:00,30.084,30.936,28.965,0.02832070203430396,1.31338028169014,False,mixed,-1.1115308088028168,-1.0,stop,1.237850889348595,1.31338028169014,target
A,AVAX-USDT-SWAP,2022-05-24,L,2022-05-24T10:00:00+00:00,28.891,28.144,29.665,0.025855802845176697,1.0361445783132543,False,mixed,-1.0801699537148541,-1.0,stop,0.9560131363453901,1.0361445783132543,target
A,AVAX-USDT-SWAP,2022-05-25,L,2022-05-25T08:15:00+00:00,28.511,28.106,29.642,0.014205043667356374,2.79259259259261,True,mixed,-1.1467850898148015,-1.0,stop,2.647690767962994,2.7925925925926096,target
A,AVAX-USDT-SWAP,2022-05-27,L,2022-05-27T11:15:00+00:00,21.999,21.445,23.681,0.025182962861948203,3.036101083032503,False,against,2.9495243006317833,3.036101083032503,target,-1.1251717626353794,-1.0,stop
A,AVAX-USDT-SWAP,2022-06-15,L,2022-06-15T10:45:00+00:00,15.19,14.52,16.79,0.04410796576695194,2.388059701492537,False,mixed,2.3379424477611956,2.388059701492537,target,-1.0723453839552242,-1.0,stop
A,AVAX-USDT-SWAP,2022-06-18,L,2022-06-18T08:30:00+00:00,14.97,14.58,16.3,0.02605210420841687,3.4102564102564057,False,mixed,-1.079557967307688,-1.0,stop,-1.1210642442307712,-1.0,stop
A,AVAX-USDT-SWAP,2022-06-19,U,2022-06-19T12:45:00+00:00,14.96,15.48,13.72,0.034759358288770026,2.384615384615387,False,mixed,-1.0912512634615377,-1.0,stop,2.3216968096153936,2.3846153846153904,target
A,AVAX-USDT-SWAP,2022-06-21,U,2022-06-21T09:45:00+00:00,17.87,18.2,16.57,0.018466703973139244,3.939393939393962,False,against,-1.1699503053030245,-1.0,stop,-1.11266845681817,-1.0,stop
A,AVAX-USDT-SWAP,2022-06-23,U,2022-06-23T13:00:00+00:00,17.62,18.12,16.02,0.028376844494892167,3.200000000000003,False,mixed,-1.1113142070000035,-1.0,stop,-1.0729542749999994,-1.0,stop
A,AVAX-USDT-SWAP,2022-06-27,U,2022-06-27T11:45:00+00:00,21.02,21.38,19.67,0.017126546146527092,3.749999999999999,False,mixed,3.6313218645833363,3.75,target,-1.121566941666666,-1.0,stop
A,AVAX-USDT-SWAP,2022-06-28,U,2022-06-28T09:45:00+00:00,19.82,20.16,18.71,0.01715438950554994,3.264705882352941,False,mixed,-1.18279465147059,-1.0,stop,-1.121367922058809,-1.0,stop
A,AVAX-USDT-SWAP,2022-06-29,L,2022-06-29T12:15:00+00:00,17.81,17.51,18.68,0.016844469399213767,2.9000000000000306,False,against,-1.123620274999999,-1.0,stop,-1.1861201433333308,-1.0,stop
A,AVAX-USDT-SWAP,2022-06-30,L,2022-06-30T12:45:00+00:00,16.42,15.86,17.81,0.03410475030450683,2.482142857142842,False,against,-1.0605252749999967,-1.0,stop,-1.092963380357143,-1.0,stop
A,AVAX-USDT-SWAP,2022-07-18,U,2022-07-18T10:45:00+00:00,23.94,24.34,20.59,0.01670843776106928,8.375000000000034,True,against,-0.22579002749998697,-0.09999999999999823,time,-1.124635274999992,-1.0,stop
A,AVAX-USDT-SWAP,2022-07-23,L,2022-07-23T12:15:00+00:00,23.55,23.15,24.67,0.016985138004246374,2.7999999999999874,True,aligned,-1.1225877749999922,-1.0,stop,-0.27379504124999293,-0.149999999999996,time
A,AVAX-USDT-SWAP,2022-08-06,U,2022-08-06T12:00:00+00:00,25.46,26.0,24.72,0.021209740769835003,1.3703703703703762,False,against,-1.1482360157407394,-1.0,stop,1.269920747222236,1.3703703703703762,target
A,AVAX-USDT-SWAP,2022-08-09,L,2022-08-09T11:30:00+00:00,27.67,27.21,28.79,0.016624503071919077,2.434782608695642,False,aligned,-1.1252698402173802,-1.0,stop,-1.1885556478260864,-1.0,stop
A,AVAX-USDT-SWAP,2022-08-15,L,2022-08-15T08:30:00+00:00,27.76,27.35,29.3,0.014769452449567727,3.7560975609756064,True,against,-1.1411356408536488,-1.0,stop,-1.2119807469512136,-1.0,stop
A,AVAX-USDT-SWAP,2022-08-21,U,2022-08-21T08:30:00+00:00,22.86,23.22,22.14,0.015748031496062968,2.0,False,aligned,-1.1989357500000009,-1.0,stop,0.17188480625000543,0.30555555555555447,time
A,AVAX-USDT-SWAP,2022-08-22,L,2022-08-22T09:00:00+00:00,22.04,21.62,23.0,0.01905626134301262,2.285714285714298,False,mixed,1.1741646392857237,1.2857142857142894,time,-1.1647558773809494,-1.0,stop
A,AVAX-USDT-SWAP,2022-08-23,U,2022-08-23T12:30:00+00:00,22.74,23.06,21.82,0.014072119613016723,2.8749999999999916,False,mixed,-1.2223836593750026,-1.0,stop,2.722750790624994,2.8749999999999916,target
A,AVAX-USDT-SWAP,2022-08-26,L,2022-08-26T12:30:00+00:00,22.35,21.95,23.11,0.01789709172259517,1.899999999999985,False,mixed,1.7806680224999962,1.8999999999999848,target,-1.1752940562500016,-1.0,stop
A,AVAX-USDT-SWAP,2022-08-28,U,2022-08-28T11:00:00+00:00,20.17,20.46,19.62,0.014377788795240412,1.896551724137939,False,aligned,1.7524850043103586,1.896551724137939,target,-1.1450088956896571,-1.0,stop
A,AVAX-USDT-SWAP,2022-08-30,U,2022-08-30T10:45:00+00:00,20.34,20.65,19.01,0.015240904621435533,4.2903225806451735,False,aligned,4.15704150241938,4.2903225806451735,target,-1.1367373717741873,-1.0,stop
A,AVAX-USDT-SWAP,2022-09-16,L,2022-09-16T10:45:00+00:00,17.95,17.63,18.3,0.017827298050139294,1.0937500000000033,False,against,-1.1167471499999937,-1.0,stop,0.9771018632812637,1.0937500000000036,target
A,AVAX-USDT-SWAP,2022-11-09,L,2022-11-09T08:45:00+00:00,15.32,15.0,16.16,0.020887728459530044,2.6249999999999973,True,against,-1.0994877749999938,-1.0,stop,2.5272194718750005,2.6249999999999973,target
A,AVAX-USDT-SWAP,2022-11-13,L,2022-11-13T09:45:00+00:00,12.84,12.65,13.37,0.014797507788161956,2.78947368421053,False,mixed,0.857034485526331,1.0,time,-1.211582730263155,-1.0,stop
A,AVAX-USDT-SWAP,2023-01-16,L,2023-01-16T09:30:00+00:00,16.59,16.05,17.34,0.032549728752260344,1.3888888888888913,False,aligned,-1.0634669416666676,-1.0,stop,-0.3611241555555522,-0.296296296296297,time
A,AVAX-USDT-SWAP,2023-02-24,L,2023-02-24T11:00:00+00:00,19.53,19.23,19.83,0.015360983102918621,0.9999999999999882,False,against,-1.1356602749999936,-1.0,stop,0.8643402749999946,0.9999999999999881,target
A,AVAX-USDT-SWAP,2023-05-28,L,2023-05-28T09:00:00+00:00,14.55,14.24,14.82,0.021305841924398657,0.8709677419354811,False,aligned,0.7714889491935513,0.8709677419354811,target,-1.147576639516134,-1.0,stop
A,AVAX-USDT-SWAP,2023-06-15,L,2023-06-15T11:45:00+00:00,11.21,11.01,11.57,0.017841213202497864,1.7999999999999874,False,mixed,0.8312977612500014,0.9499999999999924,time,-1.1758366524999972,-1.0,stop
A,AVAX-USDT-SWAP,2023-06-22,L,2023-06-22T11:15:00+00:00,12.87,12.57,13.24,0.02331002331002323,1.233333333333341,True,mixed,-0.8226535349999936,-0.7333333333333322,time,0.644013535000004,0.7333333333333322,time
A,AVAX-USDT-SWAP,2023-07-06,U,2023-07-06T12:00:00+00:00,12.84,13.11,12.54,0.021028037383177538,1.1111111111111154,False,mixed,1.0124114166666804,1.1111111111111156,target,-1.0988169416666618,-1.0,stop
A,AVAX-USDT-SWAP,2023-07-14,U,2023-07-14T09:15:00+00:00,15.6,15.99,14.1,0.025000000000000036,3.846153846153841,False,mixed,3.766193365384612,3.8461538461538405,target,-1.0829502749999984,-1.0,stop
A,AVAX-USDT-SWAP,2023-07-18,L,2023-07-18T08:30:00+00:00,14.07,13.87,14.59,0.014214641080312798,2.599999999999984,True,against,-1.1466852749999839,-1.0,stop,1.1536303575000024,1.299999999999992,time
A,AVAX-USDT-SWAP,2023-10-30,U,2023-10-30T10:15:00+00:00,11.444,11.65,11.062,0.018000699056273987,1.8543689320388461,False,against,-1.1742969133495136,-1.0,stop,-0.019676672330093098,0.09708737864077485,time
A,AVAX-USDT-SWAP,2023-10-31,L,2023-10-31T08:15:00+00:00,11.481,11.303,11.763,0.015503875968992165,1.5842696629213568,True,aligned,-1.1344002749999949,-1.0,stop,-1.2020363000000045,-1.0,stop
A,AVAX-USDT-SWAP,2023-11-12,U,2023-11-12T09:00:00+00:00,18.53,19.098,15.87,0.030652995143011213,4.683098591549317,False,against,-1.103200810035209,-1.0,stop,-1.0674590778168978,-1.0,stop
A,AVAX-USDT-SWAP,2023-11-14,U,2023-11-14T09:30:00+00:00,17.231,17.679,15.559,0.025999651790377623,3.7321428571428883,False,against,-1.1213043452008922,-1.0,stop,-1.0797205874999918,-1.0,stop
A,AVAX-USDT-SWAP,2023-11-15,U,2023-11-15T10:00:00+00:00,18.943,19.702,17.002,0.04006757113445601,2.557312252964429,False,mixed,-1.0794338535243742,-1.0,stop,2.502216315909096,2.557312252964429,target
A,AVAX-USDT-SWAP,2023-11-16,U,2023-11-16T08:30:00+00:00,23.543,24.11,20.242,0.02408359172577837,5.8218694885361515,True,mixed,3.179017123015872,3.2627865961199247,time,-1.0861465712962932,-1.0,stop
A,AVAX-USDT-SWAP,2023-11-17,L,2023-11-17T10:30:00+00:00,21.816,21.414,24.671,0.01842684268426831,7.10199004975129,False,aligned,-1.112914454104471,-1.0,stop,-1.170313508582083,-1.0,stop
A,AVAX-USDT-SWAP,2023-11-24,U,2023-11-24T11:00:00+00:00,20.997,21.478,20.45,0.02290803448111643,1.1372141372141344,False,mixed,-1.137398534667359,-1.0,stop,1.0443494811330614,1.1372141372141347,target
A,AVAX-USDT-SWAP,2023-12-08,U,2023-12-08T12:15:00+00:00,27.384,27.788,26.035,0.014753140520011683,3.3391089108910905,False,against,-1.2122128576732685,-1.0,stop,3.1932611905321875,3.3391089108910905,target
A,AVAX-USDT-SWAP,2023-12-09,U,2023-12-09T08:45:00+00:00,32.43,34.086,30.463,0.051063829787234005,1.1878019323671498,False,against,-1.0627699291666657,-1.0,stop,-0.349375960461952,-0.3085748792270529,time
A,AVAX-USDT-SWAP,2023-12-15,U,2023-12-15T09:30:00+00:00,40.382,41.076,38.507,0.017185874894755156,2.701729106628232,False,mixed,-1.1824635196685913,-1.0,stop,-1.121143646757919,-1.0,stop
A,AVAX-USDT-SWAP,2023-12-21,U,2023-12-21T09:45:00+00:00,45.449,46.45,43.08,0.022024687011815546,2.366633366633355,False,mixed,-1.142826945829169,-1.0,stop,-1.0942978274475414,-1.0,stop
A,AVAX-USDT-SWAP,2023-12-30,L,2023-12-30T11:45:00+00:00,39.057,38.159,40.393,0.022992037278848944,1.487750556792866,False,mixed,0.23571456664810483,0.3273942093541157,time,-1.1369040336302914,-1.0,stop
A,AVAX-USDT-SWAP,2024-01-08,U,2024-01-08T12:30:00+00:00,33.656,34.411,30.776,0.022432850011885032,3.8145695364238263,False,aligned,-1.140265541291388,-1.0,stop,3.1189055201324485,3.2158940397350944,time
A,AVAX-USDT-SWAP,2024-01-09,L,2024-01-09T13:00:00+00:00,35.374,34.445,37.6,0.026262226494035222,2.396124865446711,True,mixed,-1.0789130306512276,-1.0,stop,-1.1201120259687765,-1.0,stop
A,AVAX-USDT-SWAP,2024-01-30,U,2024-01-30T09:00:00+00:00,36.259,36.792,35.462,0.014699798670674901,1.495309568480291,False,aligned,-1.212975482504693,-1.0,stop,1.350880805206376,1.495309568480291,target
A,AVAX-USDT-SWAP,2024-01-31,L,2024-01-31T12:00:00+00:00,34.724,34.018,35.325,0.020331759013938373,0.8512747875354244,False,mixed,0.7470944975566721,0.8512747875354244,target,-1.1545486978045325,-1.0,stop
A,AVAX-USDT-SWAP,2024-02-20,L,2024-02-20T10:15:00+00:00,38.725,38.062,39.641,0.017120723047127275,1.3815987933634866,False,mixed,1.2574901235294085,1.3815987933634866,target,-1.1831500689668215,-1.0,stop
A,AVAX-USDT-SWAP,2024-02-21,L,2024-02-21T12:30:00+00:00,37.119,36.401,38.553,0.019343193512756172,1.9972144846796724,False,against,-1.107515595334254,-1.0,stop,-0.7791853513579362,-0.6699164345403956,time
A,AVAX-USDT-SWAP,2024-02-22,U,2024-02-22T10:45:00+00:00,37.65,38.223,36.585,0.015219123505976108,1.858638743455492,False,aligned,1.7226065320680561,1.858638743455492,target,-1.1369345681937135,-1.0,stop
A,AVAX-USDT-SWAP,2024-03-06,U,2024-03-06T09:00:00+00:00,41.104,41.699,37.919,0.01447547683923703,5.352941176470602,False,mixed,-1.216244114411766,-1.0,stop,-1.1440232161764625,-1.0,stop
A,AVAX-USDT-SWAP,2024-03-12,L,2024-03-12T09:15:00+00:00,47.52,46.394,51.026,0.023695286195286294,3.113676731793948,False,mixed,3.021783005461806,3.113676731793948,target,-1.1329017450710441,-1.0,stop
A,AVAX-USDT-SWAP,2024-03-15,L,2024-03-15T09:45:00+00:00,51.054,48.174,57.096,0.056410859090374944,2.097916666666663,False,mixed,2.0584875560937497,2.097916666666663,target,-1.057014533229167,-1.0,stop
A,AVAX-USDT-SWAP,2024-03-19,L,2024-03-19T09:15:00+00:00,56.811,54.0,61.944,0.04947985425357765,1.826040554962648,True,aligned,-1.0413917904749173,-1.0,stop,-1.0647137015741746,-1.0,stop
A,AVAX-USDT-SWAP,2024-03-22,U,2024-03-22T08:45:00+00:00,55.484,56.596,52.683,0.020041813856246753,2.5188848920863443,False,mixed,-1.1567548863309378,-1.0,stop,-1.103731210251796,-1.0,stop
A,AVAX-USDT-SWAP,2024-03-25,U,2024-03-25T11:45:00+00:00,56.949,58.309,54.97,0.023881016347960447,1.4551470588235293,False,mixed,-1.1318840764338234,-1.0,stop,1.365683598694859,1.4551470588235293,target
A,AVAX-USDT-SWAP,2024-03-26,L,2024-03-26T12:30:00+00:00,57.999,55.286,59.3,0.046776668563251106,0.47954294139328946,False,mixed,-0.8564262093991862,-0.8123848138591964,time,0.43515241716734177,0.47954294139328946,target
A,AVAX-USDT-SWAP,2024-03-27,L,2024-03-27T09:45:00+00:00,54.824,54.056,56.752,0.014008463446665707,2.51041666666667,False,mixed,-1.1488596499999901,-1.0,stop,0.7742372981445305,0.9231770833333274,time
A,AVAX-USDT-SWAP,2024-04-09,L,2024-04-09T09:15:00+00:00,48.48,47.546,49.977,0.019265676567656716,1.6027837259100683,False,aligned,-1.1079524163276206,-1.0,stop,1.4954649482601776,1.6027837259100683,target
A,AVAX-USDT-SWAP,2024-04-10,L,2024-04-10T12:45:00+00:00,45.855,45.006,47.911,0.01851488387307811,2.4216725559481893,True,mixed,2.305708204240304,2.4216725559481893,target,-1.1695133930211967,-1.0,stop
A,AVAX-USDT-SWAP,2024-04-14,U,2024-04-14T11:30:00+00:00,36.06,37.217,32.638,0.032085413200221756,2.9576490924805654,False,aligned,-1.09868507996975,-1.0,stop,-1.0644005775064789,-1.0,stop
A,AVAX-USDT-SWAP,2024-04-18,U,2024-04-18T12:15:00+00:00,34.618,35.438,32.792,0.02368709919694957,2.2268292682926827,False,aligned,-1.1329469712195075,-1.0,stop,0.19153751615853795,0.28048780487804487,time
A,AVAX-USDT-SWAP,2024-05-04,U,2024-05-04T12:00:00+00:00,35.81,36.399,35.174,0.01644791957553752,1.079796264855695,False,against,-1.1905579480899893,-1.0,stop,0.9509870541596029,1.079796264855695,target
A,AVAX-USDT-SWAP,2024-05-06,U,2024-05-06T12:30:00+00:00,38.08,39.902,36.997,0.04784663865546226,0.5944017563117435,False,mixed,0.5511358111004393,0.5944017563117435,target,-0.5647479479966994,-0.5214050493962648,time
A,AVAX-USDT-SWAP,2024-06-07,U,2024-06-07T12:45:00+00:00,35.991,36.76,35.472,0.021366452724292138,0.6749024707412217,False,mixed,-1.1471638224642389,-1.0,stop,0.5759090932704878,0.6749024707412217,target
A,LINK-USDT-SWAP,2022-01-25,U,2022-01-25T10:30:00+00:00,15.373,15.606,14.596,0.015156443114551521,3.3347639484978435,True,aligned,-1.206620589592271,-1.0,stop,-1.1375052106223078,-1.0,stop
A,LINK-USDT-SWAP,2022-02-03,L,2022-02-03T11:30:00+00:00,15.545,15.236,15.954,0.019877774203924045,1.3236245954692611,False,mixed,1.216589522572826,1.323624595469261,target,-1.158031568527512,-1.0,stop
A,LINK-USDT-SWAP,2022-03-04,L,2022-03-04T08:45:00+00:00,14.324,14.101,14.975,0.01556827701759278,2.919282511210775,True,mixed,-1.1338399610986523,-1.0,stop,-1.2012090232062775,-1.0,stop
A,LINK-USDT-SWAP,2022-05-13,U,2022-05-13T12:15:00+00:00,7.464,7.592,6.472,0.017148981779206755,7.750000000000047,False,aligned,-1.1828516468749977,-1.0,stop,-1.121406524999991,-1.0,stop
A,LINK-USDT-SWAP,2022-05-16,L,2022-05-16T10:15:00+00:00,7.303,7.159,7.967,0.019717924140764086,4.611111111111105,True,aligned,0.7190193244791695,0.8263888888888866,time,-1.1592960795138865,-1.0,stop
A,LINK-USDT-SWAP,2022-06-10,L,2022-06-10T12:30:00+00:00,9.045,8.746,9.537,0.03305693753454942,1.6454849498327815,False,aligned,-1.0624770308528413,-1.0,stop,1.583686405685625,1.6454849498327817,target
A,LINK-USDT-SWAP,2022-06-13,L,2022-06-13T08:30:00+00:00,5.592,5.485,6.342,0.01913447782546483,7.009345794392568,True,against,-1.108699807710282,-1.0,stop,-1.1640907838785128,-1.0,stop
A,LINK-USDT-SWAP,2022-06-15,L,2022-06-15T10:30:00+00:00,6.155,5.828,6.912,0.05312753858651502,2.3149847094801217,False,mixed,2.2730270892201836,2.3149847094801217,target,-1.060411330351682,-1.0,stop
A,LINK-USDT-SWAP,2022-06-18,L,2022-06-18T08:30:00+00:00,5.84,5.645,6.474,0.03339041095890416,3.2512820512820486,True,mixed,-1.0618425826923041,-1.0,stop,-1.094908322435896,-1.0,stop
A,LINK-USDT-SWAP,2022-06-26,U,2022-06-26T12:30:00+00:00,7.334,7.493,7.104,0.021679847286610404,1.4465408805031355,False,mixed,1.351195995283015,1.4465408805031355,target,-1.0958144259433857,-1.0,stop
A,LINK-USDT-SWAP,2022-07-18,U,2022-07-18T08:30:00+00:00,6.767,6.869,6.33,0.015073149105955285,4.284313725490223,False,against,-1.2077510392156874,-1.0,stop,2.5343404419117763,2.6764705882353064,time
A,LINK-USDT-SWAP,2022-07-29,U,2022-07-29T10:30:00+00:00,7.734,7.882,7.109,0.01913628135505556,4.222972972972982,False,mixed,-1.1640755121621638,-1.0,stop,-1.1086894641891865,-1.0,stop
A,LINK-USDT-SWAP,2022-08-12,U,2022-08-12T11:00:00+00:00,9.043,9.32,8.796,0.030631427623576363,0.8916967509025233,False,mixed,-1.1032720295126324,-1.0,stop,0.8222036748194941,0.8916967509025233,target
A,LINK-USDT-SWAP,2022-08-21,U,2022-08-21T08:45:00+00:00,7.043,7.147,6.875,0.014766434757915673,1.6153846153846154,False,aligned,-1.2120236485576952,-1.0,stop,-1.1411646980769163,-1.0,stop
A,LINK-USDT-SWAP,2022-08-22,L,2022-08-22T09:00:00+00:00,6.777,6.675,7.085,0.01505090748118641,3.019607843137244,False,against,2.4655791485294087,2.607843137254894,time,-1.208055014705883,-1.0,stop
A,LINK-USDT-SWAP,2022-08-26,L,2022-08-26T12:30:00+00:00,6.916,6.815,7.144,0.014603817235396178,2.257425742574256,False,mixed,2.111258046534666,2.2574257425742554,target,-1.214361753712864,-1.0,stop
A,LINK-USDT-SWAP,2022-10-05,L,2022-10-05T12:45:00+00:00,7.761,7.588,7.853,0.022290941888931843,0.5317919075144486,False,mixed,0.4370250017341088,0.5317919075144486,target,0.43814176473988653,0.5317919075144486,target
A,LINK-USDT-SWAP,2022-10-13,L,2022-10-13T11:15:00+00:00,6.629,6.437,7.159,0.02896364459194438,2.760416666666678,False,against,-1.0714549624999963,-1.0,stop,-1.1091005434895829,-1.0,stop
A,LINK-USDT-SWAP,2022-10-31,U,2022-10-31T12:15:00+00:00,8.033,8.2,7.665,0.020789244366986162,2.203592814371256,False,against,-1.1511928498502908,-1.0,stop,-1.0999640474550822,-1.0,stop
A,LINK-USDT-SWAP,2022-11-02,U,2022-11-02T09:15:00+00:00,7.783,7.892,7.555,0.014004882436078631,2.091743119266061,True,mixed,-1.223441473165137,-1.0,stop,-1.1488979814220166,-1.0,stop
A,LINK-USDT-SWAP,2022-11-25,U,2022-11-25T13:00:00+00:00,6.847,6.988,6.665,0.02059296042062217,1.2907801418439744,False,against,-0.12327553776594746,-0.021276595744675355,time,-0.0807223345744691,0.021276595744675355,time
A,LINK-USDT-SWAP,2023-01-16,L,2023-01-16T08:15:00+00:00,6.638,6.469,6.956,0.025459475745706478,1.8816568047337352,True,aligned,-1.0814342986686334,-1.0,stop,-1.1238345581360936,-1.0,stop
A,LINK-USDT-SWAP,2023-01-27,U,2023-01-27T08:45:00+00:00,7.269,7.376,6.92,0.014720044022561591,3.26168224299065,False,against,-1.212685385280371,-1.0,stop,-1.1416128918224218,-1.0,stop
A,LINK-USDT-SWAP,2023-03-10,L,2023-03-10T12:00:00+00:00,6.061,5.883,6.206,0.029368091074080175,0.8146067415730366,False,against,0.7422454487359641,0.8146067415730366,target,-1.1076262943820212,-1.0,stop
A,LINK-USDT-SWAP,2023-03-31,U,2023-03-31T08:15:00+00:00,7.474,7.591,7.226,0.015654268129515654,2.1196581196581215,True,mixed,-1.2001150190170908,-1.0,stop,0.8562635205128301,0.9914529914529886,time
A,LINK-USDT-SWAP,2023-04-03,U,2023-04-03T12:45:00+00:00,7.267,7.386,7.061,0.01637539562405391,1.7310924369747966,False,aligned,-1.191392815336134,-1.0,stop,-1.1271914514705796,-1.0,stop
A,LINK-USDT-SWAP,2023-06-06,U,2023-06-06T12:15:00+00:00,6.045,6.131,6.004,0.014226633581472341,0.47674418604651425,False,mixed,-1.2199906476744176,-1.0,stop,0.3286332706395477,0.47674418604651425,target
A,LINK-USDT-SWAP,2023-06-23,U,2023-06-23T12:30:00+00:00,5.827,5.915,5.55,0.015102110863222941,3.147727272727271,False,against,-1.2073565619318265,-1.0,stop,3.0053696156250056,3.1477272727272716,target
A,LINK-USDT-SWAP,2023-07-06,U,2023-07-06T11:45:00+00:00,6.399,6.511,6.206,0.01750273480231288,1.7232142857142805,False,aligned,1.6050428845982143,1.7232142857142807,target,-1.118931524999994,-1.0,stop
A,LINK-USDT-SWAP,2023-07-17,L,2023-07-17T11:00:00+00:00,6.585,6.437,6.731,0.022475322703113088,0.986486486486488,False,mixed,0.892015136148657,0.986486486486488,target,-1.1400043503378416,-1.0,stop
A,LINK-USDT-SWAP,2023-10-27,U,2023-10-27T13:00:00+00:00,11.197,11.449,10.6,0.02250602840046447,2.369047619047611,True,aligned,-0.03372200744047547,0.05952380952380457,time,-1.0922586083333305,-1.0,stop
A,LINK-USDT-SWAP,2023-10-29,U,2023-10-29T10:15:00+00:00,11.005,11.222,10.742,0.019718309859154813,1.2119815668202831,False,against,-1.1592930035714235,-1.0,stop,1.1042093194700637,1.2119815668202831,target
A,LINK-USDT-SWAP,2023-10-30,U,2023-10-30T10:30:00+00:00,11.271,11.515,10.883,0.021648478395883217,1.590163934426238,False,against,-1.145273362090161,-1.0,stop,1.4914901913934606,1.590163934426238,target
A,LINK-USDT-SWAP,2023-11-10,L,2023-11-10T08:30:00+00:00,14.386,14.12,14.963,0.018490198804393163,2.1691729323308264,True,aligned,2.0533222130639164,2.169172932330827,target,-1.1697369614661648,-1.0,stop
A,LINK-USDT-SWAP,2023-11-29,U,2023-11-29T10:30:00+00:00,14.757,14.999,14.434,0.016398997086128676,1.33471074380165,False,aligned,1.2080559455578541,1.3347107438016497,target,-1.1270068865702452,-1.0,stop
A,LINK-USDT-SWAP,2023-12-04,L,2023-12-04T11:45:00+00:00,15.664,15.053,16.416,0.03900663942798767,1.2307692307692342,False,mixed,0.19957920233224904,0.25368248772504326,time,-0.30778591264320565,-0.25368248772504326,time
A,LINK-USDT-SWAP,2023-12-07,L,2023-12-07T09:45:00+00:00,15.334,15.088,15.729,0.01604278074866313,1.6056910569105645,False,mixed,-1.1298502749999957,-1.0,stop,1.4764774740853666,1.6056910569105645,target
A,LINK-USDT-SWAP,2023-12-18,U,2023-12-18T09:15:00+00:00,14.036,14.361,13.632,0.023154744941578875,1.2430769230769187,False,aligned,-1.1359564243846152,-1.0,stop,1.1510778803076973,1.2430769230769187,target
A,LINK-USDT-SWAP,2024-01-10,U,2024-01-10T13:00:00+00:00,13.778,14.464,13.564,0.04978951952387864,0.31195335276967995,False,against,-1.0643239706268217,-1.0,stop,0.26944833651603795,0.31195335276967995,target
A,LINK-USDT-SWAP,2024-01-22,L,2024-01-22T11:15:00+00:00,15.237,14.922,15.996,0.020673360897814498,2.4095238095238143,False,mixed,-1.1005302749999963,-1.0,stop,1.9418337359523894,2.0412698412698465,time
A,LINK-USDT-SWAP,2024-02-12,U,2024-02-12T12:30:00+00:00,20.434,20.819,19.75,0.018841147107761476,1.7766233766233885,False,mixed,-1.1666135229220742,-1.0,stop,-1.1104084568181756,-1.0,stop
A,LINK-USDT-SWAP,2024-02-14,U,2024-02-14T11:15:00+00:00,20.151,20.445,19.701,0.014589846657734131,1.5306122448979542,False,mixed,-0.4708092734693808,-0.3265306122448977,time,-1.1428859892857024,-1.0,stop
A,LINK-USDT-SWAP,2024-02-22,U,2024-02-22T10:45:00+00:00,18.74,19.02,18.123,0.014941302027748194,2.20357142857141,False,aligned,2.065335784553559,2.20357142857141,target,-1.139500274999997,-1.0,stop
A,LINK-USDT-SWAP,2024-02-29,U,2024-02-29T10:15:00+00:00,20.118,20.478,19.25,0.017894422904861467,2.411111111111087,False,mixed,2.2962884408333157,2.411111111111087,target,-1.1163052749999884,-1.0,stop
A,LINK-USDT-SWAP,2024-03-06,U,2024-03-06T09:00:00+00:00,19.526,19.802,18.388,0.014134999487862327,4.123188405797098,False,mixed,-1.2214035036231918,-1.0,stop,-1.1475176663043454,-1.0,stop
A,LINK-USDT-SWAP,2024-03-12,L,2024-03-12T09:30:00+00:00,20.483,20.076,21.369,0.01987013621051604,2.176904176904175,False,mixed,-1.1046365157862343,-1.0,stop,2.073504284152337,2.176904176904175,target
A,LINK-USDT-SWAP,2024-03-15,L,2024-03-15T09:15:00+00:00,18.717,18.325,21.014,0.020943527274670058,5.85969387755103,True,mixed,2.241657149808686,2.344387755102045,time,-1.1500941779336686,-1.0,stop
A,LINK-USDT-SWAP,2024-03-19,L,2024-03-19T09:15:00+00:00,16.889,16.489,18.466,0.023684054710166297,3.942500000000018,True,mixed,-0.2834625536249946,-0.1949999999999992,time,-1.132963797375001,-1.0,stop
A,LINK-USDT-SWAP,2024-03-28,U,2024-03-28T11:45:00+00:00,19.524,19.83,19.052,0.015673017824216214,1.5424836601307366,False,aligned,1.0502607828431665,1.1830065359477286,time,-1.1329385102941059,-1.0,stop
A,LINK-USDT-SWAP,2024-04-10,L,2024-04-10T13:00:00+00:00,17.103,16.781,17.585,0.018827106355610284,1.4968944099378736,False,mixed,0.8781019805124197,0.9906832298136533,time,-1.166736249378881,-1.0,stop
A,LINK-USDT-SWAP,2024-06-12,U,2024-06-12T08:45:00+00:00,15.276,15.532,14.726,0.016758313694684487,2.148437499999994,False,aligned,-1.187066457031252,-1.0,stop,2.020871293945312,2.148437499999994,target
A,ADA-USDT-SWAP,2022-01-16,U,2022-01-16T11:00:00+00:00,1.37758,1.39985,1.28634,0.01616603028499253,4.0969914683430595,False,mixed,-1.1938449726874678,-1.0,stop,1.390278707667272,1.5217781769196208,time
A,ADA-USDT-SWAP,2022-01-22,L,2022-01-22T11:00:00+00:00,1.04015,0.91435,1.15481,0.12094409460174006,0.9114467408585061,False,against,0.22681562763315063,0.2444356120826715,time,-0.26205573097177903,-0.2444356120826715,time
A,ADA-USDT-SWAP,2022-02-01,U,2022-02-01T09:30:00+00:00,1.05458,1.07171,1.03455,0.016243433404767648,1.169293636894346,False,aligned,-1.1929310362667844,-1.0,stop,1.038783187872168,1.169293636894346,target
A,ADA-USDT-SWAP,2022-02-07,U,2022-02-07T09:30:00+00:00,1.17511,1.19462,1.12568,0.016602701023733877,2.533572526909292,False,mixed,-1.1888005590081938,-1.0,stop,1.0685683453869899,1.196309584828294,time
A,ADA-USDT-SWAP,2022-02-08,L,2022-02-08T09:30:00+00:00,1.18661,1.16738,1.2631,0.01620583005368222,3.9776391055642493,False,mixed,-1.1285332703198145,-1.0,stop,0.485727158112329,0.6146645865834648,time
A,ADA-USDT-SWAP,2022-02-17,L,2022-02-17T09:30:00+00:00,1.06749,1.05,1.09364,0.016384228423685473,1.4951400800457337,True,mixed,-1.127122316166376,-1.0,stop,1.3685383471269217,1.495140080045734,target
A,ADA-USDT-SWAP,2022-02-20,L,2022-02-20T09:15:00+00:00,0.93769,0.92383,0.99766,0.014781004383111671,4.326839826839829,False,against,-1.1410245174242368,-1.0,stop,-1.211816678499285,-1.0,stop
A,ADA-USDT-SWAP,2022-02-26,L,2022-02-26T09:45:00+00:00,0.8947,0.88188,0.95542,0.014328825304571424,4.736349453978139,False,mixed,-1.1455079973088842,-1.0,stop,0.4554779734984527,0.6014040561622522,time
A,ADA-USDT-SWAP,2022-03-01,L,2022-03-01T10:45:00+00:00,0.95592,0.93992,0.98275,0.01673780232655454,1.6768749999999997,False,mixed,1.5496502423906273,1.676875,target,-1.1872931847500012,-1.0,stop
A,ADA-USDT-SWAP,2022-05-19,U,2022-05-19T12:15:00+00:00,0.52292,0.53167,0.49141,0.01673296106478988,3.6011428571428925,False,aligned,-1.1873467799714201,-1.0,stop,1.0641062703428692,1.1908571428571515,time
A,ADA-USDT-SWAP,2022-06-10,L,2022-06-10T11:45:00+00:00,0.61587,0.60451,0.63612,0.018445451150405176,1.7825704225352046,False,mixed,-1.112799482746465,-1.0,stop,1.670593403939265,1.7825704225352046,target
A,ADA-USDT-SWAP,2022-06-15,L,2022-06-15T08:45:00+00:00,0.45547,0.44757,0.49031,0.0173447208378158,4.410126582278507,False,mixed,4.2844228583544615,4.410126582278506,target,-1.1808112691139188,-1.0,stop
A,ADA-USDT-SWAP,2022-06-18,L,2022-06-18T08:30:00+00:00,0.45948,0.44952,0.49523,0.021676677983807836,3.5893574297188673,True,mixed,-1.0958285882530086,-1.0,stop,-1.1450870412650587,-1.0,stop
A,ADA-USDT-SWAP,2022-06-19,U,2022-06-19T10:00:00+00:00,0.45472,0.46207,0.43571,0.016163793103448204,2.586394557823144,True,aligned,-1.1938715183333317,-1.0,stop,2.4537595547959428,2.5863945578231444,target
A,ADA-USDT-SWAP,2022-06-28,U,2022-06-28T09:45:00+00:00,0.48803,0.49688,0.47326,0.01813413109849798,1.668926553672323,False,mixed,-1.1730295161299482,-1.0,stop,-1.1147540038135533,-1.0,stop
A,ADA-USDT-SWAP,2022-07-24,U,2022-07-24T10:45:00+00:00,0.52369,0.53281,0.50971,0.017414882850541383,1.5328947368421018,False,mixed,-1.1800910694627131,-1.0,stop,-1.1195367881578862,-1.0,stop
A,ADA-USDT-SWAP,2022-07-30,U,2022-07-30T10:15:00+00:00,0.52187,0.53363,0.50896,0.022534347634468554,1.097789115646247,False,against,-1.1396430042942165,-1.0,stop,1.0034456675382548,1.097789115646247,target
A,ADA-USDT-SWAP,2022-08-05,U,2022-08-05T12:45:00+00:00,0.50982,0.5194,0.49931,0.018790945824016164,1.0970772442588894,False,mixed,-0.9163579454592926,-0.80375782881002,time,0.6911581542275534,0.80375782881002,time
A,ADA-USDT-SWAP,2022-08-21,U,2022-08-21T08:30:00+00:00,0.46036,0.46716,0.44657,0.014771048744460918,2.0279411764705753,False,aligned,-1.2119580599999993,-1.0,stop,0.18101979485295014,0.32352941176470973,time
A,ADA-USDT-SWAP,2022-08-22,L,2022-08-22T10:15:00+00:00,0.44622,0.43729,0.46317,0.020012549863296116,1.898096304591269,False,against,1.6312033894736868,1.7379619260918242,time,-1.1569811073068335,-1.0,stop
A,ADA-USDT-SWAP,2022-10-13,L,2022-10-13T11:00:00+00:00,0.35643,0.34878,0.38214,0.021462839828297407,3.3607843137254645,False,mixed,3.2594128849999824,3.3607843137254645,target,-1.1465121369607862,-1.0,stop
A,ADA-USDT-SWAP,2023-01-14,L,2023-01-14T09:30:00+00:00,0.348,0.33166,0.37019,0.04695402298850565,1.3580171358629187,True,aligned,0.24505656692166716,0.2900856793145674,time,-0.3351149512545913,-0.2900856793145674,time
A,ADA-USDT-SWAP,2023-01-19,U,2023-01-19T09:00:00+00:00,0.33334,0.33801,0.32572,0.014009719805603742,1.6316916488222901,False,aligned,-1.2233650299250516,-1.0,stop,-1.1488462064775047,-1.0,stop
A,ADA-USDT-SWAP,2023-03-10,L,2023-03-10T12:00:00+00:00,0.30369,0.29737,0.31012,0.02081069511673085,1.0174050632911391,False,against,0.9154274158623465,1.0174050632911391,target,-1.1510391208069617,-1.0,stop
A,ADA-USDT-SWAP,2023-04-03,U,2023-04-03T12:45:00+00:00,0.39398,0.40469,0.37069,0.027184121021371636,2.174603174603173,False,aligned,0.5592711832633086,0.6358543417366932,time,-1.0762012553921494,-1.0,stop
A,ADA-USDT-SWAP,2023-04-14,U,2023-04-14T12:15:00+00:00,0.43653,0.4439,0.42302,0.016883146633679343,1.8331071913161312,True,against,-0.29824387408412173,-0.1736770691994567,time,-1.1233346712008079,-1.0,stop
A,ADA-USDT-SWAP,2023-06-25,U,2023-06-25T11:00:00+00:00,0.29697,0.30529,0.28831,0.028016297942553097,1.0408653846153855,False,aligned,0.5386681974158696,0.6129807692307688,time,-0.6872936781850912,-0.6129807692307688,time
A,ADA-USDT-SWAP,2023-07-14,L,2023-07-14T12:00:00+00:00,0.35116,0.34426,0.3795,0.019649162774803556,4.10724637681158,False,mixed,-1.1058250576086874,-1.0,stop,4.004685332391301,4.10724637681158,target
A,ADA-USDT-SWAP,2023-07-18,L,2023-07-18T08:30:00+00:00,0.30803,0.30365,0.31416,0.014219394214849366,1.3995433789954106,True,against,-1.1466358914383548,-1.0,stop,1.2533276679794327,1.3995433789954106,target
A,ADA-USDT-SWAP,2023-07-22,L,2023-07-22T12:30:00+00:00,0.31225,0.30614,0.31505,0.01956765412329865,0.45826513911619765,False,mixed,-1.1062702422667732,-1.0,stop,0.3514264762684115,0.4582651391161976,target
A,ADA-USDT-SWAP,2023-10-20,U,2023-10-20T12:30:00+00:00,0.24885,0.25336,0.24537,0.018123367490456045,0.7716186252771604,False,mixed,-0.639703691574272,-0.52328159645233,time,0.40685978913526605,0.52328159645233,time
A,ADA-USDT-SWAP,2023-11-16,U,2023-11-16T08:30:00+00:00,0.3948,0.4017,0.3776,0.017477203647416457,2.4927536231883987,False,mixed,-1.1794562076086943,-1.0,stop,-1.119106796739124,-1.0,stop
A,ADA-USDT-SWAP,2023-12-09,U,2023-12-09T08:45:00+00:00,0.6122,0.6483,0.5443,0.05896765762822611,1.8808864265927956,False,against,0.8850207515235475,0.9196675900277005,time,-1.0345630173822702,-1.0,stop
A,ADA-USDT-SWAP,2023-12-10,L,2023-12-10T11:00:00+00:00,0.586,0.5695,0.606,0.02815699658703065,1.212121212121216,False,aligned,1.1362670000000081,1.2121212121212162,target,-1.1121673280303013,-1.0,stop
A,ADA-USDT-SWAP,2023-12-12,U,2023-12-12T09:15:00+00:00,0.5891,0.6016,0.5509,0.021218808351723083,3.0559999999999845,False,mixed,-1.1481735454000062,-1.0,stop,-1.0979190750000014,-1.0,stop
A,ADA-USDT-SWAP,2023-12-14,L,2023-12-14T10:15:00+00:00,0.6473,0.6359,0.681,0.017611617488027136,2.9561403508772077,False,mixed,-1.1181897486842127,-1.0,stop,-1.1781022298245643,-1.0,stop
A,ADA-USDT-SWAP,2024-01-25,U,2024-01-25T12:30:00+00:00,0.4767,0.484,0.4656,0.015313614432557108,1.5205479452054849,False,aligned,1.3850120619863098,1.5205479452054849,target,-1.1360831517123258,-1.0,stop
A,ADA-USDT-SWAP,2024-02-08,U,2024-02-08T08:15:00+00:00,0.5241,0.5365,0.502,0.023659606945239393,1.7822580645161348,True,mixed,-0.5973569945564493,-0.5080645161290314,time,0.4187723171370974,0.5080645161290314,time
A,ADA-USDT-SWAP,2024-02-21,L,2024-02-21T12:30:00+00:00,0.5926,0.5804,0.6237,0.020587242659466737,2.5491803278688563,False,against,-1.1009551930327817,-1.0,stop,-0.5943247254098304,-0.49180327868852547,time
A,ADA-USDT-SWAP,2024-02-26,L,2024-02-26T12:45:00+00:00,0.5817,0.573,0.592,0.014956162970603475,1.1839080459770033,False,mixed,1.0422549232758638,1.183908045977003,target,-1.209360012931033,-1.0,stop
A,ADA-USDT-SWAP,2024-02-28,U,2024-02-28T12:00:00+00:00,0.625,0.6458,0.6152,0.033280000000000066,0.47115384615384664,False,mixed,-1.095216389903845,-1.0,stop,0.40755830264423865,0.4711538461538467,target
A,ADA-USDT-SWAP,2024-03-02,L,2024-03-02T09:45:00+00:00,0.7264,0.715,0.765,0.015693832599119047,3.3859649122806763,True,aligned,1.2331740605263013,1.3684210526315652,time,-1.1996156951754393,-1.0,stop
A,ADA-USDT-SWAP,2024-03-06,U,2024-03-06T09:30:00+00:00,0.7383,0.7574,0.6654,0.025870242448869034,3.8167539267015673,False,aligned,0.08654088376963648,0.16753926701570573,time,-1.0801246205497355,-1.0,stop
A,ADA-USDT-SWAP,2024-03-12,L,2024-03-12T09:30:00+00:00,0.7478,0.7327,0.777,0.020192564856913616,1.933774834437086,False,mixed,-1.1029489504966812,-1.0,stop,1.8318071543046437,1.933774834437086,target
A,ADA-USDT-SWAP,2024-03-15,L,2024-03-15T09:45:00+00:00,0.6989,0.6673,0.7648,0.045213907569037,2.0854430379746884,False,mixed,0.8608285725474748,0.9082278481012688,time,-1.0706259640822797,-1.0,stop
A,ADA-USDT-SWAP,2024-05-01,L,2024-05-01T09:00:00+00:00,0.4261,0.4183,0.4445,0.018305562074630306,2.3589743589743706,False,against,2.2417788538461685,2.3589743589743706,target,-1.1714283064102606,-1.0,stop
A,ADA-USDT-SWAP,2024-05-13,U,2024-05-13T12:15:00+00:00,0.4433,0.4532,0.4248,0.022332506203473865,1.868686868686877,False,mixed,0.5733335166666799,0.6666666666666742,time,-0.7600001833333352,-0.6666666666666742,time
A,ADA-USDT-SWAP,2024-06-10,U,2024-06-10T12:45:00+00:00,0.4438,0.4512,0.4346,0.016674177557458356,1.2432432432432383,False,mixed,0.30694336216216583,0.4324324324324288,time,-0.5579217405405297,-0.4324324324324288,time
A,ADA-USDT-SWAP,2024-06-24,L,2024-06-24T10:00:00+00:00,0.3745,0.3607,0.3818,0.03684913217623492,0.5289855072463757,False,mixed,0.18189028315217862,0.2391304347826109,time,0.47255195706521774,0.5289855072463757,target
A,SUI-USDT-SWAP,2023-05-10,L,2023-05-10T12:45:00+00:00,1.1812,1.1123,1.2177,0.05833051134439549,0.5297532656023222,False,against,0.4931954287010176,0.5297532656023222,target,0.4943079105587824,0.5297532656023222,target
A,SUI-USDT-SWAP,2023-05-11,L,2023-05-11T08:15:00+00:00,1.1403,1.1204,1.1814,0.017451547838288194,2.065326633165822,True,aligned,-1.119283440829143,-1.0,stop,1.947162628266326,2.0653266331658218,target
A,SUI-USDT-SWAP,2023-05-17,L,2023-05-17T08:15:00+00:00,1.1475,1.1313,1.1992,0.014117647058823523,3.1913580246913646,True,aligned,-1.1477002750000007,-1.0,stop,-1.2216731166666752,-1.0,stop
A,SUI-USDT-SWAP,2023-05-28,U,2023-05-28T11:45:00+00:00,1.0151,1.0304,0.9922,0.015072406659442511,1.4967320261437767,False,against,-1.207761171732029,-1.0,stop,1.3558334181372442,1.4967320261437767,target
A,SUI-USDT-SWAP,2023-06-03,U,2023-06-03T09:30:00+00:00,0.9405,0.9548,0.9051,0.015204678362573077,2.475524475524478,False,aligned,-1.2059716134615388,-1.0,stop,-1.137065659615373,-1.0,stop
A,SUI-USDT-SWAP,2023-06-07,L,2023-06-07T10:45:00+00:00,0.7846,0.7592,0.8319,0.032373183787917384,1.8622047244094508,False,mixed,-1.0638187789370055,-1.0,stop,1.0189457701771654,1.0826771653543303,time
A,SUI-USDT-SWAP,2023-06-08,L,2023-06-08T13:00:00+00:00,0.7489,0.7209,0.7937,0.03738816931499536,1.5999999999999968,False,against,-1.0551177749999954,-1.0,stop,0.6695939493750025,0.7249999999999988,time
A,SUI-USDT-SWAP,2023-06-16,L,2023-06-16T12:30:00+00:00,0.6381,0.6269,0.6656,0.017552107820090875,2.4553571428571432,False,against,-1.1185940249999935,-1.0,stop,-1.1786991245535705,-1.0,stop
A,SUI-USDT-SWAP,2023-06-20,L,2023-06-20T12:00:00+00:00,0.7774,0.7654,0.8152,0.015436068947774648,3.1500000000000017,False,aligned,-1.1349952749999888,-1.0,stop,-1.2029147891666605,-1.0,stop
A,SUI-USDT-SWAP,2023-06-22,L,2023-06-22T11:30:00+00:00,0.8201,0.8004,0.8913,0.024021460797463784,3.61421319796953,False,aligned,-1.0863721024111623,-1.0,stop,-1.1311249902284273,-1.0,stop
A,SUI-USDT-SWAP,2023-06-23,L,2023-06-23T10:00:00+00:00,0.7955,0.7723,0.8124,0.02916404776869893,0.7284482758620702,False,mixed,0.6556771399784543,0.7284482758620702,target,-1.108364942456897,-1.0,stop
A,SUI-USDT-SWAP,2023-06-30,U,2023-06-30T12:15:00+00:00,0.7005,0.7115,0.6684,0.015703069236259828,2.9181818181818175,True,mixed,2.7875148934090945,2.918181818181817,target,-1.1326820931818182,-1.0,stop
A,SUI-USDT-SWAP,2023-07-04,U,2023-07-04T12:00:00+00:00,0.7193,0.7388,0.6946,0.027109689976365856,1.266666666666672,False,against,1.1905339380769346,1.266666666666672,target,-1.0764133519230743,-1.0,stop
A,SUI-USDT-SWAP,2023-07-10,L,2023-07-10T09:30:00+00:00,0.6374,0.6266,0.6592,0.016943834326953126,2.0185185185185373,False,mixed,1.8924607402778015,2.0185185185185373,target,-1.1850406925925978,-1.0,stop
A,SUI-USDT-SWAP,2023-07-15,U,2023-07-15T11:30:00+00:00,0.6878,0.6981,0.6673,0.014975283512649153,1.990291262135902,False,against,0.3262777980582466,0.466019417475716,time,-1.1391813429611537,-1.0,stop
A,SUI-USDT-SWAP,2023-07-17,U,2023-07-17T09:15:00+00:00,0.6921,0.7092,0.6647,0.024707412223667104,1.6023391812865546,False,aligned,1.519027341228077,1.6023391812865546,target,-1.083945011842104,-1.0,stop
A,SUI-USDT-SWAP,2023-08-16,L,2023-08-16T10:30:00+00:00,0.5589,0.551,0.5784,0.014134907854714452,2.4683544303797853,False,against,-1.1475186294303743,-1.0,stop,2.3223785268987847,2.4683544303797853,target
A,SUI-USDT-SWAP,2023-08-20,U,2023-08-20T12:00:00+00:00,0.5624,0.5715,0.5386,0.01618065433854907,2.615384615384621,True,mixed,-1.193671629395606,-1.0,stop,-1.1287348903846122,-1.0,stop
A,SUI-USDT-SWAP,2023-09-08,L,2023-09-08T12:45:00+00:00,0.4808,0.4729,0.4934,0.016430948419301202,1.594936708860756,False,aligned,-0.03929301360758875,0.08860759493670592,time,-0.2165082522151778,-0.08860759493670592,time
A,SUI-USDT-SWAP,2023-09-12,U,2023-09-12T10:45:00+00:00,0.4493,0.4578,0.4256,0.018918317382595164,2.7882352941176447,False,aligned,2.680160178529415,2.7882352941176443,target,-1.1099538044117583,-1.0,stop
A,SUI-USDT-SWAP,2023-10-20,U,2023-10-20T11:00:00+00:00,0.3792,0.385,0.3643,0.015295358649789103,2.568965517241362,False,mixed,-1.204762645689648,-1.0,stop,0.4310717081896691,0.568965517241381,time
A,SUI-USDT-SWAP,2023-10-26,U,2023-10-26T08:15:00+00:00,0.4534,0.4636,0.4316,0.022496691662990707,2.1372549019607914,True,against,2.0461525485294225,2.137254901960791,target,-1.0922973338235253,-1.0,stop
A,SUI-USDT-SWAP,2023-10-31,L,2023-10-31T08:15:00+00:00,0.4512,0.4434,0.4764,0.017287234042553133,3.230769230769242,True,mixed,-1.1204271980769214,-1.0,stop,-1.1814057173076966,-1.0,stop
A,SUI-USDT-SWAP,2023-11-07,L,2023-11-07T12:30:00+00:00,0.5127,0.5013,0.5286,0.022235225277940463,1.3947368421052464,False,aligned,-1.0933950118421079,-1.0,stop,1.3017569624999838,1.3947368421052462,target
A,SUI-USDT-SWAP,2023-11-10,L,2023-11-10T08:30:00+00:00,0.5469,0.5373,0.5711,0.017553483269336354,2.5208333333333197,False,mixed,-1.1185846499999983,-1.0,stop,-1.1786852828124994,-1.0,stop
A,SUI-USDT-SWAP,2023-11-13,U,2023-11-13T08:45:00+00:00,0.641,0.6504,0.6023,0.014664586583463281,4.117021276595768,True,against,-1.2134819473404286,-1.0,stop,-1.1421524026595669,-1.0,stop
A,SUI-USDT-SWAP,2023-11-14,L,2023-11-14T12:45:00+00:00,0.5803,0.5704,0.6294,0.017060141306220952,4.959595959595942,False,mixed,-1.1220442143939364,-1.0,stop,-1.1837931648989974,-1.0,stop
A,SUI-USDT-SWAP,2023-11-30,L,2023-11-30T11:30:00+00:00,0.6005,0.587,0.6414,0.02248126561199012,3.02962962962961,False,aligned,-0.3301993244444382,-0.2370370370370344,time,0.14387488000000098,0.2370370370370344,time
A,SUI-USDT-SWAP,2023-12-06,L,2023-12-06T12:00:00+00:00,0.6161,0.6027,0.6616,0.021749715955202024,3.395522388059709,False,mixed,0.21655083246268472,0.31343283582089493,time,-1.1446067097015,-1.0,stop
A,SUI-USDT-SWAP,2023-12-07,L,2023-12-07T10:00:00+00:00,0.6178,0.6046,0.6419,0.021366137908708303,1.825757575757578,False,mixed,1.7255546687500074,1.825757575757578,target,-1.147165960606062,-1.0,stop
A,SUI-USDT-SWAP,2023-12-09,L,2023-12-09T09:00:00+00:00,0.6928,0.683,0.7146,0.014145496535796652,2.2244897959183896,False,mixed,2.073697550510228,2.2244897959183896,target,-1.22124072704082,-1.0,stop
A,SUI-USDT-SWAP,2023-12-10,L,2023-12-10T10:30:00+00:00,0.6807,0.6646,0.7161,0.02365212281474953,2.198757763975154,False,mixed,0.6433629344720527,0.732919254658387,time,-1.1331405383540414,-1.0,stop
A,SUI-USDT-SWAP,2023-12-23,U,2023-12-23T09:30:00+00:00,0.7343,0.7469,0.6926,0.017159199237369,3.309523809523792,True,mixed,-1.182743988888886,-1.0,stop,-1.121333608333329,-1.0,stop
A,SUI-USDT-SWAP,2024-01-05,L,2024-01-05T11:00:00+00:00,0.7853,0.7741,0.8578,0.014262065452693222,6.4732142857142945,True,mixed,-1.1461940249999947,-1.0,stop,-1.219449210267859,-1.0,stop
A,SUI-USDT-SWAP,2024-01-14,U,2024-01-14T10:00:00+00:00,1.3185,1.3538,1.2321,0.026772847933257404,2.4475920679886776,False,aligned,1.8329161058073726,1.9093484419263491,time,-1.0773879520538252,-1.0,stop
A,SUI-USDT-SWAP,2024-01-16,L,2024-01-16T09:45:00+00:00,1.3053,1.2808,1.3988,0.018769631502336605,3.816326530612255,False,aligned,-1.1108331321428535,-1.0,stop,1.305931205816334,1.416326530612245,time
A,SUI-USDT-SWAP,2024-01-23,L,2024-01-23T09:45:00+00:00,1.0454,1.0109,1.1297,0.03300172182896517,2.4434782608695462,False,mixed,2.377280237173899,2.4434782608695462,target,-1.09600198355072,-1.0,stop
A,SUI-USDT-SWAP,2024-01-31,U,2024-01-31T08:45:00+00:00,1.6183,1.6419,1.4824,0.014583204597416945,5.75847457627123,True,mixed,4.068045013029702,4.207627118644103,time,-1.1429515461864257,-1.0,stop
A,SUI-USDT-SWAP,2024-02-06,L,2024-02-06T11:30:00+00:00,1.5424,1.5175,1.6167,0.016143672199170074,2.9839357429718985,False,aligned,-1.1290322027108395,-1.0,stop,0.8669480650602486,0.9959839357429723,time
A,SUI-USDT-SWAP,2024-02-16,L,2024-02-16T09:45:00+00:00,1.8072,1.78,1.8818,0.015050907481186307,2.7426470588235405,False,mixed,-1.13847674558823,-1.0,stop,-0.16528879384191333,-0.02573529411765249,time
A,SUI-USDT-SWAP,2024-02-20,L,2024-02-20T10:15:00+00:00,1.7242,1.6877,1.7789,0.02116923790743532,1.4986301369863018,False,mixed,-1.0981508229452013,-1.0,stop,1.4010035628082231,1.4986301369863015,target
A,SUI-USDT-SWAP,2024-02-21,L,2024-02-21T10:30:00+00:00,1.6442,1.62,1.7181,0.014718404087094026,3.0537190082644567,False,mixed,-1.1416287873966906,-1.0,stop,-1.2127088543388458,-1.0,stop
A,SUI-USDT-SWAP,2024-03-11,U,2024-03-11T11:30:00+00:00,1.566,1.5954,1.474,0.018773946360153174,3.1292517006802885,False,mixed,-0.37063204387755283,-0.2585034013605471,time,-1.1108074178571368,-1.0,stop
A,SUI-USDT-SWAP,2024-03-15,L,2024-03-15T09:30:00+00:00,1.4017,1.3346,1.5831,0.04787044303345933,2.703427719821165,False,mixed,1.306426526713866,1.3517138599105825,time,-1.0668204365499245,-1.0,stop
A,SUI-USDT-SWAP,2024-03-16,U,2024-03-16T10:00:00+00:00,1.6729,1.7171,1.4847,0.026421184768964084,4.257918552036201,False,mixed,0.7924738820701361,0.8710407239818997,time,-1.0784319492081436,-1.0,stop
A,SUI-USDT-SWAP,2024-03-19,U,2024-03-19T08:45:00+00:00,1.5297,1.5596,1.4291,0.019546316271164304,3.364548494983274,True,mixed,-1.1606766221571916,-1.0,stop,3.2535795205685614,3.364548494983274,target
A,SUI-USDT-SWAP,2024-04-09,L,2024-04-09T08:30:00+00:00,1.6448,1.6193,1.7198,0.015503404669260748,2.9411764705882244,False,aligned,-1.1344043926470495,-1.0,stop,2.5654187811764655,2.6980392156862654,time
A,SUI-USDT-SWAP,2024-04-30,L,2024-04-30T10:15:00+00:00,1.1604,1.1356,1.2068,0.0213719407101001,1.870967741935472,False,mixed,-1.0972099524193513,-1.0,stop,1.7746730951612855,1.870967741935472,target
A,SUI-USDT-SWAP,2024-06-08,L,2024-06-08T12:15:00+00:00,1.0972,1.0752,1.1713,0.020051039008384997,3.368181818181818,True,mixed,-1.1036830022727189,-1.0,stop,-1.1566837095454539,-1.0,stop
A,SUI-USDT-SWAP,2024-06-23,U,2024-06-23T12:00:00+00:00,0.9123,0.9341,0.8896,0.02389564836128471,1.0412844036697253,False,mixed,-1.131804575688076,-1.0,stop,0.9523092313073428,1.0412844036697253,target
A,NEAR-USDT-SWAP,2022-01-05,U,2022-01-05T12:15:00+00:00,16.9482,17.2959,15.8348,0.020515452968456808,3.202185792349731,False,against,3.1031871043572106,3.2021857923497308,target,-1.1013121386755786,-1.0,stop
A,NEAR-USDT-SWAP,2022-01-09,L,2022-01-09T10:45:00+00:00,13.4008,13.0964,14.0433,0.02271506178735606,2.1107095926412542,False,against,2.016044256529236,2.110709592641254,target,-1.1385483625821293,-1.0,stop
A,NEAR-USDT-SWAP,2022-01-10,U,2022-01-10T08:15:00+00:00,14.0483,14.2703,13.186,0.015802623805015646,3.884234234234209,True,aligned,-1.1982555843018046,-1.0,stop,-1.1318395993243169,-1.0,stop
A,NEAR-USDT-SWAP,2022-01-22,L,2022-01-22T10:45:00+00:00,11.2955,10.0714,13.5318,0.10837059005798769,1.8268932276774772,False,against,0.06410592527775612,0.08357160362715434,time,-0.10303732794093452,-0.08357160362715434,time
A,NEAR-USDT-SWAP,2022-01-23,U,2022-01-23T09:45:00+00:00,12.3098,12.5458,11.3098,0.019171716843490606,4.237288135593208,False,aligned,4.132202097457624,4.237288135593208,target,-1.108486630932196,-1.0,stop
A,NEAR-USDT-SWAP,2022-01-24,L,2022-01-24T08:15:00+00:00,10.3095,10.1573,11.7061,0.014763082593724289,9.176084099868557,True,against,-1.141196989848875,-1.0,stop,-1.2120713258212856,-1.0,stop
A,NEAR-USDT-SWAP,2022-01-25,U,2022-01-25T10:30:00+00:00,10.673,10.8838,9.9611,0.01975077297854406,3.3771347248576724,False,aligned,-1.159034554364333,-1.0,stop,-1.1052752275616688,-1.0,stop
A,NEAR-USDT-SWAP,2022-01-27,U,2022-01-27T10:00:00+00:00,11.2311,11.4423,10.4713,0.018804925608355356,3.5975378787878833,True,mixed,-1.1669304987926132,-1.0,stop,-1.110623144318175,-1.0,stop
A,NEAR-USDT-SWAP,2022-03-04,U,2022-03-04T08:30:00+00:00,11.186,11.351,10.529,0.014750581083497312,3.9818181818181597,False,aligned,-1.2122493237878738,-1.0,stop,-1.1413175477272661,-1.0,stop
A,NEAR-USDT-SWAP,2022-03-06,L,2022-03-06T11:45:00+00:00,10.374,10.207,10.73,0.01609793715056871,2.1317365269461095,False,aligned,1.99904729281438,2.1317365269461095,target,-1.1946562483532892,-1.0,stop
A,NEAR-USDT-SWAP,2022-03-07,U,2022-03-07T13:00:00+00:00,10.044,10.186,9.716,0.014137793707686126,2.309859154929595,False,mixed,-1.2213601503521254,-1.0,stop,-1.1474883031690177,-1.0,stop
A,NEAR-USDT-SWAP,2022-03-09,U,2022-03-09T10:00:00+00:00,11.13,11.415,9.688,0.02560646900269527,5.059649122807047,False,mixed,-1.1231354618421059,-1.0,stop,1.575896421315803,1.6596491228070234,time
A,NEAR-USDT-SWAP,2022-03-14,U,2022-03-14T08:30:00+00:00,10.029,10.183,9.633,0.015355469139495455,2.571428571428578,False,aligned,-0.7607904311688256,-0.6233766233766243,time,-1.1357093659090807,-1.0,stop
A,NEAR-USDT-SWAP,2022-03-15,L,2022-03-15T09:30:00+00:00,9.964,9.821,10.311,0.014351665997591396,2.4265734265734116,False,mixed,2.277701716258734,2.4265734265734116,target,-1.218091945279722,-1.0,stop
A,NEAR-USDT-SWAP,2022-03-24,U,2022-03-24T09:45:00+00:00,12.22,12.769,11.9,0.04492635024549914,0.5828779599271413,True,against,-1.0710648887522791,-1.0,stop,0.5355229289617524,0.5828779599271413,target
A,NEAR-USDT-SWAP,2022-03-25,L,2022-03-25T08:30:00+00:00,12.535,12.24,12.898,0.023534104507379333,1.2305084745762698,False,aligned,-1.0881824783898275,-1.0,stop,1.142568643474576,1.23050847457627,target
A,NEAR-USDT-SWAP,2022-04-11,L,2022-04-11T11:00:00+00:00,15.389,15.106,16.259,0.018389758918708136,3.0742049469964754,False,mixed,-1.1131442679328596,-1.0,stop,-1.1706528177561872,-1.0,stop
A,NEAR-USDT-SWAP,2022-04-12,U,2022-04-12T12:30:00+00:00,16.294,16.95,15.688,0.04026021848533195,0.9237804878048795,False,mixed,-1.0790635714939019,-1.0,stop,0.8706501016006125,0.9237804878048769,target
A,NEAR-USDT-SWAP,2022-05-03,U,2022-05-03T12:45:00+00:00,11.996,12.179,11.628,0.015255085028342765,2.0109289617486374,False,mixed,1.8753819737705006,2.0109289617486374,target,-1.1366092913934427,-1.0,stop
A,NEAR-USDT-SWAP,2022-05-04,U,2022-05-04T11:45:00+00:00,12.354,12.647,11.902,0.02371701473207067,1.54266211604095,False,mixed,1.455738308191125,1.54266211604095,target,-1.0874943023037498,-1.0,stop
A,NEAR-USDT-SWAP,2022-05-11,L,2022-05-11T12:15:00+00:00,8.012,7.653,9.895,0.04480778831752382,5.2451253481894,True,against,-1.0458171273676882,-1.0,stop,5.203767319846769,5.2451253481893865,target
A,NEAR-USDT-SWAP,2022-05-13,U,2022-05-13T12:15:00+00:00,7.497,7.629,6.309,0.017607042817126807,9.00000000000002,False,mixed,-1.1781479715909084,-1.0,stop,-1.1182207295454512,-1.0,stop
A,NEAR-USDT-SWAP,2022-05-15,U,2022-05-15T12:30:00+00:00,6.795,6.981,6.498,0.027373068432671073,1.5967741935483861,True,aligned,-1.1153209177419339,-1.0,stop,-1.075668016935478,-1.0,stop
A,NEAR-USDT-SWAP,2022-05-16,L,2022-05-16T10:15:00+00:00,6.677,6.524,7.345,0.02291448255204427,4.366013071895438,True,mixed,-1.0905953730392115,-1.0,stop,0.7916345563725518,0.8823529411764716,time
A,NEAR-USDT-SWAP,2022-05-25,L,2022-05-25T08:15:00+00:00,5.829,5.716,6.096,0.019385829473322964,2.362831858407092,True,mixed,-1.1072768236725585,-1.0,stop,0.5472284986725788,0.6548672566371694,time
A,NEAR-USDT-SWAP,2022-06-06,U,2022-06-06T11:15:00+00:00,5.621,5.765,5.307,0.02561821739903918,2.1805555555555673,False,mixed,0.8565117161458458,0.9375000000000097,time,-1.0809231916666626,-1.0,stop
A,NEAR-USDT-SWAP,2022-06-13,L,2022-06-13T09:15:00+00:00,3.254,3.085,3.731,0.051936078672403206,2.8224852071005904,False,against,1.5259669992603584,1.568047337278107,time,-1.061750172337276,-1.0,stop
A,NEAR-USDT-SWAP,2022-06-15,L,2022-06-15T10:30:00+00:00,3.132,3.033,3.434,0.031609195402298916,3.0505050505050444,False,mixed,2.980866495454543,3.050505050505045,target,-1.1001409522727286,-1.0,stop
A,NEAR-USDT-SWAP,2022-06-19,U,2022-06-19T10:00:00+00:00,3.093,3.141,2.973,0.015518913676042691,2.5,True,aligned,-1.2018425156249972,-1.0,stop,2.3620569375000056,2.5,target
A,NEAR-USDT-SWAP,2022-06-21,U,2022-06-21T11:45:00+00:00,3.568,3.667,3.383,0.02774663677130038,1.8686868686868738,False,against,-1.1137958997474742,-1.0,stop,-1.0746351234848461,-1.0,stop
A,NEAR-USDT-SWAP,2022-06-24,U,2022-06-24T09:30:00+00:00,3.712,3.79,3.552,0.021012931034482717,2.0512820512820573,False,mixed,-1.1496052044871772,-1.0,stop,1.9491903076923216,2.0512820512820573,target
A,NEAR-USDT-SWAP,2022-07-02,L,2022-07-02T10:00:00+00:00,3.269,3.217,3.428,0.0159070052003671,3.057692307692301,False,against,0.7132483096153945,0.8461538461538461,time,-1.1969680932692255,-1.0,stop
A,NEAR-USDT-SWAP,2022-07-14,L,2022-07-14T10:45:00+00:00,3.282,3.229,3.382,0.01614868982327847,1.8867924528301925,False,mixed,-1.1289917844339514,-1.0,stop,-1.1940509212264157,-1.0,stop
A,NEAR-USDT-SWAP,2022-07-24,U,2022-07-24T10:00:00+00:00,4.394,4.473,4.256,0.017979062357760523,1.746835443037979,False,mixed,-1.1745042009493696,-1.0,stop,-1.1157528066455675,-1.0,stop
A,NEAR-USDT-SWAP,2022-08-03,U,2022-08-03T12:45:00+00:00,4.378,4.444,4.155,0.015075376884422073,3.378787878787885,False,against,-1.2077206416666615,-1.0,stop,3.235941080681837,3.378787878787885,target
A,NEAR-USDT-SWAP,2022-08-10,U,2022-08-10T09:30:00+00:00,5.438,5.52,5.178,0.01507907318867228,3.170731707317076,False,mixed,-1.2076702262195125,-1.0,stop,-1.1382161286585297,-1.0,stop
A,NEAR-USDT-SWAP,2022-08-16,U,2022-08-16T12:45:00+00:00,5.442,5.52,5.286,0.014332965821389085,2.0000000000000226,False,aligned,1.8555851653846465,2.0000000000000226,target,-1.1454656596153778,-1.0,stop
A,NEAR-USDT-SWAP,2022-08-21,U,2022-08-21T08:30:00+00:00,4.203,4.28,4.083,0.018320247442303105,1.5584415584415607,False,aligned,-1.1712925347402665,-1.0,stop,0.2486273727272714,0.3636363636363584,time
A,NEAR-USDT-SWAP,2022-08-22,L,2022-08-22T10:30:00+00:00,4.058,3.926,4.235,0.03252833908329218,1.340909090909098,False,mixed,0.40464482613637004,0.46969696969697294,time,-0.5347493715909092,-0.46969696969697294,time
A,NEAR-USDT-SWAP,2022-08-23,U,2022-08-23T12:30:00+00:00,4.224,4.299,4.004,0.017755681818181858,2.933333333333335,False,mixed,-1.1766738009999962,-1.0,stop,0.9739136340000052,1.0933333333333288,time
A,NEAR-USDT-SWAP,2022-08-26,L,2022-08-26T12:15:00+00:00,4.18,4.111,4.39,0.01650717703349281,3.043478260869567,False,mixed,2.9130660543478357,3.0434782608695667,target,-1.189881245289861,-1.0,stop
A,NEAR-USDT-SWAP,2022-10-12,L,2022-10-12T12:45:00+00:00,3.182,3.122,3.214,0.01885606536769329,0.5333333333333333,True,mixed,-0.5775467949999935,-0.4666666666666667,time,0.4225234800000038,0.5333333333333333,target
A,NEAR-USDT-SWAP,2022-10-13,L,2022-10-13T11:00:00+00:00,2.866,2.756,3.159,0.038381018841591175,2.6636363636363534,False,against,1.5345245284090863,1.5909090909090846,time,-1.082834245909091,-1.0,stop
A,NEAR-USDT-SWAP,2022-10-23,L,2022-10-23T13:00:00+00:00,2.901,2.846,2.957,0.018958979662185356,1.0181818181818245,False,aligned,0.9063475527272871,1.0181818181818243,target,-1.1655907440909112,-1.0,stop
A,NEAR-USDT-SWAP,2022-11-02,L,2022-11-02T11:00:00+00:00,2.942,2.9,3.03,0.014276002719238701,2.0952380952380736,False,mixed,-1.1460502749999928,-1.0,stop,-1.2192369702381027,-1.0,stop
A,NEAR-USDT-SWAP,2022-11-03,U,2022-11-03T11:45:00+00:00,3.011,3.126,2.883,0.038193291265360266,1.113043478260873,False,aligned,-0.21166960826086645,-0.1565217391304333,time,0.10137395608695667,0.1565217391304333,time
A,NEAR-USDT-SWAP,2022-11-04,U,2022-11-04T08:30:00+00:00,3.225,3.277,3.008,0.016124031007751952,4.173076923076921,False,mixed,-1.1943445509615358,-1.0,stop,-1.1291906596153751,-1.0,stop
A,NEAR-USDT-SWAP,2022-11-07,L,2022-11-07T08:15:00+00:00,3.042,2.992,3.145,0.016436554898093304,2.060000000000011,True,mixed,-1.126714274999997,-1.0,stop,-1.1906882870000057,-1.0,stop
A,NEAR-USDT-SWAP,2022-12-08,L,2022-12-08T12:00:00+00:00,1.664,1.638,1.711,0.015625000000000014,1.8076923076923122,False,mixed,1.6713947278846257,1.807692307692312,target,-1.2004860250000045,-1.0,stop
A,NEAR-USDT-SWAP,2023-01-14,U,2023-01-14T09:00:00+00:00,2.3,2.354,1.946,0.023478260869565337,6.55555555555552,True,mixed,-1.1341112879629651,-1.0,stop,-1.0883947194444392,-1.0,stop
A,NEAR-USDT-SWAP,2023-01-16,L,2023-01-16T08:15:00+00:00,2.183,2.121,2.44,0.0284012826385707,4.145161290322593,True,aligned,-1.0728905975806406,-1.0,stop,-0.21925407217742202,-0.14516129032258654,time
A,NEAR-USDT-SWAP,2023-02-13,L,2023-02-13T12:30:00+00:00,2.157,2.089,2.252,0.031525266573945325,1.3970588235294068,False,mixed,-1.0655635102941126,-1.0,stop,-0.4935317349264655,-0.4264705882352925,time
A,NEAR-USDT-SWAP,2023-02-20,U,2023-02-20T08:30:00+00:00,2.672,2.717,2.481,0.016841317365269434,4.244444444444457,False,mixed,-1.186154593888892,-1.0,stop,0.5634724116666717,0.6888888888888832,time
A,NEAR-USDT-SWAP,2023-03-10,L,2023-03-10T13:00:00+00:00,1.753,1.669,1.809,0.04791785510553329,0.6666666666666684,False,against,0.6221418500000039,0.6666666666666684,target,-0.5443501375000007,-0.5000000000000013,time
A,NEAR-USDT-SWAP,2023-03-13,L,2023-03-13T10:45:00+00:00,1.926,1.891,1.987,0.018172377985462056,1.7428571428571518,False,mixed,1.6254676221428743,1.7428571428571515,target,-1.172669662142857,-1.0,stop
A,NEAR-USDT-SWAP,2023-03-19,U,2023-03-19T10:00:00+00:00,2.146,2.177,2.077,0.014445479962721407,2.2258064516128915,False,against,-1.2166888991935412,-1.0,stop,-1.1443244685483804,-1.0,stop
A,NEAR-USDT-SWAP,2023-03-30,L,2023-03-30T11:45:00+00:00,1.956,1.921,2.039,0.0178936605316973,2.3714285714285825,False,mixed,-1.1163102749999956,-1.0,stop,0.7406830928571525,0.8571428571428599,time
A,NEAR-USDT-SWAP,2023-04-03,U,2023-04-03T11:15:00+00:00,1.917,1.95,1.854,0.017214397496087594,1.909090909090912,False,mixed,-1.1821645931818163,-1.0,stop,-1.1209411840909052,-1.0,stop
A,NEAR-USDT-SWAP,2023-04-06,L,2023-04-06T11:45:00+00:00,1.976,1.941,2.031,0.01771255060728741,1.5714285714285796,False,aligned,0.252478673571439,0.37142857142857577,time,-1.177099019285719,-1.0,stop
A,NEAR-USDT-SWAP,2023-04-12,U,2023-04-12T08:45:00+00:00,2.083,2.125,1.968,0.020163226116178497,2.7380952380952555,False,against,-1.1558233404761922,-1.0,stop,2.631070991071448,2.738095238095255,target
A,NEAR-USDT-SWAP,2023-04-30,U,2023-04-30T12:30:00+00:00,1.936,1.977,1.891,0.0211776859504133,1.0975609756097504,False,against,-1.1484572835365856,-1.0,stop,0.9972478628048788,1.0975609756097504,target
A,NEAR-USDT-SWAP,2023-06-22,L,2023-06-22T11:15:00+00:00,1.339,1.308,1.38,0.02315160567587746,1.3225806451612914,True,aligned,-0.5740694879032183,-0.4838709677419336,time,0.39367271370968115,0.4838709677419336,time
A,NEAR-USDT-SWAP,2023-07-07,U,2023-07-07T08:30:00+00:00,1.3501,1.3694,1.2945,0.014295237389822881,2.880829015544065,False,aligned,0.8230274685233412,0.9689119170984604,time,-1.1458523475388522,-1.0,stop
A,NEAR-USDT-SWAP,2023-07-17,L,2023-07-17T10:30:00+00:00,1.4452,1.423,1.5074,0.01536119568225851,2.8018018018018034,True,mixed,2.3561678033783737,2.495495495495491,time,-1.2038938367117207,-1.0,stop
A,NEAR-USDT-SWAP,2023-08-27,U,2023-08-27T08:15:00+00:00,1.2099,1.2301,1.1823,0.01669559467724605,1.3663366336633702,True,mixed,1.2419899797029832,1.36633663366337,target,-1.1247319581683046,-1.0,stop
A,NEAR-USDT-SWAP,2023-09-08,L,2023-09-08T12:45:00+00:00,1.1457,1.1263,1.1653,0.016932879462337316,1.0103092783505259,False,aligned,0.1746361646907329,0.298969072164952,time,-0.4233021440721607,-0.298969072164952,time
A,NEAR-USDT-SWAP,2023-09-19,U,2023-09-19T11:15:00+00:00,1.1144,1.1319,1.09,0.015703517587939562,1.3942857142857252,False,aligned,-0.5398683972857142,-0.4057142857142826,time,0.271560397285708,0.4057142857142826,time
A,NEAR-USDT-SWAP,2023-10-12,L,2023-10-12T12:00:00+00:00,1.0126,0.9955,1.0286,0.01688722101520827,0.9356725146198898,False,against,-0.1594052728069997,-0.03508771929824197,time,-0.08922981491227017,0.03508771929824197,time
A,NEAR-USDT-SWAP,2023-10-26,U,2023-10-26T09:30:00+00:00,1.184,1.2051,1.1367,0.01782094594594605,2.241706161137423,False,against,-1.1760342941943158,-1.0,stop,-1.1167891375592314,-1.0,stop
A,NEAR-USDT-SWAP,2023-10-31,L,2023-10-31T08:15:00+00:00,1.2951,1.2751,1.3345,0.015442822948034916,1.9700000000000033,True,mixed,-1.1349357749999907,-1.0,stop,-1.2028269402499978,-1.0,stop
A,NEAR-USDT-SWAP,2023-11-03,U,2023-11-03T09:15:00+00:00,1.5258,1.5618,1.4473,0.023594180102241468,2.180555555555554,False,mixed,1.3819827652083305,1.4694444444444417,time,-1.0879552749999986,-1.0,stop
A,NEAR-USDT-SWAP,2023-11-10,L,2023-11-10T09:00:00+00:00,1.427,1.4,1.492,0.018920812894183694,2.4074074074073937,False,against,2.2938914027777746,2.4074074074073932,target,-1.165920634259251,-1.0,stop
A,NEAR-USDT-SWAP,2023-11-16,U,2023-11-16T08:15:00+00:00,1.832,1.858,1.695,0.014192139737991279,5.269230769230766,True,mixed,5.126795679807695,5.269230769230765,target,-1.1469195057692227,-1.0,stop
A,NEAR-USDT-SWAP,2023-11-20,U,2023-11-20T12:45:00+00:00,2.106,2.187,1.982,0.03846153846153844,1.5308641975308637,False,mixed,1.4778720259259288,1.5308641975308634,target,-1.0535502749999952,-1.0,stop
A,NEAR-USDT-SWAP,2023-12-06,U,2023-12-06T09:45:00+00:00,2.351,2.397,2.242,0.019566142067205368,2.3695652173913135,False,against,2.264725651630445,2.3695652173913135,target,-1.1062785358695633,-1.0,stop
A,NEAR-USDT-SWAP,2023-12-07,L,2023-12-07T09:45:00+00:00,2.256,2.217,2.376,0.01728723404255306,3.0769230769231033,False,mixed,-1.1204271980769234,-1.0,stop,-1.1814057173077002,-1.0,stop
A,NEAR-USDT-SWAP,2023-12-09,U,2023-12-09T08:45:00+00:00,2.498,2.595,2.378,0.038831064851881494,1.237113402061857,False,mixed,-1.0818979786082488,-1.0,stop,-0.8367631020618579,-0.7835051546391761,time
A,NEAR-USDT-SWAP,2023-12-17,U,2023-12-17T11:15:00+00:00,2.425,2.483,2.331,0.023917525773195992,1.6206896551724037,False,against,1.5345901008620633,1.6206896551724037,target,-1.0867519991379242,-1.0,stop
A,NEAR-USDT-SWAP,2023-12-22,L,2023-12-22T09:45:00+00:00,3.331,3.273,3.804,0.01741218853197233,8.155172413793125,False,aligned,0.36164668448276893,0.482758620689657,time,-1.1801186189655122,-1.0,stop
A,NEAR-USDT-SWAP,2023-12-25,U,2023-12-25T09:00:00+00:00,3.999,4.098,3.72,0.024756189047261755,2.818181818181824,False,mixed,-1.1272942537878796,-1.0,stop,-1.083777547727269,-1.0,stop
A,NEAR-USDT-SWAP,2023-12-26,U,2023-12-26T12:00:00+00:00,4.498,4.627,4.122,0.028679413072476557,2.914728682170555,False,against,2.844566693023273,2.9147286821705554,target,-1.0721735308139484,-1.0,stop
A,NEAR-USDT-SWAP,2023-12-28,U,2023-12-28T08:45:00+00:00,4.208,4.32,3.904,0.026615969581749072,2.7142857142857144,False,mixed,2.6382364607142876,2.7142857142857144,target,-1.0778502749999954,-1.0,stop
A,NEAR-USDT-SWAP,2023-12-29,U,2023-12-29T12:45:00+00:00,3.847,3.975,3.618,0.033272680010397744,1.789062499999999,False,aligned,1.7278266638671909,1.7890624999999991,target,-1.0620651187499954,-1.0,stop
A,NEAR-USDT-SWAP,2024-01-02,U,2024-01-02T11:30:00+00:00,4.186,4.331,3.741,0.03463927376970866,3.0689655172413683,False,mixed,1.7688808474137951,1.8275862068965467,time,-1.0595751025861997,-1.0,stop
A,NEAR-USDT-SWAP,2024-01-11,U,2024-01-11T10:00:00+00:00,3.617,3.68,3.508,0.01741774951617367,1.7301587301587253,True,against,-1.1800617670634892,-1.0,stop,1.607775872619053,1.7301587301587253,target
A,NEAR-USDT-SWAP,2024-01-29,U,2024-01-29T12:45:00+00:00,2.921,2.976,2.854,0.01882916809311885,1.2181818181818098,False,against,-1.1667182168181793,-1.0,stop,-1.1104793659090884,-1.0,stop
A,NEAR-USDT-SWAP,2024-01-31,L,2024-01-31T11:30:00+00:00,2.903,2.834,3.03,0.023768515328970015,1.8405797101449255,False,aligned,-1.0873024489130427,-1.0,stop,-1.1324986025362322,-1.0,stop
A,NEAR-USDT-SWAP,2024-02-16,L,2024-02-16T09:45:00+00:00,3.325,3.278,3.464,0.014135338345864707,2.957446808510624,False,aligned,-1.1475141047872255,-1.0,stop,-1.2213982452127585,-1.0,stop
A,NEAR-USDT-SWAP,2024-02-21,L,2024-02-21T12:45:00+00:00,3.213,3.135,3.398,0.02427637721755378,2.3717948717948634,False,against,-1.0854541211538402,-1.0,stop,-0.4201872711538386,-0.33333333333332954,time
A,NEAR-USDT-SWAP,2024-02-22,U,2024-02-22T11:00:00+00:00,3.271,3.329,3.117,0.017731580556404853,2.65517241379309,False,aligned,-1.1769111534482788,-1.0,stop,-1.117383033620685,-1.0,stop
A,NEAR-USDT-SWAP,2024-02-26,U,2024-02-26T09:30:00+00:00,3.792,3.912,3.645,0.031645569620253194,1.2249999999999972,False,against,-1.1000282050000028,-1.0,stop,1.1573540868749985,1.2249999999999972,target
A,NEAR-USDT-SWAP,2024-02-29,U,2024-02-29T09:30:00+00:00,4.007,4.097,3.815,0.022460693785874907,2.1333333333333124,False,aligned,2.0420772533333182,2.1333333333333124,target,-1.0924469416666611,-1.0,stop
A,NEAR-USDT-SWAP,2024-03-09,U,2024-03-09T08:15:00+00:00,6.287,6.394,5.601,0.017019246063305266,6.411214953271015,True,mixed,-1.1842298703270993,-1.0,stop,-1.1223399946261556,-1.0,stop
A,NEAR-USDT-SWAP,2024-03-10,L,2024-03-10T10:45:00+00:00,6.07,5.913,6.299,0.025864909390444814,1.4585987261146498,False,mixed,-1.0801413578025445,-1.0,stop,1.3789395730891736,1.45859872611465,target
A,NEAR-USDT-SWAP,2024-03-11,U,2024-03-11T10:15:00+00:00,7.093,7.243,5.576,0.021147610320033886,10.113333333333312,False,mixed,-1.1486654993333327,-1.0,stop,-1.0982522749999966,-1.0,stop
A,NEAR-USDT-SWAP,2024-03-12,U,2024-03-12T08:15:00+00:00,6.924,7.089,6.636,0.023830155979202777,1.7454545454545467,True,against,-1.1321611777272715,-1.0,stop,1.6554986618181864,1.7454545454545467,target
A,NEAR-USDT-SWAP,2024-03-16,U,2024-03-16T09:00:00+00:00,7.847,7.97,7.124,0.01567478017076581,5.878048780487843,False,against,5.750249177439065,5.878048780487843,target,-1.1329234457317063,-1.0,stop
A,NEAR-USDT-SWAP,2024-03-18,L,2024-03-18T09:30:00+00:00,7.778,7.587,8.586,0.02455644124453585,4.230366492146604,False,mixed,-1.0844675524869043,-1.0,stop,4.149292262827239,4.230366492146604,target
A,NEAR-USDT-SWAP,2024-03-19,L,2024-03-19T09:15:00+00:00,6.51,6.323,7.109,0.028725038402457666,3.2032085561497436,True,mixed,-1.0720572268716546,-1.0,stop,-1.109989758155079,-1.0,stop
A,NEAR-USDT-SWAP,2024-03-22,U,2024-03-22T08:45:00+00:00,6.628,6.749,6.211,0.018255884127941997,3.4462809917355477,False,mixed,-1.1718892167355397,-1.0,stop,-1.1139816799586713,-1.0,stop
A,NEAR-USDT-SWAP,2024-04-04,U,2024-04-04T09:30:00+00:00,6.721,6.832,6.337,0.016515399494122864,3.45945945945947,False,aligned,-1.1897877308558575,-1.0,stop,-1.1261043290540422,-1.0,stop
A,NEAR-USDT-SWAP,2024-04-16,L,2024-04-16T10:45:00+00:00,4.972,4.902,5.277,0.014078841512469888,4.3571428571428354,False,mixed,4.203409055357135,4.3571428571428354,target,-1.2222784621428497,-1.0,stop
A,NEAR-USDT-SWAP,2024-04-28,U,2024-04-28T08:45:00+00:00,7.33,7.456,7.103,0.017189631650750388,1.8015873015872992,False,against,1.681312797023813,1.8015873015872992,target,-1.121116941666664,-1.0,stop
A,NEAR-USDT-SWAP,2024-05-28,U,2024-05-28T10:15:00+00:00,7.891,8.006,7.605,0.014573564820681817,2.4869565217391223,False,mixed,2.345471988260867,2.4869565217391223,target,-1.1430467967391247,-1.0,stop
A,NEAR-USDT-SWAP,2024-06-21,U,2024-06-21T10:30:00+00:00,5.338,5.432,5.091,0.01760959160734363,2.6276595744680753,False,against,-1.178122483510641,-1.0,stop,-1.1182034664893583,-1.0,stop
A,NEAR-USDT-SWAP,2024-06-24,U,2024-06-24T08:45:00+00:00,5.365,5.444,5.025,0.014725069897483642,4.303797468354443,False,against,-1.2126134927215175,-1.0,stop,-1.141564199050629,-1.0,stop
A,ETHFI-USDT-SWAP,2024-03-21,L,2024-03-21T13:00:00+00:00,3.9947,3.9307,4.45,0.016021228127268645,7.1140624999999975,True,aligned,-1.1300263687499963,-1.0,stop,-1.19557843570312,-1.0,stop
A,ETHFI-USDT-SWAP,2024-03-27,U,2024-03-27T11:45:00+00:00,6.3957,6.593,5.3214,0.03084885157215008,5.445007602635573,True,against,-1.1025586183857077,-1.0,stop,5.3712179950962975,5.445007602635574,target
A,ETHFI-USDT-SWAP,2024-03-30,L,2024-03-30T11:45:00+00:00,6.5939,6.4077,7.2,0.028238220173190297,3.2551020408163382,False,against,-1.0733175682330756,-1.0,stop,0.8309864463480178,0.9044038668098802,time
A,ETHFI-USDT-SWAP,2024-04-02,L,2024-04-02T09:15:00+00:00,5.2951,5.135,6.069,0.030235500745972678,4.8338538413491605,True,against,0.7884819038882008,0.8588382261086837,time,-1.1045974977357902,-1.0,stop
A,ETHFI-USDT-SWAP,2024-04-04,U,2024-04-04T12:30:00+00:00,5.2141,5.3234,4.7676,0.020962390441303422,4.085086916742906,False,mixed,-1.1499609599954244,-1.0,stop,0.25534817655535297,0.35590118938700704,time
A,ETHFI-USDT-SWAP,2024-04-06,U,2024-04-06T12:45:00+00:00,5.4157,5.6962,5.1708,0.05179385859630333,0.8730837789661332,False,mixed,-0.11156460061497042,-0.07094474153297614,time,0.03032492147058971,0.07094474153297614,time
A,ETHFI-USDT-SWAP,2024-04-08,U,2024-04-08T13:00:00+00:00,5.8095,5.9929,5.5434,0.03156898184008947,1.4509269356597605,False,against,-1.1002659025627053,-1.0,stop,1.3828828690158161,1.4509269356597605,target
A,ETHFI-USDT-SWAP,2024-04-09,L,2024-04-09T08:15:00+00:00,6.1627,6.0706,6.7063,0.014944748243464763,5.902280130293137,True,aligned,-1.1394678645765377,-1.0,stop,-1.2095183546959782,-1.0,stop
A,ETHFI-USDT-SWAP,2024-04-11,L,2024-04-11T10:15:00+00:00,5.5596,5.4736,5.7474,0.015468738758183937,2.183720930232575,False,against,-1.1347079494186054,-1.0,stop,2.0502567633139774,2.1837209302325755,target
A,ETHFI-USDT-SWAP,2024-04-14,L,2024-04-14T12:45:00+00:00,3.7822,3.6912,4.1059,0.02406007085823071,3.5571428571428507,False,against,-1.0862318134615352,-1.0,stop,-1.1309178602747263,-1.0,stop
A,ETHFI-USDT-SWAP,2024-04-18,L,2024-04-18T08:30:00+00:00,3.3782,3.3262,3.6088,0.015392812740512712,4.434615384615379,True,against,4.293532950288468,4.434615384615379,target,-1.2034792482692265,-1.0,stop
A,ETHFI-USDT-SWAP,2024-04-19,U,2024-04-19T10:15:00+00:00,3.6314,3.7246,3.2427,0.02566503276973067,4.1706008583691005,False,aligned,0.2414771810890592,0.3229613733905583,time,-1.0807736655579359,-1.0,stop
A,ETHFI-USDT-SWAP,2024-05-05,U,2024-05-05T10:00:00+00:00,4.098,4.2,3.8203,0.02489019033674971,2.7225490196078335,True,mixed,-0.1236274617647033,-0.03921568627451407,time,-1.0833208632352886,-1.0,stop
A,ETHFI-USDT-SWAP,2024-05-14,L,2024-05-14T12:15:00+00:00,3.3931,3.33,3.5325,0.018596563614393897,2.209191759112525,True,mixed,-1.1118743637480146,-1.0,stop,2.0985879292393186,2.209191759112525,target
A,ETHFI-USDT-SWAP,2024-05-17,U,2024-05-17T08:45:00+00:00,3.401,3.481,3.2233,0.023522493384298758,2.221249999999995,False,aligned,-1.1338629568749983,-1.0,stop,0.6499469535000102,0.7400000000000011,time
A,ETHFI-USDT-SWAP,2024-05-21,U,2024-05-21T08:30:00+00:00,4.1107,4.1936,3.8828,0.02016688155302027,2.749095295536772,True,mixed,-1.1557954677623652,-1.0,stop,2.6420783796441434,2.7490952955367773,target
A,ETHFI-USDT-SWAP,2024-05-23,U,2024-05-23T10:00:00+00:00,4.3339,4.4455,3.9577,0.025750478783543723,3.3709677419354787,False,against,-1.1224582949372763,-1.0,stop,3.285877271102156,3.370967741935478,target
A,ETHFI-USDT-SWAP,2024-05-30,L,2024-05-30T08:30:00+00:00,4.4089,4.2912,4.736,0.026696001270158122,2.779099405267624,False,against,2.6975186487043317,2.779099405267624,target,-1.1181936873194565,-1.0,stop
A,ETHFI-USDT-SWAP,2024-06-03,U,2024-06-03T09:00:00+00:00,4.7643,4.8336,4.47,0.014545683521188683,4.246753246753302,False,mixed,0.9693498730519742,1.1125541125541334,time,-1.143323002272726,-1.0,stop
A,ETHFI-USDT-SWAP,2024-06-04,L,2024-06-04T12:30:00+00:00,4.6473,4.5555,4.8217,0.01975340520302113,1.8997821350762447,False,against,1.7914771019607802,1.8997821350762445,target,-1.159013635620918,-1.0,stop
A,ETHFI-USDT-SWAP,2024-06-07,L,2024-06-07T12:45:00+00:00,4.7112,4.6358,4.8724,0.016004415011037557,2.137931034482755,True,against,-1.1301640681034362,-1.0,stop,-1.1957817422413808,-1.0,stop
A,ETHFI-USDT-SWAP,2024-06-12,U,2024-06-12T10:30:00+00:00,3.8112,3.8842,3.544,0.019154072208228366,3.6602739726027407,False,aligned,-1.163925018972603,-1.0,stop,3.5467944312328927,3.6602739726027465,target
A,ETHFI-USDT-SWAP,2024-06-24,L,2024-06-24T09:00:00+00:00,3.1461,3.0802,3.27,0.020946568767680643,1.8801213960546244,True,against,-1.0992053584597792,-1.0,stop,1.7818409570940876,1.8801213960546248,target
