day,close,sma200,vol30,vol_median365,direction,vol
2020-10-30 00:00:00+00:00,13539.9,,,,,
2020-10-31 00:00:00+00:00,13758.2,,,,,
2020-11-01 00:00:00+00:00,13754.1,,,,,
2020-11-02 00:00:00+00:00,13522.1,,,,,
2020-11-03 00:00:00+00:00,13991.7,,,,,
2020-11-04 00:00:00+00:00,14091.0,,,,,
2020-11-05 00:00:00+00:00,15582.8,,,,,
2020-11-06 00:00:00+00:00,15571.8,,,,,
2020-11-07 00:00:00+00:00,14814.0,,,,,
2020-11-08 00:00:00+00:00,15465.1,,,,,
2020-11-09 00:00:00+00:00,15319.1,,,,,
2020-11-10 00:00:00+00:00,15275.5,,,,,
2020-11-11 00:00:00+00:00,15661.6,,,,,
2020-11-12 00:00:00+00:00,16268.4,,,,,
2020-11-13 00:00:00+00:00,16281.5,,,,,
2020-11-14 00:00:00+00:00,16032.5,,,,,
2020-11-15 00:00:00+00:00,15921.0,,,,,
2020-11-16 00:00:00+00:00,16679.4,,,,,
2020-11-17 00:00:00+00:00,17634.2,,,,,
2020-11-18 00:00:00+00:00,17741.8,,,,,
2020-11-19 00:00:00+00:00,17790.2,,,,,
2020-11-20 00:00:00+00:00,18636.2,,,,,
2020-11-21 00:00:00+00:00,18677.9,,,,,
2020-11-22 00:00:00+00:00,18416.1,,,,,
2020-11-23 00:00:00+00:00,18369.4,,,,,
2020-11-24 00:00:00+00:00,19152.5,,,,,
2020-11-25 00:00:00+00:00,18710.0,,,,,
2020-11-26 00:00:00+00:00,17142.2,,,,,
2020-11-27 00:00:00+00:00,17141.4,,,,,
2020-11-28 00:00:00+00:00,17717.7,,,,,
2020-11-29 00:00:00+00:00,18182.1,,0.03482560160902901,,,
2020-11-30 00:00:00+00:00,19700.9,,0.037116996127269146,,,
2020-12-01 00:00:00+00:00,18762.9,,0.03869165520624605,,,
2020-12-02 00:00:00+00:00,19208.6,,0.03840939592909806,,,
2020-12-03 00:00:00+00:00,19420.8,,0.03817489522778918,,,
2020-12-04 00:00:00+00:00,18657.6,,0.03929394807481067,,,
2020-12-05 00:00:00+00:00,19148.4,,0.0354942638895985,,,
2020-12-06 00:00:00+00:00,19369.7,,0.03547435928884325,,,
2020-12-07 00:00:00+00:00,19170.7,,0.033979924423864265,,,
2020-12-08 00:00:00+00:00,18332.3,,0.03468347052238382,,,
2020-12-09 00:00:00+00:00,18535.2,,0.03457634153492414,,,
2020-12-10 00:00:00+00:00,18253.9,,0.03476465079430051,,,
2020-12-11 00:00:00+00:00,18035.9,,0.03472236691807297,,,
2020-12-12 00:00:00+00:00,18803.2,,0.034849268598019977,,,
2020-12-13 00:00:00+00:00,19174.3,,0.03494250693784873,,,
2020-12-14 00:00:00+00:00,19274.7,,0.03472005383878747,,,
2020-12-15 00:00:00+00:00,19421.8,,0.034632032240743744,,,
2020-12-16 00:00:00+00:00,21339.2,,0.03749670045747137,,,
2020-12-17 00:00:00+00:00,22800.3,,0.038003781809687026,,,
2020-12-18 00:00:00+00:00,23104.1,,0.038010116901465635,,,
2020-12-19 00:00:00+00:00,23830.5,,0.038203426417673346,,,
2020-12-20 00:00:00+00:00,23467.2,,0.03782015568291737,,,
2020-12-21 00:00:00+00:00,22721.0,,0.038511475484503704,,,
2020-12-22 00:00:00+00:00,23806.1,,0.03898325839561286,,,
2020-12-23 00:00:00+00:00,23233.4,,0.03939853865675975,,,
2020-12-24 00:00:00+00:00,23732.8,,0.038965643236370466,,,
2020-12-25 00:00:00+00:00,24693.5,,0.03896313170392631,,,
2020-12-26 00:00:00+00:00,26492.3,,0.035988925501771275,,,
2020-12-27 00:00:00+00:00,26297.5,,0.036115895294265316,,,
2020-12-28 00:00:00+00:00,27073.9,,0.03605182648899724,,,
2020-12-29 00:00:00+00:00,27405.9,,0.035984674649407654,,,
2020-12-30 00:00:00+00:00,28884.0,,0.034544876334116945,,,
2020-12-31 00:00:00+00:00,28918.5,,0.03262678243679166,,,
2021-01-01 00:00:00+00:00,29333.6,,0.03258192392199461,,,
2021-01-02 00:00:00+00:00,32166.9,,0.035552078042935184,,,
2021-01-03 00:00:00+00:00,33022.4,,0.033915670551197194,,,
2021-01-04 00:00:00+00:00,32003.3,,0.035104912164200065,,,
2021-01-05 00:00:00+00:00,33980.6,,0.03594187528692025,,,
2021-01-06 00:00:00+00:00,36768.8,,0.03712412565933107,,,
2021-01-07 00:00:00+00:00,39485.5,,0.03599058461816696,,,
2021-01-08 00:00:00+00:00,40547.3,,0.03588534652815605,,,
2021-01-09 00:00:00+00:00,40163.6,,0.03567019089506702,,,
2021-01-10 00:00:00+00:00,38175.9,,0.0377455781830813,,,
2021-01-11 00:00:00+00:00,35360.2,,0.0418939556780589,,,
2021-01-12 00:00:00+00:00,34042.4,,0.04325952725525474,,,
2021-01-13 00:00:00+00:00,37366.1,,0.04521910511183094,,,
2021-01-14 00:00:00+00:00,39168.0,,0.04535819795822652,,,
2021-01-15 00:00:00+00:00,36748.8,,0.046019955491190645,,,
2021-01-16 00:00:00+00:00,35989.0,,0.045626520901284606,,,
2021-01-17 00:00:00+00:00,35858.9,,0.045755353456360205,,,
2021-01-18 00:00:00+00:00,36640.0,,0.04567192645420721,,,
2021-01-19 00:00:00+00:00,35877.5,,0.045810534730968945,,,
2021-01-20 00:00:00+00:00,35498.1,,0.04521941200539283,,,
2021-01-21 00:00:00+00:00,30866.7,,0.05286757252733445,,,
2021-01-22 00:00:00+00:00,32960.7,,0.053479498767922254,,,
2021-01-23 00:00:00+00:00,32088.2,,0.05390070675746256,,,
2021-01-24 00:00:00+00:00,32245.6,,0.053614780810641166,,,
2021-01-25 00:00:00+00:00,32267.9,,0.05235659486936023,,,
2021-01-26 00:00:00+00:00,32475.1,,0.05229035560261573,,,
2021-01-27 00:00:00+00:00,30374.2,,0.05380793608608076,,,
2021-01-28 00:00:00+00:00,33380.9,,0.056284046134486024,,,
2021-01-29 00:00:00+00:00,34223.2,,0.05572970082817839,,,
2021-01-30 00:00:00+00:00,34279.2,,0.0557285412960348,,,
2021-01-31 00:00:00+00:00,33115.0,,0.05617985084671164,,,
2021-02-01 00:00:00+00:00,33530.2,,0.05369625566068628,,,
2021-02-02 00:00:00+00:00,35468.4,,0.054447559572590246,,,
2021-02-03 00:00:00+00:00,37623.2,,0.055012590394715705,,,
2021-02-04 00:00:00+00:00,36985.0,,0.054169897509621326,,,
2021-02-05 00:00:00+00:00,38310.2,,0.05262110096768138,,,
2021-02-06 00:00:00+00:00,39270.0,,0.05115445043496786,,,
2021-02-07 00:00:00+00:00,38798.5,,0.050944368169296234,,,
2021-02-08 00:00:00+00:00,46350.0,,0.06050983470968558,,,
2021-02-09 00:00:00+00:00,46442.0,,0.05960011539738842,,,
2021-02-10 00:00:00+00:00,44788.8,,0.05809466878257926,,,
2021-02-11 00:00:00+00:00,47948.7,,0.05843696211064188,,,
2021-02-12 00:00:00+00:00,47342.2,,0.05649518432749295,,,
2021-02-13 00:00:00+00:00,47205.3,,0.05603421535079351,,,
2021-02-14 00:00:00+00:00,48628.8,,0.05458906964094535,,,
2021-02-15 00:00:00+00:00,47971.8,,0.05446595796252994,,,
2021-02-16 00:00:00+00:00,49151.1,,0.054471029411314605,,,
2021-02-17 00:00:00+00:00,52138.4,,0.055157638794996494,,,
2021-02-18 00:00:00+00:00,51583.5,,0.05497783490351943,,,
2021-02-19 00:00:00+00:00,55911.9,,0.05618584763717523,,,
2021-02-20 00:00:00+00:00,55818.8,,0.04813320671353697,,,
2021-02-21 00:00:00+00:00,57409.9,,0.04738119544421061,,,
2021-02-22 00:00:00+00:00,54114.8,,0.048791596698590664,,,
2021-02-23 00:00:00+00:00,48899.0,,0.05337293345159826,,,
2021-02-24 00:00:00+00:00,49677.5,,0.05331544971171517,,,
2021-02-25 00:00:00+00:00,47120.0,,0.05470096462440757,,,
2021-02-26 00:00:00+00:00,46321.5,,0.05293936151512355,,,
2021-02-27 00:00:00+00:00,46123.2,,0.05079888553885626,,,
2021-02-28 00:00:00+00:00,45123.9,,0.05106800458606984,,,
2021-03-01 00:00:00+00:00,49600.0,,0.053360032681971,,,
2021-03-02 00:00:00+00:00,48463.8,,0.05305497371121523,,,
2021-03-03 00:00:00+00:00,50336.1,,0.05325411944529844,,,
2021-03-04 00:00:00+00:00,48389.8,,0.053474574845584585,,,
2021-03-05 00:00:00+00:00,48762.7,,0.05268040956511481,,,
2021-03-06 00:00:00+00:00,48867.9,,0.05247267171213386,,,
2021-03-07 00:00:00+00:00,50979.9,,0.05260957717011739,,,
2021-03-08 00:00:00+00:00,52394.3,,0.052637902030339245,,,
2021-03-09 00:00:00+00:00,54889.0,,0.05289178638221141,,,
2021-03-10 00:00:00+00:00,55908.9,,0.04262135742447881,,,
2021-03-11 00:00:00+00:00,57781.0,,0.04288832264234933,,,
2021-03-12 00:00:00+00:00,57229.9,,0.0422263597145387,,,
2021-03-13 00:00:00+00:00,61223.9,,0.04219163689965825,,,
2021-03-14 00:00:00+00:00,58931.5,,0.04287552364860513,,,
2021-03-15 00:00:00+00:00,55659.8,,0.04443460126689893,,,
2021-03-16 00:00:00+00:00,56875.3,,0.0443067085767831,,,
2021-03-17 00:00:00+00:00,58877.7,,0.04447425332016299,,,
2021-03-18 00:00:00+00:00,57600.0,,0.04464898680981865,,,
2021-03-19 00:00:00+00:00,58060.0,,0.04348894867787521,,,
2021-03-20 00:00:00+00:00,58120.0,,0.043408730495312325,,,
2021-03-21 00:00:00+00:00,57328.7,,0.04101906810738886,,,
2021-03-22 00:00:00+00:00,54088.5,,0.04241189044865072,,,
2021-03-23 00:00:00+00:00,54383.2,,0.04207510977593358,,,
2021-03-24 00:00:00+00:00,52310.0,,0.04127927648213435,,,
2021-03-25 00:00:00+00:00,51303.0,,0.036898195773317974,,,
2021-03-26 00:00:00+00:00,54982.6,,0.03884759778551959,,,
2021-03-27 00:00:00+00:00,55818.0,,0.03740982978729975,,,
2021-03-28 00:00:00+00:00,55773.0,,0.037185997725414394,,,
2021-03-29 00:00:00+00:00,57658.0,,0.03745160963733457,,,
2021-03-30 00:00:00+00:00,58765.2,,0.03708947646552708,,,
2021-03-31 00:00:00+00:00,58814.7,,0.0333769236992703,,,
2021-04-01 00:00:00+00:00,58768.7,,0.032957163833459896,,,
2021-04-02 00:00:00+00:00,59009.5,,0.03241726014414943,,,
2021-04-03 00:00:00+00:00,57107.1,,0.03212167392749405,,,
2021-04-04 00:00:00+00:00,58230.7,,0.0322211791324049,,,
2021-04-05 00:00:00+00:00,59258.0,,0.032281035662388095,,,
2021-04-06 00:00:00+00:00,57973.5,,0.031947092129952274,,,
2021-04-07 00:00:00+00:00,56015.2,,0.032394017527578846,,,
2021-04-08 00:00:00+00:00,58083.0,,0.03196140791244644,,,
2021-04-09 00:00:00+00:00,58110.6,,0.03180901922693053,,,
2021-04-10 00:00:00+00:00,59806.0,,0.031674521401562586,,,
2021-04-11 00:00:00+00:00,60073.5,,0.03161417419677045,,,
2021-04-12 00:00:00+00:00,59890.1,,0.029068752173091864,,,
2021-04-13 00:00:00+00:00,63579.5,,0.03019828143400309,,,
2021-04-14 00:00:00+00:00,62970.0,,0.028138227933012794,,,
2021-04-15 00:00:00+00:00,63170.0,,0.027943731549670944,,,
2021-04-16 00:00:00+00:00,61294.7,,0.02795870000330211,,,
2021-04-17 00:00:00+00:00,60022.2,,0.027931645036239662,,,
2021-04-18 00:00:00+00:00,56120.1,,0.030568469796367105,,,
2021-04-19 00:00:00+00:00,55608.7,,0.03060014981233439,,,
2021-04-20 00:00:00+00:00,56432.3,,0.0306479947707143,,,
2021-04-21 00:00:00+00:00,53799.0,,0.030026252618308318,,,
2021-04-22 00:00:00+00:00,51732.5,,0.03083218704313209,,,
2021-04-23 00:00:00+00:00,51091.5,,0.030101869947373797,,,
2021-04-24 00:00:00+00:00,50050.4,,0.030127148524608988,,,
2021-04-25 00:00:00+00:00,49044.9,,0.027241326068771464,,,
2021-04-26 00:00:00+00:00,53999.0,,0.03266973681867067,,,
2021-04-27 00:00:00+00:00,55002.6,,0.032863688149856955,,,
2021-04-28 00:00:00+00:00,54876.0,,0.032241565624180214,,,
2021-04-29 00:00:00+00:00,53532.8,,0.03226506888618146,,,
2021-04-30 00:00:00+00:00,57661.1,,0.035225794356865736,,,
2021-05-01 00:00:00+00:00,57768.7,,0.03522879231479817,,,
2021-05-02 00:00:00+00:00,56536.8,,0.03542238580579913,,,
2021-05-03 00:00:00+00:00,57168.5,,0.03498681882109625,,,
2021-05-04 00:00:00+00:00,53166.6,,0.03718987418921922,,,
2021-05-05 00:00:00+00:00,57499.8,,0.03990862956922177,,,
2021-05-06 00:00:00+00:00,56359.9,,0.03987593956051392,,,
2021-05-07 00:00:00+00:00,57325.0,,0.03949196846407552,,,
2021-05-08 00:00:00+00:00,58885.5,,0.039237420695060685,,,
2021-05-09 00:00:00+00:00,58259.2,,0.03929018951467126,,,
2021-05-10 00:00:00+00:00,55810.5,,0.039664772767339665,,,
2021-05-11 00:00:00+00:00,56687.2,,0.03978203632813714,,,
2021-05-12 00:00:00+00:00,49600.0,,0.0464800787195914,,,
2021-05-13 00:00:00+00:00,49689.7,,0.04481399458113638,,,
2021-05-14 00:00:00+00:00,49850.2,,0.044861440344085804,,,
2021-05-15 00:00:00+00:00,46779.1,,0.04594175391999792,,,
2021-05-16 00:00:00+00:00,46433.8,,0.04578560458396862,,,
2021-05-17 00:00:00+00:00,43562.8,39521.578,0.04682042891848876,,yukari,
2021-05-18 00:00:00+00:00,42852.7,39668.142,0.045608197776236765,,yukari,
2021-05-19 00:00:00+00:00,36715.5,39782.9285,0.052788266005674996,,asagi,
2021-05-20 00:00:00+00:00,40531.2,39916.814,0.05646619983892046,,yukari,
2021-05-21 00:00:00+00:00,37252.4,40035.465500000006,0.05766890209093484,,asagi,
2021-05-22 00:00:00+00:00,37450.6,40152.76,0.05752455448389904,,asagi,
2021-05-23 00:00:00+00:00,34683.0,40255.72,0.058774554161891666,,asagi,
2021-05-24 00:00:00+00:00,38802.2,40371.817,0.06302490118629578,,asagi,
2021-05-25 00:00:00+00:00,38317.6,40485.546,0.06299075661166656,,asagi,
2021-05-26 00:00:00+00:00,39249.0,40607.721,0.060178428027894776,,asagi,
2021-05-27 00:00:00+00:00,38531.7,40723.054,0.05994068435193099,,asagi,
2021-05-28 00:00:00+00:00,35678.1,40824.849,0.061068681638740394,,asagi,
2021-05-29 00:00:00+00:00,34603.7,40921.49,0.0611119600882368,,asagi,
2021-05-30 00:00:00+00:00,35652.6,41021.445,0.05939938689833124,,asagi,
2021-05-31 00:00:00+00:00,37253.3,41126.3695,0.06032515219741415,,asagi,
2021-06-01 00:00:00+00:00,36689.0,41228.407,0.060311157491110816,,asagi,
2021-06-02 00:00:00+00:00,37560.5,41336.047,0.060533446315376285,,asagi,
2021-06-03 00:00:00+00:00,39253.5,41452.709500000004,0.06038805487329414,,asagi,
2021-06-04 00:00:00+00:00,36830.6,41553.4655,0.058759881654329174,,asagi,
2021-06-05 00:00:00+00:00,35519.9,41642.894,0.058883540505654045,,asagi,
2021-06-06 00:00:00+00:00,35799.8,41733.184,0.05873389018745847,,asagi,
2021-06-07 00:00:00+00:00,33563.7,41812.0515,0.058819848212226786,,asagi,
2021-06-08 00:00:00+00:00,33363.9,41885.69,0.0588484325865322,,asagi,
2021-06-09 00:00:00+00:00,37379.9,41979.2,0.06338375274586416,,asagi,
2021-06-10 00:00:00+00:00,36710.2,42070.6705,0.06315116789716425,,asagi,
2021-06-11 00:00:00+00:00,37327.8,42165.4625,0.05921738333149211,,asagi,
2021-06-12 00:00:00+00:00,35546.6,42247.433,0.05960650511351601,,asagi,
2021-06-13 00:00:00+00:00,39035.7,42349.0615,0.06257080479500056,,asagi,
2021-06-14 00:00:00+00:00,40497.1,42465.836,0.06218602965496184,,asagi,
2021-06-15 00:00:00+00:00,40141.1,42580.834500000004,0.062188620484188904,,asagi,
2021-06-16 00:00:00+00:00,38346.9,42683.9805,0.061682597045558674,,asagi,
2021-06-17 00:00:00+00:00,38069.7,42783.4185,0.0616428275712453,,asagi,
2021-06-18 00:00:00+00:00,35808.4,42863.956,0.05586295819224487,,asagi,
2021-06-19 00:00:00+00:00,35500.0,42947.641500000005,0.05259922612419723,,asagi,
2021-06-20 00:00:00+00:00,35620.4,43029.7005,0.05039428122193523,,asagi,
2021-06-21 00:00:00+00:00,31636.3,43090.778,0.054711445420886774,,asagi,
2021-06-22 00:00:00+00:00,32524.6,43160.113000000005,0.05333397696505019,,asagi,
2021-06-23 00:00:00+00:00,33665.3,43232.6975,0.04932284607795816,,asagi,
2021-06-24 00:00:00+00:00,34664.1,43309.16949999999,0.04968310827435819,,asagi,
2021-06-25 00:00:00+00:00,31579.6,43371.21400000001,0.05201165880320901,,asagi,
2021-06-26 00:00:00+00:00,32284.2,43440.97349999999,0.05223632408755283,,asagi,
2021-06-27 00:00:00+00:00,34711.8,43521.8565,0.05235307560100147,,asagi,
2021-06-28 00:00:00+00:00,34486.6,43603.02,0.05206649748795488,,asagi,
2021-06-29 00:00:00+00:00,35936.9,43692.525,0.05233189356158565,,asagi,
2021-06-30 00:00:00+00:00,35040.0,43773.709,0.05186427824879003,,asagi,
2021-07-01 00:00:00+00:00,33520.0,43845.4375,0.05238912986528839,,asagi,
2021-07-02 00:00:00+00:00,33769.0,43917.90900000001,0.052190710175102094,,asagi,
2021-07-03 00:00:00+00:00,34676.2,43994.181,0.05173417567845366,,asagi,
2021-07-04 00:00:00+00:00,35277.4,44063.872,0.05061796098957423,,asagi,
2021-07-05 00:00:00+00:00,33696.1,44118.350999999995,0.05087596984484468,,asagi,
2021-07-06 00:00:00+00:00,34235.0,44174.0055,0.05094917288875903,,asagi,
2021-07-07 00:00:00+00:00,33851.0,44224.108,0.0495880417367475,,asagi,
2021-07-08 00:00:00+00:00,32865.4,44271.099,0.049876589822198225,,asagi,
2021-07-09 00:00:00+00:00,33815.5,44326.571500000005,0.04537553695993536,,asagi,
2021-07-10 00:00:00+00:00,33519.4,44375.138000000006,0.04530315896116866,,asagi,
2021-07-11 00:00:00+00:00,34263.3,44430.2875,0.045392308269790224,,asagi,
2021-07-12 00:00:00+00:00,33081.3,44477.03,0.044978024214471515,,asagi,
2021-07-13 00:00:00+00:00,32725.0,44517.1875,0.04116981791305133,,asagi,
2021-07-14 00:00:00+00:00,32804.2,44548.747,0.040414112504314266,,asagi,
2021-07-15 00:00:00+00:00,31870.8,44576.61350000001,0.04061009748422716,,asagi,
2021-07-16 00:00:00+00:00,31378.0,44598.134000000005,0.04000493008352675,,asagi,
2021-07-17 00:00:00+00:00,31513.1,44618.67,0.040054819378589845,,asagi,
2021-07-18 00:00:00+00:00,31760.6,44633.053,0.03875201685606369,,asagi,
2021-07-19 00:00:00+00:00,30829.6,44642.608499999995,0.03902986114650536,,asagi,
2021-07-20 00:00:00+00:00,29764.2,44644.7615,0.03938748754281764,,asagi,
2021-07-21 00:00:00+00:00,32119.1,44644.5225,0.036096818563112254,,asagi,
2021-07-22 00:00:00+00:00,32289.4,44640.8575,0.03574500836120591,,asagi,
2021-07-23 00:00:00+00:00,33640.5,44649.04350000001,0.03598240777645124,,asagi,
2021-07-24 00:00:00+00:00,34236.5,44650.323,0.035717170319883584,,asagi,
2021-07-25 00:00:00+00:00,35391.1,44643.4345,0.031613635281330515,,asagi,
2021-07-26 00:00:00+00:00,37238.0,44632.197,0.03260925264551936,,asagi,
2021-07-27 00:00:00+00:00,39451.4,44626.7175,0.03164901306211154,,asagi,
2021-07-28 00:00:00+00:00,40015.6,44625.9775,0.03163172578191076,,asagi,
2021-07-29 00:00:00+00:00,40027.9,44635.2375,0.030888663665600974,,asagi,
2021-07-30 00:00:00+00:00,42205.4,44669.463500000005,0.03166085893523481,,asagi,
2021-07-31 00:00:00+00:00,41449.0,44706.4965,0.030558834966204335,,asagi,
2021-08-01 00:00:00+00:00,39840.7,44718.8695,0.03172304139147908,,asagi,
2021-08-02 00:00:00+00:00,39157.5,44718.817,0.03173136120901159,,asagi,
2021-08-03 00:00:00+00:00,38208.1,44726.1135,0.032048755924829996,,asagi,
2021-08-04 00:00:00+00:00,39739.9,44744.867999999995,0.03136745474103061,,asagi,
2021-08-05 00:00:00+00:00,40876.2,44769.95449999999,0.03158788137319995,,asagi,
2021-08-06 00:00:00+00:00,42834.0,44800.924499999994,0.03226979918644578,,asagi,
2021-08-07 00:00:00+00:00,44591.3,44844.4935,0.031994413497596276,,asagi,
2021-08-08 00:00:00+00:00,43808.3,44886.0445,0.03219346150816427,,asagi,
2021-08-09 00:00:00+00:00,46266.6,44963.044,0.033078548952603745,,yukari,
2021-08-10 00:00:00+00:00,45575.0,45026.1155,0.033335346500023864,,yukari,
2021-08-11 00:00:00+00:00,45513.6,45093.2425,0.03233201456949284,,yukari,
2021-08-12 00:00:00+00:00,44406.5,45154.047,0.032743337407397884,,asagi,
2021-08-13 00:00:00+00:00,47794.7,45231.681,0.03467914316252604,,yukari,
2021-08-14 00:00:00+00:00,47080.3,45304.707,0.03419892542869903,,yukari,
2021-08-15 00:00:00+00:00,46990.7,45387.78949999999,0.033894460436656254,,yukari,
2021-08-16 00:00:00+00:00,45906.7,45450.41850000001,0.03452185103510363,,yukari,
2021-08-17 00:00:00+00:00,44691.0,45502.7575,0.03525738333213385,,asagi,
2021-08-18 00:00:00+00:00,44730.0,45555.0115,0.034459613351606466,,asagi,
2021-08-19 00:00:00+00:00,46772.6,45623.2995,0.033733570402097506,,yukari,
2021-08-20 00:00:00+00:00,49307.0,45702.1835,0.03252232789859908,,yukari,
2021-08-21 00:00:00+00:00,48827.1,45768.977,0.03278143784232829,,yukari,
2021-08-22 00:00:00+00:00,49264.5,45827.1835,0.03238413861796224,,yukari,
2021-08-23 00:00:00+00:00,49500.0,45889.758499999996,0.03240234951692681,,yukari,
2021-08-24 00:00:00+00:00,47680.3,45936.609000000004,0.0333837250813731,,yukari,
2021-08-25 00:00:00+00:00,48993.9,45985.228500000005,0.03265425092969958,,yukari,
2021-08-26 00:00:00+00:00,46836.7,46025.4195,0.032770942518100275,,yukari,
2021-08-27 00:00:00+00:00,49091.3,46039.126000000004,0.03360088528823606,,yukari,
2021-08-28 00:00:00+00:00,48890.0,46051.36600000001,0.0336400249693491,,yukari,
2021-08-29 00:00:00+00:00,48767.2,46071.258,0.03251281741996331,,yukari,
2021-08-30 00:00:00+00:00,46996.9,46066.499,0.03314842514790627,,yukari,
2021-08-31 00:00:00+00:00,47145.5,46065.5155,0.03210478836156242,,yukari,
2021-09-01 00:00:00+00:00,48847.5,46073.726500000004,0.03225138625543198,,yukari,
2021-09-02 00:00:00+00:00,49272.9,46076.947,0.03168311108447637,,yukari,
2021-09-03 00:00:00+00:00,50001.3,46087.0945,0.031171614656211415,,yukari,
2021-09-04 00:00:00+00:00,49909.9,46090.888499999994,0.03097086445626728,,yukari,
2021-09-05 00:00:00+00:00,51805.0,46089.22150000001,0.030592084608142937,,yukari,
2021-09-06 00:00:00+00:00,52659.8,46094.60300000001,0.029985596093521635,,yukari,
2021-09-07 00:00:00+00:00,46851.0,46049.298500000004,0.03722890391160741,,yukari,
2021-09-08 00:00:00+00:00,46074.6,46000.5775,0.03602770860919189,,yukari,
2021-09-09 00:00:00+00:00,46393.0,45945.492999999995,0.035936965665455047,,yukari,
2021-09-10 00:00:00+00:00,44858.0,45899.209,0.03647687497558908,,asagi,
2021-09-11 00:00:00+00:00,45174.9,45880.588500000005,0.0362113845406197,,asagi,
2021-09-12 00:00:00+00:00,46018.1,45862.29150000001,0.03369444144503641,,yukari,
2021-09-13 00:00:00+00:00,44960.2,45851.4925,0.03384309346591896,,asagi,
2021-09-14 00:00:00+00:00,47095.1,45855.360499999995,0.03495535299847191,,yukari,
2021-09-15 00:00:00+00:00,48124.1,45865.365,0.03488053207901313,,yukari,
2021-09-16 00:00:00+00:00,47752.9,45878.51,0.03451652142879488,,yukari,
2021-09-17 00:00:00+00:00,47300.0,45867.01,0.03458259215322829,,yukari,
2021-09-18 00:00:00+00:00,48294.5,45866.163499999995,0.033831028275920855,,yukari,
2021-09-19 00:00:00+00:00,47243.0,45850.698,0.03262372017643672,,yukari,
2021-09-20 00:00:00+00:00,43023.7,45823.8675,0.03669479578776545,,asagi,
2021-09-21 00:00:00+00:00,40730.0,45783.704000000005,0.03773686753584548,,asagi,
2021-09-22 00:00:00+00:00,43540.0,45757.0645,0.03999308454283525,,asagi,
2021-09-23 00:00:00+00:00,44858.3,45726.45649999999,0.039954902713173084,,asagi,
2021-09-24 00:00:00+00:00,42802.8,45678.499,0.040374389692219376,,asagi,
2021-09-25 00:00:00+00:00,42661.4,45617.361000000004,0.039642249041104645,,asagi,
2021-09-26 00:00:00+00:00,43178.4,45553.70850000001,0.03861838437044775,,asagi,
2021-09-27 00:00:00+00:00,42145.6,45475.531500000005,0.038789350436773666,,asagi,
2021-09-28 00:00:00+00:00,41006.6,45394.415,0.03900097476768967,,asagi,
2021-09-29 00:00:00+00:00,41523.8,45295.9145,0.03868147184053519,,asagi,
2021-09-30 00:00:00+00:00,43810.0,45220.307,0.04007986015603301,,asagi,
2021-10-01 00:00:00+00:00,48137.8,45182.697,0.04330117105479686,,yukari,
2021-10-02 00:00:00+00:00,47648.7,45136.564000000006,0.04330069138207959,,yukari,
2021-10-03 00:00:00+00:00,48206.6,45083.20850000001,0.04326606293166627,,yukari,
2021-10-04 00:00:00+00:00,49210.8,45041.2625,0.043448835821062036,,yukari,
2021-10-05 00:00:00+00:00,51479.5,45008.36,0.043705145157360306,,yukari,
2021-10-06 00:00:00+00:00,55304.9,44994.2845,0.04555602463797238,,yukari,
2021-10-07 00:00:00+00:00,53773.1,44976.506499999996,0.04015499843593384,,yukari,
2021-10-08 00:00:00+00:00,53955.2,44975.84,0.03995447936917344,,yukari,
2021-10-09 00:00:00+00:00,54952.5,44978.6865,0.04002491367923573,,yukari,
2021-10-10 00:00:00+00:00,54672.0,44990.4965,0.039393129622796154,,yukari,
2021-10-11 00:00:00+00:00,57478.1,45021.372,0.04018466529808057,,yukari,
2021-10-12 00:00:00+00:00,55999.7,45026.4575,0.04060560213103233,,yukari,
2021-10-13 00:00:00+00:00,57360.1,45034.168000000005,0.04032535986124521,,yukari,
2021-10-14 00:00:00+00:00,57343.4,45042.02,0.03969331944101057,,yukari,
2021-10-15 00:00:00+00:00,61688.5,45062.1725,0.04143782400452319,,yukari,
2021-10-16 00:00:00+00:00,60895.3,45072.823,0.04151791537002734,,yukari,
2021-10-17 00:00:00+00:00,61529.0,45086.3945,0.04138520719856709,,yukari,
2021-10-18 00:00:00+00:00,61982.9,45102.4655,0.04132308187648508,,yukari,
2021-10-19 00:00:00+00:00,64249.9,45128.6675,0.04121031436965645,,yukari,
2021-10-20 00:00:00+00:00,66026.2,45173.263,0.03633112846004948,,yukari,
2021-10-21 00:00:00+00:00,62215.8,45193.188500000004,0.03664494612244424,,yukari,
2021-10-22 00:00:00+00:00,60700.2,45200.3995,0.03591294434532134,,yukari,
2021-10-23 00:00:00+00:00,61315.3,45217.1085,0.03573791641567614,,yukari,
2021-10-24 00:00:00+00:00,60875.6,45241.4105,0.034245866771488775,,yukari,
2021-10-25 00:00:00+00:00,63106.6,45266.52849999999,0.03440166930325812,,yukari,
2021-10-26 00:00:00+00:00,60280.0,45277.375499999995,0.03604332204769494,,yukari,
2021-10-27 00:00:00+00:00,58420.0,45270.4455,0.036306956335609424,,yukari,
2021-10-28 00:00:00+00:00,60619.0,45273.172999999995,0.03586545216899849,,yukari,
2021-10-29 00:00:00+00:00,62285.2,45285.148499999996,0.035957196524750656,,yukari,
2021-10-30 00:00:00+00:00,61886.9,45276.6855,0.03531408258871362,,yukari,
2021-10-31 00:00:00+00:00,61308.1,45268.376,0.031844014343573875,,yukari,
2021-11-01 00:00:00+00:00,60879.7,45256.9245,0.031785995715635604,,yukari,
2021-11-02 00:00:00+00:00,63256.0,45266.73100000001,0.032255308507736655,,yukari,
2021-11-03 00:00:00+00:00,62936.0,45281.3,0.03227879602977487,,yukari,
2021-11-04 00:00:00+00:00,61428.4,45307.8415,0.03202847498686107,,yukari,
2021-11-05 00:00:00+00:00,60943.2,45334.514,0.02959526847162109,,yukari,
2021-11-06 00:00:00+00:00,61472.6,45359.7155,0.029008695190823636,,yukari,
2021-11-07 00:00:00+00:00,63280.0,45407.1205,0.029350270327879346,,yukari,
2021-11-08 00:00:00+00:00,67589.7,45486.406500000005,0.031297386913573255,,yukari,
2021-11-09 00:00:00+00:00,66974.8,45565.823,0.03135918659858199,,yukari,
2021-11-10 00:00:00+00:00,64876.1,45639.951499999996,0.031023596910718595,,yukari,
2021-11-11 00:00:00+00:00,64786.6,45718.66,0.030521254219295264,,yukari,
2021-11-12 00:00:00+00:00,64108.7,45769.20849999999,0.030425201532632597,,yukari,
2021-11-13 00:00:00+00:00,64414.3,45816.267,0.030416279489871446,,yukari,
2021-11-14 00:00:00+00:00,65542.0,45869.597,0.027620616550100115,,yukari,
2021-11-15 00:00:00+00:00,63625.1,45920.05850000001,0.028098315927818793,,yukari,
2021-11-16 00:00:00+00:00,60094.5,45932.2255,0.029996295943373594,,yukari,
2021-11-17 00:00:00+00:00,60337.8,45945.070999999996,0.029971416961897437,,yukari,
2021-11-18 00:00:00+00:00,56891.1,45946.8425,0.03093407998567343,,yukari,
2021-11-19 00:00:00+00:00,58071.1,45951.3555,0.030722409162852734,,yukari,
2021-11-20 00:00:00+00:00,59709.7,45984.070999999996,0.029423230803101177,,yukari,
2021-11-21 00:00:00+00:00,58630.3,45989.72350000001,0.029270956470141257,,yukari,
2021-11-22 00:00:00+00:00,56254.9,45989.198500000006,0.030085256530687426,,yukari,
2021-11-23 00:00:00+00:00,57537.7,45990.262,0.03042597106703443,,yukari,
2021-11-24 00:00:00+00:00,57143.0,45981.5495,0.029580906907184002,,yukari,
2021-11-25 00:00:00+00:00,58968.3,45985.095,0.029111528674960283,,yukari,
2021-11-26 00:00:00+00:00,53760.1,45974.843,0.033182276142867125,,yukari,
2021-11-27 00:00:00+00:00,54736.0,45965.087,0.03257464609878111,,yukari,
2021-11-28 00:00:00+00:00,57300.1,46003.5875,0.033346749916272934,0.03869165520624605,yukari,dusuk
2021-11-29 00:00:00+00:00,57803.9,46044.158500000005,0.033404693350800554,0.03869165520624605,yukari,dusuk
2021-11-30 00:00:00+00:00,56947.0,46079.6425,0.03346066875234822,0.03869165520624605,yukari,dusuk
2021-12-01 00:00:00+00:00,57164.9,46131.571500000005,0.033468287320065675,0.03868147184053519,yukari,dusuk
2021-12-02 00:00:00+00:00,56487.8,46181.841499999995,0.03262363745954055,0.03868147184053519,yukari,dusuk
2021-12-03 00:00:00+00:00,53595.5,46232.005,0.033819042554989825,0.03868147184053519,yukari,dusuk
2021-12-04 00:00:00+00:00,49160.0,46263.54149999999,0.03678846365908003,0.03861838437044775,yukari,dusuk
2021-12-05 00:00:00+00:00,49390.0,46326.914,0.0368543564274313,0.03861838437044775,yukari,dusuk
2021-12-06 00:00:00+00:00,50425.7,46376.3865,0.03709710767699615,0.03861838437044775,yukari,dusuk
2021-12-07 00:00:00+00:00,50595.6,46443.1025,0.03654054836517209,0.03861838437044775,yukari,dusuk
2021-12-08 00:00:00+00:00,50455.5,46508.127,0.033838730721060736,0.03861838437044775,yukari,dusuk
2021-12-09 00:00:00+00:00,47568.0,46572.552,0.03500885940297911,0.03861838437044775,yukari,dusuk
2021-12-10 00:00:00+00:00,47160.0,46614.34100000001,0.034797609986450075,0.03861838437044775,yukari,dusuk
2021-12-11 00:00:00+00:00,49387.6,46669.691,0.03628380305459501,0.03861838437044775,yukari,dusuk
2021-12-12 00:00:00+00:00,50075.7,46723.824499999995,0.03652142242079081,0.03861838437044775,yukari,dusuk
2021-12-13 00:00:00+00:00,46687.4,46764.602999999996,0.03812313198204316,0.03861838437044775,asagi,dusuk
2021-12-14 00:00:00+00:00,48360.0,46828.0125,0.03871104916894405,0.03868147184053519,yukari,yuksek
2021-12-15 00:00:00+00:00,48864.4,46899.316,0.03870436765044949,0.03870436765044949,yukari,dusuk
2021-12-16 00:00:00+00:00,47637.0,46959.238,0.03776255506624076,0.03870436765044949,yukari,dusuk
2021-12-17 00:00:00+00:00,46150.4,47003.72350000001,0.037941406557634144,0.03870436765044949,asagi,dusuk
2021-12-18 00:00:00+00:00,46836.9,47054.46300000001,0.036971426841964444,0.03870436765044949,asagi,dusuk
2021-12-19 00:00:00+00:00,46684.9,47100.085,0.03662563692949271,0.03870436765044949,asagi,dusuk
2021-12-20 00:00:00+00:00,46905.6,47138.34550000001,0.03610118356633005,0.03870436765044949,asagi,dusuk
2021-12-21 00:00:00+00:00,48883.0,47198.6075,0.037142620100867794,0.03870436765044949,yukari,dusuk
2021-12-22 00:00:00+00:00,48594.8,47263.982,0.03653994712661364,0.03868147184053519,yukari,dusuk
2021-12-23 00:00:00+00:00,50845.2,47339.209,0.03735445670687886,0.03861838437044775,yukari,dusuk
2021-12-24 00:00:00+00:00,50825.0,47425.51550000001,0.037356691739275,0.03812313198204316,yukari,dusuk
2021-12-25 00:00:00+00:00,50398.7,47510.6895,0.036760195401840355,0.037941406557634144,yukari,dusuk
2021-12-26 00:00:00+00:00,50769.0,47577.635,0.03290738453728553,0.037941406557634144,yukari,dusuk
2021-12-27 00:00:00+00:00,50713.8,47647.653000000006,0.03269323598190683,0.037941406557634144,yukari,dusuk
2021-12-28 00:00:00+00:00,47549.9,47698.763499999994,0.03326223892413003,0.037941406557634144,asagi,dusuk
2021-12-29 00:00:00+00:00,46453.3,47753.297,0.03328009525237916,0.037941406557634144,asagi,dusuk
2021-12-30 00:00:00+00:00,47132.8,47793.7825,0.03348060311122862,0.037941406557634144,asagi,dusuk
2021-12-31 00:00:00+00:00,46213.9,47822.3665,0.033510560275654265,0.037941406557634144,asagi,dusuk
2022-01-01 00:00:00+00:00,47723.2,47860.277,0.034248806382538285,0.037941406557634144,asagi,dusuk
2022-01-02 00:00:00+00:00,47301.1,47905.047999999995,0.03309349739853472,0.037941406557634144,asagi,dusuk
2022-01-03 00:00:00+00:00,46446.9,47946.934,0.029386139539634776,0.037941406557634144,asagi,dusuk
2022-01-04 00:00:00+00:00,45843.3,47997.108499999995,0.02942814438807077,0.037941406557634144,asagi,dusuk
2022-01-05 00:00:00+00:00,43435.1,48036.78400000001,0.030534508359614878,0.037941406557634144,asagi,dusuk
2022-01-06 00:00:00+00:00,43093.1,48074.1475,0.03049768870518283,0.037941406557634144,asagi,dusuk
2022-01-07 00:00:00+00:00,41569.6,48123.814000000006,0.03099987120806475,0.037941406557634144,asagi,dusuk
2022-01-08 00:00:00+00:00,41688.0,48169.630999999994,0.029404756965679454,0.037941406557634144,asagi,dusuk
2022-01-09 00:00:00+00:00,41849.9,48210.554000000004,0.029431417697536717,0.037941406557634144,asagi,dusuk
2022-01-10 00:00:00+00:00,41824.7,48246.357,0.027882175843754856,0.037941406557634144,asagi,dusuk
2022-01-11 00:00:00+00:00,42716.2,48302.04,0.028086736811054135,0.03776255506624076,asagi,dusuk
2022-01-12 00:00:00+00:00,43900.0,48360.119000000006,0.025885457551745834,0.03773686753584548,asagi,dusuk
2022-01-13 00:00:00+00:00,42565.6,48399.388,0.02541306926564727,0.03745160963733457,asagi,dusuk
2022-01-14 00:00:00+00:00,43063.1,48442.2705,0.02543876626258349,0.03740982978729975,asagi,dusuk
2022-01-15 00:00:00+00:00,43079.5,48477.983499999995,0.02513076402465747,0.037356691739275,asagi,dusuk
2022-01-16 00:00:00+00:00,43069.0,48518.1285,0.02455671432675759,0.03735445670687886,asagi,dusuk
2022-01-17 00:00:00+00:00,42201.4,48561.5355,0.024551956013974245,0.03722890391160741,asagi,dusuk
2022-01-18 00:00:00+00:00,42350.0,48604.4405,0.02458512841422539,0.03718987418921922,asagi,dusuk
2022-01-19 00:00:00+00:00,41666.3,48639.390999999996,0.024649273780581422,0.037185997725414394,asagi,dusuk
2022-01-20 00:00:00+00:00,40668.5,48666.34649999999,0.02337243658956866,0.037142620100867794,asagi,dusuk
2022-01-21 00:00:00+00:00,36454.8,48680.14,0.03002593058774429,0.03709710767699615,asagi,dusuk
2022-01-22 00:00:00+00:00,35062.8,48684.279,0.028624618112697,0.03708947646552708,asagi,dusuk
2022-01-23 00:00:00+00:00,36258.6,48696.317,0.029762594184793063,0.036971426841964444,asagi,dusuk
2022-01-24 00:00:00+00:00,36664.6,48715.312999999995,0.030039729595723656,0.036898195773317974,asagi,dusuk
2022-01-25 00:00:00+00:00,36962.5,48731.047999999995,0.030055933216176306,0.0368543564274313,asagi,dusuk
2022-01-26 00:00:00+00:00,36812.3,48747.5125,0.03002836398813506,0.03678846365908003,asagi,dusuk
2022-01-27 00:00:00+00:00,37157.5,48761.9835,0.028454821494150885,0.036760195401840355,asagi,dusuk
2022-01-28 00:00:00+00:00,37702.5,48785.0895,0.028601535787082598,0.03669479578776545,asagi,dusuk
2022-01-29 00:00:00+00:00,38172.0,48812.3245,0.028548603356363614,0.03664494612244424,asagi,dusuk
2022-01-30 00:00:00+00:00,37896.3,48837.785,0.028448552240589255,0.03662563692949271,asagi,dusuk
2022-01-31 00:00:00+00:00,38460.6,48870.734,0.027802462961537624,0.03654054836517209,asagi,dusuk
2022-02-01 00:00:00+00:00,38700.2,48907.345,0.02790718726903913,0.03653994712661364,asagi,dusuk
2022-02-02 00:00:00+00:00,36904.5,48934.302,0.0288218662257733,0.03652142242079081,asagi,dusuk
2022-02-03 00:00:00+00:00,37321.5,48962.1065,0.029005678840849442,0.03647687497558908,asagi,dusuk
2022-02-04 00:00:00+00:00,41580.3,49015.86,0.03449608573200318,0.03633112846004948,asagi,dusuk
2022-02-05 00:00:00+00:00,41383.4,49073.956,0.03448053749011126,0.036306956335609424,asagi,dusuk
2022-02-06 00:00:00+00:00,42371.1,49125.21599999999,0.0341303636582244,0.03628380305459501,asagi,dusuk
2022-02-07 00:00:00+00:00,43844.1,49182.9895,0.03467519865490973,0.0362113845406197,asagi,dusuk
2022-02-08 00:00:00+00:00,44038.0,49234.977,0.03467650856129708,0.03610118356633005,asagi,dusuk
2022-02-09 00:00:00+00:00,44387.0,49285.7295,0.03469175761009366,0.036096818563112254,asagi,dusuk
2022-02-10 00:00:00+00:00,43487.1,49326.209500000004,0.03473242277466215,0.03604332204769494,asagi,dusuk
2022-02-11 00:00:00+00:00,42381.5,49351.927,0.03467542904903854,0.03602770860919189,asagi,dusuk
2022-02-12 00:00:00+00:00,42217.7,49365.758499999996,0.034225623408703235,0.03598240777645124,asagi,dusuk
2022-02-13 00:00:00+00:00,42063.5,49375.998,0.034156146426851205,0.035957196524750656,asagi,dusuk
2022-02-14 00:00:00+00:00,42533.4,49388.525499999996,0.034224844797582955,0.035936965665455047,asagi,dusuk
2022-02-15 00:00:00+00:00,44556.7,49400.28199999999,0.035279922180124164,0.03591294434532134,asagi,dusuk
2022-02-16 00:00:00+00:00,43874.8,49412.41099999999,0.035187808360566,0.03586545216899849,asagi,dusuk
2022-02-17 00:00:00+00:00,40500.6,49415.7105,0.03818403688264468,0.03586545216899849,asagi,yuksek
2022-02-18 00:00:00+00:00,39991.2,49419.879,0.03814140760348072,0.03586545216899849,asagi,yuksek
2022-02-19 00:00:00+00:00,40074.5,49429.211,0.03789912189511657,0.03586545216899849,asagi,yuksek
2022-02-20 00:00:00+00:00,38389.5,49422.459,0.0329331314009068,0.03574500836120591,asagi,dusuk
2022-02-21 00:00:00+00:00,37007.5,49403.11550000001,0.032839012742006644,0.03573791641567614,asagi,dusuk
2022-02-22 00:00:00+00:00,38230.0,49380.09550000001,0.03280501823659414,0.035717170319883584,asagi,dusuk
2022-02-23 00:00:00+00:00,37257.3,49343.4255,0.033131925143341664,0.03542238580579913,asagi,dusuk
2022-02-24 00:00:00+00:00,38333.7,49316.0525,0.033499391173843984,0.03531408258871362,asagi,dusuk
2022-02-25 00:00:00+00:00,39223.3,49280.835999999996,0.033714766671763374,0.035279922180124164,asagi,dusuk
2022-02-26 00:00:00+00:00,39105.2,49248.487,0.033698971957316595,0.03525738333213385,asagi,dusuk
2022-02-27 00:00:00+00:00,37689.3,49209.3655,0.03432505002196513,0.03522879231479817,asagi,dusuk
2022-02-28 00:00:00+00:00,43175.3,49203.209500000004,0.04233526605248755,0.03522879231479817,asagi,yuksek
2022-03-01 00:00:00+00:00,44417.6,49186.324,0.04250492567989594,0.03522879231479817,asagi,yuksek
2022-03-02 00:00:00+00:00,43911.4,49170.4795,0.04257291012900359,0.03522879231479817,asagi,yuksek
2022-03-03 00:00:00+00:00,42456.0,49147.806000000004,0.04313500140839889,0.03522879231479817,asagi,yuksek
2022-03-04 00:00:00+00:00,39150.0,49114.0225,0.04489165749535781,0.03522879231479817,asagi,yuksek
2022-03-05 00:00:00+00:00,39395.3,49087.543999999994,0.04486537347161907,0.03522879231479817,asagi,yuksek
2022-03-06 00:00:00+00:00,38415.3,49055.970499999996,0.04035231304405189,0.03522879231479817,asagi,yuksek
2022-03-07 00:00:00+00:00,37989.0,49012.0525,0.040380836193719856,0.03522879231479817,asagi,yuksek
2022-03-08 00:00:00+00:00,38725.3,48959.144,0.04028956749289273,0.03522879231479817,asagi,yuksek
2022-03-09 00:00:00+00:00,41953.9,48924.778,0.04255788122130164,0.03522879231479817,asagi,yuksek
2022-03-10 00:00:00+00:00,39419.9,48875.555,0.043959843208376086,0.03522879231479817,asagi,yuksek
2022-03-11 00:00:00+00:00,38733.0,48821.72,0.043974332260296546,0.03522879231479817,asagi,yuksek
2022-03-12 00:00:00+00:00,38801.9,48777.328,0.04388379290046968,0.03522879231479817,asagi,yuksek
2022-03-13 00:00:00+00:00,37760.8,48721.1625,0.0439095096145147,0.03522879231479817,asagi,yuksek
2022-03-14 00:00:00+00:00,39673.8,48685.348,0.04497358044882502,0.03522879231479817,asagi,yuksek
2022-03-15 00:00:00+00:00,39283.9,48636.310999999994,0.04499546674479989,0.03522879231479817,asagi,yuksek
2022-03-16 00:00:00+00:00,41128.0,48597.501,0.04579277712298358,0.03522879231479817,asagi,yuksek
2022-03-17 00:00:00+00:00,40909.0,48558.21,0.04490434587941574,0.03522879231479817,asagi,yuksek
2022-03-18 00:00:00+00:00,41755.9,48532.005,0.045036050001556284,0.03522879231479817,asagi,yuksek
2022-03-19 00:00:00+00:00,42207.1,48507.312999999995,0.04257075312220668,0.03522879231479817,asagi,yuksek
2022-03-20 00:00:00+00:00,41263.0,48469.3905,0.04272262843033907,0.03522879231479817,asagi,yuksek
2022-03-21 00:00:00+00:00,41003.6,48428.043999999994,0.04274304415675841,0.03522879231479817,asagi,yuksek
2022-03-22 00:00:00+00:00,42372.7,48389.901000000005,0.0423076736307196,0.03522879231479817,asagi,yuksek
2022-03-23 00:00:00+00:00,42880.5,48354.754,0.04165026727196996,0.03522879231479817,asagi,yuksek
2022-03-24 00:00:00+00:00,44000.9,48315.733499999995,0.041514844714262304,0.03522879231479817,asagi,yuksek
2022-03-25 00:00:00+00:00,44318.0,48274.02449999999,0.04111517204889893,0.03522879231479817,asagi,yuksek
2022-03-26 00:00:00+00:00,44503.5,48262.28699999999,0.040891368530330506,0.03522879231479817,asagi,yuksek
2022-03-27 00:00:00+00:00,46821.9,48266.023499999996,0.04162260411869754,0.03522879231479817,asagi,yuksek
2022-03-28 00:00:00+00:00,47140.7,48269.762,0.04158864142854506,0.03522879231479817,asagi,yuksek
2022-03-29 00:00:00+00:00,47443.8,48282.691,0.04078457141962197,0.03522879231479817,asagi,yuksek
2022-03-30 00:00:00+00:00,47049.9,48292.066,0.032884637082518806,0.035225794356865736,asagi,dusuk
2022-03-31 00:00:00+00:00,45518.9,48289.57,0.03315399706445038,0.035225794356865736,asagi,dusuk
2022-04-01 00:00:00+00:00,46287.6,48296.207,0.03319375079116231,0.035225794356865736,asagi,dusuk
2022-04-02 00:00:00+00:00,45816.3,48289.81300000001,0.0326003824568173,0.035225794356865736,asagi,dusuk
2022-04-03 00:00:00+00:00,46406.2,48281.22349999999,0.028552514601077616,0.035225794356865736,asagi,dusuk
2022-04-04 00:00:00+00:00,46594.9,48275.43350000001,0.028553780945408815,0.035225794356865736,asagi,dusuk
2022-04-05 00:00:00+00:00,45501.5,48266.441000000006,0.028501232787032146,0.035225794356865736,asagi,dusuk
2022-04-06 00:00:00+00:00,43176.0,48240.84850000001,0.0302826517382574,0.035225794356865736,asagi,dusuk
2022-04-07 00:00:00+00:00,43444.3,48221.855,0.030154375367422083,0.035225794356865736,asagi,dusuk
2022-04-08 00:00:00+00:00,42255.0,48218.01149999999,0.027016119462900678,0.035225794356865736,asagi,dusuk
2022-04-09 00:00:00+00:00,42738.4,48228.053499999995,0.024352450141014916,0.035225794356865736,asagi,dusuk
2022-04-10 00:00:00+00:00,42147.3,48221.09,0.024256562336325352,0.035225794356865736,asagi,dusuk
2022-04-11 00:00:00+00:00,39529.3,48194.445,0.02716408230407064,0.035225794356865736,asagi,dusuk
2022-04-12 00:00:00+00:00,40070.3,48180.7825,0.02674130550315662,0.035225794356865736,asagi,dusuk
2022-04-13 00:00:00+00:00,41149.3,48173.222,0.025646540248957385,0.035225794356865736,asagi,dusuk
2022-04-14 00:00:00+00:00,39938.8,48157.024,0.026198143187415902,0.035225794356865736,asagi,dusuk
2022-04-15 00:00:00+00:00,40541.0,48149.001,0.02493140203630017,0.035225794356865736,asagi,dusuk
2022-04-16 00:00:00+00:00,40380.2,48145.869000000006,0.024923472025834836,0.035225794356865736,asagi,dusuk
2022-04-17 00:00:00+00:00,39673.2,48136.615999999995,0.024792047463461732,0.035225794356865736,asagi,dusuk
2022-04-18 00:00:00+00:00,40785.4,48121.492999999995,0.025272149011694136,0.035225794356865736,asagi,dusuk
2022-04-19 00:00:00+00:00,41491.4,48088.261000000006,0.025149656632200836,0.035225794356865736,asagi,dusuk
2022-04-20 00:00:00+00:00,41358.7,48056.810999999994,0.025128415309705623,0.035225794356865736,asagi,dusuk
2022-04-21 00:00:00+00:00,40476.5,48018.1605,0.02465655224753015,0.035225794356865736,asagi,dusuk
2022-04-22 00:00:00+00:00,39692.5,47970.569,0.024734448601402337,0.035225794356865736,asagi,dusuk
2022-04-23 00:00:00+00:00,39443.9,47910.391,0.02415231804427477,0.035225794356865736,asagi,dusuk
2022-04-24 00:00:00+00:00,39454.3,47831.138,0.02407831503960617,0.035225794356865736,asagi,dusuk
2022-04-25 00:00:00+00:00,40432.4,47764.4345,0.024592602514654317,0.035225794356865736,asagi,dusuk
2022-04-26 00:00:00+00:00,38107.0,47685.193499999994,0.024467895366560112,0.035225794356865736,asagi,dusuk
2022-04-27 00:00:00+00:00,39220.4,47606.532999999996,0.025210214070286858,0.035225794356865736,asagi,dusuk
2022-04-28 00:00:00+00:00,39751.1,47531.928499999995,0.025363045056328304,0.035225794356865736,asagi,dusuk
2022-04-29 00:00:00+00:00,38583.9,47437.4575,0.025734316544266136,0.035225794356865736,asagi,dusuk
2022-04-30 00:00:00+00:00,37633.6,47345.627,0.025487261874814152,0.035187808360566,asagi,dusuk
2022-05-01 00:00:00+00:00,38469.6,47251.174499999994,0.025667667600920468,0.03500885940297911,asagi,dusuk
2022-05-02 00:00:00+00:00,38540.3,47157.15900000001,0.025696299152895757,0.03498681882109625,asagi,dusuk
2022-05-03 00:00:00+00:00,37729.3,47037.363000000005,0.025600362097554587,0.03495535299847191,asagi,dusuk
2022-05-04 00:00:00+00:00,39709.9,46931.435999999994,0.027657572475807073,0.03488053207901313,asagi,dusuk
2022-05-05 00:00:00+00:00,36535.8,46806.47,0.030965217304167136,0.034797609986450075,asagi,dusuk
2022-05-06 00:00:00+00:00,36015.5,46676.633,0.02980936583570391,0.03473242277466215,asagi,dusuk
2022-05-07 00:00:00+00:00,35480.7,46532.78699999999,0.029760031426046604,0.03469175761009366,asagi,dusuk
2022-05-08 00:00:00+00:00,34050.4,46372.907999999996,0.03018336182889788,0.03467914316252604,asagi,dusuk
2022-05-09 00:00:00+00:00,30081.9,46212.2385,0.03671372972293556,0.03467914316252604,asagi,yuksek
2022-05-10 00:00:00+00:00,31018.9,46063.832,0.03751494692006772,0.03467914316252604,asagi,yuksek
2022-05-11 00:00:00+00:00,29079.3,45902.651999999995,0.03753691225043841,0.03467914316252604,asagi,yuksek
2022-05-12 00:00:00+00:00,29042.8,45743.488,0.03730909820919122,0.03467914316252604,asagi,yuksek
2022-05-13 00:00:00+00:00,29289.3,45574.40150000001,0.03682799133659174,0.03467914316252604,asagi,yuksek
2022-05-14 00:00:00+00:00,30090.2,45423.4525,0.03730096973439363,0.03467914316252604,asagi,yuksek
2022-05-15 00:00:00+00:00,31320.9,45287.957,0.0381402083234014,0.03467914316252604,asagi,yuksek
2022-05-16 00:00:00+00:00,29878.9,45134.2565,0.03876846290638678,0.03467914316252604,asagi,yuksek
2022-05-17 00:00:00+00:00,30452.0,44975.090500000006,0.03909631400696793,0.03467914316252604,asagi,yuksek
2022-05-18 00:00:00+00:00,28714.5,44809.228500000005,0.03949760522389234,0.03467914316252604,asagi,yuksek
2022-05-19 00:00:00+00:00,30319.9,44654.2875,0.04099276943940256,0.03467914316252604,asagi,yuksek
2022-05-20 00:00:00+00:00,29194.5,44495.86149999999,0.041267944059970266,0.03467914316252604,asagi,yuksek
2022-05-21 00:00:00+00:00,29443.1,44326.797,0.04138245828910837,0.03467914316252604,asagi,yuksek
2022-05-22 00:00:00+00:00,30298.5,44163.6095,0.04195462858702061,0.03467914316252604,asagi,yuksek
2022-05-23 00:00:00+00:00,29117.9,44002.05699999999,0.04232303777494865,0.03467914316252604,asagi,yuksek
2022-05-24 00:00:00+00:00,29663.1,43845.656500000005,0.04260844213663451,0.03467914316252604,asagi,yuksek
2022-05-25 00:00:00+00:00,29545.0,43686.018500000006,0.04213957516327227,0.03467914316252604,asagi,yuksek
2022-05-26 00:00:00+00:00,29197.8,43515.6075,0.041124025948918196,0.03467914316252604,asagi,yuksek
2022-05-27 00:00:00+00:00,28633.5,43320.826499999996,0.04053958943904511,0.03467914316252604,asagi,yuksek
2022-05-28 00:00:00+00:00,29031.5,43131.11,0.04054704325111738,0.03467914316252604,asagi,yuksek
2022-05-29 00:00:00+00:00,29467.0,42954.0645,0.040633377097554595,0.03467914316252604,asagi,yuksek
2022-05-30 00:00:00+00:00,31742.3,42788.843,0.04325045781237661,0.03467914316252604,asagi,yuksek
2022-05-31 00:00:00+00:00,31804.9,42627.324,0.04296280473717612,0.03467914316252604,asagi,yuksek
2022-06-01 00:00:00+00:00,29803.2,42454.2685,0.044238314032343296,0.03467914316252604,asagi,yuksek
2022-06-02 00:00:00+00:00,30450.6,42278.811499999996,0.04450309014952196,0.03467914316252604,asagi,yuksek
2022-06-03 00:00:00+00:00,29698.0,42109.176,0.04321624439207425,0.03467914316252604,asagi,yuksek
2022-06-04 00:00:00+00:00,29858.3,41957.995,0.04098191682367874,0.03467914316252604,asagi,yuksek
2022-06-05 00:00:00+00:00,29923.9,41805.9255,0.040987172861747356,0.03467914316252604,asagi,yuksek
2022-06-06 00:00:00+00:00,31371.1,41678.325500000006,0.0420855535616238,0.03467914316252604,asagi,yuksek
2022-06-07 00:00:00+00:00,31130.6,41543.623,0.041509446381805454,0.03467914316252604,asagi,yuksek
2022-06-08 00:00:00+00:00,30202.5,41396.087,0.03513311045671443,0.03467914316252604,asagi,yuksek
2022-06-09 00:00:00+00:00,30109.0,41253.4805,0.0346586772430128,0.03467650856129708,asagi,dusuk
2022-06-10 00:00:00+00:00,29095.4,41117.683000000005,0.033149808740030436,0.03467542904903854,asagi,dusuk
2022-06-11 00:00:00+00:00,28427.8,40972.1335,0.033420193207910696,0.03467519865490973,asagi,dusuk
2022-06-12 00:00:00+00:00,26580.8,40819.3225,0.0354932231292265,0.03467519865490973,asagi,yuksek
2022-06-13 00:00:00+00:00,22478.0,40636.871,0.04601013037875467,0.03467519865490973,asagi,yuksek
2022-06-14 00:00:00+00:00,22139.1,40478.765999999996,0.04504336673586426,0.03467519865490973,asagi,yuksek
2022-06-15 00:00:00+00:00,22586.4,40318.018,0.0448827551622629,0.03467519865490973,asagi,yuksek
2022-06-16 00:00:00+00:00,20397.2,40133.5035,0.0476005350842952,0.03467519865490973,asagi,yuksek
2022-06-17 00:00:00+00:00,20469.8,39946.833,0.04690591715645182,0.03467519865490973,asagi,yuksek
2022-06-18 00:00:00+00:00,18972.5,39756.9605,0.04664881381011223,0.03467519865490973,asagi,yuksek
2022-06-19 00:00:00+00:00,20571.1,39573.9915,0.049640625146856326,0.03467519865490973,asagi,yuksek
2022-06-20 00:00:00+00:00,20580.8,39394.4565,0.04954999086864485,0.03467519865490973,asagi,yuksek
2022-06-21 00:00:00+00:00,20723.4,39230.096,0.04909306793980919,0.03467519865490973,asagi,yuksek
2022-06-22 00:00:00+00:00,19993.4,39084.263000000006,0.04902425614922313,0.03467519865490973,asagi,yuksek
2022-06-23 00:00:00+00:00,21106.9,38942.8475,0.05022099478563978,0.03467519865490973,asagi,yuksek
2022-06-24 00:00:00+00:00,21237.8,38796.908,0.05030662264102517,0.03467519865490973,asagi,yuksek
2022-06-25 00:00:00+00:00,21489.6,38651.378,0.05047775610222699,0.03467519865490973,asagi,yuksek
2022-06-26 00:00:00+00:00,21038.1,38504.291,0.050489642219714956,0.03467519865490973,asagi,yuksek
2022-06-27 00:00:00+00:00,20740.4,38370.153,0.050287690656465794,0.03467519865490973,asagi,yuksek
2022-06-28 00:00:00+00:00,20280.9,38235.7575,0.0500807850523875,0.03467519865490973,asagi,yuksek
2022-06-29 00:00:00+00:00,20117.0,38089.404500000004,0.04733833277726495,0.03467519865490973,asagi,yuksek
2022-06-30 00:00:00+00:00,19941.6,37938.734,0.04724456254051232,0.03467519865490973,asagi,yuksek
2022-07-01 00:00:00+00:00,19281.3,37801.7035,0.04645353665613622,0.03467519865490973,asagi,yuksek
2022-07-02 00:00:00+00:00,19248.5,37656.146,0.04602466656626958,0.03467519865490973,asagi,yuksek
2022-07-03 00:00:00+00:00,19315.7,37508.4025,0.04611095861609803,0.03467519865490973,asagi,yuksek
2022-07-04 00:00:00+00:00,20235.2,37371.3935,0.04731300175539903,0.03467519865490973,asagi,yuksek
2022-07-05 00:00:00+00:00,20178.5,37241.534,0.04726652668682573,0.03467519865490973,asagi,yuksek
2022-07-06 00:00:00+00:00,20567.4,37110.186499999996,0.046296561754058045,0.03467519865490973,asagi,yuksek
2022-07-07 00:00:00+00:00,21614.8,36984.836,0.047731528277951886,0.03467519865490973,asagi,yuksek
2022-07-08 00:00:00+00:00,21595.7,36858.2865,0.04764857434911882,0.03467519865490973,asagi,yuksek
2022-07-09 00:00:00+00:00,21589.6,36721.819500000005,0.047667827569245556,0.03467519865490973,asagi,yuksek
2022-07-10 00:00:00+00:00,20861.6,36583.1535,0.04766879234829215,0.03467519865490973,asagi,yuksek
2022-07-11 00:00:00+00:00,19970.4,36428.779500000004,0.04799317001477049,0.03467519865490973,asagi,yuksek
2022-07-12 00:00:00+00:00,19333.4,36271.3215,0.047019055371019094,0.03467519865490973,asagi,yuksek
2022-07-13 00:00:00+00:00,20231.7,36120.4865,0.037635828303024796,0.03467519865490973,asagi,yuksek
2022-07-14 00:00:00+00:00,20594.1,35969.612,0.03776364445910156,0.03467519865490973,asagi,yuksek
2022-07-15 00:00:00+00:00,20831.4,35820.2,0.037620700407951374,0.03467519865490973,asagi,yuksek
2022-07-16 00:00:00+00:00,21192.6,35688.4135,0.03275570630794227,0.0346586772430128,asagi,dusuk
2022-07-17 00:00:00+00:00,20800.5,35560.1495,0.03295320843549215,0.03458259215322829,asagi,dusuk
2022-07-18 00:00:00+00:00,22437.3,35436.672,0.03244625643645613,0.03452185103510363,asagi,dusuk
2022-07-19 00:00:00+00:00,23391.1,35322.558,0.030003781480584666,0.03451652142879488,asagi,dusuk
2022-07-20 00:00:00+00:00,23228.8,35200.085999999996,0.030066974316855503,0.03449608573200318,asagi,dusuk
2022-07-21 00:00:00+00:00,23147.1,35079.316,0.030092914962553532,0.03448053749011126,asagi,dusuk
2022-07-22 00:00:00+00:00,22685.3,34960.508,0.029512095702463662,0.034459613351606466,asagi,dusuk
2022-07-23 00:00:00+00:00,22450.0,34843.5415,0.028060435816438935,0.03440166930325812,asagi,dusuk
2022-07-24 00:00:00+00:00,22585.1,34739.2915,0.02805952859313011,0.03432505002196513,asagi,dusuk
2022-07-25 00:00:00+00:00,21313.6,34630.394,0.030043264839828967,0.03432505002196513,asagi,dusuk
2022-07-26 00:00:00+00:00,21254.0,34528.816,0.0297872181117861,0.03432505002196513,asagi,dusuk
2022-07-27 00:00:00+00:00,22951.0,34435.131,0.0327426170871273,0.03432505002196513,asagi,dusuk
2022-07-28 00:00:00+00:00,23843.6,34345.0995,0.03296444377075859,0.03432505002196513,asagi,dusuk
2022-07-29 00:00:00+00:00,23770.9,34254.830500000004,0.03290582774993677,0.03432505002196513,asagi,dusuk
2022-07-30 00:00:00+00:00,23642.6,34159.4625,0.032861264321433034,0.03432505002196513,asagi,dusuk
2022-07-31 00:00:00+00:00,23299.9,34056.462,0.032252674623358984,0.03432505002196513,asagi,dusuk
2022-08-01 00:00:00+00:00,23266.1,33959.964499999995,0.032250557808007126,0.03432505002196513,asagi,dusuk
2022-08-02 00:00:00+00:00,22982.0,33859.559,0.03242640275936822,0.03432505002196513,asagi,dusuk
2022-08-03 00:00:00+00:00,22815.0,33758.2365,0.031573644263557694,0.03432505002196513,asagi,dusuk
2022-08-04 00:00:00+00:00,22619.6,33655.9895,0.03163439216686162,0.03432505002196513,asagi,dusuk
2022-08-05 00:00:00+00:00,23306.3,33561.513999999996,0.03187533002667578,0.03432505002196513,asagi,dusuk
2022-08-06 00:00:00+00:00,22953.5,33464.5315,0.030867415023396332,0.03432505002196513,asagi,dusuk
2022-08-07 00:00:00+00:00,23178.3,33372.0915,0.030894131717794523,0.03432505002196513,asagi,dusuk
2022-08-08 00:00:00+00:00,23815.0,33287.824,0.03121624580633298,0.03432505002196513,asagi,dusuk
2022-08-09 00:00:00+00:00,23151.4,33221.307,0.030984139468955004,0.03432505002196513,asagi,dusuk
2022-08-10 00:00:00+00:00,23953.2,33165.759,0.03014492417557896,0.03432505002196513,asagi,dusuk
2022-08-11 00:00:00+00:00,23934.2,33104.136999999995,0.029293889040899673,0.03432505002196513,asagi,dusuk
2022-08-12 00:00:00+00:00,24400.1,33042.8145,0.02849322290217288,0.03432505002196513,asagi,dusuk
2022-08-13 00:00:00+00:00,24440.4,32980.204,0.02842051576885016,0.034248806382538285,asagi,dusuk
2022-08-14 00:00:00+00:00,24305.7,32917.671,0.028471153258622713,0.034248806382538285,asagi,dusuk
2022-08-15 00:00:00+00:00,24093.7,32852.352,0.028486678152618003,0.034248806382538285,asagi,dusuk
2022-08-16 00:00:00+00:00,23858.9,32783.134,0.02828535779993728,0.034245866771488775,asagi,dusuk
2022-08-17 00:00:00+00:00,23338.8,32708.968000000004,0.025274619863227515,0.034225623408703235,asagi,dusuk
2022-08-18 00:00:00+00:00,23200.0,32635.486500000003,0.0241241905572449,0.034224844797582955,asagi,dusuk
2022-08-19 00:00:00+00:00,20835.2,32547.3595,0.03106996096289651,0.034224844797582955,asagi,dusuk
2022-08-20 00:00:00+00:00,21141.2,32459.564499999997,0.031247297043438236,0.034224844797582955,asagi,dusuk
2022-08-21 00:00:00+00:00,21515.4,32382.619,0.031292594954139184,0.034224844797582955,asagi,dusuk
2022-08-22 00:00:00+00:00,21399.5,32303.009,0.03125806243694397,0.034224844797582955,asagi,dusuk
2022-08-23 00:00:00+00:00,21522.8,32202.7215,0.03125596393117603,0.034224844797582955,asagi,dusuk
2022-08-24 00:00:00+00:00,21366.4,32102.636500000004,0.029421932478928447,0.034224844797582955,asagi,dusuk
2022-08-25 00:00:00+00:00,21562.1,31998.5915,0.029462097921675503,0.034224844797582955,asagi,dusuk
2022-08-26 00:00:00+00:00,20236.4,31880.553000000004,0.028025136331119558,0.034224844797582955,asagi,dusuk
2022-08-27 00:00:00+00:00,20038.5,31760.555500000002,0.02687022853486478,0.034224844797582955,asagi,dusuk
2022-08-28 00:00:00+00:00,19558.0,31636.4105,0.027074032614228503,0.034224844797582955,asagi,dusuk
2022-08-29 00:00:00+00:00,20290.0,31520.425,0.02820302823710104,0.034224844797582955,asagi,dusuk
2022-08-30 00:00:00+00:00,19812.4,31407.579499999996,0.028359940927164054,0.034224844797582955,asagi,dusuk
2022-08-31 00:00:00+00:00,20052.6,31296.754000000004,0.028531466541339933,0.034224844797582955,asagi,dusuk
2022-09-01 00:00:00+00:00,20133.6,31187.1045,0.028542414475597532,0.034224844797582955,asagi,dusuk
2022-09-02 00:00:00+00:00,19948.6,31074.1805,0.02855135490212623,0.034224844797582955,asagi,dusuk
2022-09-03 00:00:00+00:00,19831.6,30950.555,0.0285421192510362,0.034224844797582955,asagi,dusuk
2022-09-04 00:00:00+00:00,20003.6,30831.199,0.02791826563452615,0.034224844797582955,asagi,dusuk
2022-09-05 00:00:00+00:00,19790.9,30727.650500000003,0.027873399071736797,0.034224844797582955,asagi,dusuk
2022-09-06 00:00:00+00:00,18788.4,30621.6365,0.029007119220454593,0.034224844797582955,asagi,dusuk
2022-09-07 00:00:00+00:00,19296.0,30517.744,0.028989350526730587,0.034156146426851205,asagi,dusuk
2022-09-08 00:00:00+00:00,19317.9,30422.386000000002,0.02874217808146239,0.0341303636582244,asagi,dusuk
2022-09-09 00:00:00+00:00,21358.6,30344.141499999998,0.0340065509722408,0.0340065509722408,asagi,dusuk
2022-09-10 00:00:00+00:00,21644.2,30261.2125,0.03414659781467101,0.0340065509722408,asagi,yuksek
2022-09-11 00:00:00+00:00,21830.5,30184.0785,0.03395731441034178,0.03395731441034178,asagi,dusuk
2022-09-12 00:00:00+00:00,22396.4,30104.392000000003,0.03436649349068898,0.0340065509722408,asagi,yuksek
2022-09-13 00:00:00+00:00,20166.5,30009.108000000004,0.0390895797589255,0.0341303636582244,asagi,yuksek
2022-09-14 00:00:00+00:00,20229.9,29914.731499999998,0.03912330065455808,0.0341303636582244,asagi,yuksek
2022-09-15 00:00:00+00:00,19701.3,29824.791500000003,0.039299815007490885,0.0341303636582244,asagi,yuksek
2022-09-16 00:00:00+00:00,19799.3,29707.9115,0.039238007939220276,0.0341303636582244,asagi,yuksek
2022-09-17 00:00:00+00:00,20111.5,29586.381,0.0394267505508955,0.0341303636582244,asagi,yuksek
2022-09-18 00:00:00+00:00,19417.3,29463.910499999998,0.034874251719839426,0.03414659781467101,asagi,yuksek
2022-09-19 00:00:00+00:00,19539.6,29349.328499999996,0.034768068271906274,0.034156146426851205,asagi,yuksek
2022-09-20 00:00:00+00:00,18877.6,29247.9665,0.03502341129791454,0.034156146426851205,asagi,yuksek
2022-09-21 00:00:00+00:00,18458.5,29143.2825,0.03517888340348952,0.034156146426851205,asagi,yuksek
2022-09-22 00:00:00+00:00,19402.9,29048.2205,0.0365381295072365,0.034156146426851205,asagi,yuksek
2022-09-23 00:00:00+00:00,19286.9,28954.71,0.03653420056158794,0.034156146426851205,asagi,yuksek
2022-09-24 00:00:00+00:00,18920.3,28855.685,0.03656495819517062,0.034156146426851205,asagi,yuksek
2022-09-25 00:00:00+00:00,18812.0,28739.975499999997,0.03482531037898978,0.034156146426851205,asagi,yuksek
2022-09-26 00:00:00+00:00,19226.7,28639.0095,0.035071703459369795,0.034156146426851205,asagi,yuksek
2022-09-27 00:00:00+00:00,19082.0,28540.754500000003,0.034827391198731884,0.034156146426851205,asagi,yuksek
2022-09-28 00:00:00+00:00,19415.0,28443.82,0.03428085487239311,0.034156146426851205,asagi,yuksek
2022-09-29 00:00:00+00:00,19588.1,28352.9565,0.034064834493961985,0.03414659781467101,asagi,dusuk
2022-09-30 00:00:00+00:00,19424.4,28251.7095,0.03401203385354575,0.0341303636582244,asagi,dusuk
2022-10-01 00:00:00+00:00,19311.2,28151.846,0.03400884169734985,0.034064834493961985,asagi,dusuk
2022-10-02 00:00:00+00:00,19056.2,28041.487,0.0340491931666188,0.0340491931666188,asagi,dusuk
2022-10-03 00:00:00+00:00,19626.1,27935.0725,0.034501889511763945,0.0340491931666188,asagi,yuksek
2022-10-04 00:00:00+00:00,20332.1,27827.953499999996,0.03508127895556828,0.0340491931666188,asagi,yuksek
2022-10-05 00:00:00+00:00,20160.1,27717.718500000003,0.03505932976576957,0.0340491931666188,asagi,yuksek
2022-10-06 00:00:00+00:00,19961.4,27611.210499999997,0.0336977417198835,0.03401203385354575,asagi,dusuk
2022-10-07 00:00:00+00:00,19531.4,27503.8495,0.03363676554768419,0.03400884169734985,asagi,dusuk
2022-10-08 00:00:00+00:00,19415.5,27389.0635,0.03365633543749828,0.0340065509722408,asagi,dusuk
2022-10-09 00:00:00+00:00,19442.4,27271.873000000003,0.0278377770882037,0.03395731441034178,asagi,dusuk
2022-10-10 00:00:00+00:00,19132.2,27147.529499999997,0.027756812492658055,0.033838730721060736,asagi,dusuk
2022-10-11 00:00:00+00:00,19063.6,27021.2575,0.027653812456751956,0.033819042554989825,asagi,dusuk
2022-10-12 00:00:00+00:00,19155.4,26894.516999999996,0.027128783411421838,0.033714766671763374,asagi,dusuk
2022-10-13 00:00:00+00:00,19376.0,26757.2875,0.019683865346341096,0.033698971957316595,asagi,dusuk
2022-10-14 00:00:00+00:00,19180.0,26617.484,0.019729486342461418,0.0336977417198835,asagi,dusuk
2022-10-15 00:00:00+00:00,19070.1,26475.615500000004,0.019190191759875363,0.03365633543749828,asagi,dusuk
2022-10-16 00:00:00+00:00,19261.3,26336.6725,0.019266365034080937,0.03363676554768419,asagi,dusuk
2022-10-17 00:00:00+00:00,19550.0,26206.827999999998,0.019244099931399354,0.033510560275654265,asagi,dusuk
2022-10-18 00:00:00+00:00,19328.9,26072.0345,0.018252248856690734,0.033499391173843984,asagi,dusuk
2022-10-19 00:00:00+00:00,19125.1,25938.5785,0.01830723893339335,0.03348060311122862,asagi,dusuk
2022-10-20 00:00:00+00:00,19044.4,25801.769500000002,0.017182726374063144,0.033468287320065675,asagi,dusuk
2022-10-21 00:00:00+00:00,19162.1,25664.605499999998,0.016662965651735223,0.03346066875234822,asagi,dusuk
2022-10-22 00:00:00+00:00,19202.5,25533.1105,0.013908199435942098,0.033420193207910696,asagi,dusuk
2022-10-23 00:00:00+00:00,19571.3,25415.086999999996,0.014302275976644404,0.033404693350800554,asagi,dusuk
2022-10-24 00:00:00+00:00,19328.5,25294.507999999998,0.014033959544357792,0.033346749916272934,asagi,dusuk
2022-10-25 00:00:00+00:00,20077.6,25183.621,0.015534570862157475,0.03328009525237916,asagi,dusuk
2022-10-26 00:00:00+00:00,20763.5,25073.746500000005,0.01618377961315916,0.03326223892413003,asagi,dusuk
2022-10-27 00:00:00+00:00,20292.6,24964.472999999998,0.016749370465045918,0.03319375079116231,asagi,dusuk
2022-10-28 00:00:00+00:00,20594.2,24869.7975,0.01667568999349077,0.033182276142867125,asagi,dusuk
2022-10-29 00:00:00+00:00,20807.1,24773.481499999998,0.016697786627256777,0.03315399706445038,asagi,dusuk
2022-10-30 00:00:00+00:00,20625.5,24670.8625,0.01670595735927394,0.033149808740030436,asagi,dusuk
2022-10-31 00:00:00+00:00,20489.8,24573.6175,0.016718767593259454,0.033149808740030436,asagi,dusuk
2022-11-01 00:00:00+00:00,20483.5,24473.33,0.016476201465415202,0.033149808740030436,asagi,dusuk
2022-11-02 00:00:00+00:00,20151.1,24372.184500000003,0.015998360229944966,0.033149808740030436,asagi,dusuk
2022-11-03 00:00:00+00:00,20209.5,24274.866,0.01462626935097323,0.033149808740030436,asagi,dusuk
2022-11-04 00:00:00+00:00,21146.4,24176.670999999995,0.01672343308448346,0.033149808740030436,asagi,dusuk
2022-11-05 00:00:00+00:00,21298.8,24075.708000000002,0.016608933908988863,0.033149808740030436,asagi,dusuk
2022-11-06 00:00:00+00:00,20910.3,23973.466,0.016452181350518836,0.033149808740030436,asagi,dusuk
2022-11-07 00:00:00+00:00,20588.0,23874.0235,0.016708387840961358,0.033149808740030436,asagi,dusuk
2022-11-08 00:00:00+00:00,18545.0,23768.286,0.025634128784908887,0.033149808740030436,asagi,dusuk
2022-11-09 00:00:00+00:00,15905.0,23650.5915,0.037745525075617,0.03315399706445038,asagi,yuksek
2022-11-10 00:00:00+00:00,17604.7,23541.343500000003,0.04256405872709063,0.033182276142867125,asagi,yuksek
2022-11-11 00:00:00+00:00,17070.7,23424.535,0.0428444403936916,0.03319375079116231,asagi,yuksek
2022-11-12 00:00:00+00:00,16814.0,23318.07,0.04279230639869718,0.03326223892413003,asagi,yuksek
2022-11-13 00:00:00+00:00,16334.7,23203.641499999998,0.04301092066832364,0.03328009525237916,asagi,yuksek
2022-11-14 00:00:00+00:00,16619.8,23087.985,0.04320905573460943,0.033346749916272934,asagi,yuksek
2022-11-15 00:00:00+00:00,16898.0,22979.5555,0.04330285328029987,0.033404693350800554,asagi,yuksek
2022-11-16 00:00:00+00:00,16662.5,22874.7,0.04318142775503279,0.033420193207910696,asagi,yuksek
2022-11-17 00:00:00+00:00,16689.8,22765.801,0.04318394089012838,0.03346066875234822,asagi,yuksek
2022-11-18 00:00:00+00:00,16705.1,22656.625,0.04318265149696075,0.033468287320065675,asagi,yuksek
2022-11-19 00:00:00+00:00,16705.8,22551.5075,0.043190647723834685,0.03348060311122862,asagi,yuksek
2022-11-20 00:00:00+00:00,16289.3,22434.404499999997,0.04330715561755147,0.033499391173843984,asagi,yuksek
2022-11-21 00:00:00+00:00,15782.0,22330.635499999997,0.04354267804486527,0.033510560275654265,asagi,yuksek
2022-11-22 00:00:00+00:00,16229.3,22231.704500000003,0.04375332059063571,0.03363676554768419,asagi,yuksek
2022-11-23 00:00:00+00:00,16606.0,22137.331000000002,0.04405613072693919,0.03365633543749828,asagi,yuksek
2022-11-24 00:00:00+00:00,16607.0,22050.114000000005,0.043314898373442504,0.0336977417198835,asagi,yuksek
2022-11-25 00:00:00+00:00,16523.9,21982.324,0.042656536285149864,0.033698971957316595,asagi,yuksek
2022-11-26 00:00:00+00:00,16454.7,21909.502999999997,0.04256145815650296,0.033714766671763374,asagi,yuksek
2022-11-27 00:00:00+00:00,16427.0,21846.2415,0.04237732207966519,0.033819042554989825,asagi,yuksek
2022-11-28 00:00:00+00:00,16217.6,21782.1155,0.04225208003351975,0.033838730721060736,asagi,yuksek
2022-11-29 00:00:00+00:00,16442.0,21717.879,0.04244304480040039,0.03395731441034178,asagi,yuksek
2022-11-30 00:00:00+00:00,17163.0,21653.243,0.04343280344469125,0.0340065509722408,asagi,yuksek
2022-12-01 00:00:00+00:00,16981.4,21581.545499999997,0.04342783756909926,0.03400884169734985,asagi,yuksek
2022-12-02 00:00:00+00:00,17098.0,21517.641,0.04344817946135052,0.03401203385354575,asagi,yuksek
2022-12-03 00:00:00+00:00,16884.8,21449.805,0.043437061877844345,0.0340491931666188,asagi,yuksek
2022-12-04 00:00:00+00:00,17105.4,21391.7595,0.04251130160603269,0.0340491931666188,asagi,yuksek
2022-12-05 00:00:00+00:00,16967.3,21324.996499999997,0.04242613391936403,0.0340491931666188,asagi,yuksek
2022-12-06 00:00:00+00:00,17090.7,21264.4775,0.04245885845225206,0.0340491931666188,asagi,yuksek
2022-12-07 00:00:00+00:00,16838.5,21201.454500000003,0.04245426081375815,0.0340491931666188,asagi,yuksek
2022-12-08 00:00:00+00:00,17225.0,21136.087000000003,0.03851874751512277,0.034064834493961985,asagi,yuksek
2022-12-09 00:00:00+00:00,17127.9,21076.137,0.025914439131726644,0.0340491931666188,asagi,dusuk
2022-12-10 00:00:00+00:00,17128.4,21013.4635,0.017931084310489898,0.03401203385354575,asagi,dusuk
2022-12-11 00:00:00+00:00,17086.9,20951.173,0.017025675312107462,0.03400884169734985,asagi,dusuk
2022-12-12 00:00:00+00:00,17208.3,20891.2255,0.016824657786289932,0.0340065509722408,asagi,dusuk
2022-12-13 00:00:00+00:00,17783.2,20836.974,0.016846007486516882,0.03395731441034178,asagi,dusuk
2022-12-14 00:00:00+00:00,17812.8,20780.8805,0.01662326406564886,0.033714766671763374,asagi,dusuk
2022-12-15 00:00:00+00:00,17362.4,20720.3575,0.017150101079422417,0.033698971957316595,asagi,dusuk
2022-12-16 00:00:00+00:00,16634.1,20644.8165,0.018748235827836773,0.0336977417198835,asagi,dusuk
2022-12-17 00:00:00+00:00,16778.6,20569.685,0.01881368318742851,0.03365633543749828,asagi,dusuk
2022-12-18 00:00:00+00:00,16735.0,20504.343999999997,0.01881987947148997,0.03363676554768419,asagi,dusuk
2022-12-19 00:00:00+00:00,16441.1,20434.2965,0.0190977328362964,0.033510560275654265,asagi,dusuk
2022-12-20 00:00:00+00:00,16893.6,20370.2745,0.019155415146419778,0.033499391173843984,asagi,dusuk
2022-12-21 00:00:00+00:00,16830.0,20305.133,0.018157025477646842,0.03348060311122862,asagi,dusuk
2022-12-22 00:00:00+00:00,16827.6,20239.6515,0.017492528176447857,0.033420193207910696,asagi,dusuk
2022-12-23 00:00:00+00:00,16787.6,20166.734,0.017011724062836638,0.03328009525237916,asagi,dusuk
2022-12-24 00:00:00+00:00,16837.8,20095.27,0.017018315550686853,0.03326223892413003,asagi,dusuk
2022-12-25 00:00:00+00:00,16834.8,20028.4315,0.01698752421681584,0.03319375079116231,asagi,dusuk
2022-12-26 00:00:00+00:00,16923.9,19962.506,0.016982940660369965,0.03319375079116231,asagi,dusuk
2022-12-27 00:00:00+00:00,16706.3,19900.5605,0.017166217652526048,0.03319375079116231,asagi,dusuk
2022-12-28 00:00:00+00:00,16550.2,19841.1725,0.017084948216602943,0.03315399706445038,asagi,dusuk
2022-12-29 00:00:00+00:00,16640.1,19791.468999999997,0.01693235019553467,0.033149808740030436,asagi,dusuk
2022-12-30 00:00:00+00:00,16612.3,19762.1405,0.014907411836645101,0.033131925143341664,asagi,dusuk
2022-12-31 00:00:00+00:00,16544.8,19734.168999999998,0.014810248881927316,0.03309349739853472,asagi,dusuk
2023-01-01 00:00:00+00:00,16614.9,19704.3115,0.014770944914229258,0.03296444377075859,asagi,dusuk
2023-01-02 00:00:00+00:00,16673.1,19685.691,0.014626502797012773,0.03295320843549215,asagi,dusuk
2023-01-03 00:00:00+00:00,16678.2,19666.733,0.014407481162395118,0.03295320843549215,asagi,dusuk
2023-01-04 00:00:00+00:00,16850.6,19656.1235,0.014478842618486589,0.03295320843549215,asagi,dusuk
2023-01-05 00:00:00+00:00,16834.4,19637.44,0.014410078426413092,0.03295320843549215,asagi,dusuk
2023-01-06 00:00:00+00:00,16944.6,19619.259000000002,0.014202616369305759,0.03295320843549215,asagi,dusuk
2023-01-07 00:00:00+00:00,16946.8,19600.376,0.013553466217193813,0.03295320843549215,asagi,dusuk
2023-01-08 00:00:00+00:00,17129.9,19586.0585,0.013670459874065155,0.03295320843549215,asagi,dusuk
2023-01-09 00:00:00+00:00,17180.9,19566.428499999998,0.013681207629650898,0.03295320843549215,asagi,dusuk
2023-01-10 00:00:00+00:00,17437.0,19547.4245,0.013930526074320179,0.03295320843549215,asagi,dusuk
2023-01-11 00:00:00+00:00,17943.0,19529.6915,0.014799041854346507,0.03295320843549215,asagi,dusuk
2023-01-12 00:00:00+00:00,18842.5,19518.713499999998,0.016199976187869895,0.03295320843549215,asagi,dusuk
2023-01-13 00:00:00+00:00,19928.8,19514.6555,0.018974834698345027,0.03295320843549215,yukari,dusuk
2023-01-14 00:00:00+00:00,20955.8,19518.03,0.019957636195256437,0.03295320843549215,yukari,dusuk
2023-01-15 00:00:00+00:00,20873.5,19521.8125,0.017803100533762144,0.03295320843549215,yukari,dusuk
2023-01-16 00:00:00+00:00,21187.2,19528.0405,0.017852937042083763,0.03295320843549215,yukari,dusuk
2023-01-17 00:00:00+00:00,21127.4,19537.271,0.017857484167253457,0.03295320843549215,yukari,dusuk
2023-01-18 00:00:00+00:00,20679.1,19544.424000000003,0.018052928502368868,0.03295320843549215,yukari,dusuk
2023-01-19 00:00:00+00:00,21071.4,19553.2025,0.017804318349491397,0.03295320843549215,yukari,dusuk
2023-01-20 00:00:00+00:00,22667.0,19565.3615,0.021318026991868303,0.03295320843549215,yukari,dusuk
2023-01-21 00:00:00+00:00,22788.0,19578.409,0.021252267756059047,0.03295320843549215,yukari,dusuk
2023-01-22 00:00:00+00:00,22713.3,19589.138499999997,0.02127120610925891,0.03295320843549215,yukari,dusuk
2023-01-23 00:00:00+00:00,22917.1,19595.65,0.0212305148418178,0.03295320843549215,yukari,dusuk
2023-01-24 00:00:00+00:00,22633.0,19600.836499999998,0.021555491533319163,0.03295320843549215,yukari,dusuk
2023-01-25 00:00:00+00:00,23061.4,19608.195499999998,0.02159694042864779,0.03295320843549215,yukari,dusuk
2023-01-26 00:00:00+00:00,23008.9,19618.932,0.021286553660456526,0.03295320843549215,yukari,dusuk
2023-01-27 00:00:00+00:00,23075.1,19634.455499999996,0.021004004572781163,0.03295320843549215,yukari,dusuk
2023-01-28 00:00:00+00:00,23026.6,19652.9215,0.02111848566216311,0.03295320843549215,yukari,dusuk
2023-01-29 00:00:00+00:00,23742.0,19670.473,0.021280987622034234,0.03295320843549215,yukari,dusuk
2023-01-30 00:00:00+00:00,22826.0,19681.6325,0.02309149628304481,0.03295320843549215,yukari,dusuk
2023-01-31 00:00:00+00:00,23135.7,19693.154000000002,0.023063450840401012,0.03295320843549215,yukari,dusuk
2023-02-01 00:00:00+00:00,23734.2,19705.862,0.02316589216382761,0.03295320843549215,yukari,dusuk
2023-02-02 00:00:00+00:00,23488.0,19719.2995,0.02343043258468853,0.03295320843549215,yukari,dusuk
2023-02-03 00:00:00+00:00,23429.8,19724.262,0.023567147371924498,0.03295320843549215,yukari,dusuk
2023-02-04 00:00:00+00:00,23324.0,19723.9265,0.023638334881283293,0.0329331314009068,yukari,dusuk
2023-02-05 00:00:00+00:00,22936.0,19722.4625,0.024162929577043763,0.03290582774993677,yukari,dusuk
2023-02-06 00:00:00+00:00,22759.6,19720.525,0.024316561585504663,0.032884637082518806,yukari,dusuk
2023-02-07 00:00:00+00:00,23240.7,19723.302,0.024400544075160506,0.032861264321433034,yukari,dusuk
2023-02-08 00:00:00+00:00,22966.0,19725.881999999998,0.024700746057542848,0.032839012742006644,yukari,dusuk
2023-02-09 00:00:00+00:00,21802.1,19721.967,0.027116227902348147,0.03280501823659414,yukari,dusuk
2023-02-10 00:00:00+00:00,21624.2,19723.52,0.026957948025083982,0.03275570630794227,yukari,dusuk
2023-02-11 00:00:00+00:00,21860.2,19726.551,0.025747828995043576,0.0327426170871273,yukari,dusuk
2023-02-12 00:00:00+00:00,21784.7,19720.7195,0.023901481395837292,0.0326003824568173,yukari,dusuk
2023-02-13 00:00:00+00:00,21779.3,19710.398,0.022172481307779407,0.03244625643645613,yukari,dusuk
2023-02-14 00:00:00+00:00,22196.8,19702.5275,0.022380405824213287,0.03242640275936822,yukari,dusuk
2023-02-15 00:00:00+00:00,24335.7,19705.993000000002,0.027700675987789386,0.032252674623358984,yukari,dusuk
2023-02-16 00:00:00+00:00,23499.0,19706.9885,0.02860620596719607,0.032250557808007126,yukari,dusuk
2023-02-17 00:00:00+00:00,24579.2,19713.554,0.029168480202270662,0.03187533002667578,yukari,dusuk
2023-02-18 00:00:00+00:00,24632.7,19721.8075,0.02907005204364563,0.03163439216686162,yukari,dusuk
2023-02-19 00:00:00+00:00,24276.5,19729.115,0.02629217880361319,0.031573644263557694,yukari,dusuk
2023-02-20 00:00:00+00:00,24845.0,19740.242,0.026563165948899268,0.031292594954139184,yukari,dusuk
2023-02-21 00:00:00+00:00,24455.0,19745.9855,0.02676139835442688,0.03125806243694397,yukari,dusuk
2023-02-22 00:00:00+00:00,24187.5,19752.155499999997,0.026842524034881503,0.03125596393117603,yukari,dusuk
2023-02-23 00:00:00+00:00,23940.8,19755.968,0.026804814689556235,0.031247297043438236,yukari,dusuk
2023-02-24 00:00:00+00:00,23192.1,19752.8535,0.027290548158146254,0.03121624580633298,yukari,dusuk
2023-02-25 00:00:00+00:00,23156.0,19752.876500000002,0.02728861684625084,0.03106996096289651,yukari,dusuk
2023-02-26 00:00:00+00:00,23555.1,19750.886,0.027459295584285594,0.030984139468955004,yukari,dusuk
2023-02-27 00:00:00+00:00,23489.0,19748.66,0.02746207218883675,0.030965217304167136,yukari,dusuk
2023-02-28 00:00:00+00:00,23146.5,19742.392,0.027000723232379207,0.030894131717794523,yukari,dusuk
2023-03-01 00:00:00+00:00,23633.9,19738.359500000002,0.02626752297487174,0.030867415023396332,yukari,dusuk
2023-03-02 00:00:00+00:00,23466.4,19734.163,0.02620350042469833,0.0302826517382574,yukari,dusuk
2023-03-03 00:00:00+00:00,22353.7,19725.463,0.02723245483742421,0.03018336182889788,yukari,dusuk
2023-03-04 00:00:00+00:00,22351.8,19717.9275,0.02718748474438075,0.030154375367422083,yukari,dusuk
2023-03-05 00:00:00+00:00,22433.7,19713.402,0.027204130525601364,0.03014492417557896,yukari,dusuk
2023-03-06 00:00:00+00:00,22407.4,19709.439000000002,0.027197937028245422,0.030092914962553532,yukari,dusuk
2023-03-07 00:00:00+00:00,22200.5,19716.2655,0.02708538261861537,0.030066974316855503,yukari,dusuk
2023-03-08 00:00:00+00:00,21712.7,19719.123,0.027335982781491353,0.030043264839828967,yukari,dusuk
2023-03-09 00:00:00+00:00,20360.8,19713.35,0.02927636405348802,0.030003781480584666,yukari,dusuk
2023-03-10 00:00:00+00:00,20155.8,19707.1315,0.02926254398566207,0.02980936583570391,yukari,dusuk
2023-03-11 00:00:00+00:00,20455.0,19701.7925,0.028025306508164198,0.0297872181117861,yukari,dusuk
2023-03-12 00:00:00+00:00,21994.9,19704.935,0.031130580163697033,0.0297872181117861,yukari,yuksek
2023-03-13 00:00:00+00:00,24106.7,19717.658,0.035273409851802225,0.0297872181117861,yukari,yuksek
2023-03-14 00:00:00+00:00,24667.1,19739.8115,0.035429674566775565,0.0297872181117861,yukari,yuksek
2023-03-15 00:00:00+00:00,24289.7,19761.0675,0.035602327667613363,0.0297872181117861,yukari,yuksek
2023-03-16 00:00:00+00:00,25002.9,19788.292,0.03579612375801996,0.0297872181117861,yukari,yuksek
2023-03-17 00:00:00+00:00,27394.8,19823.816000000003,0.035742434580734464,0.0297872181117861,yukari,yuksek
2023-03-18 00:00:00+00:00,26906.7,19859.2875,0.0352348600801888,0.0297872181117861,yukari,yuksek
2023-03-19 00:00:00+00:00,27964.9,19898.849000000002,0.03500131710201148,0.0297872181117861,yukari,yuksek
2023-03-20 00:00:00+00:00,27710.0,19936.731,0.035086100025269615,0.0297872181117861,yukari,yuksek
2023-03-21 00:00:00+00:00,28102.4,19977.5,0.03495493313767479,0.0297872181117861,yukari,yuksek
2023-03-22 00:00:00+00:00,27247.4,20014.578999999998,0.035371084049407656,0.0297872181117861,yukari,yuksek
2023-03-23 00:00:00+00:00,28300.1,20056.0615,0.03573951571349336,0.0297872181117861,yukari,yuksek
2023-03-24 00:00:00+00:00,27455.2,20094.382999999998,0.03620599842530034,0.0297872181117861,yukari,yuksek
2023-03-25 00:00:00+00:00,27466.1,20137.7715,0.03611126093169438,0.0297872181117861,yukari,yuksek
2023-03-26 00:00:00+00:00,27964.4,20181.1135,0.035521883915639055,0.0297872181117861,yukari,yuksek
2023-03-27 00:00:00+00:00,27125.3,20220.1505,0.03612754985575353,0.0297872181117861,yukari,yuksek
2023-03-28 00:00:00+00:00,27265.2,20249.6835,0.03605860694186625,0.0297872181117861,yukari,yuksek
2023-03-29 00:00:00+00:00,28350.3,20283.214,0.03655668028190908,0.0297872181117861,yukari,yuksek
2023-03-30 00:00:00+00:00,28029.8,20314.2105,0.03649603184600734,0.0297872181117861,yukari,yuksek
2023-03-31 00:00:00+00:00,28460.8,20344.5325,0.0364339823982122,0.0297872181117861,yukari,yuksek
2023-04-01 00:00:00+00:00,28456.4,20385.982,0.036368437022350736,0.0297872181117861,yukari,yuksek
2023-04-02 00:00:00+00:00,28171.5,20425.69,0.03501436869680986,0.0297872181117861,yukari,yuksek
2023-04-03 00:00:00+00:00,27800.9,20466.188000000002,0.03519730737672674,0.02980936583570391,yukari,yuksek
2023-04-04 00:00:00+00:00,28169.6,20508.0395,0.03520649564033542,0.030003781480584666,yukari,yuksek
2023-04-05 00:00:00+00:00,28172.0,20548.342,0.03519644530221077,0.030043264839828967,yukari,yuksek
2023-04-06 00:00:00+00:00,28034.8,20591.4295,0.035132738472625887,0.030043264839828967,yukari,yuksek
2023-04-07 00:00:00+00:00,27910.7,20633.285,0.03475723993353875,0.030043264839828967,yukari,yuksek
2023-04-08 00:00:00+00:00,27940.4,20678.599,0.031983837181162926,0.030066974316855503,yukari,yuksek
2023-04-09 00:00:00+00:00,28325.5,20727.933999999997,0.031747822714988064,0.030092914962553532,yukari,yuksek
2023-04-10 00:00:00+00:00,29640.0,20779.1195,0.03234745852774385,0.03014492417557896,yukari,yuksek
2023-04-11 00:00:00+00:00,30196.1,20833.6655,0.030319846076125034,0.03018336182889788,yukari,yuksek
2023-04-12 00:00:00+00:00,29895.1,20888.539500000003,0.02636519601432306,0.03018336182889788,yukari,dusuk
2023-04-13 00:00:00+00:00,30378.3,20946.371,0.026251843302582612,0.03018336182889788,yukari,dusuk
2023-04-14 00:00:00+00:00,30466.1,21002.568,0.025924915030863728,0.03018336182889788,yukari,dusuk
2023-04-15 00:00:00+00:00,30293.8,21058.627,0.025709550964417956,0.03018336182889788,yukari,dusuk
2023-04-16 00:00:00+00:00,30307.8,21113.091,0.020094218902170283,0.03018336182889788,yukari,dusuk
2023-04-17 00:00:00+00:00,29425.0,21162.275500000003,0.020622823561082044,0.03018336182889788,yukari,dusuk
2023-04-18 00:00:00+00:00,30383.8,21217.0725,0.020266570904303206,0.03018336182889788,yukari,dusuk
2023-04-19 00:00:00+00:00,28810.0,21264.5665,0.022617652756152323,0.03018336182889788,yukari,dusuk
2023-04-20 00:00:00+00:00,28252.8,21310.549499999997,0.022794770724965753,0.03018336182889788,yukari,dusuk
2023-04-21 00:00:00+00:00,27265.0,21348.744,0.023030207034563124,0.03018336182889788,yukari,dusuk
2023-04-22 00:00:00+00:00,27810.0,21386.1335,0.02222605031327898,0.03018336182889788,yukari,dusuk
2023-04-23 00:00:00+00:00,27591.3,21423.2895,0.021559006791995954,0.03018336182889788,yukari,dusuk
2023-04-24 00:00:00+00:00,27515.8,21461.061500000003,0.021565449119325772,0.03018336182889788,yukari,dusuk
2023-04-25 00:00:00+00:00,28295.4,21504.8815,0.02192447163274145,0.03018336182889788,yukari,dusuk
2023-04-26 00:00:00+00:00,28417.1,21549.8895,0.021141995888555254,0.03018336182889788,yukari,dusuk
2023-04-27 00:00:00+00:00,29480.3,21600.078999999998,0.02209230060290191,0.03018336182889788,yukari,dusuk
2023-04-28 00:00:00+00:00,29307.2,21650.954000000005,0.02103550855009363,0.03018336182889788,yukari,dusuk
2023-04-29 00:00:00+00:00,29231.4,21701.792999999998,0.02091669092492039,0.03018336182889788,yukari,dusuk
2023-04-30 00:00:00+00:00,29245.9,21752.245500000005,0.020752377043386293,0.03018336182889788,yukari,dusuk
2023-05-01 00:00:00+00:00,28077.2,21795.751500000002,0.022105520157423002,0.03018336182889788,yukari,dusuk
2023-05-02 00:00:00+00:00,28669.5,21843.199000000004,0.02236167273419206,0.03018336182889788,yukari,dusuk
2023-05-03 00:00:00+00:00,29036.4,21893.030499999997,0.02231038482396539,0.03018336182889788,yukari,dusuk
2023-05-04 00:00:00+00:00,28840.0,21940.924,0.022246200235406334,0.03018336182889788,yukari,dusuk
2023-05-05 00:00:00+00:00,29501.0,21990.679,0.02260075443817292,0.03014492417557896,yukari,dusuk
2023-05-06 00:00:00+00:00,28845.9,22038.264,0.022997144950045942,0.03014492417557896,yukari,dusuk
2023-05-07 00:00:00+00:00,28431.9,22084.798,0.02315032857913772,0.03014492417557896,yukari,dusuk
2023-05-08 00:00:00+00:00,27670.9,22127.9305,0.02369737509517338,0.030092914962553532,yukari,dusuk
2023-05-09 00:00:00+00:00,27632.1,22170.280499999997,0.02354939339551983,0.030066974316855503,yukari,dusuk
2023-05-10 00:00:00+00:00,27599.6,22212.266,0.021875190003846207,0.030043264839828967,yukari,dusuk
2023-05-11 00:00:00+00:00,26971.6,22249.2675,0.021818949338420827,0.030003781480584666,yukari,dusuk
2023-05-12 00:00:00+00:00,26794.9,22286.5995,0.021793949785865713,0.0297872181117861,yukari,dusuk
2023-05-13 00:00:00+00:00,26768.1,22320.051999999996,0.021483127911922032,0.029512095702463662,yukari,dusuk
2023-05-14 00:00:00+00:00,26915.9,22350.814,0.02151830066856503,0.029462097921675503,yukari,dusuk
2023-05-15 00:00:00+00:00,27167.2,22385.187,0.021654352606630692,0.029421932478928447,yukari,dusuk
2023-05-16 00:00:00+00:00,27037.6,22417.404,0.021641333882597008,0.029293889040899673,yukari,dusuk
2023-05-17 00:00:00+00:00,27404.1,22450.389,0.021298636226677166,0.02927636405348802,yukari,dusuk
2023-05-18 00:00:00+00:00,26820.0,22481.3615,0.020545363779285855,0.02926254398566207,yukari,dusuk
2023-05-19 00:00:00+00:00,26884.8,22513.336500000005,0.01836189553402088,0.029168480202270662,yukari,dusuk
2023-05-20 00:00:00+00:00,27105.2,22546.445,0.01816113973968285,0.02907005204364563,yukari,dusuk
2023-05-21 00:00:00+00:00,26747.7,22579.428,0.01714018478806661,0.029007119220454593,yukari,dusuk
2023-05-22 00:00:00+00:00,26850.0,22612.6305,0.016726750446869786,0.028989350526730587,yukari,dusuk
2023-05-23 00:00:00+00:00,27227.9,22643.038000000004,0.016899320298658347,0.02874217808146239,yukari,dusuk
2023-05-24 00:00:00+00:00,26327.7,22668.1825,0.01795182862480158,0.02860620596719607,yukari,dusuk
2023-05-25 00:00:00+00:00,26470.5,22695.983500000002,0.01713158224716909,0.02855135490212623,yukari,dusuk
2023-05-26 00:00:00+00:00,26703.4,22726.5605,0.017209413414630816,0.028542414475597532,yukari,dusuk
2023-05-27 00:00:00+00:00,26849.3,22768.082,0.015654598970765824,0.0285421192510362,yukari,dusuk
2023-05-28 00:00:00+00:00,28075.8,22828.936,0.017905286454248433,0.028531466541339933,yukari,dusuk
2023-05-29 00:00:00+00:00,27730.2,22879.563499999997,0.018016133711040203,0.02849322290217288,yukari,dusuk
2023-05-30 00:00:00+00:00,27695.1,22932.685500000003,0.01801140552033653,0.028486678152618003,yukari,dusuk
2023-05-31 00:00:00+00:00,27206.5,22984.648,0.016740899388369954,0.028471153258622713,yukari,dusuk
2023-06-01 00:00:00+00:00,26812.6,23037.0375,0.016387522206998018,0.02842051576885016,yukari,dusuk
2023-06-02 00:00:00+00:00,27238.0,23090.128500000003,0.01649163900819893,0.028359940927164054,yukari,dusuk
2023-06-03 00:00:00+00:00,27070.6,23140.991500000004,0.016485973114025276,0.02828535779993728,yukari,dusuk
2023-06-04 00:00:00+00:00,27116.5,23193.261500000004,0.01583104106090139,0.02820302823710104,yukari,dusuk
2023-06-05 00:00:00+00:00,25723.8,23238.4315,0.017949292772412466,0.028060435816438935,yukari,dusuk
2023-06-06 00:00:00+00:00,27232.9,23291.070499999998,0.02097594823884566,0.02805952859313011,yukari,dusuk
2023-06-07 00:00:00+00:00,26343.2,23339.2575,0.021260474516883485,0.028025306508164198,yukari,dusuk
2023-06-08 00:00:00+00:00,26502.4,23390.323000000004,0.02130652308992814,0.028025136331119558,yukari,dusuk
2023-06-09 00:00:00+00:00,26488.0,23443.853000000003,0.02130705681989631,0.02791826563452615,yukari,dusuk
2023-06-10 00:00:00+00:00,25837.9,23491.895999999997,0.021373778241465188,0.027873399071736797,yukari,dusuk
2023-06-11 00:00:00+00:00,25924.1,23538.4865,0.02136810887878785,0.0278377770882037,yukari,dusuk
2023-06-12 00:00:00+00:00,25902.1,23584.961999999996,0.02136815145393315,0.027756812492658055,yukari,dusuk
2023-06-13 00:00:00+00:00,25936.8,23632.0265,0.021337271686384468,0.027700675987789386,yukari,dusuk
2023-06-14 00:00:00+00:00,25127.2,23675.389,0.02194431406775808,0.027653812456751956,yukari,dusuk
2023-06-15 00:00:00+00:00,25595.0,23721.229,0.022272079051096454,0.02746207218883675,yukari,dusuk
2023-06-16 00:00:00+00:00,26341.1,23771.846500000003,0.022801762582148076,0.027459295584285594,yukari,dusuk
2023-06-17 00:00:00+00:00,26513.3,23822.203,0.022517223918755425,0.027335982781491353,yukari,dusuk
2023-06-18 00:00:00+00:00,26351.0,23868.143000000004,0.022534737973662827,0.027290548158146254,yukari,dusuk
2023-06-19 00:00:00+00:00,26847.0,23917.471,0.022756623919898307,0.02728861684625084,yukari,dusuk
2023-06-20 00:00:00+00:00,28294.8,23973.455,0.02456392123919973,0.02723245483742421,yukari,dusuk
2023-06-21 00:00:00+00:00,30010.4,24039.083000000002,0.02667910148466664,0.027204130525601364,yukari,dusuk
2023-06-22 00:00:00+00:00,29890.0,24103.006,0.02664258470897929,0.027197937028245422,yukari,dusuk
2023-06-23 00:00:00+00:00,30693.2,24171.635499999997,0.026039276830531095,0.02718748474438075,yukari,dusuk
2023-06-24 00:00:00+00:00,30538.1,24238.8725,0.02610533191135846,0.027128783411421838,yukari,dusuk
2023-06-25 00:00:00+00:00,30476.3,24307.0615,0.026122677879825362,0.027116227902348147,yukari,dusuk
2023-06-26 00:00:00+00:00,30273.9,24372.306,0.026199480544850596,0.02708538261861537,yukari,dusuk
2023-06-27 00:00:00+00:00,30690.1,24440.117000000002,0.025129526936267247,0.027074032614228503,yukari,dusuk
2023-06-28 00:00:00+00:00,30081.7,24504.8835,0.025328327272884282,0.027000723232379207,yukari,dusuk
2023-06-29 00:00:00+00:00,30458.3,24571.7405,0.025377657581734287,0.026957948025083982,yukari,dusuk
2023-06-30 00:00:00+00:00,30475.1,24638.0745,0.02507412732740573,0.02687022853486478,yukari,dusuk
2023-07-01 00:00:00+00:00,30593.9,24702.127999999997,0.024833220556243967,0.026842524034881503,yukari,dusuk
2023-07-02 00:00:00+00:00,30620.9,24766.1685,0.024747204841996787,0.026804814689556235,yukari,dusuk
2023-07-03 00:00:00+00:00,31157.2,24835.1425,0.024789931670061154,0.02676139835442688,yukari,dusuk
2023-07-04 00:00:00+00:00,30767.4,24905.808999999997,0.02498578460019213,0.02667910148466664,yukari,dusuk
2023-07-05 00:00:00+00:00,30497.4,24974.403000000002,0.022718692301308567,0.02664258470897929,yukari,dusuk
2023-07-06 00:00:00+00:00,29892.8,25040.192000000003,0.021005195794795394,0.026563165948899268,yukari,dusuk
2023-07-07 00:00:00+00:00,30348.1,25109.727,0.019950292919340265,0.02636519601432306,yukari,dusuk
2023-07-08 00:00:00+00:00,30284.7,25176.6825,0.01998694788532643,0.02629217880361319,yukari,dusuk
2023-07-09 00:00:00+00:00,30163.7,25243.351000000002,0.020026679959429722,0.02626752297487174,yukari,dusuk
2023-07-10 00:00:00+00:00,30413.8,25311.282000000003,0.019260747956379977,0.026251843302582612,yukari,dusuk
2023-07-11 00:00:00+00:00,30620.8,25380.447999999997,0.019258053946733335,0.02620350042469833,yukari,dusuk
2023-07-12 00:00:00+00:00,30384.3,25448.1805,0.01937805037325928,0.026199480544850596,yukari,dusuk
2023-07-13 00:00:00+00:00,31457.5,25521.293999999998,0.020086564054154103,0.026122677879825362,yukari,dusuk
2023-07-14 00:00:00+00:00,30303.2,25588.190499999997,0.020480823907074792,0.02610533191135846,yukari,dusuk
2023-07-15 00:00:00+00:00,30297.3,25656.1455,0.020380367248223362,0.026039276830531095,yukari,dusuk
2023-07-16 00:00:00+00:00,30230.8,25724.5485,0.01994867372032189,0.025924915030863728,yukari,dusuk
2023-07-17 00:00:00+00:00,30141.0,25792.053000000004,0.019992302763586777,0.025914439131726644,yukari,dusuk
2023-07-18 00:00:00+00:00,29857.4,25858.2785,0.020060858183385225,0.025747828995043576,yukari,dusuk
2023-07-19 00:00:00+00:00,29914.0,25925.124499999998,0.01987610323811628,0.025709550964417956,yukari,dusuk
2023-07-20 00:00:00+00:00,29807.8,25991.089,0.01762658415876741,0.025634128784908887,yukari,dusuk
2023-07-21 00:00:00+00:00,29897.1,26057.209,0.013950555808900852,0.025377657581734287,yukari,dusuk
2023-07-22 00:00:00+00:00,29795.3,26122.794500000004,0.013945134705552004,0.025328327272884282,yukari,dusuk
2023-07-23 00:00:00+00:00,30081.8,26188.9505,0.013150057830418513,0.025274619863227515,yukari,dusuk
2023-07-24 00:00:00+00:00,29176.8,26250.6625,0.014222853729991372,0.025129526936267247,yukari,dusuk
2023-07-25 00:00:00+00:00,29224.8,26312.0635,0.014234129349089653,0.02507412732740573,yukari,dusuk
2023-07-26 00:00:00+00:00,29351.3,26374.086,0.014235262130439297,0.02498578460019213,yukari,dusuk
2023-07-27 00:00:00+00:00,29226.4,26434.568499999998,0.013971292434669163,0.024833220556243967,yukari,dusuk
2023-07-28 00:00:00+00:00,29311.5,26495.2215,0.013551204723387923,0.024789931670061154,yukari,dusuk
2023-07-29 00:00:00+00:00,29349.4,26554.7835,0.013324692159907772,0.024747204841996787,yukari,dusuk
2023-07-30 00:00:00+00:00,29283.6,26611.4865,0.013321535047182514,0.024700746057542848,yukari,dusuk
2023-07-31 00:00:00+00:00,29234.1,26663.4445,0.013285043046770858,0.02456392123919973,yukari,dusuk
2023-08-01 00:00:00+00:00,29708.4,26712.3425,0.013664591652600797,0.024400544075160506,yukari,dusuk
2023-08-02 00:00:00+00:00,29180.6,26753.4665,0.013546984794715233,0.024316561585504663,yukari,dusuk
2023-08-03 00:00:00+00:00,29196.6,26795.082,0.013410694432279376,0.024162929577043763,yukari,dusuk
2023-08-04 00:00:00+00:00,29120.8,26834.75,0.013345599418832014,0.0241241905572449,yukari,dusuk
2023-08-05 00:00:00+00:00,29071.8,26874.472,0.012881677501846983,0.023901481395837292,yukari,dusuk
2023-08-06 00:00:00+00:00,29088.8,26916.520500000002,0.012525852770661853,0.02369737509517338,yukari,dusuk
2023-08-07 00:00:00+00:00,29211.5,26957.221,0.012566835268431002,0.023638334881283293,yukari,dusuk
2023-08-08 00:00:00+00:00,29773.4,26992.752999999997,0.013084025173820731,0.023567147371924498,yukari,dusuk
2023-08-09 00:00:00+00:00,29584.4,27026.735,0.013021338966491458,0.02354939339551983,yukari,dusuk
2023-08-10 00:00:00+00:00,29459.6,27060.4665,0.01295167024126132,0.02343043258468853,yukari,dusuk
2023-08-11 00:00:00+00:00,29435.0,27093.055999999997,0.012894055231031227,0.02316589216382761,yukari,dusuk
2023-08-12 00:00:00+00:00,29431.9,27127.050499999998,0.010989791846667945,0.02315032857913772,yukari,dusuk
2023-08-13 00:00:00+00:00,29308.0,27158.2835,0.008775382348875066,0.02309149628304481,yukari,dusuk
2023-08-14 00:00:00+00:00,29431.9,27190.3985,0.008828142813082957,0.023063450840401012,yukari,dusuk
2023-08-15 00:00:00+00:00,29205.8,27221.052000000003,0.008911680171799653,0.023030207034563124,yukari,dusuk
2023-08-16 00:00:00+00:00,28737.1,27249.604499999998,0.00932153338216381,0.022997144950045942,yukari,dusuk
2023-08-17 00:00:00+00:00,26614.1,27263.965,0.016563109134909142,0.022801762582148076,asagi,dusuk
2023-08-18 00:00:00+00:00,26060.2,27280.135999999995,0.01681670346431233,0.022794770724965753,asagi,dusuk
2023-08-19 00:00:00+00:00,26102.6,27294.970500000003,0.01685433579301133,0.022756623919898307,asagi,dusuk
2023-08-20 00:00:00+00:00,26188.4,27307.2415,0.01685882239271396,0.022718692301308567,asagi,dusuk
2023-08-21 00:00:00+00:00,26125.9,27320.431,0.016861951069017056,0.022617652756152323,asagi,dusuk
2023-08-22 00:00:00+00:00,26055.4,27333.559000000005,0.01665948953350647,0.02260075443817292,asagi,dusuk
2023-08-23 00:00:00+00:00,26430.7,27349.0925,0.01627631960056841,0.022534737973662827,asagi,dusuk
2023-08-24 00:00:00+00:00,26176.3,27365.294000000005,0.01628903197582688,0.022517223918755425,asagi,dusuk
2023-08-25 00:00:00+00:00,26060.9,27381.800499999998,0.016219183783866095,0.022380405824213287,asagi,dusuk
2023-08-26 00:00:00+00:00,26020.6,27395.7,0.016225028640031402,0.02236167273419206,asagi,dusuk
2023-08-27 00:00:00+00:00,26102.3,27411.3815,0.016228357986303062,0.02231038482396539,asagi,dusuk
2023-08-28 00:00:00+00:00,26116.3,27432.9525,0.016220658714797945,0.022272079051096454,asagi,dusuk
2023-08-29 00:00:00+00:00,27720.4,27463.4335,0.019941394378258155,0.022246200235406334,yukari,dusuk
2023-08-30 00:00:00+00:00,27297.0,27490.6175,0.020094433470426935,0.02222605031327898,asagi,dusuk
2023-08-31 00:00:00+00:00,25942.1,27511.4045,0.021645006397927012,0.022172481307779407,asagi,dusuk
2023-09-01 00:00:00+00:00,25807.9,27531.5475,0.021497371207898398,0.022105520157423002,asagi,dusuk
2023-09-02 00:00:00+00:00,25875.1,27549.939,0.02151591107552435,0.02209230060290191,asagi,dusuk
2023-09-03 00:00:00+00:00,25971.9,27558.12,0.021561413090569255,0.02194431406775808,asagi,dusuk
2023-09-04 00:00:00+00:00,25825.2,27569.750999999997,0.021560097390833782,0.02192447163274145,asagi,dusuk
2023-09-05 00:00:00+00:00,25791.0,27575.81,0.0215490717741095,0.021875190003846207,asagi,dusuk
2023-09-06 00:00:00+00:00,25761.4,27581.4535,0.021500744746873322,0.021818949338420827,asagi,dusuk
2023-09-07 00:00:00+00:00,26252.1,27591.3315,0.021493904755003325,0.021793949785865713,asagi,dusuk
2023-09-08 00:00:00+00:00,25912.9,27596.671000000002,0.02155111653396888,0.021654352606630692,asagi,dusuk
2023-09-09 00:00:00+00:00,25904.1,27603.9165,0.021563980251373654,0.021645006397927012,asagi,dusuk
2023-09-10 00:00:00+00:00,25838.1,27612.169500000004,0.02155678362370156,0.021641333882597008,asagi,dusuk
2023-09-11 00:00:00+00:00,25166.1,27618.296000000002,0.02190855833601957,0.021641333882597008,asagi,yuksek
2023-09-12 00:00:00+00:00,25844.2,27631.5565,0.02266598347436837,0.021641333882597008,asagi,yuksek
2023-09-13 00:00:00+00:00,26223.0,27646.891499999998,0.02287572030336053,0.021641333882597008,asagi,yuksek
2023-09-14 00:00:00+00:00,26526.6,27661.749,0.023032449200637097,0.021641333882597008,asagi,yuksek
2023-09-15 00:00:00+00:00,26600.7,27677.3075,0.02292419240978308,0.021641333882597008,asagi,yuksek
2023-09-16 00:00:00+00:00,26560.6,27694.378000000004,0.018147744725158906,0.02159694042864779,asagi,dusuk
2023-09-17 00:00:00+00:00,26528.0,27708.8485,0.01771384566764569,0.021565449119325772,asagi,dusuk
2023-09-18 00:00:00+00:00,26760.2,27725.3175,0.017775276194042934,0.021563980251373654,asagi,dusuk
2023-09-19 00:00:00+00:00,27207.1,27749.5845,0.018002379326549914,0.021561413090569255,asagi,dusuk
2023-09-20 00:00:00+00:00,27120.0,27773.4255,0.01800872693311628,0.021560097390833782,asagi,dusuk
2023-09-21 00:00:00+00:00,26563.6,27794.075,0.01844056324303532,0.021559006791995954,asagi,dusuk
2023-09-22 00:00:00+00:00,26580.7,27814.9415,0.018259468807040838,0.02155678362370156,asagi,dusuk
2023-09-23 00:00:00+00:00,26577.3,27836.8255,0.018164643332941727,0.021555491533319163,asagi,dusuk
2023-09-24 00:00:00+00:00,26241.5,27859.469499999996,0.018304839003572108,0.02155111653396888,asagi,dusuk
2023-09-25 00:00:00+00:00,26300.3,27889.166999999998,0.018305210025147216,0.0215490717741095,asagi,dusuk
2023-09-26 00:00:00+00:00,26225.3,27919.5145,0.018306530042328965,0.02151830066856503,asagi,dusuk
2023-09-27 00:00:00+00:00,26373.3,27949.106,0.018333748971439343,0.02151591107552435,asagi,dusuk
2023-09-28 00:00:00+00:00,27021.7,27974.24,0.015274298017790906,0.021500744746873322,asagi,dusuk
2023-09-29 00:00:00+00:00,26909.7,27988.255,0.015041415460276973,0.021497371207898398,asagi,dusuk
2023-09-30 00:00:00+00:00,26963.1,27999.735,0.011641709080493107,0.021493904755003325,asagi,dusuk
2023-10-01 00:00:00+00:00,28005.1,28018.311999999998,0.01334983099841698,0.021483127911922032,asagi,dusuk
2023-10-02 00:00:00+00:00,27496.7,28030.781000000003,0.013891915178632072,0.021373778241465188,asagi,dusuk
2023-10-03 00:00:00+00:00,27425.4,28030.934000000005,0.01391314100361954,0.02136815145393315,asagi,dusuk
2023-10-04 00:00:00+00:00,27773.8,28035.269500000002,0.013974630103027358,0.02136810887878785,asagi,dusuk
2023-10-05 00:00:00+00:00,27411.9,28032.504499999995,0.014246880160711453,0.021337271686384468,asagi,dusuk
2023-10-06 00:00:00+00:00,27927.0,28033.5895,0.014548565771116677,0.021318026991868303,asagi,dusuk
2023-10-07 00:00:00+00:00,27956.7,28032.861,0.014225413915624664,0.02130705681989631,asagi,dusuk
2023-10-08 00:00:00+00:00,27916.0,28036.203999999998,0.013956361921565335,0.02130652308992814,asagi,dusuk
2023-10-09 00:00:00+00:00,27590.9,28032.658000000003,0.01418823257308705,0.021298636226677166,asagi,dusuk
2023-10-10 00:00:00+00:00,27390.0,28032.332000000002,0.014268391723933922,0.021286553660456526,asagi,dusuk
2023-10-11 00:00:00+00:00,26876.0,28029.3815,0.013818815420490845,0.021280987622034234,asagi,dusuk
2023-10-12 00:00:00+00:00,26760.1,28023.36,0.013069019838389095,0.02127120610925891,asagi,dusuk
2023-10-13 00:00:00+00:00,26866.6,28022.066500000004,0.01283591853857628,0.02127120610925891,asagi,dusuk
2023-10-14 00:00:00+00:00,26852.1,28020.001,0.012677006235493404,0.02127120610925891,asagi,dusuk
2023-10-15 00:00:00+00:00,27150.9,28014.004000000004,0.01281991146110925,0.02127120610925891,asagi,dusuk
2023-10-16 00:00:00+00:00,28493.5,28016.3225,0.01547294359535649,0.02127120610925891,yukari,dusuk
2023-10-17 00:00:00+00:00,28397.1,28016.004,0.015495147290978456,0.02127120610925891,yukari,dusuk
2023-10-18 00:00:00+00:00,28324.6,28015.345,0.015470104094623103,0.02127120610925891,yukari,dusuk
2023-10-19 00:00:00+00:00,28709.9,28018.037,0.015380117740554925,0.02127120610925891,yukari,dusuk
2023-10-20 00:00:00+00:00,29661.0,28027.3375,0.0163377744518553,0.02127120610925891,yukari,dusuk
2023-10-21 00:00:00+00:00,29912.5,28036.052000000003,0.015734635234626017,0.02127120610925891,yukari,dusuk
2023-10-22 00:00:00+00:00,29999.8,28045.191000000003,0.01572359994491174,0.02127120610925891,yukari,dusuk
2023-10-23 00:00:00+00:00,33098.3,28070.508499999996,0.023277956467200468,0.021280987622034234,yukari,yuksek
2023-10-24 00:00:00+00:00,33926.0,28100.585,0.02316987530695758,0.021286553660456526,yukari,yuksek
2023-10-25 00:00:00+00:00,34502.9,28133.3975,0.023186081594801716,0.021298636226677166,yukari,yuksek
2023-10-26 00:00:00+00:00,34156.1,28162.550499999998,0.023351532501402518,0.02130652308992814,yukari,yuksek
2023-10-27 00:00:00+00:00,33891.2,28183.8065,0.023542147629970214,0.02130705681989631,yukari,yuksek
2023-10-28 00:00:00+00:00,34085.3,28203.2525,0.023352296158155362,0.021318026991868303,yukari,yuksek
2023-10-29 00:00:00+00:00,34524.6,28226.4,0.023259521899584985,0.021337271686384468,yukari,yuksek
2023-10-30 00:00:00+00:00,34476.7,28246.892000000003,0.02329923155853855,0.02136810887878785,yukari,yuksek
2023-10-31 00:00:00+00:00,34642.2,28267.7725,0.02261696967739576,0.02136815145393315,yukari,yuksek
2023-11-01 00:00:00+00:00,35418.3,28293.395,0.02225324706195238,0.021373778241465188,yukari,yuksek
2023-11-02 00:00:00+00:00,34943.1,28316.5715,0.022527303638571392,0.021483127911922032,yukari,yuksek
2023-11-03 00:00:00+00:00,34714.0,28343.016499999998,0.02266596630446506,0.021493904755003325,yukari,yuksek
2023-11-04 00:00:00+00:00,35067.9,28366.437,0.022334136866101913,0.021497371207898398,yukari,yuksek
2023-11-05 00:00:00+00:00,35019.9,28397.4865,0.0223110949374492,0.021500744746873322,yukari,yuksek
2023-11-06 00:00:00+00:00,35051.3,28431.479,0.022312785354481217,0.02151591107552435,yukari,yuksek
2023-11-07 00:00:00+00:00,35403.9,28472.1735,0.022251506028737208,0.02151830066856503,yukari,yuksek
2023-11-08 00:00:00+00:00,35620.7,28511.227000000003,0.0219450307822738,0.02151830066856503,yukari,yuksek
2023-11-09 00:00:00+00:00,36709.0,28556.815500000004,0.022077189077411817,0.02151830066856503,yukari,yuksek
2023-11-10 00:00:00+00:00,37307.3,28605.772999999997,0.02142395036596451,0.02151591107552435,yukari,dusuk
2023-11-11 00:00:00+00:00,37141.3,28650.0025,0.02142734647475173,0.021500744746873322,yukari,dusuk
2023-11-12 00:00:00+00:00,37070.9,28693.2715,0.021519635990141027,0.021500744746873322,yukari,yuksek
2023-11-13 00:00:00+00:00,36466.1,28728.2005,0.021997698066242796,0.021500744746873322,yukari,yuksek
2023-11-14 00:00:00+00:00,35542.4,28759.3765,0.022949088831607675,0.021500744746873322,yukari,yuksek
2023-11-15 00:00:00+00:00,37869.8,28802.5685,0.0239876047481485,0.021500744746873322,yukari,yuksek
2023-11-16 00:00:00+00:00,36162.0,28837.148999999998,0.025967207190078802,0.021500744746873322,yukari,yuksek
2023-11-17 00:00:00+00:00,36611.0,28879.818,0.02589958825097874,0.021500744746873322,yukari,yuksek
2023-11-18 00:00:00+00:00,36578.3,28919.361999999997,0.025938012622484765,0.021500744746873322,yukari,yuksek
2023-11-19 00:00:00+00:00,37371.7,28961.038500000002,0.025653231042626352,0.021500744746873322,yukari,yuksek
2023-11-20 00:00:00+00:00,37446.9,29004.073000000004,0.02567370579851805,0.021500744746873322,yukari,yuksek
2023-11-21 00:00:00+00:00,35736.0,29035.248000000003,0.02751507317727785,0.021500744746873322,yukari,yuksek
2023-11-22 00:00:00+00:00,37416.5,29078.101000000002,0.02268602990843437,0.021500744746873322,yukari,yuksek
2023-11-23 00:00:00+00:00,37300.3,29122.443000000003,0.02238086940237858,0.021500744746873322,yukari,yuksek
2023-11-24 00:00:00+00:00,37712.9,29172.653,0.022282512980288424,0.021500744746873322,yukari,yuksek
2023-11-25 00:00:00+00:00,37779.4,29223.3895,0.022147467231500385,0.021500744746873322,yukari,yuksek
2023-11-26 00:00:00+00:00,37450.0,29272.641499999998,0.022165030116055674,0.021500744746873322,yukari,yuksek
2023-11-27 00:00:00+00:00,37245.9,29324.013000000003,0.022217459513259197,0.021500744746873322,yukari,yuksek
2023-11-28 00:00:00+00:00,37821.5,29379.146,0.022260895945271444,0.021500744746873322,yukari,yuksek
2023-11-29 00:00:00+00:00,37855.2,29434.5815,0.022249147537092732,0.021500744746873322,yukari,yuksek
2023-11-30 00:00:00+00:00,37729.7,29488.6505,0.022277370838331752,0.021500744746873322,yukari,yuksek
2023-12-01 00:00:00+00:00,38680.0,29546.2145,0.02236400563045622,0.021500744746873322,yukari,yuksek
2023-12-02 00:00:00+00:00,39453.0,29608.2915,0.022345954309307327,0.021500744746873322,yukari,yuksek
2023-12-03 00:00:00+00:00,39988.4,29671.213000000003,0.02231715408872004,0.021500744746873322,yukari,yuksek
2023-12-04 00:00:00+00:00,41993.4,29747.08,0.0237213514619482,0.021500744746873322,yukari,yuksek
2023-12-05 00:00:00+00:00,44091.9,29833.1155,0.02491935516837635,0.021500744746873322,yukari,yuksek
2023-12-06 00:00:00+00:00,43761.4,29916.396500000003,0.025045481353435203,0.021500744746873322,yukari,yuksek
2023-12-07 00:00:00+00:00,43296.2,29999.139,0.025255240126842077,0.021500744746873322,yukari,yuksek
2023-12-08 00:00:00+00:00,44182.8,30085.803000000004,0.02537571401039615,0.021500744746873322,yukari,yuksek
2023-12-09 00:00:00+00:00,43719.0,30168.2585,0.025194540127765768,0.021500744746873322,yukari,yuksek
2023-12-10 00:00:00+00:00,43788.1,30255.5605,0.025128748171197434,0.02151591107552435,yukari,yuksek
2023-12-11 00:00:00+00:00,41246.7,30329.4415,0.027765041883791027,0.02151830066856503,yukari,yuksek
2023-12-12 00:00:00+00:00,41504.0,30403.4445,0.027750228301828016,0.021519635990141027,yukari,yuksek
2023-12-13 00:00:00+00:00,42874.1,30483.5685,0.02795821174499746,0.0215490717741095,yukari,yuksek
2023-12-14 00:00:00+00:00,43025.9,30558.319,0.0273413719502393,0.02155111653396888,yukari,yuksek
2023-12-15 00:00:00+00:00,41946.6,30629.401,0.02571049494123841,0.021555491533319163,yukari,yuksek
2023-12-16 00:00:00+00:00,42283.3,30702.341999999997,0.02395230011876022,0.02155678362370156,yukari,yuksek
2023-12-17 00:00:00+00:00,41379.9,30773.209,0.024401274226693432,0.021559006791995954,yukari,yuksek
2023-12-18 00:00:00+00:00,42647.4,30852.383,0.02483808719468882,0.021560097390833782,yukari,yuksek
2023-12-19 00:00:00+00:00,42284.0,30927.613,0.024761554756346095,0.021561413090569255,yukari,yuksek
2023-12-20 00:00:00+00:00,43682.6,31010.673,0.02529369061046122,0.021563980251373654,yukari,yuksek
2023-12-21 00:00:00+00:00,43877.0,31094.475499999997,0.023321494123377508,0.021565449119325772,yukari,yuksek
2023-12-22 00:00:00+00:00,43984.8,31185.780499999997,0.022127596453313397,0.02159694042864779,yukari,yuksek
2023-12-23 00:00:00+00:00,43705.8,31268.145,0.022178603093647713,0.021641333882597008,yukari,yuksek
2023-12-24 00:00:00+00:00,42987.6,31351.367000000002,0.022502327593933096,0.021645006397927012,yukari,yuksek
2023-12-25 00:00:00+00:00,43589.6,31436.803,0.022563072121502208,0.021654352606630692,yukari,yuksek
2023-12-26 00:00:00+00:00,42522.5,31516.975499999997,0.023078268683719837,0.021793949785865713,yukari,yuksek
2023-12-27 00:00:00+00:00,43412.7,31604.8495,0.023193638445973462,0.021818949338420827,yukari,yuksek
2023-12-28 00:00:00+00:00,42580.0,31688.129,0.023528869129560686,0.021875190003846207,yukari,yuksek
2023-12-29 00:00:00+00:00,42071.0,31768.9735,0.02370431362499878,0.02190855833601957,yukari,yuksek
2023-12-30 00:00:00+00:00,42158.0,31850.079500000003,0.02367109025176067,0.02192447163274145,yukari,yuksek
2023-12-31 00:00:00+00:00,42297.7,31935.932,0.023330848673380086,0.02194431406775808,yukari,yuksek
2024-01-01 00:00:00+00:00,44220.0,32029.057,0.02435517135901575,0.0219450307822738,yukari,yuksek
2024-01-02 00:00:00+00:00,44956.9,32122.135999999995,0.024403238025277513,0.021997698066242796,yukari,yuksek
2024-01-03 00:00:00+00:00,42851.0,32203.8245,0.024650492810630198,0.022077189077411817,yukari,yuksek
2024-01-04 00:00:00+00:00,44147.4,32292.8065,0.023595570593219855,0.02209230060290191,yukari,yuksek
2024-01-05 00:00:00+00:00,44154.9,32379.346,0.02355227375274375,0.022105520157423002,yukari,yuksek
2024-01-06 00:00:00+00:00,43971.5,32457.7295,0.02347733400789485,0.022127596453313397,yukari,yuksek
2024-01-07 00:00:00+00:00,43935.2,32527.353499999997,0.02317927400381967,0.022147467231500385,yukari,yuksek
2024-01-08 00:00:00+00:00,46970.0,32612.753499999995,0.026103658335564564,0.022165030116055674,yukari,yuksek
2024-01-09 00:00:00+00:00,46120.9,32689.892000000003,0.026374376785148687,0.022172481307779407,yukari,yuksek
2024-01-10 00:00:00+00:00,46653.2,32770.4675,0.023717772325527797,0.022178603093647713,yukari,yuksek
2024-01-11 00:00:00+00:00,46335.8,32849.765,0.023797150724014896,0.022217459513259197,yukari,yuksek
2024-01-12 00:00:00+00:00,42774.2,32912.2665,0.027648552955313696,0.02222605031327898,yukari,yuksek
2024-01-13 00:00:00+00:00,42846.3,32973.0475,0.027642280797057276,0.022246200235406334,yukari,yuksek
2024-01-14 00:00:00+00:00,41740.8,33031.343,0.02766577331291203,0.022249147537092732,yukari,yuksek
2024-01-15 00:00:00+00:00,42521.0,33091.6565,0.02783897689574562,0.022251506028737208,yukari,yuksek
2024-01-16 00:00:00+00:00,43139.9,33154.980500000005,0.027643572986919857,0.02225324706195238,yukari,yuksek
2024-01-17 00:00:00+00:00,42780.1,33215.9115,0.02715105278399154,0.022260895945271444,yukari,yuksek
2024-01-18 00:00:00+00:00,41324.8,33269.431,0.027845397327380915,0.022272079051096454,yukari,yuksek
2024-01-19 00:00:00+00:00,41665.0,33321.97,0.027188311674630334,0.022277370838331752,yukari,yuksek
2024-01-20 00:00:00+00:00,41694.5,33376.6055,0.02716836166135848,0.022282512980288424,yukari,yuksek
2024-01-21 00:00:00+00:00,41586.3,33432.05,0.02715737730862202,0.02231038482396539,yukari,yuksek
2024-01-22 00:00:00+00:00,39576.1,33480.4665,0.028514269921110866,0.0223110949374492,yukari,yuksek
2024-01-23 00:00:00+00:00,39903.0,33528.241,0.028475975737382274,0.022312785354481217,yukari,yuksek
2024-01-24 00:00:00+00:00,40093.9,33577.287000000004,0.028343221740365247,0.02231715408872004,yukari,yuksek
2024-01-25 00:00:00+00:00,39963.9,33626.288,0.028037913502547432,0.022334136866101913,yukari,yuksek
2024-01-26 00:00:00+00:00,41822.0,33683.329,0.02907517267151391,0.022345954309307327,yukari,yuksek
2024-01-27 00:00:00+00:00,42118.5,33740.8175,0.028907049963962584,0.02236167273419206,yukari,yuksek
2024-01-28 00:00:00+00:00,42036.6,33799.079000000005,0.028825281573234218,0.02236400563045622,yukari,yuksek
2024-01-29 00:00:00+00:00,43305.5,33858.319,0.029332887617679992,0.022380405824213287,yukari,yuksek
2024-01-30 00:00:00+00:00,42942.3,33921.514500000005,0.029377763105415455,0.022380405824213287,yukari,yuksek
2024-01-31 00:00:00+00:00,42575.3,33982.904500000004,0.02821508055449447,0.022380405824213287,yukari,yuksek
2024-02-01 00:00:00+00:00,43086.1,34047.181,0.028127413323956362,0.022380405824213287,yukari,yuksek
2024-02-02 00:00:00+00:00,43200.0,34112.475999999995,0.026721268302360202,0.022380405824213287,yukari,yuksek
2024-02-03 00:00:00+00:00,43018.8,34178.283,0.026140155305817366,0.022380405824213287,yukari,yuksek
2024-02-04 00:00:00+00:00,42590.2,34241.664,0.02619233859554624,0.022380405824213287,yukari,yuksek
2024-02-05 00:00:00+00:00,42713.5,34306.1925,0.026196511414232213,0.022380405824213287,yukari,yuksek
2024-02-06 00:00:00+00:00,43107.1,34372.2425,0.0262618979099312,0.022380405824213287,yukari,yuksek
2024-02-07 00:00:00+00:00,44353.5,34445.0335,0.023674969281546335,0.022380405824213287,yukari,yuksek
2024-02-08 00:00:00+00:00,45286.0,34521.0545,0.023819078047597295,0.022380405824213287,yukari,yuksek
2024-02-09 00:00:00+00:00,47147.9,34610.91,0.0248805745014311,0.022380405824213287,yukari,yuksek
2024-02-10 00:00:00+00:00,47760.0,34703.585999999996,0.024944895670567235,0.022380405824213287,yukari,yuksek
2024-02-11 00:00:00+00:00,48313.8,34798.3985,0.019754984990514896,0.02236400563045622,yukari,dusuk
2024-02-12 00:00:00+00:00,49946.9,34902.001000000004,0.02045211152030818,0.02236167273419206,yukari,dusuk
2024-02-13 00:00:00+00:00,49687.9,35003.883,0.0196919383616166,0.02236167273419206,yukari,dusuk
2024-02-14 00:00:00+00:00,51793.6,35116.104,0.020628437269486533,0.022345954309307327,yukari,dusuk
2024-02-15 00:00:00+00:00,51896.5,35229.1685,0.02058985922556819,0.022334136866101913,yukari,dusuk
2024-02-16 00:00:00+00:00,52129.9,35343.6475,0.020409879881098218,0.02231715408872004,yukari,dusuk
2024-02-17 00:00:00+00:00,51654.2,35453.376500000006,0.01912719816982141,0.022312785354481217,yukari,dusuk
2024-02-18 00:00:00+00:00,52164.5,35568.296,0.01913175959865051,0.0223110949374492,yukari,dusuk
2024-02-19 00:00:00+00:00,51784.3,35681.2345,0.01928531094117525,0.02231038482396539,yukari,dusuk
2024-02-20 00:00:00+00:00,52277.2,35797.016500000005,0.019199045081389015,0.022282512980288424,yukari,dusuk
2024-02-21 00:00:00+00:00,51855.7,35910.935999999994,0.01620004008573091,0.022277370838331752,yukari,dusuk
2024-02-22 00:00:00+00:00,51285.0,36021.916999999994,0.01660989138254793,0.022272079051096454,yukari,dusuk
2024-02-23 00:00:00+00:00,50755.7,36129.638,0.01694959577885254,0.022260895945271444,yukari,dusuk
2024-02-24 00:00:00+00:00,51574.0,36238.641,0.01687868698867148,0.02225324706195238,yukari,dusuk
2024-02-25 00:00:00+00:00,51742.7,36349.4325,0.015385859175312098,0.022251506028737208,yukari,dusuk
2024-02-26 00:00:00+00:00,54490.0,36474.584500000004,0.017410952233436534,0.022249147537092732,yukari,dusuk
2024-02-27 00:00:00+00:00,57047.3,36612.646,0.018563726678254247,0.022246200235406334,yukari,dusuk
2024-02-28 00:00:00+00:00,62433.9,36777.656,0.023413154171437092,0.022246200235406334,yukari,yuksek
2024-02-29 00:00:00+00:00,61176.6,36936.998999999996,0.023871808199733665,0.022246200235406334,yukari,yuksek
2024-03-01 00:00:00+00:00,62391.7,37101.797999999995,0.023595756632689834,0.022246200235406334,yukari,yuksek
2024-03-02 00:00:00+00:00,62010.0,37265.818999999996,0.02384632519747467,0.022246200235406334,yukari,yuksek
2024-03-03 00:00:00+00:00,63145.8,37437.8625,0.023801432771991544,0.022246200235406334,yukari,yuksek
2024-03-04 00:00:00+00:00,68306.2,37646.323,0.026430906454711085,0.022246200235406334,yukari,yuksek
2024-03-05 00:00:00+00:00,63708.5,37834.5645,0.03036284704675692,0.022246200235406334,yukari,yuksek
2024-03-06 00:00:00+00:00,66081.9,38034.461,0.030582006679375336,0.022246200235406334,yukari,yuksek
2024-03-07 00:00:00+00:00,66839.9,38237.7185,0.03057119449564191,0.022246200235406334,yukari,yuksek
2024-03-08 00:00:00+00:00,68131.9,38447.7485,0.030472228233435154,0.022246200235406334,yukari,yuksek
2024-03-09 00:00:00+00:00,68328.2,38659.1125,0.03051618247543758,0.022246200235406334,yukari,yuksek
2024-03-10 00:00:00+00:00,68947.7,38871.6975,0.03010826180358357,0.022246200235406334,yukari,yuksek
2024-03-11 00:00:00+00:00,72116.6,39101.399,0.030679451701501236,0.022246200235406334,yukari,yuksek
2024-03-12 00:00:00+00:00,71464.4,39328.4165,0.030960157945542188,0.022246200235406334,yukari,yuksek
2024-03-13 00:00:00+00:00,73092.7,39563.776999999995,0.030780456255867224,0.022246200235406334,yukari,yuksek
2024-03-14 00:00:00+00:00,71404.5,39790.288,0.03131864707063418,0.022246200235406334,yukari,yuksek
2024-03-15 00:00:00+00:00,69517.0,40007.2915,0.03158748752360333,0.022246200235406334,yukari,yuksek
2024-03-16 00:00:00+00:00,65324.5,40195.312,0.0342016321360777,0.022246200235406334,yukari,yuksek
2024-03-17 00:00:00+00:00,68408.4,40400.869,0.03490572450986734,0.022246200235406334,yukari,yuksek
2024-03-18 00:00:00+00:00,67627.9,40609.297999999995,0.03494979204554449,0.022246200235406334,yukari,yuksek
2024-03-19 00:00:00+00:00,61939.0,40789.953499999996,0.03916569548479142,0.022246200235406334,yukari,yuksek
2024-03-20 00:00:00+00:00,67853.2,40999.844,0.04205762171337734,0.022246200235406334,yukari,yuksek
2024-03-21 00:00:00+00:00,65510.0,41197.534499999994,0.042822538743104106,0.022246200235406334,yukari,yuksek
2024-03-22 00:00:00+00:00,63806.2,41387.4395,0.04318036162391992,0.022246200235406334,yukari,yuksek
2024-03-23 00:00:00+00:00,63985.9,41578.414000000004,0.04305525698819761,0.022246200235406334,yukari,yuksek
2024-03-24 00:00:00+00:00,67225.2,41785.733,0.04358488997973073,0.022246200235406334,yukari,yuksek
2024-03-25 00:00:00+00:00,69890.1,42003.922999999995,0.043903899385977704,0.022246200235406334,yukari,yuksek
2024-03-26 00:00:00+00:00,70008.0,42224.398499999996,0.04391336576896384,0.022246200235406334,yukari,yuksek
2024-03-27 00:00:00+00:00,69492.7,42442.3415,0.0433018299485212,0.022246200235406334,yukari,yuksek
2024-03-28 00:00:00+00:00,70795.9,42667.13050000001,0.04276467092963451,0.022246200235406334,yukari,yuksek
2024-03-29 00:00:00+00:00,69870.0,42890.65,0.039913676143009814,0.022246200235406334,yukari,yuksek
2024-03-30 00:00:00+00:00,69609.9,43109.4785,0.03968242628255674,0.022246200235406334,yukari,yuksek
2024-03-31 00:00:00+00:00,71330.1,43335.014,0.039755145082800564,0.022246200235406334,yukari,yuksek
2024-04-01 00:00:00+00:00,69677.7,43550.7695,0.040038693084508255,0.022246200235406334,yukari,yuksek
2024-04-02 00:00:00+00:00,65482.2,43745.176999999996,0.041699286820103224,0.022246200235406334,yukari,yuksek
2024-04-03 00:00:00+00:00,65964.5,43942.19649999999,0.03908991060050436,0.022246200235406334,yukari,yuksek
2024-04-04 00:00:00+00:00,68498.9,44152.051,0.03748271957140177,0.022246200235406334,yukari,yuksek
2024-04-05 00:00:00+00:00,67832.3,44357.4115,0.036978027770753694,0.022246200235406334,yukari,yuksek
2024-04-06 00:00:00+00:00,68913.7,44565.944500000005,0.03703009277658115,0.022246200235406334,yukari,yuksek
2024-04-07 00:00:00+00:00,69362.7,44777.15800000001,0.03688830877301752,0.022246200235406334,yukari,yuksek
2024-04-08 00:00:00+00:00,71654.0,45002.61,0.03734509139974243,0.022246200235406334,yukari,yuksek
2024-04-09 00:00:00+00:00,69152.1,45215.467000000004,0.03792082842572127,0.022246200235406334,yukari,yuksek
2024-04-10 00:00:00+00:00,70654.9,45435.855,0.03719981779886402,0.022246200235406334,yukari,yuksek
2024-04-11 00:00:00+00:00,70010.1,45654.698,0.03720046823839489,0.022246200235406334,yukari,yuksek
2024-04-12 00:00:00+00:00,67125.1,45858.822,0.03767737438848914,0.022246200235406334,yukari,yuksek
2024-04-13 00:00:00+00:00,63945.0,46047.4205,0.038423013860983554,0.022246200235406334,yukari,yuksek
2024-04-14 00:00:00+00:00,65661.4,46243.861000000004,0.03854899418792686,0.022246200235406334,yukari,yuksek
2024-04-15 00:00:00+00:00,63433.2,46425.9185,0.03736908977395513,0.022249147537092732,yukari,yuksek
2024-04-16 00:00:00+00:00,63792.8,46610.334,0.0363257537858479,0.022251506028737208,yukari,yuksek
2024-04-17 00:00:00+00:00,61280.4,46781.92050000001,0.036947718357650476,0.02225324706195238,yukari,yuksek
2024-04-18 00:00:00+00:00,63486.4,46959.32699999999,0.033948176443192,0.02225324706195238,yukari,yuksek
2024-04-19 00:00:00+00:00,63814.3,47140.915,0.029376493437268437,0.02225324706195238,yukari,yuksek
2024-04-20 00:00:00+00:00,64928.5,47328.430499999995,0.028895646579006076,0.02225324706195238,yukari,yuksek
2024-04-21 00:00:00+00:00,64937.9,47514.251000000004,0.028473647877888215,0.022260895945271444,yukari,yuksek
2024-04-22 00:00:00+00:00,66817.6,47711.279500000004,0.028926689661495576,0.022272079051096454,yukari,yuksek
2024-04-23 00:00:00+00:00,66418.9,47903.739,0.027493196379159892,0.022277370838331752,yukari,yuksek
2024-04-24 00:00:00+00:00,64288.5,48085.398,0.027065751043587525,0.022282512980288424,yukari,yuksek
2024-04-25 00:00:00+00:00,64502.5,48268.3305,0.02707672762753146,0.02231038482396539,yukari,yuksek
2024-04-26 00:00:00+00:00,63774.6,48449.249,0.027109861740338446,0.0223110949374492,yukari,yuksek
2024-04-27 00:00:00+00:00,63451.6,48629.557,0.026807039698686454,0.022312785354481217,yukari,yuksek
2024-04-28 00:00:00+00:00,63125.0,48810.802,0.026748852925625875,0.02231715408872004,yukari,yuksek
2024-04-29 00:00:00+00:00,63879.9,48996.401,0.026893476176868415,0.022334136866101913,yukari,yuksek
2024-04-30 00:00:00+00:00,60684.8,49165.492,0.027784064338396836,0.022345954309307327,yukari,yuksek
2024-05-01 00:00:00+00:00,58332.0,49322.891500000005,0.02829570660173061,0.022345954309307327,yukari,yuksek
2024-05-02 00:00:00+00:00,59057.4,49482.42399999999,0.026400300440403184,0.02236400563045622,yukari,yuksek
2024-05-03 00:00:00+00:00,62862.9,49654.27099999999,0.028968565059389922,0.02238086940237858,yukari,yuksek
2024-05-04 00:00:00+00:00,63896.1,49831.765999999996,0.028221160877381826,0.02238086940237858,yukari,yuksek
2024-05-05 00:00:00+00:00,64010.0,50010.193,0.028194690268432156,0.02238086940237858,yukari,yuksek
2024-05-06 00:00:00+00:00,63167.2,50182.4795,0.02806286745040159,0.02238086940237858,yukari,yuksek
2024-05-07 00:00:00+00:00,62330.6,50345.8275,0.028067409356563457,0.02238086940237858,yukari,yuksek
2024-05-08 00:00:00+00:00,61200.2,50502.265999999996,0.027339672609508064,0.02238086940237858,yukari,yuksek
2024-05-09 00:00:00+00:00,63065.4,50667.594,0.027455571748074795,0.022502327593933096,yukari,yuksek
2024-05-10 00:00:00+00:00,60811.3,50806.15900000001,0.02770260959594622,0.022517223918755425,yukari,yuksek
2024-05-11 00:00:00+00:00,60821.3,50940.6355,0.02770660262307301,0.022527303638571392,yukari,yuksek
2024-05-12 00:00:00+00:00,61471.9,51075.4805,0.026913818181496536,0.022534737973662827,yukari,yuksek
2024-05-13 00:00:00+00:00,62935.5,51219.3775,0.025900254234397298,0.022563072121502208,yukari,yuksek
2024-05-14 00:00:00+00:00,61564.9,51357.746,0.025668436006273748,0.02261696967739576,yukari,yuksek
2024-05-15 00:00:00+00:00,66222.3,51518.431000000004,0.02835125188082088,0.02266596630446506,yukari,yuksek
2024-05-16 00:00:00+00:00,65241.7,51672.016500000005,0.028494113689144812,0.02266598347436837,yukari,yuksek
2024-05-17 00:00:00+00:00,67007.3,51834.6695,0.027789139159320488,0.02268602990843437,yukari,yuksek
2024-05-18 00:00:00+00:00,66910.1,51996.009000000005,0.02711427461103802,0.022718692301308567,yukari,yuksek
2024-05-19 00:00:00+00:00,66272.2,52150.27849999999,0.027183861917017327,0.022756623919898307,yukari,yuksek
2024-05-20 00:00:00+00:00,71481.8,52332.972,0.030283722636277103,0.022801762582148076,yukari,yuksek
2024-05-21 00:00:00+00:00,70140.5,52510.1045,0.030549576594166288,0.02287572030336053,yukari,yuksek
2024-05-22 00:00:00+00:00,69182.1,52680.6755,0.03028470381452202,0.02292419240978308,yukari,yuksek
2024-05-23 00:00:00+00:00,67961.3,52845.3825,0.030457224936092455,0.022949088831607675,yukari,yuksek
2024-05-24 00:00:00+00:00,68562.8,53012.94,0.029824726632025626,0.023032449200637097,yukari,yuksek
2024-05-25 00:00:00+00:00,69300.0,53182.4205,0.02986510197007152,0.023078268683719837,yukari,yuksek
2024-05-26 00:00:00+00:00,68515.1,53346.8925,0.029865765396038,0.02316987530695758,yukari,yuksek
2024-05-27 00:00:00+00:00,69410.3,53510.399000000005,0.029892042353811207,0.02317927400381967,yukari,yuksek
2024-05-28 00:00:00+00:00,68404.6,53665.8855,0.030030082118332715,0.023186081594801716,yukari,yuksek
2024-05-29 00:00:00+00:00,67647.8,53818.418,0.03008058006630915,0.023193638445973462,yukari,yuksek
2024-05-30 00:00:00+00:00,68366.0,53974.893500000006,0.02837863318964888,0.023259521899584985,yukari,yuksek
2024-05-31 00:00:00+00:00,67558.8,54130.35699999999,0.027346562155608916,0.023277956467200468,yukari,yuksek
2024-06-01 00:00:00+00:00,67769.1,54291.49050000001,0.02731162870646128,0.02329923155853855,yukari,yuksek
2024-06-02 00:00:00+00:00,67766.9,54440.975999999995,0.025034658764428338,0.023321494123377508,yukari,yuksek
2024-06-03 00:00:00+00:00,68805.0,54604.191,0.0250145566254124,0.023330848673380086,yukari,yuksek
2024-06-04 00:00:00+00:00,70543.6,54773.85400000001,0.025348208966842003,0.023351532501402518,yukari,yuksek
2024-06-05 00:00:00+00:00,71115.0,54946.5375,0.025168072264117724,0.023352296158155362,yukari,yuksek
2024-06-06 00:00:00+00:00,70795.9,55113.6585,0.025010051343637676,0.023413154171437092,yukari,yuksek
2024-06-07 00:00:00+00:00,69350.1,55273.1745,0.02508603656034815,0.02347733400789485,yukari,yuksek
2024-06-08 00:00:00+00:00,69309.3,55441.041,0.024616291126068716,0.023528869129560686,yukari,yuksek
2024-06-09 00:00:00+00:00,69641.2,55602.1645,0.02345601011581318,0.023528869129560686,yukari,dusuk
2024-06-10 00:00:00+00:00,69539.1,55763.3585,0.023468344186528843,0.023528869129560686,yukari,dusuk
2024-06-11 00:00:00+00:00,67309.4,55911.34100000001,0.024385358165487096,0.023542147629970214,yukari,yuksek
2024-06-12 00:00:00+00:00,68273.7,56063.8125,0.0241737883245187,0.02355227375274375,yukari,yuksek
2024-06-13 00:00:00+00:00,66772.7,56210.426,0.024181291081977224,0.023595570593219855,yukari,yuksek
2024-06-14 00:00:00+00:00,66042.9,56354.41099999999,0.02032454472229078,0.023595570593219855,yukari,dusuk
2024-06-15 00:00:00+00:00,66216.3,56496.385,0.02013468351485617,0.023595570593219855,yukari,dusuk
2024-06-16 00:00:00+00:00,66682.1,56640.5195,0.019563690358386794,0.023595570593219855,yukari,dusuk
2024-06-17 00:00:00+00:00,66484.1,56784.29149999999,0.019569122712105366,0.023595570593219855,yukari,dusuk
2024-06-18 00:00:00+00:00,65178.1,56916.78199999999,0.01982642018090263,0.023595570593219855,yukari,dusuk
2024-06-19 00:00:00+00:00,64970.1,57044.3675,0.013631302141321177,0.02355227375274375,yukari,dusuk
2024-06-20 00:00:00+00:00,64887.9,57168.865,0.013304766647289003,0.023542147629970214,yukari,dusuk
2024-06-21 00:00:00+00:00,64152.4,57279.66,0.013243352603209779,0.023528869129560686,yukari,dusuk
2024-06-22 00:00:00+00:00,64266.3,57380.532,0.012943002824247846,0.02347733400789485,yukari,dusuk
2024-06-23 00:00:00+00:00,63203.8,57477.74399999999,0.013053969478582107,0.023468344186528843,yukari,dusuk
2024-06-24 00:00:00+00:00,60280.3,57562.6645,0.015134973852815483,0.02345601011581318,yukari,dusuk
2024-06-25 00:00:00+00:00,61793.8,57650.7195,0.0159966427726172,0.023413154171437092,yukari,dusuk
2024-06-26 00:00:00+00:00,60864.9,57736.44899999999,0.015824254115351516,0.023352296158155362,yukari,dusuk
2024-06-27 00:00:00+00:00,61702.3,57826.02,0.016034874108901302,0.023351532501402518,yukari,dusuk
2024-06-28 00:00:00+00:00,60430.9,57921.941000000006,0.016290828166263423,0.023330848673380086,yukari,dusuk
2024-06-29 00:00:00+00:00,60992.1,58019.3815,0.01625263443443637,0.023321494123377508,yukari,dusuk
2024-06-30 00:00:00+00:00,62769.8,58118.86,0.017219302130492248,0.02329923155853855,yukari,dusuk
2024-07-01 00:00:00+00:00,62905.3,58218.257000000005,0.017209582256930957,0.023277956467200468,yukari,dusuk
2024-07-02 00:00:00+00:00,62129.9,58319.1735,0.017296835532375047,0.023259521899584985,yukari,dusuk
2024-07-03 00:00:00+00:00,60213.9,58408.8265,0.01769938891673769,0.023193638445973462,yukari,dusuk
2024-07-04 00:00:00+00:00,57065.2,58487.253,0.018974557527452866,0.023193638445973462,asagi,dusuk
2024-07-05 00:00:00+00:00,56620.0,58557.115999999995,0.018758045889113818,0.023193638445973462,asagi,dusuk
2024-07-06 00:00:00+00:00,58233.1,58636.86149999999,0.01985533028161375,0.023193638445973462,asagi,dusuk
2024-07-07 00:00:00+00:00,55870.1,58697.799000000006,0.020709709162359084,0.023193638445973462,asagi,dusuk
2024-07-08 00:00:00+00:00,56719.1,58762.0095,0.02107669839414969,0.023193638445973462,asagi,dusuk
2024-07-09 00:00:00+00:00,58044.1,58832.306,0.02167677749445383,0.023193638445973462,asagi,dusuk
2024-07-10 00:00:00+00:00,57720.4,58902.379,0.021659638189301108,0.023193638445973462,asagi,dusuk
2024-07-11 00:00:00+00:00,57346.3,58974.1725,0.021079942290931096,0.023193638445973462,asagi,dusuk
2024-07-12 00:00:00+00:00,57902.0,59045.73449999999,0.020949518825380282,0.023193638445973462,asagi,dusuk
2024-07-13 00:00:00+00:00,59205.2,59129.148,0.0212955510366287,0.023193638445973462,yukari,dusuk
2024-07-14 00:00:00+00:00,60789.8,59216.0335,0.021957376263198256,0.023193638445973462,yukari,dusuk
2024-07-15 00:00:00+00:00,64750.0,59326.883499999996,0.025031114047020662,0.023259521899584985,yukari,yuksek
2024-07-16 00:00:00+00:00,65047.1,59441.764,0.025009056590931056,0.023277956467200468,yukari,yuksek
2024-07-17 00:00:00+00:00,64093.4,59551.441,0.025136379244890168,0.02329923155853855,yukari,yuksek
2024-07-18 00:00:00+00:00,63985.6,59659.88050000001,0.024890008840776304,0.023321494123377508,yukari,yuksek
2024-07-19 00:00:00+00:00,66668.1,59772.12100000001,0.026018195916452245,0.023330848673380086,yukari,yuksek
2024-07-20 00:00:00+00:00,67135.8,59883.0155,0.02603859494334892,0.023351532501402518,yukari,yuksek
2024-07-21 00:00:00+00:00,68170.2,60009.611500000006,0.0260514988199862,0.023352296158155362,yukari,yuksek
2024-07-22 00:00:00+00:00,67523.1,60126.49,0.026136975608889182,0.023413154171437092,yukari,yuksek
2024-07-23 00:00:00+00:00,65941.0,60235.4205,0.026337897600856947,0.02345601011581318,yukari,yuksek
2024-07-24 00:00:00+00:00,65377.4,60342.45,0.024766459376146067,0.023468344186528843,yukari,yuksek
2024-07-25 00:00:00+00:00,65799.9,60451.7735,0.02442625670842478,0.02347733400789485,yukari,yuksek
2024-07-26 00:00:00+00:00,67910.2,60556.474500000004,0.024775804253559516,0.023528869129560686,yukari,yuksek
2024-07-27 00:00:00+00:00,67905.4,60665.397000000004,0.024711204049273308,0.023542147629970214,yukari,yuksek
2024-07-28 00:00:00+00:00,68239.1,60773.3265,0.024291951131561632,0.02355227375274375,yukari,yuksek
2024-07-29 00:00:00+00:00,66787.3,60875.584,0.02471036229148582,0.023595570593219855,yukari,yuksek
2024-07-30 00:00:00+00:00,66195.6,60992.691000000006,0.02431244574732267,0.023595756632689834,yukari,yuksek
2024-07-31 00:00:00+00:00,64635.1,61101.635,0.024758023337722278,0.02367109025176067,yukari,yuksek
2024-08-01 00:00:00+00:00,65353.6,61219.69899999999,0.024693599069546025,0.023674969281546335,yukari,yuksek
2024-08-02 00:00:00+00:00,61490.7,61314.5475,0.02657773760855785,0.02370431362499878,yukari,yuksek
2024-08-03 00:00:00+00:00,60711.2,61402.404,0.02467013739529371,0.023717772325527797,asagi,yuksek
2024-08-04 00:00:00+00:00,58170.0,61479.3535,0.025944464189355677,0.0237213514619482,asagi,yuksek
2024-08-05 00:00:00+00:00,54009.6,61542.7775,0.028811737849475372,0.023797150724014896,asagi,yuksek
2024-08-06 00:00:00+00:00,56014.2,61614.5235,0.028692328213721526,0.023801432771991544,asagi,yuksek
2024-08-07 00:00:00+00:00,55140.0,61681.751000000004,0.028688492408221564,0.023819078047597295,asagi,yuksek
2024-08-08 00:00:00+00:00,61697.1,61782.305,0.035165682290588265,0.02384632519747467,asagi,yuksek
2024-08-09 00:00:00+00:00,60842.0,61888.6345,0.03526126318287254,0.023871808199733665,asagi,yuksek
2024-08-10 00:00:00+00:00,60919.5,61993.717000000004,0.03522703070388387,0.02395230011876022,asagi,yuksek
2024-08-11 00:00:00+00:00,58727.7,62086.886,0.03588876206135846,0.0239876047481485,asagi,yuksek
2024-08-12 00:00:00+00:00,59348.6,62183.809499999996,0.03570656070056863,0.0241737883245187,asagi,yuksek
2024-08-13 00:00:00+00:00,60591.9,62277.65899999999,0.03557694601324462,0.024181291081977224,asagi,yuksek
2024-08-14 00:00:00+00:00,58685.2,62360.4925,0.033948763921962284,0.024291951131561632,asagi,yuksek
2024-08-15 00:00:00+00:00,57528.0,62437.9495,0.03404770016929931,0.02431244574732267,asagi,yuksek
2024-08-16 00:00:00+00:00,58892.2,62515.883,0.03434785978975792,0.02435517135901575,asagi,yuksek
2024-08-17 00:00:00+00:00,59499.0,62598.66650000001,0.034430500915020625,0.024385358165487096,asagi,yuksek
2024-08-18 00:00:00+00:00,58435.8,62677.969000000005,0.03353534175857693,0.024401274226693432,asagi,yuksek
2024-08-19 00:00:00+00:00,59433.0,62759.7035,0.033700181243513046,0.024403238025277513,asagi,yuksek
2024-08-20 00:00:00+00:00,59007.9,62838.742999999995,0.03350436566639328,0.02442625670842478,asagi,yuksek
2024-08-21 00:00:00+00:00,61158.7,62929.4425,0.034296982712108334,0.024616291126068716,asagi,yuksek
2024-08-22 00:00:00+00:00,60380.0,63018.391500000005,0.0341306956763127,0.024650492810630198,asagi,yuksek
2024-08-23 00:00:00+00:00,64050.0,63125.074,0.03592855735331475,0.02467013739529371,yukari,yuksek
2024-08-24 00:00:00+00:00,64160.9,63230.34300000001,0.035906626947311206,0.024693599069546025,yukari,yuksek
2024-08-25 00:00:00+00:00,64222.0,63329.68550000001,0.03538504090429006,0.02471036229148582,yukari,yuksek
2024-08-26 00:00:00+00:00,62840.1,63417.456000000006,0.03556815269783605,0.024711204049273308,asagi,yuksek
2024-08-27 00:00:00+00:00,59405.3,63478.742999999995,0.036851478885075215,0.024758023337722278,asagi,yuksek
2024-08-28 00:00:00+00:00,59040.2,63535.144,0.036715305380446386,0.024761554756346095,asagi,yuksek
2024-08-29 00:00:00+00:00,59350.1,63590.3255,0.03674240752588334,0.024766459376146067,asagi,yuksek
2024-08-30 00:00:00+00:00,59127.3,63636.2275,0.036543752249199195,0.024775804253559516,asagi,yuksek
2024-08-31 00:00:00+00:00,58977.2,63682.674000000006,0.03644801847406144,0.02483808719468882,asagi,yuksek
2024-09-01 00:00:00+00:00,57290.8,63710.16,0.03515450953617983,0.0248805745014311,asagi,yuksek
2024-09-02 00:00:00+00:00,59146.9,63746.41199999999,0.03564059233364088,0.024890008840776304,asagi,yuksek
2024-09-03 00:00:00+00:00,57486.1,63773.19300000001,0.03515396578352359,0.02491935516837635,asagi,yuksek
2024-09-04 00:00:00+00:00,57974.0,63804.792,0.03229191455703065,0.024944895670567235,asagi,yuksek
2024-09-05 00:00:00+00:00,56180.0,63824.8695,0.03219936710410721,0.025009056590931056,asagi,yuksek
2024-09-06 00:00:00+00:00,53956.4,63835.73,0.03292376530873756,0.025010051343637676,asagi,yuksek
2024-09-07 00:00:00+00:00,54161.9,63845.15349999999,0.025103033941154863,0.0250145566254124,asagi,yuksek
2024-09-08 00:00:00+00:00,54879.7,63860.2735,0.025232893063279135,0.025031114047020662,asagi,yuksek
2024-09-09 00:00:00+00:00,57035.2,63889.0245,0.026363971892227226,0.025034658764428338,asagi,yuksek
2024-09-10 00:00:00+00:00,57644.6,63923.469,0.025636843666303918,0.025045481353435203,asagi,yuksek
2024-09-11 00:00:00+00:00,57342.8,63952.312999999995,0.025562148868580447,0.02508603656034815,asagi,yuksek
2024-09-12 00:00:00+00:00,58127.9,63984.239,0.025384155544195788,0.025103033941154863,asagi,yuksek
2024-09-13 00:00:00+00:00,60495.9,64014.2685,0.025787629149819524,0.025128748171197434,asagi,yuksek
2024-09-14 00:00:00+00:00,59992.8,64028.996,0.025549321818553492,0.025136379244890168,asagi,yuksek
2024-09-15 00:00:00+00:00,59130.0,64012.476500000004,0.02535877434765343,0.025168072264117724,asagi,yuksek
2024-09-16 00:00:00+00:00,58210.5,63997.64599999999,0.025443698055193583,0.025194540127765768,asagi,yuksek
2024-09-17 00:00:00+00:00,60318.4,63987.279500000004,0.02606143501049749,0.025232893063279135,asagi,yuksek
2024-09-18 00:00:00+00:00,61767.8,63986.068499999994,0.02623388390748886,0.025255240126842077,asagi,yuksek
2024-09-19 00:00:00+00:00,62967.6,63985.1775,0.02638294909927767,0.02529369061046122,asagi,yuksek
2024-09-20 00:00:00+00:00,63208.1,63959.687000000005,0.02561180722019322,0.025348208966842003,asagi,yuksek
2024-09-21 00:00:00+00:00,63349.9,63957.894,0.025476937945463234,0.02535877434765343,asagi,yuksek
2024-09-22 00:00:00+00:00,63589.1,63945.43,0.023067181122736723,0.02535877434765343,asagi,dusuk
2024-09-23 00:00:00+00:00,63345.2,63927.95649999999,0.02307320248377636,0.02535877434765343,asagi,dusuk
2024-09-24 00:00:00+00:00,64278.1,63908.6875,0.023235728283674748,0.02535877434765343,yukari,dusuk
2024-09-25 00:00:00+00:00,63160.1,63882.847,0.023112125365080116,0.02535877434765343,asagi,dusuk
2024-09-26 00:00:00+00:00,65166.1,63863.939000000006,0.021192295949489435,0.02535877434765343,yukari,dusuk
2024-09-27 00:00:00+00:00,65779.3,63832.2525,0.02114818881028742,0.02535877434765343,yukari,dusuk
2024-09-28 00:00:00+00:00,65857.2,63804.2165,0.021150342112618143,0.02535877434765343,yukari,dusuk
2024-09-29 00:00:00+00:00,65604.2,63766.774,0.021151385142753987,0.02535877434765343,yukari,dusuk
2024-09-30 00:00:00+00:00,63330.5,63726.403999999995,0.022285653514880096,0.02535877434765343,asagi,dusuk
2024-10-01 00:00:00+00:00,60814.3,63682.8905,0.022935595745401244,0.02535877434765343,asagi,dusuk
2024-10-02 00:00:00+00:00,60650.1,63659.5185,0.022239809542491617,0.02535877434765343,asagi,dusuk
2024-10-03 00:00:00+00:00,60758.0,63621.266500000005,0.021539467306154057,0.02535877434765343,asagi,dusuk
2024-10-04 00:00:00+00:00,62093.8,63593.596000000005,0.021815110931493336,0.02535877434765343,asagi,dusuk
2024-10-05 00:00:00+00:00,62066.1,63594.2315,0.020876778527434893,0.02535877434765343,asagi,dusuk
2024-10-06 00:00:00+00:00,62825.5,63569.093,0.01922217265763038,0.02535877434765343,asagi,dusuk
2024-10-07 00:00:00+00:00,62221.3,63552.64949999999,0.019409177971487335,0.02535877434765343,asagi,dusuk
2024-10-08 00:00:00+00:00,62156.8,63544.4025,0.019366814223336894,0.02535877434765343,asagi,dusuk
2024-10-09 00:00:00+00:00,60646.9,63527.7075,0.018927127305877808,0.02535877434765343,asagi,dusuk
2024-10-10 00:00:00+00:00,60317.3,63493.168,0.01890337218201841,0.02535877434765343,asagi,dusuk
2024-10-11 00:00:00+00:00,62539.3,63456.414000000004,0.01988031438231159,0.02535877434765343,asagi,dusuk
2024-10-12 00:00:00+00:00,63210.3,63422.425500000005,0.0198330913906295,0.02535877434765343,asagi,dusuk
2024-10-13 00:00:00+00:00,62877.9,63389.3515,0.018592812951480124,0.02535877434765343,asagi,dusuk
2024-10-14 00:00:00+00:00,66097.9,63365.86149999999,0.020499135017432734,0.02535877434765343,yukari,dusuk
2024-10-15 00:00:00+00:00,67083.0,63351.926499999994,0.02032280638147842,0.02535877434765343,yukari,dusuk
2024-10-16 00:00:00+00:00,67621.8,63341.986000000004,0.019981034159420277,0.02535877434765343,yukari,dusuk
2024-10-17 00:00:00+00:00,67439.3,63322.53199999999,0.01916673644220221,0.02535877434765343,yukari,dusuk
2024-10-18 00:00:00+00:00,68437.2,63316.3295,0.018910059420465416,0.02535877434765343,yukari,dusuk
2024-10-19 00:00:00+00:00,68377.1,63330.804000000004,0.01868505537211125,0.02535877434765343,yukari,dusuk
2024-10-20 00:00:00+00:00,69050.1,63346.232,0.018728681905202417,0.02535877434765343,yukari,dusuk
2024-10-21 00:00:00+00:00,67378.7,63340.63100000001,0.019388325057384984,0.02535877434765343,yukari,dusuk
2024-10-22 00:00:00+00:00,67426.2,63338.6005,0.019387057401569853,0.02535877434765343,yukari,dusuk
2024-10-23 00:00:00+00:00,66662.1,63327.3425,0.019513578391952623,0.02535877434765343,yukari,dusuk
2024-10-24 00:00:00+00:00,68202.6,63321.541999999994,0.019757645254237163,0.02535877434765343,yukari,dusuk
2024-10-25 00:00:00+00:00,66695.0,63296.746999999996,0.01994005282741797,0.02535877434765343,yukari,dusuk
2024-10-26 00:00:00+00:00,67100.0,63286.48649999999,0.019172501899948066,0.02535877434765343,yukari,dusuk
2024-10-27 00:00:00+00:00,68028.2,63273.352999999996,0.019254932256562263,0.02535877434765343,yukari,dusuk
2024-10-28 00:00:00+00:00,69971.9,63273.162000000004,0.01987832449226211,0.02535877434765343,yukari,dusuk
2024-10-29 00:00:00+00:00,72751.3,63301.293,0.02094970021747612,0.02535877434765343,yukari,dusuk
2024-10-30 00:00:00+00:00,72343.2,63343.28400000001,0.019723615311049218,0.02535877434765343,yukari,dusuk
2024-10-31 00:00:00+00:00,70304.3,63366.498499999994,0.018886645177295543,0.02535877434765343,yukari,dusuk
2024-11-01 00:00:00+00:00,69496.8,63396.8165,0.01907655307910642,0.02535877434765343,yukari,dusuk
2024-11-02 00:00:00+00:00,69382.9,63424.767,0.019103797258096987,0.02535877434765343,yukari,dusuk
2024-11-03 00:00:00+00:00,68776.9,63462.24949999999,0.018961613207507718,0.02535877434765343,yukari,dusuk
2024-11-04 00:00:00+00:00,67858.8,63484.111500000006,0.01919955053614937,0.02535877434765343,yukari,dusuk
2024-11-05 00:00:00+00:00,69381.9,63511.9495,0.019450924279364675,0.02535877434765343,yukari,dusuk
2024-11-06 00:00:00+00:00,75598.2,63565.297999999995,0.024428338543132696,0.02535877434765343,yukari,dusuk
2024-11-07 00:00:00+00:00,75856.0,63619.888499999994,0.02439457489548157,0.02535877434765343,yukari,dusuk
2024-11-08 00:00:00+00:00,76501.6,63668.3085,0.02367110538366307,0.02535877434765343,yukari,dusuk
2024-11-09 00:00:00+00:00,76688.0,63719.653999999995,0.02356313241913455,0.02535877434765343,yukari,dusuk
2024-11-10 00:00:00+00:00,80379.4,63800.108499999995,0.024087126889767805,0.02535877434765343,yukari,dusuk
2024-11-11 00:00:00+00:00,88700.1,63921.09649999999,0.029177126269563217,0.02537571401039615,yukari,yuksek
2024-11-12 00:00:00+00:00,87948.8,64041.9675,0.02924632615010873,0.025384155544195788,yukari,yuksek
2024-11-13 00:00:00+00:00,90383.8,64176.628500000006,0.02849435638226509,0.025443698055193583,yukari,yuksek
2024-11-14 00:00:00+00:00,87349.4,64297.750499999995,0.02961500239257775,0.025476937945463234,yukari,yuksek
2024-11-15 00:00:00+00:00,91050.0,64433.600999999995,0.030209162107452954,0.025476937945463234,yukari,yuksek
2024-11-16 00:00:00+00:00,90575.4,64583.054,0.030248999369462157,0.025476937945463234,yukari,yuksek
2024-11-17 00:00:00+00:00,89860.0,64740.693999999996,0.03040524519090004,0.025476937945463234,yukari,yuksek
2024-11-18 00:00:00+00:00,90472.9,64897.7715,0.030350819265244966,0.025476937945463234,yukari,yuksek
2024-11-19 00:00:00+00:00,92302.1,65044.9675,0.030413484637358105,0.025476937945463234,yukari,yuksek
2024-11-20 00:00:00+00:00,94299.0,65196.982,0.02978290429756998,0.025476937945463234,yukari,yuksek
2024-11-21 00:00:00+00:00,98338.5,65368.624500000005,0.030229948827118117,0.025549321818553492,yukari,yuksek
2024-11-22 00:00:00+00:00,98899.5,65547.286,0.029922039588097867,0.025562148868580447,yukari,yuksek
2024-11-23 00:00:00+00:00,97692.1,65724.0935,0.0302154109259397,0.02561180722019322,yukari,yuksek
2024-11-24 00:00:00+00:00,97909.0,65907.6375,0.029579061365877866,0.025636843666303918,yukari,yuksek
2024-11-25 00:00:00+00:00,93034.1,66057.481,0.03178470101139452,0.025668436006273748,yukari,yuksek
2024-11-26 00:00:00+00:00,91976.1,66213.305,0.03203831598162629,0.02571049494123841,yukari,yuksek
2024-11-27 00:00:00+00:00,95868.0,66388.53850000001,0.03238686234095296,0.025787629149819524,yukari,yuksek
2024-11-28 00:00:00+00:00,95659.2,66559.475,0.032009072605716796,0.025900254234397298,yukari,yuksek
2024-11-29 00:00:00+00:00,97465.9,66732.12700000001,0.031930647663744455,0.025944464189355677,yukari,yuksek
2024-11-30 00:00:00+00:00,96430.0,66906.4525,0.031347789684015304,0.026018195916452245,yukari,yuksek
2024-12-01 00:00:00+00:00,97197.4,67061.328,0.031075119315292696,0.02603859494334892,yukari,yuksek
2024-12-02 00:00:00+00:00,95833.2,67214.2855,0.03133553452045883,0.0260514988199862,yukari,yuksek
2024-12-03 00:00:00+00:00,95860.2,67358.55,0.031184101534258345,0.02606143501049749,yukari,yuksek
2024-12-04 00:00:00+00:00,98628.2,67517.1405,0.030986441194099698,0.026103658335564564,yukari,yuksek
2024-12-05 00:00:00+00:00,96931.8,67670.4385,0.031396593669630095,0.026136975608889182,yukari,yuksek
2024-12-06 00:00:00+00:00,99745.6,67811.7575,0.028289518992374592,0.026140155305817366,yukari,yuksek
2024-12-07 00:00:00+00:00,99853.4,67960.322,0.028309225988890727,0.02619233859554624,yukari,yuksek
2024-12-08 00:00:00+00:00,101144.9,68120.136,0.028316835848450867,0.026196511414232213,yukari,yuksek
2024-12-09 00:00:00+00:00,97279.5,68266.727,0.029641209272574073,0.02623388390748886,yukari,yuksek
2024-12-10 00:00:00+00:00,96601.5,68406.9205,0.028814075919091915,0.02623388390748886,yukari,yuksek
2024-12-11 00:00:00+00:00,101131.4,68566.0775,0.02423133872631044,0.026196511414232213,yukari,dusuk
2024-12-12 00:00:00+00:00,100010.6,68723.555,0.024284418765077136,0.02619233859554624,yukari,dusuk
2024-12-13 00:00:00+00:00,101422.7,68883.617,0.023969066655498875,0.026140155305817366,yukari,dusuk
2024-12-14 00:00:00+00:00,101416.2,69048.675,0.022889733600117874,0.026140155305817366,yukari,dusuk
2024-12-15 00:00:00+00:00,104507.9,69232.9755,0.022348443310475103,0.026140155305817366,yukari,dusuk
2024-12-16 00:00:00+00:00,106078.2,69421.53649999999,0.02234574186541583,0.026140155305817366,yukari,dusuk
2024-12-17 00:00:00+00:00,106120.9,69614.34700000001,0.022227536193426618,0.026140155305817366,yukari,dusuk
2024-12-18 00:00:00+00:00,100203.9,69776.521,0.02501547533999569,0.026140155305817366,yukari,dusuk
2024-12-19 00:00:00+00:00,97451.1,69924.942,0.0254425692898901,0.026140155305817366,yukari,dusuk
2024-12-20 00:00:00+00:00,97794.8,70069.891,0.025175754611167066,0.026140155305817366,yukari,dusuk
2024-12-21 00:00:00+00:00,97286.2,70203.60399999999,0.023989115802093706,0.026140155305817366,yukari,dusuk
2024-12-22 00:00:00+00:00,95189.4,70323.976,0.02427312986858314,0.026140155305817366,yukari,dusuk
2024-12-23 00:00:00+00:00,94886.4,70444.42850000001,0.024187534215730756,0.026140155305817366,yukari,dusuk
2024-12-24 00:00:00+00:00,98655.9,70590.9575,0.02526086501367219,0.026140155305817366,yukari,dusuk
2024-12-25 00:00:00+00:00,99430.1,70741.56150000001,0.023350780065289272,0.026140155305817366,yukari,dusuk
2024-12-26 00:00:00+00:00,95783.7,70872.27399999999,0.024332576235976004,0.026140155305817366,yukari,dusuk
2024-12-27 00:00:00+00:00,94306.4,70996.1105,0.023297215545205682,0.026140155305817366,yukari,dusuk
2024-12-28 00:00:00+00:00,95306.3,71136.095,0.02338218074528188,0.026140155305817366,yukari,dusuk
2024-12-29 00:00:00+00:00,93740.0,71263.4265,0.023289322547621248,0.026140155305817366,yukari,dusuk
2024-12-30 00:00:00+00:00,92797.0,71393.54800000001,0.02328157310336518,0.026140155305817366,yukari,dusuk
2024-12-31 00:00:00+00:00,93579.1,71531.229,0.023288084282669392,0.026140155305817366,yukari,dusuk
2025-01-01 00:00:00+00:00,94600.0,71673.1475,0.023258689557386223,0.026140155305817366,yukari,dusuk
2025-01-02 00:00:00+00:00,97010.0,71824.787,0.02372374049460215,0.026140155305817366,yukari,dusuk
2025-01-03 00:00:00+00:00,98195.2,71983.3425,0.023240036545413414,0.026140155305817366,yukari,dusuk
2025-01-04 00:00:00+00:00,98220.8,72148.55600000001,0.023011816783172205,0.026140155305817366,yukari,dusuk
2025-01-05 00:00:00+00:00,98369.5,72315.553,0.022391196315119353,0.026140155305817366,yukari,dusuk
2025-01-06 00:00:00+00:00,102223.3,72502.23,0.023491235502254924,0.026140155305817366,yukari,dusuk
2025-01-07 00:00:00+00:00,96944.0,72666.188,0.02533110783945508,0.026140155305817366,yukari,dusuk
2025-01-08 00:00:00+00:00,95050.1,72820.107,0.024580102784898465,0.026136975608889182,yukari,dusuk
2025-01-09 00:00:00+00:00,92554.9,72966.8625,0.025008203674605947,0.026136975608889182,yukari,dusuk
2025-01-10 00:00:00+00:00,94728.6,73139.104,0.02384878707061419,0.026136975608889182,yukari,dusuk
2025-01-11 00:00:00+00:00,94615.1,73303.2105,0.02378892913116062,0.02606143501049749,yukari,dusuk
2025-01-12 00:00:00+00:00,94550.0,73471.636,0.023601416083814563,0.0260514988199862,yukari,dusuk
2025-01-13 00:00:00+00:00,94539.9,73635.82400000001,0.023601275329310792,0.02603859494334892,yukari,dusuk
2025-01-14 00:00:00+00:00,96562.0,73816.4795,0.02323460509882155,0.026018195916452245,yukari,dusuk
2025-01-15 00:00:00+00:00,100510.8,74014.073,0.024319066630494074,0.025944464189355677,yukari,dusuk
2025-01-16 00:00:00+00:00,99999.6,74200.222,0.024322651062134267,0.025900254234397298,yukari,dusuk
2025-01-17 00:00:00+00:00,104100.1,74406.19600000001,0.02315520986747494,0.025787629149819524,yukari,dusuk
2025-01-18 00:00:00+00:00,104560.6,74618.3495,0.022495573981156154,0.025668436006273748,yukari,dusuk
2025-01-19 00:00:00+00:00,101326.8,74823.91399999999,0.02332185392251018,0.025636843666303918,yukari,dusuk
2025-01-20 00:00:00+00:00,102269.9,75049.9375,0.02333471934632002,0.02561180722019322,yukari,dusuk
2025-01-21 00:00:00+00:00,106161.9,75297.647,0.02377879061756796,0.025562148868580447,yukari,dusuk
2025-01-22 00:00:00+00:00,103718.0,75525.0715,0.024256152998316134,0.025549321818553492,yukari,dusuk
2025-01-23 00:00:00+00:00,103925.7,75765.3495,0.023284233973303186,0.025476937945463234,yukari,dusuk
2025-01-24 00:00:00+00:00,104868.6,76006.09700000001,0.023296232406183268,0.025443698055193583,yukari,dusuk
2025-01-25 00:00:00+00:00,104759.2,76239.6725,0.022105511384941552,0.0254425692898901,yukari,dusuk
2025-01-26 00:00:00+00:00,102611.6,76464.12849999999,0.02227444942045429,0.025384155544195788,yukari,dusuk
2025-01-27 00:00:00+00:00,102075.7,76687.7755,0.02227188523464394,0.02535877434765343,yukari,dusuk
2025-01-28 00:00:00+00:00,101343.0,76904.9805,0.022063071708858045,0.025348208966842003,yukari,dusuk
2025-01-29 00:00:00+00:00,103747.5,77127.692,0.02224643675925905,0.02533110783945508,yukari,dusuk
2025-01-30 00:00:00+00:00,104742.3,77347.4545,0.022255760255430364,0.02526086501367219,yukari,dusuk
2025-01-31 00:00:00+00:00,102433.5,77535.872,0.022709331524839796,0.025232893063279135,yukari,dusuk
2025-02-01 00:00:00+00:00,100633.9,77713.806,0.022593213086180734,0.025175754611167066,yukari,dusuk
2025-02-02 00:00:00+00:00,97701.9,77881.84850000001,0.023173969424541384,0.025168072264117724,yukari,dusuk
2025-02-03 00:00:00+00:00,101358.2,78068.71149999999,0.024134384045628655,0.025136379244890168,yukari,dusuk
2025-02-04 00:00:00+00:00,97759.9,78224.1705,0.025070603725195036,0.025103033941154863,yukari,dusuk
2025-02-05 00:00:00+00:00,96618.3,78371.58300000001,0.024057408472889123,0.02508603656034815,yukari,dusuk
2025-02-06 00:00:00+00:00,96555.9,78513.5115,0.022032982466897565,0.02508603656034815,yukari,dusuk
2025-02-07 00:00:00+00:00,96490.8,78658.35,0.021721050278102817,0.02508603656034815,yukari,dusuk
2025-02-08 00:00:00+00:00,96449.5,78810.8925,0.02111196768463328,0.02508603656034815,yukari,dusuk
2025-02-09 00:00:00+00:00,96465.0,78966.3305,0.02070524569238658,0.02508603656034815,yukari,dusuk
2025-02-10 00:00:00+00:00,97417.7,79124.41949999999,0.020769879655793567,0.02508603656034815,yukari,dusuk
2025-02-11 00:00:00+00:00,95783.7,79263.787,0.02102437626007315,0.02508603656034815,yukari,dusuk
2025-02-12 00:00:00+00:00,97885.8,79413.689,0.021379378442935453,0.02508603656034815,yukari,dusuk
2025-02-13 00:00:00+00:00,96611.0,79555.54849999999,0.021188420327868718,0.02508603656034815,yukari,dusuk
2025-02-14 00:00:00+00:00,97500.0,79709.112,0.0198843260197908,0.02508603656034815,yukari,dusuk
2025-02-15 00:00:00+00:00,97590.6,79866.087,0.019872073142025083,0.02508603656034815,yukari,dusuk
2025-02-16 00:00:00+00:00,96113.5,80023.479,0.01845510796235722,0.02508603656034815,yukari,dusuk
2025-02-17 00:00:00+00:00,95784.0,80175.63100000001,0.018406926878160975,0.02508603656034815,yukari,dusuk
2025-02-18 00:00:00+00:00,95662.3,80346.489,0.01760308591322446,0.02508603656034815,yukari,dusuk
2025-02-19 00:00:00+00:00,96641.3,80526.1395,0.017623966619723232,0.02508603656034815,yukari,dusuk
2025-02-20 00:00:00+00:00,98299.5,80726.787,0.016412152115174963,0.02508603656034815,yukari,dusuk
2025-02-21 00:00:00+00:00,96138.4,80937.43100000001,0.016367096124414147,0.02508603656034815,yukari,dusuk
2025-02-22 00:00:00+00:00,96540.1,81140.06049999999,0.016392569737985443,0.02508603656034815,yukari,dusuk
2025-02-23 00:00:00+00:00,96268.1,81345.701,0.0162483123828102,0.02508603656034815,yukari,dusuk
2025-02-24 00:00:00+00:00,91550.1,81494.966,0.018400559020779535,0.02508603656034815,yukari,dusuk
2025-02-25 00:00:00+00:00,88676.4,81634.13799999999,0.018848136440197213,0.02508603656034815,yukari,dusuk
2025-02-26 00:00:00+00:00,84245.5,81750.768,0.02066474806432925,0.02508603656034815,yukari,dusuk
2025-02-27 00:00:00+00:00,84701.5,81880.637,0.020775617249368213,0.02508603656034815,yukari,dusuk
2025-02-28 00:00:00+00:00,84352.5,82005.6565,0.020025153921880815,0.02508603656034815,yukari,dusuk
2025-03-01 00:00:00+00:00,86056.9,82132.98150000001,0.02040874166786744,0.02508603656034815,yukari,dusuk
2025-03-02 00:00:00+00:00,94283.1,82310.97099999999,0.02689346044070682,0.025103033941154863,yukari,yuksek
2025-03-03 00:00:00+00:00,86227.8,82454.47,0.031111583388752622,0.025136379244890168,yukari,yuksek
2025-03-04 00:00:00+00:00,87280.8,82596.413,0.03091401985153636,0.025136379244890168,yukari,yuksek
2025-03-05 00:00:00+00:00,90610.9,82751.9725,0.03094608429545466,0.025136379244890168,yukari,yuksek
2025-03-06 00:00:00+00:00,89933.7,82909.462,0.030347731149690596,0.025136379244890168,yukari,yuksek
2025-03-07 00:00:00+00:00,86784.9,83046.2215,0.030899644362513957,0.025136379244890168,yukari,yuksek
2025-03-08 00:00:00+00:00,86239.3,83182.3785,0.030898407196259775,0.025136379244890168,yukari,yuksek
2025-03-09 00:00:00+00:00,80734.3,83280.25649999999,0.03290703979617786,0.025136379244890168,asagi,yuksek
2025-03-10 00:00:00+00:00,78596.8,83371.34049999999,0.03310696028428186,0.025136379244890168,asagi,yuksek
2025-03-11 00:00:00+00:00,82944.2,83465.8115,0.034899306683538134,0.025136379244890168,asagi,yuksek
2025-03-12 00:00:00+00:00,83692.1,83563.4675,0.03488715188515931,0.025136379244890168,yukari,yuksek
2025-03-13 00:00:00+00:00,81121.9,83647.96699999999,0.035150781222412525,0.025136379244890168,asagi,yuksek
2025-03-14 00:00:00+00:00,83988.0,83753.7065,0.03557628444232468,0.025136379244890168,yukari,yuksek
2025-03-15 00:00:00+00:00,84344.0,83878.4,0.035582597826881036,0.025136379244890168,yukari,yuksek
2025-03-16 00:00:00+00:00,82576.0,83996.079,0.035611415447566845,0.025136379244890168,asagi,yuksek
2025-03-17 00:00:00+00:00,83994.1,84119.299,0.03583282522290373,0.025136379244890168,asagi,yuksek
2025-03-18 00:00:00+00:00,82707.3,84237.19900000001,0.035834688994148635,0.025136379244890168,asagi,yuksek
2025-03-19 00:00:00+00:00,86847.4,84376.55,0.03716045933056518,0.025136379244890168,yukari,yuksek
2025-03-20 00:00:00+00:00,84223.5,84511.2135,0.03749244034308951,0.025136379244890168,asagi,yuksek
2025-03-21 00:00:00+00:00,84087.4,84635.916,0.037397647914843464,0.025136379244890168,asagi,yuksek
2025-03-22 00:00:00+00:00,83850.5,84767.73799999998,0.03717635410808193,0.025136379244890168,asagi,yuksek
2025-03-23 00:00:00+00:00,86081.2,84908.274,0.037467718674488344,0.025136379244890168,yukari,yuksek
2025-03-24 00:00:00+00:00,87506.9,85064.90849999999,0.03762281007955152,0.025136379244890168,yukari,yuksek
2025-03-25 00:00:00+00:00,87420.8,85232.2305,0.037625068134334375,0.025136379244890168,yukari,yuksek
2025-03-26 00:00:00+00:00,86919.0,85396.016,0.03656911587903529,0.025136379244890168,yukari,yuksek
2025-03-27 00:00:00+00:00,87218.3,85557.709,0.036130531975658735,0.025136379244890168,yukari,yuksek
2025-03-28 00:00:00+00:00,84429.1,85694.6785,0.03537726962811503,0.025136379244890168,asagi,yuksek
2025-03-29 00:00:00+00:00,82650.6,85819.7085,0.0355737418751471,0.025136379244890168,asagi,yuksek
2025-03-30 00:00:00+00:00,82403.4,85945.01150000001,0.03557070491958566,0.025136379244890168,asagi,yuksek
2025-03-31 00:00:00+00:00,82556.6,86067.155,0.03535875104574928,0.025136379244890168,asagi,yuksek
2025-04-01 00:00:00+00:00,85162.6,86190.48849999999,0.031404393279833936,0.025136379244890168,asagi,yuksek
2025-04-02 00:00:00+00:00,82513.5,86303.09199999999,0.027482710823158892,0.025136379244890168,asagi,yuksek
2025-04-03 00:00:00+00:00,83223.5,86423.55949999999,0.02742944434810012,0.025136379244890168,asagi,yuksek
2025-04-04 00:00:00+00:00,83900.0,86552.007,0.026496911883203206,0.025136379244890168,asagi,yuksek
2025-04-05 00:00:00+00:00,83536.7,86668.09850000002,0.026482881599959363,0.025136379244890168,asagi,yuksek
2025-04-06 00:00:00+00:00,78419.9,86751.359,0.028102693613035568,0.025136379244890168,asagi,yuksek
2025-04-07 00:00:00+00:00,79180.1,86832.4215,0.028196168025808255,0.025136379244890168,asagi,yuksek
2025-04-08 00:00:00+00:00,76332.0,86898.04100000001,0.026382409959696974,0.025136379244890168,asagi,yuksek
2025-04-09 00:00:00+00:00,82634.8,86994.46549999999,0.029815920869471345,0.025136379244890168,asagi,yuksek
2025-04-10 00:00:00+00:00,79606.0,87074.55,0.028949451659194207,0.025136379244890168,asagi,yuksek
2025-04-11 00:00:00+00:00,83422.0,87174.93399999998,0.030212882621565646,0.025136379244890168,asagi,yuksek
2025-04-12 00:00:00+00:00,85272.7,87279.907,0.02988346330098428,0.025136379244890168,asagi,yuksek
2025-04-13 00:00:00+00:00,83765.0,87382.9315,0.029415616885517346,0.025136379244890168,asagi,yuksek
2025-04-14 00:00:00+00:00,84579.9,87480.00050000001,0.029460020354785687,0.025136379244890168,asagi,yuksek
2025-04-15 00:00:00+00:00,83649.6,87569.35200000001,0.02926521166765514,0.025136379244890168,asagi,yuksek
2025-04-16 00:00:00+00:00,84034.1,87660.2365,0.029109648243319082,0.025136379244890168,asagi,yuksek
2025-04-17 00:00:00+00:00,84949.9,87756.965,0.02902380505509713,0.025136379244890168,asagi,yuksek
2025-04-18 00:00:00+00:00,84467.8,87862.65149999998,0.02758921223369868,0.025136379244890168,asagi,yuksek
2025-04-19 00:00:00+00:00,85091.6,87984.038,0.027043363397809654,0.025136379244890168,asagi,yuksek
2025-04-20 00:00:00+00:00,85193.1,88106.75300000001,0.027041209706791615,0.025136379244890168,asagi,yuksek
2025-04-21 00:00:00+00:00,87505.0,88240.48800000001,0.027455026337636516,0.025136379244890168,asagi,yuksek
2025-04-22 00:00:00+00:00,93461.2,88397.325,0.02956094416299329,0.025136379244890168,yukari,yuksek
2025-04-23 00:00:00+00:00,93683.6,88555.4125,0.029447740796491942,0.025136379244890168,yukari,yuksek
2025-04-24 00:00:00+00:00,93960.1,88711.0855,0.02944148966777396,0.025136379244890168,yukari,yuksek
2025-04-25 00:00:00+00:00,94601.9,88872.98849999999,0.029410739461667487,0.025136379244890168,yukari,yuksek
2025-04-26 00:00:00+00:00,94582.0,89035.1145,0.02941565329131412,0.025136379244890168,yukari,yuksek
2025-04-27 00:00:00+00:00,93708.0,89200.42,0.02875551553072284,0.025136379244890168,yukari,yuksek
2025-04-28 00:00:00+00:00,94960.0,89373.6335,0.028419468963115768,0.025136379244890168,yukari,yuksek
2025-04-29 00:00:00+00:00,94196.0,89531.91699999999,0.0284815634654604,0.025136379244890168,yukari,yuksek
2025-04-30 00:00:00+00:00,94112.2,89686.4265,0.02849462930805939,0.025136379244890168,yukari,yuksek
2025-05-01 00:00:00+00:00,96443.3,89854.25349999999,0.028305876105518556,0.025136379244890168,yukari,yuksek
2025-05-02 00:00:00+00:00,96837.0,90007.94899999998,0.027489935240002872,0.025136379244890168,yukari,yuksek
2025-05-03 00:00:00+00:00,95800.0,90151.53399999999,0.02763778480982619,0.025136379244890168,yukari,yuksek
2025-05-04 00:00:00+00:00,94232.0,90284.585,0.02789697106187076,0.025136379244890168,yukari,yuksek
2025-05-05 00:00:00+00:00,94694.1,90420.859,0.027854161163142547,0.025136379244890168,yukari,yuksek
2025-05-06 00:00:00+00:00,96782.0,90562.58300000001,0.024933457291309892,0.025103033941154863,yukari,dusuk
2025-05-07 00:00:00+00:00,96984.0,90705.6175,0.024944129064248297,0.02508603656034815,yukari,dusuk
2025-05-08 00:00:00+00:00,103234.1,90876.5375,0.0255528346082609,0.02508603656034815,yukari,yuksek
2025-05-09 00:00:00+00:00,102946.2,91054.375,0.02203200452855827,0.025070603725195036,yukari,dusuk
2025-05-10 00:00:00+00:00,104787.8,91241.183,0.020417087228163506,0.025034658764428338,yukari,dusuk
2025-05-11 00:00:00+00:00,104066.0,91428.2025,0.019327156035375177,0.025031114047020662,yukari,dusuk
2025-05-12 00:00:00+00:00,102740.0,91600.8895,0.019465095709747814,0.02501547533999569,yukari,dusuk
2025-05-13 00:00:00+00:00,104088.1,91787.855,0.018959278034363907,0.0250145566254124,yukari,dusuk
2025-05-14 00:00:00+00:00,103450.2,91969.606,0.01910867687367422,0.025010051343637676,yukari,dusuk
2025-05-15 00:00:00+00:00,103723.9,92148.08450000001,0.01883094869198159,0.025009056590931056,yukari,dusuk
2025-05-16 00:00:00+00:00,103411.5,92315.2825,0.01891787254284059,0.025008203674605947,yukari,dusuk
2025-05-17 00:00:00+00:00,103093.0,92466.991,0.01898898506278538,0.024944129064248297,yukari,dusuk
2025-05-18 00:00:00+00:00,106435.0,92637.45,0.019396073741468674,0.024933457291309892,yukari,dusuk
2025-05-19 00:00:00+00:00,105534.5,92813.601,0.019620563323097185,0.024890008840776304,yukari,dusuk
2025-05-20 00:00:00+00:00,106788.5,93000.05950000002,0.019604658854237348,0.024775804253559516,yukari,dusuk
2025-05-21 00:00:00+00:00,109609.1,93201.19049999998,0.019581192760236645,0.024766459376146067,yukari,dusuk
2025-05-22 00:00:00+00:00,111645.9,93415.53550000001,0.016357283058688287,0.024758023337722278,yukari,dusuk
2025-05-23 00:00:00+00:00,107272.3,93612.603,0.018375975669111935,0.024711204049273308,yukari,dusuk
2025-05-24 00:00:00+00:00,107724.0,93804.31350000002,0.018373711853961232,0.02471036229148582,yukari,dusuk
2025-05-25 00:00:00+00:00,108962.2,93971.1335,0.018412562411781117,0.024693599069546025,yukari,dusuk
2025-05-26 00:00:00+00:00,109391.9,94138.813,0.018389896884674947,0.02467013739529371,yukari,dusuk
2025-05-27 00:00:00+00:00,108895.5,94300.7825,0.018284427956285994,0.024616291126068716,yukari,dusuk
2025-05-28 00:00:00+00:00,107720.7,94455.946,0.018438082883389734,0.024580102784898465,yukari,dusuk
2025-05-29 00:00:00+00:00,105548.4,94581.791,0.018852418618439178,0.024428338543132696,yukari,dusuk
2025-05-30 00:00:00+00:00,103959.0,94658.0855,0.0191527237158083,0.02442625670842478,yukari,dusuk
2025-05-31 00:00:00+00:00,104550.0,94741.09150000001,0.01873994512756677,0.02439457489548157,yukari,dusuk
2025-06-01 00:00:00+00:00,105586.0,94817.1025,0.018784402623164782,0.024385358165487096,yukari,dusuk
2025-06-02 00:00:00+00:00,105814.4,94909.4275,0.018607930289737156,0.024332576235976004,yukari,dusuk
2025-06-03 00:00:00+00:00,105339.5,94980.875,0.018293499784332406,0.024322651062134267,yukari,dusuk
2025-06-04 00:00:00+00:00,104643.5,95051.21549999999,0.018388608818053195,0.024319066630494074,yukari,dusuk
2025-06-05 00:00:00+00:00,101457.8,95109.20449999999,0.019068638802890548,0.02431244574732267,yukari,dusuk
2025-06-06 00:00:00+00:00,104234.8,95178.01400000001,0.019626267319509758,0.024291951131561632,yukari,dusuk
2025-06-07 00:00:00+00:00,105502.9,95244.01799999998,0.01616069179061739,0.024284418765077136,yukari,dusuk
2025-06-08 00:00:00+00:00,105680.0,95300.923,0.016147745127720478,0.02427312986858314,yukari,dusuk
2025-06-09 00:00:00+00:00,110220.0,95360.33049999998,0.017571901924584347,0.02427312986858314,yukari,dusuk
2025-06-10 00:00:00+00:00,110237.4,95417.02,0.017499893188809984,0.02427312986858314,yukari,dusuk
2025-06-11 00:00:00+00:00,108596.4,95471.5415,0.017567430508680534,0.024256152998316134,yukari,dusuk
2025-06-12 00:00:00+00:00,105611.0,95510.0515,0.01824389157993617,0.024256152998316134,yukari,dusuk
2025-06-13 00:00:00+00:00,106009.0,95574.92599999999,0.01820935642701239,0.024256152998316134,yukari,dusuk
2025-06-14 00:00:00+00:00,105363.4,95641.8625,0.018249114754874816,0.024256152998316134,yukari,dusuk
2025-06-15 00:00:00+00:00,105540.0,95690.2225,0.018237838050419307,0.024256152998316134,yukari,dusuk
2025-06-16 00:00:00+00:00,106764.6,95745.74949999999,0.01832892120988958,0.024256152998316134,yukari,dusuk
2025-06-17 00:00:00+00:00,104516.5,95781.0025,0.01781845670903473,0.024256152998316134,yukari,dusuk
2025-06-18 00:00:00+00:00,104834.2,95823.0235,0.01776668326929758,0.024256152998316134,yukari,dusuk
2025-06-19 00:00:00+00:00,104600.1,95860.03700000001,0.01762311295962096,0.024256152998316134,yukari,dusuk
2025-06-20 00:00:00+00:00,103250.1,95897.12149999998,0.017010107005482413,0.024256152998316134,yukari,dusuk
2025-06-21 00:00:00+00:00,102070.0,95928.1705,0.016645531366342496,0.024256152998316134,yukari,dusuk
2025-06-22 00:00:00+00:00,100898.2,95939.52050000001,0.015216232486674593,0.024256152998316134,yukari,dusuk
2025-06-23 00:00:00+00:00,105288.1,95981.302,0.01723892459609211,0.024256152998316134,yukari,dusuk
2025-06-24 00:00:00+00:00,106040.5,96012.7765,0.017151594282739324,0.024256152998316134,yukari,dusuk
2025-06-25 00:00:00+00:00,107278.0,96049.8995,0.017282838308662767,0.024256152998316134,yukari,dusuk
2025-06-26 00:00:00+00:00,106915.3,96078.7515,0.017275105059622143,0.024256152998316134,yukari,dusuk
2025-06-27 00:00:00+00:00,107002.4,96127.366,0.017167721886099288,0.024256152998316134,yukari,dusuk
2025-06-28 00:00:00+00:00,107234.6,96180.5315,0.016743483181627918,0.024256152998316134,yukari,dusuk
2025-06-29 00:00:00+00:00,108308.8,96216.4185,0.016558652162723675,0.024256152998316134,yukari,dusuk
2025-06-30 00:00:00+00:00,107081.9,96251.775,0.016698184545598013,0.024256152998316134,yukari,dusuk
2025-07-01 00:00:00+00:00,105645.6,96272.8895,0.016805432763406417,0.024256152998316134,yukari,dusuk
2025-07-02 00:00:00+00:00,108797.8,96309.7975,0.01764032031699645,0.024256152998316134,yukari,dusuk
2025-07-03 00:00:00+00:00,109548.8,96335.002,0.017641965739236622,0.024256152998316134,yukari,dusuk
2025-07-04 00:00:00+00:00,107941.9,96344.3205,0.01783005405400185,0.024256152998316134,yukari,dusuk
2025-07-05 00:00:00+00:00,108147.8,96354.455,0.01677786601023877,0.024256152998316134,yukari,dusuk
2025-07-06 00:00:00+00:00,109142.0,96399.14550000001,0.016170806112970365,0.024256152998316134,yukari,dusuk
2025-07-07 00:00:00+00:00,108209.9,96452.9395,0.016145718131219563,0.024256152998316134,yukari,dusuk
2025-07-08 00:00:00+00:00,108878.4,96508.3575,0.016174395788279634,0.024256152998316134,yukari,dusuk
2025-07-09 00:00:00+00:00,111198.6,96577.91949999999,0.014726358390783309,0.024256152998316134,yukari,dusuk
2025-07-10 00:00:00+00:00,115993.0,96681.9375,0.01659580504061592,0.024256152998316134,yukari,dusuk
2025-07-11 00:00:00+00:00,117509.0,96795.05050000001,0.016410498554453857,0.024256152998316134,yukari,dusuk
2025-07-12 00:00:00+00:00,117398.7,96888.76449999999,0.015389006815375124,0.024256152998316134,yukari,dusuk
2025-07-13 00:00:00+00:00,119050.0,96986.864,0.015506732611069518,0.024256152998316134,yukari,dusuk
2025-07-14 00:00:00+00:00,119840.1,97107.146,0.015398092059934301,0.024256152998316134,yukari,dusuk
2025-07-15 00:00:00+00:00,117759.9,97224.4135,0.015900711283978314,0.02423133872631044,yukari,dusuk
2025-07-16 00:00:00+00:00,118660.9,97341.18650000001,0.01584976053972253,0.024187534215730756,yukari,dusuk
2025-07-17 00:00:00+00:00,119215.0,97468.56150000001,0.01514175763740128,0.024134384045628655,yukari,dusuk
2025-07-18 00:00:00+00:00,117987.6,97594.51449999999,0.015378265871179204,0.024087126889767805,yukari,dusuk
2025-07-19 00:00:00+00:00,117870.0,97715.969,0.015362772272310848,0.024057408472889123,yukari,dusuk
2025-07-20 00:00:00+00:00,117305.7,97829.4975,0.01512163350858891,0.023989115802093706,yukari,dusuk
2025-07-21 00:00:00+00:00,117411.9,97931.50700000001,0.014843193585417979,0.023969066655498875,yukari,dusuk
2025-07-22 00:00:00+00:00,120044.0,98040.75099999999,0.014849619995870415,0.02384878707061419,yukari,dusuk
2025-07-23 00:00:00+00:00,118788.8,98143.59100000001,0.013406917016644716,0.02378892913116062,yukari,dusuk
2025-07-24 00:00:00+00:00,118365.3,98243.57,0.013463688977071401,0.02377879061756796,yukari,dusuk
2025-07-25 00:00:00+00:00,117629.2,98320.59950000001,0.013494984688447079,0.02372374049460215,yukari,dusuk
2025-07-26 00:00:00+00:00,117908.0,98425.41950000002,0.013440828253019007,0.02367110538366307,yukari,dusuk
2025-07-27 00:00:00+00:00,119472.0,98547.52900000001,0.013552251936911737,0.023601416083814563,yukari,dusuk
2025-07-28 00:00:00+00:00,118099.1,98675.25,0.01383363632668932,0.023601275329310792,yukari,dusuk
2025-07-29 00:00:00+00:00,117940.8,98791.311,0.013797373901649717,0.02356313241913455,yukari,dusuk
2025-07-30 00:00:00+00:00,117794.8,98907.20950000001,0.013558681154972222,0.023491235502254924,yukari,dusuk
2025-07-31 00:00:00+00:00,115706.6,99012.9925,0.013766634304606019,0.02338218074528188,yukari,dusuk
2025-08-01 00:00:00+00:00,113250.0,99106.54299999999,0.013537193935339786,0.023350780065289272,yukari,dusuk
2025-08-02 00:00:00+00:00,112502.1,99186.2435,0.013571044501758993,0.02333471934632002,yukari,dusuk
2025-08-03 00:00:00+00:00,114152.5,99254.45199999999,0.013460065968413064,0.02332185392251018,yukari,dusuk
2025-08-04 00:00:00+00:00,115001.0,99329.459,0.013498043966010523,0.023297215545205682,yukari,dusuk
2025-08-05 00:00:00+00:00,114075.8,99379.3375,0.013551821139085212,0.023296232406183268,yukari,dusuk
2025-08-06 00:00:00+00:00,114944.0,99431.25450000001,0.013459380596142236,0.023289322547621248,yukari,dusuk
2025-08-07 00:00:00+00:00,117428.8,99511.7645,0.01390106723930791,0.023288084282669392,yukari,dusuk
2025-08-08 00:00:00+00:00,116620.8,99583.51899999999,0.013546798130675967,0.023284233973303186,yukari,dusuk
2025-08-09 00:00:00+00:00,116450.1,99634.96,0.011168437142365017,0.02328157310336518,yukari,dusuk
2025-08-10 00:00:00+00:00,119306.0,99712.9,0.01178623436932204,0.023258689557386223,yukari,dusuk
2025-08-11 00:00:00+00:00,118659.8,99786.5705,0.011833661720255425,0.023240036545413414,yukari,dusuk
2025-08-12 00:00:00+00:00,120108.0,99862.7675,0.011765356276573507,0.023235728283674748,yukari,dusuk
2025-08-13 00:00:00+00:00,123361.7,99955.78,0.012675847876390884,0.02323460509882155,yukari,dusuk
2025-08-14 00:00:00+00:00,118260.1,100034.0225,0.014579285151728745,0.023173969424541384,yukari,dusuk
2025-08-15 00:00:00+00:00,117285.1,100110.0695,0.014586978220943124,0.02315520986747494,yukari,dusuk
2025-08-16 00:00:00+00:00,117325.6,100189.9825,0.014556737486228467,0.023112125365080116,yukari,dusuk
2025-08-17 00:00:00+00:00,117346.9,100257.97949999999,0.014438345410272833,0.02307320248377636,yukari,dusuk
2025-08-18 00:00:00+00:00,116185.7,100315.19649999999,0.014547775539149753,0.023067181122736723,yukari,dusuk
2025-08-19 00:00:00+00:00,112826.1,100367.1595,0.01546051122683184,0.023011816783172205,yukari,dusuk
2025-08-20 00:00:00+00:00,114230.0,100435.14,0.015657180816147444,0.022935595745401244,yukari,dusuk
2025-08-21 00:00:00+00:00,112476.7,100509.01400000001,0.01524609140431591,0.022889733600117874,yukari,dusuk
2025-08-22 00:00:00+00:00,116915.9,100586.8025,0.016878512630902724,0.022709331524839796,yukari,dusuk
2025-08-23 00:00:00+00:00,115386.0,100674.933,0.01702851520677699,0.022593213086180734,yukari,dusuk
2025-08-24 00:00:00+00:00,113443.2,100759.0575,0.017257148233340736,0.022495573981156154,yukari,dusuk
2025-08-25 00:00:00+00:00,110074.0,100826.648,0.018028764005371102,0.022391196315119353,yukari,dusuk
2025-08-26 00:00:00+00:00,111711.3,100902.75050000001,0.01807799991310801,0.022348443310475103,yukari,dusuk
2025-08-27 00:00:00+00:00,111203.2,100976.519,0.017998573890583146,0.02234574186541583,yukari,dusuk
2025-08-28 00:00:00+00:00,112520.0,101056.79400000001,0.01817363842905797,0.022285653514880096,yukari,dusuk
2025-08-29 00:00:00+00:00,108335.7,101111.384,0.019345287474960466,0.02227444942045429,yukari,dusuk
2025-08-30 00:00:00+00:00,108758.1,101176.25600000001,0.01916705789755103,0.02227188523464394,yukari,dusuk
2025-08-31 00:00:00+00:00,108199.7,101227.8255,0.018826207723337776,0.022255760255430364,yukari,dusuk
2025-09-01 00:00:00+00:00,109182.5,101290.683,0.018896892641274803,0.02224643675925905,yukari,dusuk
2025-09-02 00:00:00+00:00,111185.5,101359.11050000001,0.019010757857879736,0.022239809542491617,yukari,dusuk
2025-09-03 00:00:00+00:00,111655.0,101429.4325,0.01897169305264016,0.022227536193426618,yukari,dusuk
2025-09-04 00:00:00+00:00,110674.0,101502.235,0.018981813507455918,0.022105511384941552,yukari,dusuk
2025-09-05 00:00:00+00:00,110627.4,101576.45199999999,0.01891302475054075,0.022063071708858045,yukari,dusuk
2025-09-06 00:00:00+00:00,110139.3,101648.837,0.01842735269435824,0.022032982466897565,yukari,dusuk
2025-09-07 00:00:00+00:00,111079.0,101721.0255,0.018504284669581938,0.02203200452855827,yukari,dusuk
2025-09-08 00:00:00+00:00,112023.1,101789.64350000002,0.018595764174490284,0.021815110931493336,yukari,dusuk
2025-09-09 00:00:00+00:00,111500.0,101866.45150000001,0.01796604989986047,0.021721050278102817,yukari,dusuk
2025-09-10 00:00:00+00:00,113899.9,101953.25050000001,0.01845903564646698,0.021539467306154057,yukari,dusuk
2025-09-11 00:00:00+00:00,115437.9,102049.0995,0.01849280758255418,0.021379378442935453,yukari,dusuk
2025-09-12 00:00:00+00:00,115971.5,102171.20649999999,0.017762378674299945,0.021192295949489435,yukari,dusuk
2025-09-13 00:00:00+00:00,115888.5,102307.26699999999,0.016060093745333914,0.021188420327868718,yukari,dusuk
2025-09-14 00:00:00+00:00,115226.4,102462.1715,0.01602518420773946,0.021151385142753987,yukari,dusuk
2025-09-15 00:00:00+00:00,115314.7,102615.2375,0.01602621536332185,0.021150342112618143,yukari,dusuk
2025-09-16 00:00:00+00:00,116747.5,102777.2125,0.016199074509215317,0.02114818881028742,yukari,dusuk
2025-09-17 00:00:00+00:00,116404.0,102928.948,0.01610357831736864,0.02111196768463328,yukari,dusuk
2025-09-18 00:00:00+00:00,117020.1,103042.633,0.01513508609972884,0.02102437626007315,yukari,dusuk
2025-09-19 00:00:00+00:00,115571.1,103189.3495,0.015183064896487497,0.02094970021747612,yukari,dusuk
2025-09-20 00:00:00+00:00,115623.2,103331.06149999998,0.01488502256331111,0.020876778527434893,yukari,dusuk
2025-09-21 00:00:00+00:00,115172.1,103453.8675,0.013078162008819295,0.020775617249368213,yukari,dusuk
2025-09-22 00:00:00+00:00,112609.9,103567.2485,0.013493966774103961,0.020769879655793567,yukari,dusuk
2025-09-23 00:00:00+00:00,111941.6,103693.03199999999,0.013184973404069506,0.02070524569238658,yukari,dusuk
2025-09-24 00:00:00+00:00,113253.6,103828.10350000001,0.01210177843554061,0.02066474806432925,yukari,dusuk
2025-09-25 00:00:00+00:00,108939.6,103969.13,0.013825705626196262,0.020499135017432734,yukari,dusuk
2025-09-26 00:00:00+00:00,109584.0,104124.06599999999,0.01386041924375503,0.020417087228163506,yukari,dusuk
2025-09-27 00:00:00+00:00,109581.8,104257.254,0.01366657672426699,0.02040874166786744,yukari,dusuk
2025-09-28 00:00:00+00:00,112121.1,104399.399,0.012441815607073506,0.02032280638147842,yukari,dusuk
2025-09-29 00:00:00+00:00,114246.0,104565.01950000001,0.012845288899126096,0.020025153921880815,yukari,dusuk
2025-09-30 00:00:00+00:00,113998.7,104715.073,0.012802427599685237,0.019981034159420277,yukari,dusuk
2025-10-01 00:00:00+00:00,118560.5,104886.15550000001,0.01447400621267871,0.01994005282741797,yukari,dusuk
2025-10-02 00:00:00+00:00,120477.9,105075.665,0.014400533721081693,0.0198843260197908,yukari,dusuk
2025-10-03 00:00:00+00:00,122189.0,105266.63949999999,0.01454936852919223,0.01988031438231159,yukari,dusuk
2025-10-04 00:00:00+00:00,122352.5,105464.86549999999,0.014381778254507606,0.01987832449226211,yukari,dusuk
2025-10-05 00:00:00+00:00,123434.4,105647.80050000001,0.014397110664582633,0.019872073142025083,yukari,dusuk
2025-10-06 00:00:00+00:00,124622.6,105849.796,0.014353257444225028,0.019872073142025083,yukari,dusuk
2025-10-07 00:00:00+00:00,121281.8,106035.76800000001,0.01541611290589032,0.019872073142025083,yukari,dusuk
2025-10-08 00:00:00+00:00,123235.7,106232.694,0.015569536988379788,0.019872073142025083,yukari,dusuk
2025-10-09 00:00:00+00:00,121604.6,106410.311,0.01579830185462964,0.019872073142025083,yukari,dusuk
2025-10-10 00:00:00+00:00,112776.1,106536.65699999999,0.020937326043560252,0.01987832449226211,yukari,yuksek
2025-10-11 00:00:00+00:00,110614.0,106652.62299999999,0.02105013696317226,0.01987832449226211,yukari,yuksek
2025-10-12 00:00:00+00:00,114911.4,106792.585,0.0222366039371412,0.0198843260197908,yukari,yuksek
2025-10-13 00:00:00+00:00,115115.1,106932.06899999999,0.022239659126115984,0.01994005282741797,yukari,yuksek
2025-10-14 00:00:00+00:00,112982.0,107074.8335,0.022475333685883083,0.01994005282741797,yukari,yuksek
2025-10-15 00:00:00+00:00,110714.3,107215.15199999999,0.02275600430038243,0.01994005282741797,yukari,yuksek
2025-10-16 00:00:00+00:00,108140.1,107343.8355,0.022952671646242536,0.01994005282741797,yukari,yuksek
2025-10-17 00:00:00+00:00,106375.9,107462.93199999999,0.02309260784970419,0.020025153921880815,asagi,yuksek
2025-10-18 00:00:00+00:00,107118.7,107572.7125,0.023115405116940456,0.02040874166786744,asagi,yuksek
2025-10-19 00:00:00+00:00,108588.5,107703.0875,0.02323558756295857,0.020417087228163506,yukari,yuksek
2025-10-20 00:00:00+00:00,110487.8,107839.409,0.0235020191971648,0.02066474806432925,yukari,yuksek
2025-10-21 00:00:00+00:00,108243.0,107961.12400000001,0.023754868966093107,0.02070524569238658,yukari,yuksek
2025-10-22 00:00:00+00:00,107530.5,108081.093,0.02345891884237965,0.020769879655793567,asagi,yuksek
2025-10-23 00:00:00+00:00,110009.7,108239.04199999999,0.023856142051233153,0.020775617249368213,yukari,yuksek
2025-10-24 00:00:00+00:00,110961.5,108397.94899999998,0.023808833617555595,0.020937326043560252,yukari,yuksek
2025-10-25 00:00:00+00:00,111583.7,108574.2075,0.022710135039200798,0.02094970021747612,yukari,yuksek
2025-10-26 00:00:00+00:00,114508.4,108733.5755,0.023153281615807087,0.02102437626007315,yukari,yuksek
2025-10-27 00:00:00+00:00,114060.3,108905.84700000001,0.023172855956955986,0.02105013696317226,yukari,yuksek
2025-10-28 00:00:00+00:00,112848.6,109052.98,0.022904466695116088,0.02111196768463328,yukari,yuksek
2025-10-29 00:00:00+00:00,109973.0,109176.48149999998,0.023104389268803892,0.021188420327868718,yukari,yuksek
2025-10-30 00:00:00+00:00,108261.0,109298.96149999999,0.023253911372185257,0.021379378442935453,asagi,yuksek
2025-10-31 00:00:00+00:00,109547.3,109423.79849999999,0.022098617757723628,0.021721050278102817,yukari,yuksek
2025-11-01 00:00:00+00:00,110050.2,109555.80149999999,0.021862358389900874,0.021862358389900874,yukari,dusuk
2025-11-02 00:00:00+00:00,110498.9,109688.12550000001,0.021667293276759828,0.021862358389900874,yukari,dusuk
2025-11-03 00:00:00+00:00,106533.6,109796.04399999998,0.022473453862223425,0.02203200452855827,asagi,yuksek
2025-11-04 00:00:00+00:00,101436.4,109880.88700000002,0.023728095018653892,0.022032982466897565,asagi,yuksek
2025-11-05 00:00:00+00:00,103830.4,109974.58099999999,0.02417863950270037,0.022063071708858045,asagi,yuksek
2025-11-06 00:00:00+00:00,101306.0,110055.14549999998,0.024106051736888845,0.022063071708858045,asagi,yuksek
2025-11-07 00:00:00+00:00,103286.2,110134.05149999999,0.02421981924364702,0.022063071708858045,asagi,yuksek
2025-11-08 00:00:00+00:00,102268.9,110178.09,0.02419160277085479,0.022063071708858045,asagi,yuksek
2025-11-09 00:00:00+00:00,104659.2,110232.96800000001,0.02087604975049785,0.022032982466897565,asagi,dusuk
2025-11-10 00:00:00+00:00,105960.0,110292.9675,0.02079515725448242,0.02203200452855827,asagi,dusuk
2025-11-11 00:00:00+00:00,103017.9,110335.0475,0.01995217105694014,0.021862358389900874,asagi,dusuk
2025-11-12 00:00:00+00:00,101607.9,110370.17700000001,0.020008645245677113,0.021721050278102817,asagi,dusuk
2025-11-13 00:00:00+00:00,99639.2,110399.83300000001,0.020030847880608892,0.021667293276759828,asagi,dusuk
2025-11-14 00:00:00+00:00,94533.0,110397.698,0.021724337016582457,0.021667293276759828,asagi,yuksek
2025-11-15 00:00:00+00:00,95557.1,110404.50350000002,0.021632672650720036,0.021632672650720036,asagi,dusuk
2025-11-16 00:00:00+00:00,94224.4,110405.0645,0.021589856779599705,0.021589856779599705,asagi,dusuk
2025-11-17 00:00:00+00:00,92170.1,110383.69850000001,0.021729100169456644,0.021589856779599705,asagi,yuksek
2025-11-18 00:00:00+00:00,92922.5,110364.12600000002,0.021589220851188896,0.021589220851188896,asagi,dusuk
2025-11-19 00:00:00+00:00,91520.6,110342.729,0.021232600927340334,0.021379378442935453,asagi,dusuk
2025-11-20 00:00:00+00:00,86595.1,110304.54450000002,0.02292093125433644,0.021379378442935453,asagi,yuksek
2025-11-21 00:00:00+00:00,85086.5,110256.5065,0.02299456864655501,0.021379378442935453,asagi,yuksek
2025-11-22 00:00:00+00:00,84700.0,110196.0965,0.022270425957731762,0.021379378442935453,asagi,yuksek
2025-11-23 00:00:00+00:00,86803.9,110145.196,0.02287902468594275,0.021379378442935453,asagi,yuksek
2025-11-24 00:00:00+00:00,88241.8,110070.23449999999,0.02318752480615162,0.021379378442935453,asagi,yuksek
2025-11-25 00:00:00+00:00,87312.0,109992.06349999999,0.02229897172542614,0.021379378442935453,asagi,yuksek
2025-11-26 00:00:00+00:00,90425.8,109920.25349999999,0.02369807688510117,0.021379378442935453,asagi,yuksek
2025-11-27 00:00:00+00:00,91287.2,109856.35949999999,0.023896855351377144,0.021379378442935453,asagi,yuksek
2025-11-28 00:00:00+00:00,90850.0,109796.9095,0.023635015598030912,0.021379378442935453,asagi,yuksek
2025-11-29 00:00:00+00:00,90762.8,109730.28300000001,0.023587623668756417,0.021379378442935453,asagi,yuksek
2025-11-30 00:00:00+00:00,90316.5,109664.61450000001,0.02335158212954712,0.021379378442935453,asagi,yuksek
2025-12-01 00:00:00+00:00,86245.0,109577.22,0.02434106571320268,0.021379378442935453,asagi,yuksek
2025-12-02 00:00:00+00:00,91246.6,109516.39549999998,0.026975281519954177,0.021379378442935453,asagi,yuksek
2025-12-03 00:00:00+00:00,93377.4,109467.8175,0.026872698853106586,0.021379378442935453,asagi,yuksek
2025-12-04 00:00:00+00:00,92036.3,109395.82400000001,0.025604078684335015,0.021379378442935453,asagi,yuksek
2025-12-05 00:00:00+00:00,89284.0,109314.5715,0.025559250963016058,0.021379378442935453,asagi,yuksek
2025-12-06 00:00:00+00:00,89186.8,109226.563,0.025297284011313904,0.021379378442935453,asagi,yuksek
2025-12-07 00:00:00+00:00,90335.6,109130.1955,0.02511390509004601,0.021379378442935453,asagi,yuksek
2025-12-08 00:00:00+00:00,90604.7,109024.9895,0.025127852796822458,0.021379378442935453,asagi,yuksek
2025-12-09 00:00:00+00:00,92627.9,108951.7675,0.02509054604641776,0.021379378442935453,asagi,yuksek
2025-12-10 00:00:00+00:00,91979.7,108873.046,0.024901888378252208,0.021379378442935453,asagi,yuksek
2025-12-11 00:00:00+00:00,92479.9,108790.63449999999,0.024564267432956075,0.021379378442935453,asagi,yuksek
2025-12-12 00:00:00+00:00,90219.7,108694.7735,0.024801375739208625,0.021379378442935453,asagi,yuksek
2025-12-13 00:00:00+00:00,90204.1,108601.3165,0.024632823890174935,0.021379378442935453,asagi,yuksek
2025-12-14 00:00:00+00:00,88114.6,108503.28600000002,0.023151235712574318,0.021379378442935453,asagi,yuksek
2025-12-15 00:00:00+00:00,86390.9,108407.4985,0.023225599309934963,0.021379378442935453,asagi,yuksek
2025-12-16 00:00:00+00:00,87825.7,108326.832,0.023409108260170366,0.021379378442935453,asagi,yuksek
2025-12-17 00:00:00+00:00,86201.5,108235.08949999999,0.023319065898514072,0.021379378442935453,asagi,yuksek
2025-12-18 00:00:00+00:00,85458.2,108134.45049999999,0.023263225808432205,0.021379378442935453,asagi,yuksek
2025-12-19 00:00:00+00:00,88104.0,108045.8985,0.023909471482334327,0.021379378442935453,asagi,yuksek
2025-12-20 00:00:00+00:00,88322.0,107960.811,0.02162309281277274,0.021379378442935453,asagi,yuksek
2025-12-21 00:00:00+00:00,88624.1,107880.714,0.021350647820652123,0.021350647820652123,asagi,dusuk
2025-12-22 00:00:00+00:00,88576.2,107816.306,0.021324897845619344,0.021324897845619344,asagi,dusuk
2025-12-23 00:00:00+00:00,87442.2,107732.343,0.021022777359684757,0.021232600927340334,asagi,dusuk
2025-12-24 00:00:00+00:00,87630.1,107642.979,0.020804195892434284,0.021188420327868718,asagi,dusuk
2025-12-25 00:00:00+00:00,87180.4,107550.481,0.020734297718816037,0.02111196768463328,asagi,dusuk
2025-12-26 00:00:00+00:00,87328.0,107436.021,0.01965384387806597,0.02105013696317226,asagi,dusuk
2025-12-27 00:00:00+00:00,87833.6,107324.002,0.019596179414004263,0.02102437626007315,asagi,dusuk
2025-12-28 00:00:00+00:00,87913.0,107220.585,0.019588567998584175,0.021022777359684757,asagi,dusuk
2025-12-29 00:00:00+00:00,87195.3,107128.5065,0.019631361422568647,0.020937326043560252,asagi,dusuk
2025-12-30 00:00:00+00:00,88450.1,107040.712,0.019822692772026845,0.02087604975049785,asagi,dusuk
2025-12-31 00:00:00+00:00,87593.1,106951.86050000001,0.017973876651883193,0.020804195892434284,asagi,dusuk
2026-01-01 00:00:00+00:00,88805.0,106868.1855,0.01481269689776452,0.02079515725448242,asagi,dusuk
2026-01-02 00:00:00+00:00,89950.4,106784.1145,0.014350735916576436,0.020775617249368213,asagi,dusuk
2026-01-03 00:00:00+00:00,90587.9,106714.4715,0.014204397726338289,0.020769879655793567,asagi,dusuk
2026-01-04 00:00:00+00:00,91488.7,106647.744,0.013151461093029818,0.020734297718816037,asagi,dusuk
2026-01-05 00:00:00+00:00,93817.8,106593.8325,0.0138726632435384,0.02070524569238658,asagi,dusuk
2026-01-06 00:00:00+00:00,93712.9,106546.1465,0.01372014901301453,0.02066474806432925,asagi,dusuk
2026-01-07 00:00:00+00:00,91330.4,106492.44850000001,0.014569859520888843,0.020417087228163506,asagi,dusuk
2026-01-08 00:00:00+00:00,91055.7,106443.23599999999,0.013982567429842899,0.02040874166786744,asagi,dusuk
2026-01-09 00:00:00+00:00,90604.6,106369.8185,0.013954864606398146,0.020030847880608892,asagi,dusuk
2026-01-10 00:00:00+00:00,90471.7,106291.97450000001,0.013910610063096518,0.020025153921880815,asagi,dusuk
2026-01-11 00:00:00+00:00,90962.0,106210.39450000001,0.013186258406693702,0.020008645245677113,asagi,dusuk
2026-01-12 00:00:00+00:00,91250.2,106132.069,0.013196431400485004,0.01995217105694014,asagi,dusuk
2026-01-13 00:00:00+00:00,95394.2,106074.028,0.014701425378650407,0.0198843260197908,asagi,dusuk
2026-01-14 00:00:00+00:00,96914.6,106022.42800000001,0.014260102909506744,0.019872073142025083,asagi,dusuk
2026-01-15 00:00:00+00:00,95570.0,105958.734,0.014411965287801374,0.019822692772026845,asagi,dusuk
2026-01-16 00:00:00+00:00,95500.8,105900.8285,0.0138510667248163,0.01965384387806597,asagi,dusuk
2026-01-17 00:00:00+00:00,95114.0,105848.1705,0.013737748428295981,0.019631361422568647,asagi,dusuk
2026-01-18 00:00:00+00:00,93625.2,105772.3075,0.013197579538711658,0.019626267319509758,asagi,dusuk
2026-01-19 00:00:00+00:00,92588.1,105687.504,0.013413903834114355,0.019620563323097185,asagi,dusuk
2026-01-20 00:00:00+00:00,88387.3,105589.731,0.016013233878758196,0.019604658854237348,asagi,dusuk
2026-01-21 00:00:00+00:00,89401.0,105495.99699999999,0.016149527949409215,0.019596179414004263,asagi,dusuk
2026-01-22 00:00:00+00:00,89519.1,105397.8825,0.01595642864896585,0.019588567998584175,asagi,dusuk
2026-01-23 00:00:00+00:00,89556.0,105304.61300000001,0.01595445783933062,0.019581192760236645,asagi,dusuk
2026-01-24 00:00:00+00:00,89180.0,105206.12100000001,0.015943476886302512,0.019465095709747814,asagi,dusuk
2026-01-25 00:00:00+00:00,86628.9,105083.2725,0.016842187688901618,0.019396073741468674,asagi,dusuk
2026-01-26 00:00:00+00:00,88302.3,104944.819,0.01718064343468776,0.019345287474960466,asagi,dusuk
2026-01-27 00:00:00+00:00,89209.1,104803.3195,0.017278084231243492,0.019327156035375177,asagi,dusuk
2026-01-28 00:00:00+00:00,89264.3,104662.6475,0.017200069236161946,0.01916705789755103,asagi,dusuk
2026-01-29 00:00:00+00:00,84603.8,104490.4165,0.019654857985515563,0.01916705789755103,asagi,yuksek
2026-01-30 00:00:00+00:00,84212.7,104312.27949999999,0.0196029724733246,0.01916705789755103,asagi,yuksek
2026-01-31 00:00:00+00:00,78699.6,104116.978,0.022822184154683827,0.01916705789755103,asagi,yuksek
2026-02-01 00:00:00+00:00,76946.4,103908.4055,0.022835043657824516,0.01916705789755103,asagi,yuksek
2026-02-02 00:00:00+00:00,78698.6,103705.8235,0.023291081945790916,0.01916705789755103,asagi,yuksek
2026-02-03 00:00:00+00:00,75744.5,103494.60800000001,0.023902587826123388,0.01916705789755103,asagi,yuksek
2026-02-04 00:00:00+00:00,73130.5,103270.91050000001,0.02370103511858875,0.01916705789755103,asagi,yuksek
2026-02-05 00:00:00+00:00,62873.6,102998.75,0.03517693139517279,0.01916705789755103,asagi,yuksek
2026-02-06 00:00:00+00:00,70528.9,102764.335,0.04214339825245029,0.01916705789755103,asagi,yuksek
2026-02-07 00:00:00+00:00,69260.0,102510.415,0.04216465319769689,0.01916705789755103,asagi,yuksek
2026-02-08 00:00:00+00:00,70300.1,102267.97149999999,0.042387662640210405,0.01916705789755103,asagi,yuksek
2026-02-09 00:00:00+00:00,70115.4,102026.72200000001,0.0423815814604852,0.01916705789755103,asagi,yuksek
2026-02-10 00:00:00+00:00,68804.2,101782.597,0.042338791668855236,0.01916705789755103,asagi,yuksek
2026-02-11 00:00:00+00:00,67051.5,101528.3145,0.04237490881705994,0.01916705789755103,asagi,yuksek
2026-02-12 00:00:00+00:00,66243.0,101262.16949999999,0.04109698026595867,0.01916705789755103,asagi,yuksek
2026-02-13 00:00:00+00:00,68814.9,101015.7485,0.041814796333225164,0.01916705789755103,asagi,yuksek
2026-02-14 00:00:00+00:00,69790.3,100774.996,0.04206839136964896,0.01916705789755103,asagi,yuksek
2026-02-15 00:00:00+00:00,68796.6,100530.005,0.04203295985464255,0.01916705789755103,asagi,yuksek
2026-02-16 00:00:00+00:00,68864.0,100295.79200000002,0.042071414692331686,0.019327156035375177,asagi,yuksek
2026-02-17 00:00:00+00:00,67480.6,100066.945,0.04209804259333947,0.019345287474960466,asagi,yuksek
2026-02-18 00:00:00+00:00,66428.1,99836.575,0.042107189112771955,0.019396073741468674,asagi,yuksek
2026-02-19 00:00:00+00:00,66969.9,99600.662,0.04170334495089892,0.019465095709747814,asagi,yuksek
2026-02-20 00:00:00+00:00,67986.4,99365.589,0.04177116270609446,0.019581192760236645,asagi,yuksek
2026-02-21 00:00:00+00:00,67943.5,99134.9275,0.0417558494392442,0.019588567998584175,asagi,yuksek
2026-02-22 00:00:00+00:00,67619.7,98898.306,0.04172542723071961,0.019596179414004263,asagi,yuksek
2026-02-23 00:00:00+00:00,64624.7,98634.28549999998,0.04222187164582435,0.0196029724733246,asagi,yuksek
2026-02-24 00:00:00+00:00,64028.2,98371.3225,0.04208062554687834,0.019604658854237348,asagi,yuksek
2026-02-25 00:00:00+00:00,67966.5,98128.90449999999,0.043672832452490956,0.019620563323097185,asagi,yuksek
2026-02-26 00:00:00+00:00,67448.4,97869.6165,0.04352719460433924,0.019620563323097185,asagi,yuksek
2026-02-27 00:00:00+00:00,65842.1,97605.52799999999,0.043566537078043345,0.019620563323097185,asagi,yuksek
2026-02-28 00:00:00+00:00,66938.2,97339.679,0.04303145623397932,0.019620563323097185,asagi,yuksek
2026-03-01 00:00:00+00:00,65739.9,97051.57,0.04306714816353044,0.019620563323097185,asagi,yuksek
2026-03-02 00:00:00+00:00,68799.5,96804.26699999999,0.042635320076867496,0.019620563323097185,asagi,yuksek
2026-03-03 00:00:00+00:00,68294.3,96559.31300000001,0.04250367698908542,0.019620563323097185,asagi,yuksek
2026-03-04 00:00:00+00:00,72644.4,96335.90699999999,0.043926693330792965,0.019620563323097185,asagi,yuksek
2026-03-05 00:00:00+00:00,70851.8,96103.4315,0.04362162755369373,0.019620563323097185,asagi,yuksek
2026-03-06 00:00:00+00:00,68076.9,95862.8875,0.04375599084442891,0.019620563323097185,asagi,yuksek
2026-03-07 00:00:00+00:00,67227.7,95634.89550000001,0.033664191021232005,0.019620563323097185,asagi,yuksek
2026-03-08 00:00:00+00:00,65942.4,95393.4575,0.026284447144889485,0.019620563323097185,asagi,yuksek
2026-03-09 00:00:00+00:00,68387.6,95173.01200000002,0.0270228022244345,0.019620563323097185,asagi,yuksek
2026-03-10 00:00:00+00:00,69912.9,94937.99699999999,0.02719372881710079,0.019620563323097185,asagi,yuksek
2026-03-11 00:00:00+00:00,70151.5,94711.82449999999,0.027197339159990813,0.019620563323097185,asagi,yuksek
2026-03-12 00:00:00+00:00,70479.6,94497.0065,0.026972069789034134,0.019620563323097185,asagi,yuksek
2026-03-13 00:00:00+00:00,70897.0,94301.12150000001,0.02651085798078882,0.019620563323097185,asagi,yuksek
2026-03-14 00:00:00+00:00,71172.8,94098.42899999999,0.02638035248930924,0.019620563323097185,asagi,yuksek
2026-03-15 00:00:00+00:00,72774.1,93906.28349999999,0.025793181615046394,0.019620563323097185,asagi,yuksek
2026-03-16 00:00:00+00:00,74842.3,93717.895,0.026144196641538366,0.019620563323097185,asagi,yuksek
2026-03-17 00:00:00+00:00,73870.6,93545.5695,0.026117238552674154,0.019620563323097185,asagi,yuksek
2026-03-18 00:00:00+00:00,71211.6,93357.837,0.027072997052085417,0.019620563323097185,asagi,yuksek
2026-03-19 00:00:00+00:00,69884.8,93166.2625,0.027033807651969836,0.019620563323097185,asagi,yuksek
2026-03-20 00:00:00+00:00,70476.2,92972.731,0.026872674881251137,0.019620563323097185,asagi,yuksek
2026-03-21 00:00:00+00:00,68889.3,92761.25,0.02721864547194111,0.019620563323097185,asagi,yuksek
2026-03-22 00:00:00+00:00,67830.9,92542.1295,0.027243483312609767,0.019620563323097185,asagi,yuksek
2026-03-23 00:00:00+00:00,70862.0,92343.0695,0.02839132883542157,0.019620563323097185,asagi,yuksek
2026-03-24 00:00:00+00:00,70523.8,92142.5515,0.028391381138138796,0.019620563323097185,asagi,yuksek
2026-03-25 00:00:00+00:00,71307.0,91948.39,0.02702610092725598,0.019620563323097185,asagi,yuksek
2026-03-26 00:00:00+00:00,68799.5,91736.9925,0.02787159566662127,0.019620563323097185,asagi,yuksek
2026-03-27 00:00:00+00:00,66363.1,91508.6925,0.026534344346828307,0.019620563323097185,asagi,yuksek
2026-03-28 00:00:00+00:00,66340.0,91282.8925,0.02650275521267726,0.019620563323097185,asagi,yuksek
2026-03-29 00:00:00+00:00,65980.4,91043.295,0.026147498317018462,0.019620563323097185,asagi,yuksek
2026-03-30 00:00:00+00:00,66765.2,90799.9315,0.0260597477958912,0.019620563323097185,asagi,yuksek
2026-03-31 00:00:00+00:00,68241.2,90561.28,0.02612951099678683,0.019620563323097185,asagi,yuksek
2026-04-01 00:00:00+00:00,68079.1,90322.23300000001,0.024760128023226954,0.019620563323097185,asagi,yuksek
2026-04-02 00:00:00+00:00,66864.5,90080.42349999999,0.024939499850870236,0.019620563323097185,asagi,yuksek
2026-04-03 00:00:00+00:00,66929.0,89838.495,0.021984589871271613,0.019620563323097185,asagi,yuksek
2026-04-04 00:00:00+00:00,67267.4,89591.09449999999,0.0216169406325849,0.019620563323097185,asagi,yuksek
2026-04-05 00:00:00+00:00,69008.0,89354.1145,0.020919877283632763,0.019620563323097185,asagi,yuksek
2026-04-06 00:00:00+00:00,68812.9,89113.0785,0.02078634411682451,0.019620563323097185,asagi,yuksek
2026-04-07 00:00:00+00:00,71904.6,88894.746,0.021859529355971727,0.019620563323097185,asagi,yuksek
2026-04-08 00:00:00+00:00,71041.7,88671.83850000001,0.021073627739153458,0.019620563323097185,asagi,yuksek
2026-04-09 00:00:00+00:00,71759.0,88454.773,0.020777026852412186,0.019620563323097185,asagi,yuksek
2026-04-10 00:00:00+00:00,72925.8,88256.3525,0.02095965215851674,0.019620563323097185,asagi,yuksek
2026-04-11 00:00:00+00:00,73014.7,88061.71800000001,0.020949968209540995,0.019620563323097185,asagi,yuksek
2026-04-12 00:00:00+00:00,70707.9,87848.9895,0.021786809974297435,0.019620563323097185,asagi,yuksek
2026-04-13 00:00:00+00:00,74385.5,87676.219,0.023676223616985417,0.019620563323097185,asagi,yuksek
2026-04-14 00:00:00+00:00,74100.1,87498.79950000001,0.02336383282078563,0.019620563323097185,asagi,yuksek
2026-04-15 00:00:00+00:00,74773.4,87324.7575,0.02284698347388491,0.019620563323097185,asagi,yuksek
2026-04-16 00:00:00+00:00,75106.7,87139.68549999999,0.02272580444315254,0.019620563323097185,asagi,yuksek
2026-04-17 00:00:00+00:00,77033.1,86953.621,0.022033078607485785,0.019620563323097185,asagi,yuksek
2026-04-18 00:00:00+00:00,75649.6,86761.8755,0.022010467149558025,0.019620563323097185,asagi,yuksek
2026-04-19 00:00:00+00:00,73767.8,86537.912,0.022554794991028287,0.019620563323097185,asagi,yuksek
2026-04-20 00:00:00+00:00,75803.4,86314.53950000001,0.0225447407452998,0.019620563323097185,asagi,yuksek
2026-04-21 00:00:00+00:00,76302.1,86085.105,0.022272794541971848,0.019620563323097185,asagi,yuksek
2026-04-22 00:00:00+00:00,78147.0,85864.0775,0.021325345951970425,0.019620563323097185,asagi,yuksek
2026-04-23 00:00:00+00:00,78209.7,85637.95399999998,0.021277002284220824,0.019620563323097185,asagi,yuksek
2026-04-24 00:00:00+00:00,77386.8,85401.775,0.02137678885698397,0.019620563323097185,asagi,yuksek
2026-04-25 00:00:00+00:00,77587.9,85183.3055,0.02010208530795028,0.019620563323097185,asagi,yuksek
2026-04-26 00:00:00+00:00,78621.5,84960.2345,0.01867865180053709,0.019604658854237348,asagi,dusuk
2026-04-27 00:00:00+00:00,77327.6,84738.8495,0.019089539150026005,0.0196029724733246,asagi,dusuk
2026-04-28 00:00:00+00:00,76301.9,84556.47850000001,0.01929398280676159,0.019596179414004263,asagi,dusuk
2026-04-29 00:00:00+00:00,75755.0,84382.18350000001,0.01936902964559383,0.019588567998584175,asagi,dusuk
2026-04-30 00:00:00+00:00,76312.8,84189.19049999998,0.019091996347736975,0.019581192760236645,asagi,dusuk
2026-05-01 00:00:00+00:00,78195.4,84004.59199999999,0.019418861645120276,0.019465095709747814,asagi,dusuk
2026-05-02 00:00:00+00:00,78656.0,83832.962,0.0189432718947052,0.019418861645120276,asagi,dusuk
2026-05-03 00:00:00+00:00,78531.0,83672.04550000001,0.018969687451671137,0.019396073741468674,asagi,dusuk
2026-05-04 00:00:00+00:00,79821.4,83530.45199999999,0.019074850767453844,0.01936902964559383,asagi,dusuk
2026-05-05 00:00:00+00:00,80875.3,83402.94900000001,0.018761397475358,0.019345287474960466,asagi,dusuk
2026-05-06 00:00:00+00:00,81395.7,83274.33399999999,0.01869923450518438,0.019327156035375177,asagi,dusuk
2026-05-07 00:00:00+00:00,79979.2,83131.2875,0.017694095235267156,0.01929398280676159,asagi,dusuk
2026-05-08 00:00:00+00:00,80152.4,82979.61050000001,0.017449929955957285,0.01916705789755103,asagi,dusuk
2026-05-09 00:00:00+00:00,80631.6,82841.55350000001,0.01741720647264911,0.0191527237158083,asagi,dusuk
2026-05-10 00:00:00+00:00,82182.8,82714.815,0.017496150496173292,0.01910867687367422,asagi,dusuk
2026-05-11 00:00:00+00:00,81696.6,82573.2495,0.01758363367029013,0.019091996347736975,asagi,dusuk
2026-05-12 00:00:00+00:00,80460.2,82420.743,0.01664285803738928,0.019089539150026005,asagi,dusuk
2026-05-13 00:00:00+00:00,79288.2,82259.2655,0.01450048974720594,0.019089539150026005,asagi,dusuk
2026-05-14 00:00:00+00:00,81060.0,82092.0235,0.01490020993211086,0.019074850767453844,asagi,dusuk
2026-05-15 00:00:00+00:00,79082.4,81917.13399999999,0.015680767284570914,0.019074850767453844,asagi,dusuk
2026-05-16 00:00:00+00:00,78106.9,81743.4255,0.015885888364150974,0.019074850767453844,asagi,dusuk
2026-05-17 00:00:00+00:00,77415.0,81580.6355,0.015320259678865444,0.019074850767453844,asagi,dusuk
2026-05-18 00:00:00+00:00,76962.2,81424.1415,0.014975288563079333,0.019068638802890548,asagi,dusuk
2026-05-19 00:00:00+00:00,76800.0,81260.405,0.014177711144917116,0.019010757857879736,asagi,dusuk
2026-05-20 00:00:00+00:00,77512.3,81097.71549999999,0.013404831741409556,0.018981813507455918,asagi,dusuk
2026-05-21 00:00:00+00:00,77583.0,80933.136,0.013359946564145613,0.01897169305264016,asagi,dusuk
2026-05-22 00:00:00+00:00,75508.7,80778.0115,0.013531219873646111,0.01897169305264016,asagi,dusuk
2026-05-23 00:00:00+00:00,76709.2,80654.3755,0.01387716964637954,0.01897169305264016,asagi,dusuk
2026-05-24 00:00:00+00:00,77029.9,80520.373,0.013774062653187544,0.01897169305264016,asagi,dusuk
2026-05-25 00:00:00+00:00,77283.3,80400.2595,0.013779378076581536,0.01897169305264016,asagi,dusuk
2026-05-26 00:00:00+00:00,75898.2,80263.3195,0.013917604344066688,0.01897169305264016,asagi,dusuk
2026-05-27 00:00:00+00:00,74414.1,80124.0455,0.014049352729060327,0.01897169305264016,asagi,dusuk
2026-05-28 00:00:00+00:00,73586.0,79968.6795,0.013990700288556722,0.01897169305264016,asagi,dusuk
2026-05-29 00:00:00+00:00,73431.4,79806.0365,0.01394640590029502,0.01897169305264016,asagi,dusuk
2026-05-30 00:00:00+00:00,73850.0,79660.197,0.013915428063510895,0.018969687451671137,asagi,dusuk
2026-05-31 00:00:00+00:00,73649.1,79520.40299999999,0.013058657563103069,0.018969687451671137,asagi,dusuk
2026-06-01 00:00:00+00:00,71389.7,79379.1555,0.01400503415967064,0.018969687451671137,asagi,dusuk
2026-06-02 00:00:00+00:00,66722.6,79240.1035,0.018274487461836093,0.018969687451671137,asagi,dusuk
2026-06-03 00:00:00+00:00,64117.3,79082.9045,0.01883756811001498,0.018969687451671137,asagi,dusuk
2026-06-04 00:00:00+00:00,63847.8,78931.0215,0.018451571791585415,0.018969687451671137,asagi,dusuk
2026-06-05 00:00:00+00:00,61025.2,78775.297,0.019452933311149456,0.018969687451671137,asagi,yuksek
2026-06-06 00:00:00+00:00,60849.2,78614.9305,0.019430422090685785,0.018969687451671137,asagi,yuksek
2026-06-07 00:00:00+00:00,63308.0,78473.8675,0.021293487758835022,0.01897169305264016,asagi,yuksek
2026-06-08 00:00:00+00:00,63061.9,78356.2015,0.0211483737280881,0.018981813507455918,asagi,yuksek
2026-06-09 00:00:00+00:00,61698.2,78239.26,0.020643910923440173,0.019010757857879736,asagi,yuksek
2026-06-10 00:00:00+00:00,61475.3,78123.1365,0.0206622319105215,0.019074850767453844,asagi,yuksek
2026-06-11 00:00:00+00:00,63596.9,78007.1015,0.022090164880000665,0.019089539150026005,asagi,yuksek
2026-06-12 00:00:00+00:00,63541.9,77883.602,0.022086727286700854,0.019091996347736975,asagi,yuksek
2026-06-13 00:00:00+00:00,64417.1,77769.1275,0.021750102962506877,0.01916705789755103,asagi,yuksek
2026-06-14 00:00:00+00:00,65697.7,77645.487,0.022058471942655124,0.01929398280676159,asagi,yuksek
2026-06-15 00:00:00+00:00,66292.8,77520.515,0.0221962741707986,0.019345287474960466,asagi,yuksek
2026-06-16 00:00:00+00:00,65648.7,77394.5085,0.02220145070888713,0.01936902964559383,asagi,yuksek
2026-06-17 00:00:00+00:00,64471.4,77263.0515,0.02232045717403774,0.019418861645120276,asagi,yuksek
2026-06-18 00:00:00+00:00,62920.8,77126.073,0.0225580577688082,0.019430422090685785,asagi,yuksek
2026-06-19 00:00:00+00:00,63510.5,77012.4005,0.022560405504606057,0.019452933311149456,asagi,yuksek
2026-06-20 00:00:00+00:00,64261.7,76877.476,0.02277155274696264,0.019588567998584175,asagi,yuksek
2026-06-21 00:00:00+00:00,63278.9,76726.9835,0.022501416472774698,0.019596179414004263,asagi,yuksek
2026-06-22 00:00:00+00:00,63994.0,76586.772,0.022365646718842554,0.0196029724733246,asagi,yuksek
2026-06-23 00:00:00+00:00,62701.4,76453.859,0.022428690254323945,0.019631361422568647,asagi,yuksek
2026-06-24 00:00:00+00:00,61050.0,76313.175,0.022627961895817266,0.01965384387806597,asagi,yuksek
2026-06-25 00:00:00+00:00,59767.2,76160.333,0.02268431071215514,0.019654857985515563,asagi,yuksek
2026-06-26 00:00:00+00:00,60072.1,76007.67,0.022692655734151575,0.019822692772026845,asagi,yuksek
2026-06-27 00:00:00+00:00,59996.6,75844.5135,0.02270392773693741,0.01995217105694014,asagi,yuksek
2026-06-28 00:00:00+00:00,59548.9,75682.35949999999,0.022686750120473564,0.020008645245677113,asagi,yuksek
2026-06-29 00:00:00+00:00,60231.4,75521.117,0.022820311612961122,0.020030847880608892,asagi,yuksek
2026-06-30 00:00:00+00:00,58604.0,75363.0385,0.023111111090261652,0.02010208530795028,asagi,yuksek
2026-07-01 00:00:00+00:00,60003.2,75212.034,0.023348659567406158,0.020643910923440173,asagi,yuksek
2026-07-02 00:00:00+00:00,61537.1,75079.1465,0.02089704429583164,0.0206622319105215,asagi,yuksek
2026-07-03 00:00:00+00:00,62552.9,74959.9565,0.01995115737158562,0.0206622319105215,asagi,dusuk
2026-07-04 00:00:00+00:00,63119.3,74836.42450000001,0.020019707004589597,0.0206622319105215,asagi,dusuk
2026-07-05 00:00:00+00:00,63613.5,74723.4845,0.01818122782794403,0.0206622319105215,asagi,dusuk
2026-07-06 00:00:00+00:00,64025.5,74616.321,0.018185540716415302,0.0206622319105215,asagi,dusuk
2026-07-07 00:00:00+00:00,63338.7,74492.4945,0.01684014010375078,0.0206622319105215,asagi,dusuk
2026-07-08 00:00:00+00:00,62253.7,74362.15299999999,0.01712223683264125,0.0206622319105215,asagi,dusuk
2026-07-09 00:00:00+00:00,63196.8,74235.0165,0.016852739967425222,0.0206622319105215,asagi,dusuk
2026-07-10 00:00:00+00:00,64137.8,74112.8245,0.017020336427405306,0.0206622319105215,asagi,dusuk
2026-07-11 00:00:00+00:00,63780.1,73994.514,0.015910083626574995,0.0206622319105215,asagi,dusuk
2026-07-12 00:00:00+00:00,63750.1,73875.114,0.015909424625540115,0.0206622319105215,asagi,dusuk
2026-07-13 00:00:00+00:00,62313.1,73750.7775,0.016227317741014186,0.0206622319105215,asagi,dusuk
2026-07-14 00:00:00+00:00,65010.0,73639.1875,0.017691994695166708,0.0206622319105215,asagi,dusuk
2026-07-15 00:00:00+00:00,64725.0,73523.6445,0.01761639212426962,0.0206622319105215,asagi,dusuk
2026-07-16 00:00:00+00:00,63795.9,73403.05900000001,0.017719344509233237,0.0206622319105215,asagi,dusuk
2026-07-17 00:00:00+00:00,63908.2,73286.6235,0.0174253671361742,0.0206622319105215,asagi,dusuk
2026-07-18 00:00:00+00:00,64802.4,73168.385,0.016998659999879914,0.0206622319105215,asagi,dusuk
2026-07-19 00:00:00+00:00,64700.0,73053.9195,0.016930510576094078,0.0206622319105215,asagi,dusuk
2026-07-20 00:00:00+00:00,65224.1,72936.015,0.016860033545618297,0.0206622319105215,asagi,dusuk
2026-07-21 00:00:00+00:00,66519.8,72818.86200000001,0.016935145397668962,0.0206622319105215,asagi,dusuk
2026-07-22 00:00:00+00:00,66080.8,72696.3265,0.016900903243772546,0.0206622319105215,asagi,dusuk
2026-07-23 00:00:00+00:00,65066.0,72564.213,0.01670777536281613,0.0206622319105215,asagi,dusuk
2026-07-24 00:00:00+00:00,64119.7,72415.7225,0.01614914034785924,0.0206622319105215,asagi,dusuk
2026-07-25 00:00:00+00:00,64344.3,72268.8795,0.015561909356630082,0.0206622319105215,asagi,dusuk
2026-07-26 00:00:00+00:00,65379.3,72139.12400000001,0.015750594400751862,0.0206622319105215,asagi,dusuk
2026-07-27 00:00:00+00:00,63727.4,72002.4825,0.016573013577593533,0.0206622319105215,asagi,dusuk
2026-07-28 00:00:00+00:00,63900.2,71868.9605,0.016475718313625824,0.0206622319105215,asagi,dusuk
2026-07-29 00:00:00+00:00,63955.1,71736.3775,0.01638832596032873,0.0206622319105215,asagi,dusuk
2026-07-30 00:00:00+00:00,64757.6,71605.3555,0.015515959099181756,0.0206622319105215,asagi,dusuk
2026-07-31 00:00:00+00:00,62858.0,71463.3945,0.016158283631295504,0.0206622319105215,asagi,dusuk
2026-08-01 00:00:00+00:00,62788.9,71300.368,0.015529885808818863,0.0206622319105215,asagi,dusuk
2026-08-02 00:00:00+00:00,63545.7,71133.52350000001,0.015396917498601816,0.0206622319105215,asagi,dusuk
2026-08-03 00:00:00+00:00,63503.5,70973.191,0.015314084240243036,0.0206622319105215,asagi,dusuk
2026-08-04 00:00:00+00:00,64078.0,70816.077,0.015336299269597037,0.0206622319105215,asagi,dusuk
2026-08-05 00:00:00+00:00,64626.8,70663.641,0.015369880783457928,0.0206622319105215,asagi,dusuk
2026-08-06 00:00:00+00:00,64297.6,70517.003,0.01526311342405396,0.0206622319105215,asagi,dusuk
2026-08-07 00:00:00+00:00,64886.0,70378.4925,0.014960531988390034,0.0206622319105215,asagi,dusuk
2026-08-08 00:00:00+00:00,64928.4,70261.198,0.014736626120283872,0.0206622319105215,asagi,dusuk
2026-08-09 00:00:00+00:00,64870.1,70138.5435,0.014503612591298447,0.0206622319105215,asagi,dusuk
2026-08-10 00:00:00+00:00,63947.7,70010.68650000001,0.01471355873460292,0.0206622319105215,asagi,dusuk
2026-08-11 00:00:00+00:00,63566.1,69880.73700000001,0.014755160977086698,0.0206622319105215,asagi,dusuk
2026-08-12 00:00:00+00:00,63461.5,69752.1445,0.014124819146962684,0.0206622319105215,asagi,dusuk
2026-08-13 00:00:00+00:00,63456.8,69636.284,0.011718341847870503,0.0206622319105215,asagi,dusuk
2026-08-14 00:00:00+00:00,63019.5,69509.87,0.011753950731558124,0.0206622319105215,asagi,dusuk
2026-08-15 00:00:00+00:00,63057.5,69379.11200000001,0.01147270933747404,0.0206622319105215,asagi,dusuk
2026-08-16 00:00:00+00:00,62878.8,69247.1845,0.011473744383687708,0.0206622319105215,asagi,dusuk
2026-08-17 00:00:00+00:00,64500.0,69146.6655,0.012149590749011898,0.0206622319105215,asagi,dusuk
2026-08-18 00:00:00+00:00,64700.6,69049.105,0.012160755159221031,0.0206622319105215,asagi,dusuk
2026-08-19 00:00:00+00:00,69307.8,69002.146,0.017451669438944894,0.0206622319105215,yukari,dusuk
2026-08-20 00:00:00+00:00,72996.6,68982.397,0.019448855935133975,0.0206622319105215,yukari,dusuk
2026-08-21 00:00:00+00:00,78317.5,68980.49149999999,0.022895233543679967,0.020734297718816037,yukari,yuksek
2026-08-22 00:00:00+00:00,77086.7,68987.2025,0.022906923105656514,0.020777026852412186,yukari,yuksek
2026-08-23 00:00:00+00:00,77725.7,69010.1785,0.022586409619332677,0.02078634411682451,yukari,yuksek
2026-08-24 00:00:00+00:00,78954.0,69090.5805,0.022641592758621477,0.02079515725448242,yukari,yuksek
2026-08-25 00:00:00+00:00,78506.1,69130.4665,0.02268525390291994,0.020804195892434284,yukari,yuksek
2026-08-26 00:00:00+00:00,78993.2,69179.1325,0.02188219879031275,0.02087604975049785,yukari,yuksek
2026-08-27 00:00:00+00:00,80211.9,69228.6915,0.021914757689423324,0.02089704429583164,yukari,yuksek
2026-08-28 00:00:00+00:00,77813.0,69267.1795,0.022961261765578955,0.020919877283632763,yukari,yuksek
2026-08-29 00:00:00+00:00,78194.6,69314.1315,0.022935418393047025,0.020937326043560252,yukari,yuksek
2026-08-30 00:00:00+00:00,77640.2,69367.075,0.022063588070011554,0.020949968209540995,yukari,yuksek
2026-08-31 00:00:00+00:00,78549.9,69428.6095,0.022024136066090407,0.02095965215851674,yukari,yuksek
2026-09-01 00:00:00+00:00,77399.3,69471.5315,0.022373313360354617,0.021022777359684757,yukari,yuksek
2026-09-02 00:00:00+00:00,77303.8,69509.099,0.022379917057507276,0.02105013696317226,yukari,yuksek
2026-09-03 00:00:00+00:00,81228.7,69571.25949999999,0.023715770521748506,0.021073627739153458,yukari,yuksek
2026-09-04 00:00:00+00:00,79620.3,69625.041,0.024255732856204908,0.0211483737280881,yukari,yuksek
2026-09-05 00:00:00+00:00,79792.3,69686.5995,0.024167265806835474,0.021232600927340334,yukari,yuksek
2026-09-06 00:00:00+00:00,80300.1,69755.9595,0.024164992708793888,0.021277002284220824,yukari,yuksek
2026-09-07 00:00:00+00:00,79074.5,69816.4825,0.024487750050187645,0.021293487758835022,yukari,yuksek
2026-09-08 00:00:00+00:00,78420.7,69868.654,0.024602662171813797,0.021324897845619344,yukari,yuksek
2026-09-09 00:00:00+00:00,78265.0,69920.2615,0.024347510531040926,0.021325345951970425,yukari,yuksek
2026-09-10 00:00:00+00:00,76540.0,69964.863,0.02481853815975366,0.021350647820652123,yukari,yuksek
2026-09-11 00:00:00+00:00,77184.7,70027.663,0.024776845414632674,0.02137678885698397,yukari,yuksek
2026-09-12 00:00:00+00:00,77247.0,70093.757,0.024769275266158474,0.021589220851188896,yukari,yuksek
2026-09-13 00:00:00+00:00,76793.5,70137.892,0.024750717805044713,0.021589856779599705,yukari,yuksek
2026-09-14 00:00:00+00:00,78158.4,70191.442,0.02480369855139792,0.0216169406325849,yukari,yuksek
2026-09-15 00:00:00+00:00,75611.2,70240.2875,0.025820495985777712,0.02162309281277274,yukari,yuksek
2026-09-16 00:00:00+00:00,76168.1,70286.437,0.02556388778760475,0.021632672650720036,yukari,yuksek
2026-09-17 00:00:00+00:00,76390.1,70339.688,0.025564553258745917,0.021667293276759828,yukari,yuksek
2026-09-18 00:00:00+00:00,80876.6,70400.0735,0.02463771023567437,0.021724337016582457,yukari,yuksek
2026-09-19 00:00:00+00:00,81231.2,70464.758,0.023004590385000752,0.021729100169456644,yukari,yuksek
2026-09-20 00:00:00+00:00,81144.3,70507.2575,0.019241574316759182,0.021729100169456644,yukari,dusuk
2026-09-21 00:00:00+00:00,86589.1,70585.944,0.022202301476783076,0.021750102962506877,yukari,yuksek
2026-09-22 00:00:00+00:00,86167.5,70676.397,0.022242429719843543,0.021786809974297435,yukari,yuksek
