day,V,D,n_v,n_d,thr_V,thr_D,label,regime
2020-11-02 00:00:00+00:00,,,0,0,,,-1,tanımsız
2020-11-03 00:00:00+00:00,,,0,0,,,-1,tanımsız
2020-11-04 00:00:00+00:00,,,0,0,,,-1,tanımsız
2020-11-05 00:00:00+00:00,,,0,0,,,-1,tanımsız
2020-11-06 00:00:00+00:00,,,0,0,,,-1,tanımsız
2020-11-07 00:00:00+00:00,,,0,0,,,-1,tanımsız
2020-11-08 00:00:00+00:00,,,0,0,,,-1,tanımsız
2020-11-09 00:00:00+00:00,,,0,0,,,-1,tanımsız
2020-11-10 00:00:00+00:00,,,0,0,,,-1,tanımsız
2020-11-11 00:00:00+00:00,,,0,0,,,-1,tanımsız
2020-11-12 00:00:00+00:00,,,0,0,,,-1,tanımsız
2020-11-13 00:00:00+00:00,,,0,0,,,-1,tanımsız
2020-11-14 00:00:00+00:00,,,0,0,,,-1,tanımsız
2020-11-15 00:00:00+00:00,,,0,0,,,-1,tanımsız
2020-11-16 00:00:00+00:00,,,0,0,,,-1,tanımsız
2020-11-17 00:00:00+00:00,,,0,0,,,-1,tanımsız
2020-11-18 00:00:00+00:00,,,0,0,,,-1,tanımsız
2020-11-19 00:00:00+00:00,,,0,0,,,-1,tanımsız
2020-11-20 00:00:00+00:00,,,0,0,,,-1,tanımsız
2020-11-21 00:00:00+00:00,,,0,0,,,-1,tanımsız
2020-11-22 00:00:00+00:00,,,0,0,,,-1,tanımsız
2020-11-23 00:00:00+00:00,,,0,0,,,-1,tanımsız
2020-11-24 00:00:00+00:00,,,0,0,,,-1,tanımsız
2020-11-25 00:00:00+00:00,,,0,0,,,-1,tanımsız
2020-11-26 00:00:00+00:00,,,0,0,,,-1,tanımsız
2020-11-27 00:00:00+00:00,,,0,0,,,-1,tanımsız
2020-11-28 00:00:00+00:00,,,0,0,,,-1,tanımsız
2020-11-29 00:00:00+00:00,,,0,0,,,-1,tanımsız
2020-11-30 00:00:00+00:00,,,0,0,,,-1,tanımsız
2020-12-01 00:00:00+00:00,,,0,0,,,-1,tanımsız
2020-12-02 00:00:00+00:00,,,0,0,,,-1,tanımsız
2020-12-03 00:00:00+00:00,,,0,0,,,-1,tanımsız
2020-12-04 00:00:00+00:00,,,0,0,,,-1,tanımsız
2020-12-05 00:00:00+00:00,,,0,0,,,-1,tanımsız
2020-12-06 00:00:00+00:00,,,0,0,,,-1,tanımsız
2020-12-07 00:00:00+00:00,,,0,0,,,-1,tanımsız
2020-12-08 00:00:00+00:00,,,0,0,,,-1,tanımsız
2020-12-09 00:00:00+00:00,,,0,0,,,-1,tanımsız
2020-12-10 00:00:00+00:00,,,0,0,,,-1,tanımsız
2020-12-11 00:00:00+00:00,,,0,0,,,-1,tanımsız
2020-12-12 00:00:00+00:00,,,0,0,,,-1,tanımsız
2020-12-13 00:00:00+00:00,,,0,0,,,-1,tanımsız
2020-12-14 00:00:00+00:00,,,0,0,,,-1,tanımsız
2020-12-15 00:00:00+00:00,,,0,0,,,-1,tanımsız
2020-12-16 00:00:00+00:00,,,0,0,,,-1,tanımsız
2020-12-17 00:00:00+00:00,,,0,0,,,-1,tanımsız
2020-12-18 00:00:00+00:00,,,0,0,,,-1,tanımsız
2020-12-19 00:00:00+00:00,,,0,0,,,-1,tanımsız
2020-12-20 00:00:00+00:00,,,0,0,,,-1,tanımsız
2020-12-21 00:00:00+00:00,,,0,0,,,-1,tanımsız
2020-12-22 00:00:00+00:00,,,0,0,,,-1,tanımsız
2020-12-23 00:00:00+00:00,,,0,0,,,-1,tanımsız
2020-12-24 00:00:00+00:00,,,0,0,,,-1,tanımsız
2020-12-25 00:00:00+00:00,,,0,0,,,-1,tanımsız
2020-12-26 00:00:00+00:00,,,0,0,,,-1,tanımsız
2020-12-27 00:00:00+00:00,,,0,0,,,-1,tanımsız
2020-12-28 00:00:00+00:00,,,0,0,,,-1,tanımsız
2020-12-29 00:00:00+00:00,,,0,0,,,-1,tanımsız
2020-12-30 00:00:00+00:00,,,0,0,,,-1,tanımsız
2020-12-31 00:00:00+00:00,0.3372352285395763,0.18073108391947856,7,7,,,-1,tanımsız
2021-01-01 00:00:00+00:00,0.2826591084771966,0.21992240059530996,7,7,,,-1,tanımsız
2021-01-02 00:00:00+00:00,0.23029318954688904,0.1806757694889153,7,7,,,-1,tanımsız
2021-01-03 00:00:00+00:00,0.31676275426955275,0.33542264144274536,7,7,,,-1,tanımsız
2021-01-04 00:00:00+00:00,0.5884856630824371,0.3008583625139873,7,7,,,-1,tanımsız
2021-01-05 00:00:00+00:00,0.5329638830498757,0.25671418654642103,7,7,,,-1,tanımsız
2021-01-06 00:00:00+00:00,0.5604637107851216,0.24208581307214963,7,7,,,-1,tanımsız
2021-01-07 00:00:00+00:00,0.7852710455450183,0.2159456064204695,7,7,,,-1,tanımsız
2021-01-08 00:00:00+00:00,0.5810386617395799,0.15017719650410244,7,7,,,-1,tanımsız
2021-01-09 00:00:00+00:00,0.6109069353882629,0.1231529563441322,7,7,,,-1,tanımsız
2021-01-10 00:00:00+00:00,0.6399186256781192,0.2531663815517164,7,7,,,-1,tanımsız
2021-01-11 00:00:00+00:00,0.5793390238564236,0.2043531078243464,7,7,,,-1,tanımsız
2021-01-12 00:00:00+00:00,0.40032948929159756,0.21648164181226767,7,7,,,-1,tanımsız
2021-01-13 00:00:00+00:00,0.31905445997126824,0.26575812707037166,7,7,,,-1,tanımsız
2021-01-14 00:00:00+00:00,0.39633050269633685,0.2716254934240184,7,7,,,-1,tanımsız
2021-01-15 00:00:00+00:00,0.40515861251111757,0.28362038604663947,7,7,,,-1,tanımsız
2021-01-16 00:00:00+00:00,0.39139009583680023,0.23763320736432506,7,7,,,-1,tanımsız
2021-01-17 00:00:00+00:00,0.3869253644030613,0.25119344359504886,7,7,,,-1,tanımsız
2021-01-18 00:00:00+00:00,0.2965185513811382,0.30321259869616835,7,7,,,-1,tanımsız
2021-01-19 00:00:00+00:00,0.2644441460467048,0.24828038897537508,7,7,,,-1,tanımsız
2021-01-20 00:00:00+00:00,0.30647760232033516,0.15966112019558323,7,7,,,-1,tanımsız
2021-01-21 00:00:00+00:00,0.21991636782621068,0.16824700225972308,7,7,,,-1,tanımsız
2021-01-22 00:00:00+00:00,0.30020626289143054,0.13824972377588532,7,7,,,-1,tanımsız
2021-01-23 00:00:00+00:00,0.23324436536180312,0.1452011967850438,7,7,,,-1,tanımsız
2021-01-24 00:00:00+00:00,0.30225506916808753,0.10162569693576101,7,7,,,-1,tanımsız
2021-01-25 00:00:00+00:00,0.266572269795249,0.0810002358453178,7,7,,,-1,tanımsız
2021-01-26 00:00:00+00:00,0.20763321916889485,0.07001903866344646,7,7,,,-1,tanımsız
2021-01-27 00:00:00+00:00,0.24275724275724245,0.08321081342611594,7,7,,,-1,tanımsız
2021-01-28 00:00:00+00:00,0.23917103975807166,0.05531432430588438,7,7,,,-1,tanımsız
2021-01-29 00:00:00+00:00,0.2344728834795059,0.5287799294731387,7,7,,,-1,tanımsız
2021-01-30 00:00:00+00:00,0.15115463021755837,0.6301193494865162,7,7,,,-1,tanımsız
2021-01-31 00:00:00+00:00,0.13918175671971783,0.447371325323054,7,7,,,-1,tanımsız
2021-02-01 00:00:00+00:00,0.13953488372093031,0.5602387022702863,7,7,,,-1,tanımsız
2021-02-02 00:00:00+00:00,0.12238958713102441,0.512646028663634,7,7,,,-1,tanımsız
2021-02-03 00:00:00+00:00,0.17826006306807637,0.4619803393413491,7,7,,,-1,tanımsız
2021-02-04 00:00:00+00:00,0.21003360185470502,0.5044987898653343,7,7,,,-1,tanımsız
2021-02-05 00:00:00+00:00,0.41561094517114716,0.1602212670247792,7,7,,,-1,tanımsız
2021-02-06 00:00:00+00:00,0.38342213258681757,0.18268048744012436,7,7,,,-1,tanımsız
2021-02-07 00:00:00+00:00,0.44370009596060184,0.2721978834688695,7,7,,,-1,tanımsız
2021-02-08 00:00:00+00:00,0.42822414638131073,0.33969036981511946,7,7,,,-1,tanımsız
2021-02-09 00:00:00+00:00,0.5368437106798337,0.29289989076692263,7,7,,,-1,tanımsız
2021-02-10 00:00:00+00:00,0.4434154831224081,0.29977976975468945,7,7,,,-1,tanımsız
2021-02-11 00:00:00+00:00,0.483771786544707,0.4673012479716342,7,7,,,-1,tanımsız
2021-02-12 00:00:00+00:00,0.46012319255619544,0.385168269535128,7,7,,,-1,tanımsız
2021-02-13 00:00:00+00:00,0.5093987882553985,0.31203121784574916,7,7,,,-1,tanımsız
2021-02-14 00:00:00+00:00,0.5557816089938089,0.2671619456645562,7,7,,,-1,tanımsız
2021-02-15 00:00:00+00:00,0.5037516596848401,0.22540570253813788,7,7,,,-1,tanımsız
2021-02-16 00:00:00+00:00,0.43326929475277176,0.21059558060331415,7,7,,,-1,tanımsız
2021-02-17 00:00:00+00:00,0.3701914589719311,0.15744787501049715,7,7,,,-1,tanımsız
2021-02-18 00:00:00+00:00,0.36014869646030684,0.2425066932610639,7,7,,,-1,tanımsız
2021-02-19 00:00:00+00:00,0.4584050487664947,0.11854690665160632,7,7,,,-1,tanımsız
2021-02-20 00:00:00+00:00,0.37736159281061377,0.14838581812842558,8,8,,,-1,tanımsız
2021-02-21 00:00:00+00:00,0.34203224507477176,0.17339682977369306,8,8,,,-1,tanımsız
2021-02-22 00:00:00+00:00,0.48897240194749014,0.13360419354876168,8,8,,,-1,tanımsız
2021-02-23 00:00:00+00:00,0.28507588426066677,0.12310206511511515,8,8,,,-1,tanımsız
2021-02-24 00:00:00+00:00,0.08352393221565826,0.11960943480260382,8,8,,,-1,tanımsız
2021-02-25 00:00:00+00:00,0.16104533305000202,0.14116020000841684,8,8,,,-1,tanımsız
2021-02-26 00:00:00+00:00,0.2100872573722833,0.17127565538081674,8,8,,,-1,tanımsız
2021-02-27 00:00:00+00:00,0.36041434939224526,0.22130789972278395,8,8,,,-1,tanımsız
2021-02-28 00:00:00+00:00,0.39851576518793186,0.16426579306768999,8,8,,,-1,tanımsız
2021-03-01 00:00:00+00:00,0.4120614266496106,0.18524092517976443,8,8,,,-1,tanımsız
2021-03-02 00:00:00+00:00,0.2042310524264761,0.14028063926076542,8,8,,,-1,tanımsız
2021-03-03 00:00:00+00:00,0.18669401222982385,0.11680770869542963,8,8,,,-1,tanımsız
2021-03-04 00:00:00+00:00,0.168088652769029,0.10254895409352366,8,8,,,-1,tanımsız
2021-03-05 00:00:00+00:00,0.19783706884652646,0.06478989641814606,8,8,,,-1,tanımsız
2021-03-06 00:00:00+00:00,0.2784920165584853,0.06593024624558211,8,8,,,-1,tanımsız
2021-03-07 00:00:00+00:00,0.18868143079016855,0.0848242389216302,8,8,,,-1,tanımsız
2021-03-08 00:00:00+00:00,0.1983095420065218,0.10364736951264172,8,8,,,-1,tanımsız
2021-03-09 00:00:00+00:00,0.14627215593924286,0.11969426595762438,8,8,,,-1,tanımsız
2021-03-10 00:00:00+00:00,0.27782871883626215,0.09870704590655566,8,8,,,-1,tanımsız
2021-03-11 00:00:00+00:00,0.1046576934873533,0.09288322622125922,8,8,,,-1,tanımsız
2021-03-12 00:00:00+00:00,0.27229024518456435,0.10897789260398694,8,8,,,-1,tanımsız
2021-03-13 00:00:00+00:00,0.2613319324678488,0.18594424179578017,8,8,,,-1,tanımsız
2021-03-14 00:00:00+00:00,0.359788169437285,0.19743060718194172,8,8,,,-1,tanımsız
2021-03-15 00:00:00+00:00,0.33265629586896234,0.1604757998867048,8,8,,,-1,tanımsız
2021-03-16 00:00:00+00:00,0.2025320578912185,0.13585031555326227,8,8,,,-1,tanımsız
2021-03-17 00:00:00+00:00,0.20257550557212337,0.08582487457480695,8,8,,,-1,tanımsız
2021-03-18 00:00:00+00:00,0.19087809327160954,0.06874079346298148,8,8,,,-1,tanımsız
2021-03-19 00:00:00+00:00,0.2129615475828045,0.04378653717543328,8,8,,,-1,tanımsız
2021-03-20 00:00:00+00:00,0.2690640515630063,0.1264319947177535,8,8,,,-1,tanımsız
2021-03-21 00:00:00+00:00,0.23046990927458277,0.10266768572737126,8,8,,,-1,tanımsız
2021-03-22 00:00:00+00:00,0.15634693660061794,0.09233855859125065,8,8,,,-1,tanımsız
2021-03-23 00:00:00+00:00,0.16806852977013942,0.09775390291839349,8,8,,,-1,tanımsız
2021-03-24 00:00:00+00:00,0.17791219512195114,0.10878225026266734,9,9,,,-1,tanımsız
2021-03-25 00:00:00+00:00,0.12672632112105356,0.09782025465359274,9,9,,,-1,tanımsız
2021-03-26 00:00:00+00:00,0.22903778788104623,0.09538430484703726,9,9,,,-1,tanımsız
2021-03-27 00:00:00+00:00,0.08758091481973695,0.12454395569693319,9,9,,,-1,tanımsız
2021-03-28 00:00:00+00:00,0.24025047664336432,0.10692157919312263,9,9,,,-1,tanımsız
2021-03-29 00:00:00+00:00,0.235223383590787,0.1084058000989028,9,9,,,-1,tanımsız
2021-03-30 00:00:00+00:00,0.10590978957968933,0.07416918593322823,9,9,,,-1,tanımsız
2021-03-31 00:00:00+00:00,0.10074791963195723,0.0917488666692372,9,9,,,-1,tanımsız
2021-04-01 00:00:00+00:00,0.1766301890205299,0.08928102276404809,9,9,,,-1,tanımsız
2021-04-02 00:00:00+00:00,0.2146019698201863,0.09312209729305981,9,9,,,-1,tanımsız
2021-04-03 00:00:00+00:00,0.19719230769230742,0.10037741925434794,9,9,,,-1,tanımsız
2021-04-04 00:00:00+00:00,0.14764497277858268,0.09968634699917849,9,9,,,-1,tanımsız
2021-04-05 00:00:00+00:00,0.08108396457911016,0.09264969003623018,9,9,,,-1,tanımsız
2021-04-06 00:00:00+00:00,0.2804048538934537,0.14395442312073034,9,9,,,-1,tanımsız
2021-04-07 00:00:00+00:00,0.3571405255426799,0.20636406042672528,9,9,,,-1,tanımsız
2021-04-08 00:00:00+00:00,0.29047051270292557,0.17441450047731874,9,9,,,-1,tanımsız
2021-04-09 00:00:00+00:00,0.3929888015580439,0.20560527741366652,9,9,,,-1,tanımsız
2021-04-10 00:00:00+00:00,0.22999323549307357,0.1882263470566836,9,9,,,-1,tanımsız
2021-04-11 00:00:00+00:00,0.27578766839091573,0.2586307854006836,9,9,,,-1,tanımsız
2021-04-12 00:00:00+00:00,0.3061740890688258,0.2280325552947631,9,9,,,-1,tanımsız
2021-04-13 00:00:00+00:00,0.3133750372356273,0.1468762390032178,9,9,,,-1,tanımsız
2021-04-14 00:00:00+00:00,0.3890885077786621,0.1737753152120272,9,9,,,-1,tanımsız
2021-04-15 00:00:00+00:00,0.4576628575002457,0.2627624780699957,9,9,,,-1,tanımsız
2021-04-16 00:00:00+00:00,0.48080398707486677,0.33853176602540597,9,9,,,-1,tanımsız
2021-04-17 00:00:00+00:00,0.33330977703968057,0.574776124613464,9,9,,,-1,tanımsız
2021-04-18 00:00:00+00:00,0.29645520482173854,0.4882203427146925,9,9,,,-1,tanımsız
2021-04-19 00:00:00+00:00,0.19782568103072676,0.5073976427588873,9,9,,,-1,tanımsız
2021-04-20 00:00:00+00:00,0.20298390263054572,0.63165257949821,9,9,,,-1,tanımsız
2021-04-21 00:00:00+00:00,0.1631335671023271,0.45837599862288986,9,9,,,-1,tanımsız
2021-04-22 00:00:00+00:00,0.21395303427957746,0.4053630589869885,9,9,,,-1,tanımsız
2021-04-23 00:00:00+00:00,0.29013179511518405,0.29595735474089746,9,9,,,-1,tanımsız
2021-04-24 00:00:00+00:00,0.27488158570161925,0.23828132411044262,9,9,,,-1,tanımsız
2021-04-25 00:00:00+00:00,0.2930570207490352,0.2809160918127146,9,9,,,-1,tanımsız
2021-04-26 00:00:00+00:00,0.24864078844114673,0.21736152933162226,9,9,,,-1,tanımsız
2021-04-27 00:00:00+00:00,0.2543814165716064,0.19541858295701944,9,9,,,-1,tanımsız
2021-04-28 00:00:00+00:00,0.25300757054370276,0.1299703679666591,9,9,,,-1,tanımsız
2021-04-29 00:00:00+00:00,0.34299240528054686,0.09716209363741582,9,9,,,-1,tanımsız
2021-04-30 00:00:00+00:00,0.2511509371917132,0.05386337846807147,9,9,,,-1,tanımsız
2021-05-01 00:00:00+00:00,0.1001755680517035,0.09292180083857465,9,9,,,-1,tanımsız
2021-05-02 00:00:00+00:00,0.0927828260162468,0.09973842660726051,9,9,,,-1,tanımsız
2021-05-03 00:00:00+00:00,0.08507003758114119,0.14139357872893663,9,9,,,-1,tanımsız
2021-05-04 00:00:00+00:00,0.23694057775782063,0.14658477480126375,9,9,,,-1,tanımsız
2021-05-05 00:00:00+00:00,0.1310668116855234,0.2364427789018953,9,9,,,-1,tanımsız
2021-05-06 00:00:00+00:00,0.29281836130306027,0.21230903505522114,9,9,,,-1,tanımsız
2021-05-07 00:00:00+00:00,0.4056428450751816,0.2052526831028416,9,9,,,-1,tanımsız
2021-05-08 00:00:00+00:00,0.42785370375908366,0.235957375586545,9,9,,,-1,tanımsız
2021-05-09 00:00:00+00:00,0.5074444102384282,0.18869572418298533,9,9,,,-1,tanımsız
2021-05-10 00:00:00+00:00,0.411054582858974,0.1774331515664606,9,9,,,-1,tanımsız
2021-05-11 00:00:00+00:00,0.20577606553462696,0.11634295865115489,9,9,,,-1,tanımsız
2021-05-12 00:00:00+00:00,0.2430139480329641,0.1265229007208161,9,9,,,-1,tanımsız
2021-05-13 00:00:00+00:00,0.12750315466066825,0.18034298811593902,9,9,,,-1,tanımsız
2021-05-14 00:00:00+00:00,0.1597209215208841,0.11302073784955574,9,9,,,-1,tanımsız
2021-05-15 00:00:00+00:00,0.19121126760563378,0.13671861795048967,9,9,,,-1,tanımsız
2021-05-16 00:00:00+00:00,0.12753188891795694,0.1689460861071343,9,9,,,-1,tanımsız
2021-05-17 00:00:00+00:00,0.13856687154749864,0.16685235894427033,9,9,,,-1,tanımsız
2021-05-18 00:00:00+00:00,0.05925665249993233,0.1765367151486869,9,9,,,-1,tanımsız
2021-05-19 00:00:00+00:00,0.18513832173462938,0.17112651363069634,9,9,,,-1,tanımsız
2021-05-20 00:00:00+00:00,0.331076850797412,0.13274508574609703,9,9,,,-1,tanımsız
2021-05-21 00:00:00+00:00,0.19548122896631334,0.13781055682676685,9,9,,,-1,tanımsız
2021-05-22 00:00:00+00:00,0.3309623334334079,0.16380758750987132,9,9,,,-1,tanımsız
2021-05-23 00:00:00+00:00,0.3620980083453522,0.13590038192007992,9,9,,,-1,tanımsız
2021-05-24 00:00:00+00:00,0.3909227089958214,0.1674965661240047,9,9,,,-1,tanımsız
2021-05-25 00:00:00+00:00,0.2120825482545287,0.14747450626435477,9,9,,,-1,tanımsız
2021-05-26 00:00:00+00:00,0.2683837371471601,0.1855184548080679,9,9,,,-1,tanımsız
2021-05-27 00:00:00+00:00,0.13627392534886007,0.11736031428081857,9,9,,,-1,tanımsız
2021-05-28 00:00:00+00:00,0.23707236361866765,0.11610502985318258,9,9,,,-1,tanımsız
2021-05-29 00:00:00+00:00,0.410056797968522,0.12405392510432063,9,9,,,-1,tanımsız
2021-05-30 00:00:00+00:00,0.38852433013552967,0.07942489695131057,9,9,,,-1,tanımsız
2021-05-31 00:00:00+00:00,0.31367483912632327,0.0941480158878228,9,9,,,-1,tanımsız
2021-06-01 00:00:00+00:00,0.21217175504494298,0.09375642162343337,9,9,,,-1,tanımsız
2021-06-02 00:00:00+00:00,0.2082901064142552,0.07029034995490008,9,9,,,-1,tanımsız
2021-06-03 00:00:00+00:00,0.08910194150115229,0.08705516374344241,9,9,,,-1,tanımsız
2021-06-04 00:00:00+00:00,0.057544981647037495,0.05911948667188452,9,9,,,-1,tanımsız
2021-06-05 00:00:00+00:00,0.06977878588327108,0.07214776083893941,9,9,,,-1,tanımsız
2021-06-06 00:00:00+00:00,0.08596132697539177,0.10438986657568204,9,9,,,-1,tanımsız
2021-06-07 00:00:00+00:00,0.20306090249290004,0.12394273170516822,9,9,,,-1,tanımsız
2021-06-08 00:00:00+00:00,0.11681380856065159,0.12371800310570213,9,9,,,-1,tanımsız
2021-06-09 00:00:00+00:00,0.13063637417410456,0.15075794179020596,9,9,,,-1,tanımsız
2021-06-10 00:00:00+00:00,0.14077266938556632,0.1302994455225922,9,9,,,-1,tanımsız
2021-06-11 00:00:00+00:00,0.13760892570189306,0.12043197220327337,9,9,,,-1,tanımsız
2021-06-12 00:00:00+00:00,0.07258064516129036,0.10991786939570154,9,9,,,-1,tanımsız
2021-06-13 00:00:00+00:00,0.07136962148778937,0.07428354690720258,9,9,,,-1,tanımsız
2021-06-14 00:00:00+00:00,0.07854385626930947,0.07841877295785024,9,9,,,-1,tanımsız
2021-06-15 00:00:00+00:00,0.1956962759020433,0.06728118137277406,9,9,,,-1,tanımsız
2021-06-16 00:00:00+00:00,0.22390428957068406,0.0724607492257945,9,9,,,-1,tanımsız
2021-06-17 00:00:00+00:00,0.2988229029144525,0.04325343601354617,9,9,,,-1,tanımsız
2021-06-18 00:00:00+00:00,0.4018809270845628,0.04211835248209967,9,9,,,-1,tanımsız
2021-06-19 00:00:00+00:00,0.3605384938998736,0.034220167051836094,9,9,,,-1,tanımsız
2021-06-20 00:00:00+00:00,0.35813339878505274,0.03659487627143236,9,9,,,-1,tanımsız
2021-06-21 00:00:00+00:00,0.323179791976226,0.02710092532860196,9,9,,,-1,tanımsız
2021-06-22 00:00:00+00:00,0.4365565685248845,0.10388069285937668,9,9,,,-1,tanımsız
2021-06-23 00:00:00+00:00,0.42975788962393907,0.09272229618961433,9,9,,,-1,tanımsız
2021-06-24 00:00:00+00:00,0.41352941176470603,0.06748293483579343,9,9,,,-1,tanımsız
2021-06-25 00:00:00+00:00,0.2559863169897376,0.08238119068993476,9,9,,,-1,tanımsız
2021-06-26 00:00:00+00:00,0.28844056706652116,0.09414471481201796,9,9,,,-1,tanımsız
2021-06-27 00:00:00+00:00,0.2740996507006062,0.0978189651281203,9,9,,,-1,tanımsız
2021-06-28 00:00:00+00:00,0.27445783132530127,0.11071258273137916,9,9,,,-1,tanımsız
2021-06-29 00:00:00+00:00,0.3404668182070188,0.13482774635038655,9,9,,,-1,tanımsız
2021-06-30 00:00:00+00:00,0.2413845109720232,0.09862568165386651,9,9,,,-1,tanımsız
2021-07-01 00:00:00+00:00,0.1843304892019903,0.05434968076052525,9,9,,,-1,tanımsız
2021-07-02 00:00:00+00:00,0.22735881585719897,0.04799008072558497,9,9,,,-1,tanımsız
2021-07-03 00:00:00+00:00,0.16655133279818427,0.04743399454961469,9,9,,,-1,tanımsız
2021-07-04 00:00:00+00:00,0.11273694712337846,0.05912585259256911,9,9,,,-1,tanımsız
2021-07-05 00:00:00+00:00,0.12281397041339101,0.07179608309438487,9,9,,,-1,tanımsız
2021-07-06 00:00:00+00:00,0.12477980035231934,0.060435739442537884,9,9,,,-1,tanımsız
2021-07-07 00:00:00+00:00,0.2683679255982759,0.07388336523224721,9,9,,,-1,tanımsız
2021-07-08 00:00:00+00:00,0.15988847226228262,0.0739067305590609,9,9,,,-1,tanımsız
2021-07-09 00:00:00+00:00,0.0848473070144282,0.06619432502790822,9,9,,,-1,tanımsız
2021-07-10 00:00:00+00:00,0.18735677897089142,0.06033018140848256,9,9,,,-1,tanımsız
2021-07-11 00:00:00+00:00,0.15657404332263142,0.05067096905381132,9,9,,,-1,tanımsız
2021-07-12 00:00:00+00:00,0.040248934587025706,0.03945881554026169,9,9,,,-1,tanımsız
2021-07-13 00:00:00+00:00,0.11129408535748594,0.03431566118954412,9,9,,,-1,tanımsız
2021-07-14 00:00:00+00:00,0.249779621467462,0.04687420850841934,9,9,,,-1,tanımsız
2021-07-15 00:00:00+00:00,0.23395192677100904,0.04635628216042453,9,9,,,-1,tanımsız
2021-07-16 00:00:00+00:00,0.22844995878703692,0.0432974974241976,9,9,,,-1,tanımsız
2021-07-17 00:00:00+00:00,0.2926721470874215,0.06223398815035291,9,9,,,-1,tanımsız
2021-07-18 00:00:00+00:00,0.3449875903744469,0.03994074064362067,9,9,,,-1,tanımsız
2021-07-19 00:00:00+00:00,0.4337973081789944,0.03956048767304024,9,9,,,-1,tanımsız
2021-07-20 00:00:00+00:00,0.41562823934187587,0.04832771809096801,9,9,,,-1,tanımsız
2021-07-21 00:00:00+00:00,0.6430410159601855,0.0486803821099846,9,9,,,-1,tanımsız
2021-07-22 00:00:00+00:00,0.388313370022661,0.0507651699544166,9,9,,,-1,tanımsız
2021-07-23 00:00:00+00:00,0.1431864526997074,0.03370345405659528,9,9,,,-1,tanımsız
2021-07-24 00:00:00+00:00,0.2270803949224259,0.0374172139312939,9,9,,,-1,tanımsız
2021-07-25 00:00:00+00:00,0.15609632446134356,0.035728581535125994,9,9,,,-1,tanımsız
2021-07-26 00:00:00+00:00,0.17443685776746246,0.03961977025167849,9,9,,,-1,tanımsız
2021-07-27 00:00:00+00:00,0.11602187314395697,0.043915946278628125,9,9,,,-1,tanımsız
2021-07-28 00:00:00+00:00,0.11559583872840143,0.05761891654527269,9,9,,,-1,tanımsız
2021-07-29 00:00:00+00:00,0.22218817039534183,0.07161603970572665,9,9,,,-1,tanımsız
2021-07-30 00:00:00+00:00,0.2950969630442733,0.05606430801368461,9,9,,,-1,tanımsız
2021-07-31 00:00:00+00:00,0.5075049365498007,0.07275745360396593,9,9,,,-1,tanımsız
2021-08-01 00:00:00+00:00,0.5493335119565944,0.08380124048448734,9,9,,,-1,tanımsız
2021-08-02 00:00:00+00:00,0.4331709785565185,0.0721770664703051,9,9,,,-1,tanımsız
2021-08-03 00:00:00+00:00,0.6023764479405227,0.0816499979876545,9,9,,,-1,tanımsız
2021-08-04 00:00:00+00:00,0.6239908503767492,0.08653437714941685,9,9,,,-1,tanımsız
2021-08-05 00:00:00+00:00,0.5991939915735479,0.10187366283461798,9,9,,,-1,tanımsız
2021-08-06 00:00:00+00:00,0.5774430281962145,0.08686542034494531,9,9,,,-1,tanımsız
2021-08-07 00:00:00+00:00,0.627764545763865,0.07482129030034738,9,9,,,-1,tanımsız
2021-08-08 00:00:00+00:00,0.6979041143053882,0.062076549686350214,9,9,,,-1,tanımsız
2021-08-09 00:00:00+00:00,0.4681996684800142,0.0433661511758186,9,9,,,-1,tanımsız
2021-08-10 00:00:00+00:00,0.5032977770539859,0.06231992300313082,9,9,,,-1,tanımsız
2021-08-11 00:00:00+00:00,0.5220718069452612,0.07256534847223074,9,9,,,-1,tanımsız
2021-08-12 00:00:00+00:00,0.5609257441936543,0.08029519915960201,9,9,,,-1,tanımsız
2021-08-13 00:00:00+00:00,0.45550416281221107,0.10385551243793761,9,9,,,-1,tanımsız
2021-08-14 00:00:00+00:00,0.5277109911678111,0.11997240351282756,9,9,,,-1,tanımsız
2021-08-15 00:00:00+00:00,0.49153130238742093,0.14777303093799107,9,9,,,-1,tanımsız
2021-08-16 00:00:00+00:00,0.6569074919291996,0.14454198570007118,9,9,,,-1,tanımsız
2021-08-17 00:00:00+00:00,0.5339242798126986,0.1634700335041552,9,9,,,-1,tanımsız
2021-08-18 00:00:00+00:00,0.4476256559261027,0.16804099793294333,9,9,,,-1,tanımsız
2021-08-19 00:00:00+00:00,0.4440113317415352,0.24694328100033772,9,9,,,-1,tanımsız
2021-08-20 00:00:00+00:00,0.48255010366275053,0.2096260230606377,9,9,,,-1,tanımsız
2021-08-21 00:00:00+00:00,0.49222348146897843,0.26709575202722424,9,9,,,-1,tanımsız
2021-08-22 00:00:00+00:00,0.3888236378990689,0.341603706087743,9,9,,,-1,tanımsız
2021-08-23 00:00:00+00:00,0.4468616654508388,0.3133001291422905,9,9,,,-1,tanımsız
2021-08-24 00:00:00+00:00,0.4364373129161659,0.29337425724214966,9,9,,,-1,tanımsız
2021-08-25 00:00:00+00:00,0.2681047183710475,0.2846398916844965,9,9,,,-1,tanımsız
2021-08-26 00:00:00+00:00,0.21091321184648326,0.15407166965054112,9,9,,,-1,tanımsız
2021-08-27 00:00:00+00:00,0.138463466885455,0.1411490868228633,9,9,,,-1,tanımsız
2021-08-28 00:00:00+00:00,0.10300765475257664,0.1335069018070233,9,9,,,-1,tanımsız
2021-08-29 00:00:00+00:00,0.15914444326077418,0.12904081599372907,9,9,,,-1,tanımsız
2021-08-30 00:00:00+00:00,0.3057520280591106,0.11131178067937436,9,9,,,-1,tanımsız
2021-08-31 00:00:00+00:00,0.27879842712563657,0.16142961154645621,9,9,,,-1,tanımsız
2021-09-01 00:00:00+00:00,0.2430966933082589,0.19552288466459616,9,9,,,-1,tanımsız
2021-09-02 00:00:00+00:00,0.2391128868344182,0.15164563100281303,9,9,,,-1,tanımsız
2021-09-03 00:00:00+00:00,0.1715508387538515,0.14110798378009065,9,9,,,-1,tanımsız
2021-09-04 00:00:00+00:00,0.2139540600333219,0.17264480057747017,9,9,,,-1,tanımsız
2021-09-05 00:00:00+00:00,0.12572223257681125,0.1264899032876699,9,9,,,-1,tanımsız
2021-09-06 00:00:00+00:00,0.16529547385026086,0.12751232236084353,9,9,,,-1,tanımsız
2021-09-07 00:00:00+00:00,0.17446756871549046,0.11442629199432894,9,9,,,-1,tanımsız
2021-09-08 00:00:00+00:00,0.14173045946979673,0.2318561407484279,9,9,,,-1,tanımsız
2021-09-09 00:00:00+00:00,0.15430312960087997,0.3123764880069234,9,9,,,-1,tanımsız
2021-09-10 00:00:00+00:00,0.10077659498925162,0.27031309992492,9,9,,,-1,tanımsız
2021-09-11 00:00:00+00:00,0.2584637364381788,0.2423710418660834,9,9,,,-1,tanımsız
2021-09-12 00:00:00+00:00,0.14417673455298574,0.21897209632959036,9,9,,,-1,tanımsız
2021-09-13 00:00:00+00:00,0.18065116279069757,0.21476031374995105,9,9,,,-1,tanımsız
2021-09-14 00:00:00+00:00,0.21189267955977648,0.1996534678271066,9,9,,,-1,tanımsız
2021-09-15 00:00:00+00:00,0.22583073044067287,0.11870329345239677,9,9,,,-1,tanımsız
2021-09-16 00:00:00+00:00,0.23612219864093922,0.1786905753129298,9,9,,,-1,tanımsız
2021-09-17 00:00:00+00:00,0.21783381639931115,0.19800579291939546,9,9,,,-1,tanımsız
2021-09-18 00:00:00+00:00,0.2921351966200843,0.1583278747750427,9,9,,,-1,tanımsız
2021-09-19 00:00:00+00:00,0.25683626083486844,0.08396567408048176,9,9,,,-1,tanımsız
2021-09-20 00:00:00+00:00,0.3536646464646466,0.10397475452787099,9,9,,,-1,tanımsız
2021-09-21 00:00:00+00:00,0.4310175591667572,0.08756420550883068,9,9,,,-1,tanımsız
2021-09-22 00:00:00+00:00,0.35188677075907737,0.13617786979919486,9,9,,,-1,tanımsız
2021-09-23 00:00:00+00:00,0.1941786485951083,0.13378895093554835,9,9,,,-1,tanımsız
2021-09-24 00:00:00+00:00,0.1254107187232514,0.08716626586703988,9,9,,,-1,tanımsız
2021-09-25 00:00:00+00:00,0.1564217651153302,0.0665944028410114,9,9,,,-1,tanımsız
2021-09-26 00:00:00+00:00,0.16238682045309383,0.06657256563064111,9,9,,,-1,tanımsız
2021-09-27 00:00:00+00:00,0.19505952139113486,0.08331435157891535,9,9,,,-1,tanımsız
2021-09-28 00:00:00+00:00,0.20494441421130383,0.06819565259684308,9,9,,,-1,tanımsız
2021-09-29 00:00:00+00:00,0.29954463523384856,0.031761849837553785,9,9,,,-1,tanımsız
2021-09-30 00:00:00+00:00,0.3489581956509092,0.03399914804920743,9,9,,,-1,tanımsız
2021-10-01 00:00:00+00:00,0.2457890486716641,0.07810051264829077,9,9,,,-1,tanımsız
2021-10-02 00:00:00+00:00,0.043563458223714234,0.07663601248723283,9,9,,,-1,tanımsız
2021-10-03 00:00:00+00:00,0.06566852713691837,0.0740619788407498,9,9,,,-1,tanımsız
2021-10-04 00:00:00+00:00,0.040628400559634785,0.06415499019517149,9,9,,,-1,tanımsız
2021-10-05 00:00:00+00:00,0.2177179024862633,0.07193514032119336,9,9,,,-1,tanımsız
2021-10-06 00:00:00+00:00,0.4214115603373399,0.06836559236532082,9,9,,,-1,tanımsız
2021-10-07 00:00:00+00:00,0.2067250635772812,0.11007607819616878,9,9,,,-1,tanımsız
2021-10-08 00:00:00+00:00,0.17435897435897435,0.08671930282047222,9,9,,,-1,tanımsız
2021-10-09 00:00:00+00:00,0.3833139751484737,0.06795010917039387,9,9,,,-1,tanımsız
2021-10-10 00:00:00+00:00,0.2918748558690139,0.09056385057677215,9,9,,,-1,tanımsız
2021-10-11 00:00:00+00:00,0.2217788336612347,0.10530506989763935,9,9,,,-1,tanımsız
2021-10-12 00:00:00+00:00,0.3012625828510304,0.10272247123693727,9,9,,,-1,tanımsız
2021-10-13 00:00:00+00:00,0.2784805169375367,0.07697914190006172,9,9,,,-1,tanımsız
2021-10-14 00:00:00+00:00,0.3060649819494584,0.05114289791709359,9,9,,,-1,tanımsız
2021-10-15 00:00:00+00:00,0.2698888994397493,0.054912103918055885,9,9,,,-1,tanımsız
2021-10-16 00:00:00+00:00,0.12928066678746158,0.06589819111575763,9,9,,,-1,tanımsız
2021-10-17 00:00:00+00:00,0.21644573322286645,0.05265364722410459,9,9,,,-1,tanımsız
2021-10-18 00:00:00+00:00,0.1743525903227131,0.05620322721137696,9,9,,,-1,tanımsız
2021-10-19 00:00:00+00:00,0.12672672672672655,0.04574846062977433,9,9,,,-1,tanımsız
2021-10-20 00:00:00+00:00,0.1436712328767122,0.05309791370312015,9,9,,,-1,tanımsız
2021-10-21 00:00:00+00:00,0.20808915069990572,0.06670901414003778,9,9,,,-1,tanımsız
2021-10-22 00:00:00+00:00,0.2354602108499159,0.08550087444033375,9,9,,,-1,tanımsız
2021-10-23 00:00:00+00:00,0.2307126436781607,0.08481490660298759,9,9,,,-1,tanımsız
2021-10-24 00:00:00+00:00,0.28722847185857986,0.08791304914678297,9,9,,,-1,tanımsız
2021-10-25 00:00:00+00:00,0.41897079486150135,0.09606605661109822,9,9,,,-1,tanımsız
2021-10-26 00:00:00+00:00,0.423254134289699,0.1527618081114831,9,9,,,-1,tanımsız
2021-10-27 00:00:00+00:00,0.3852101879177547,0.1505053548305197,9,9,0.252079253867708,0.1196518503801141,3,YV-YD
2021-10-28 00:00:00+00:00,0.22682499914198434,0.11712038939998691,9,9,0.25300757054370276,0.11969426595762438,0,DV-DD
2021-10-29 00:00:00+00:00,0.2644158558087901,0.09445454400096943,9,9,0.252079253867708,0.1196518503801141,2,YV-DD
2021-10-30 00:00:00+00:00,0.27793846962924,0.09623649102596869,9,9,0.25300757054370276,0.11960943480260382,2,YV-DD
2021-10-31 00:00:00+00:00,0.15906911000050475,0.0668591416635456,9,9,0.2536944935576546,0.1191563641275003,0,DV-DD
2021-11-01 00:00:00+00:00,0.21324896568508148,0.03819550108132294,9,9,0.25300757054370276,0.11870329345239677,0,DV-DD
2021-11-02 00:00:00+00:00,0.26529116966091293,0.06873128558269254,9,9,0.252079253867708,0.11862510005200155,2,YV-DD
2021-11-03 00:00:00+00:00,0.25787826401364927,0.0877103239005244,9,9,0.25300757054370276,0.11854690665160632,2,YV-DD
2021-11-04 00:00:00+00:00,0.23820861433711804,0.08161593163813433,9,9,0.2536944935576546,0.11795361046621244,0,DV-DD
2021-11-05 00:00:00+00:00,0.2134059720019314,0.11975859036124713,9,9,0.25300757054370276,0.11736031428081857,1,DV-YD
2021-11-06 00:00:00+00:00,0.20700843608046707,0.09494663589732272,9,9,0.252079253867708,0.11795361046621244,0,DV-DD
2021-11-07 00:00:00+00:00,0.1223009192482402,0.11022061702703738,9,9,0.2511509371917132,0.11736031428081857,0,DV-DD
2021-11-08 00:00:00+00:00,0.160371066513066,0.10781102108512713,9,9,0.2504652793295876,0.11724035184040274,0,DV-DD
2021-11-09 00:00:00+00:00,0.2753209089025879,0.0926444501984227,9,9,0.249779621467462,0.11712038939998691,2,YV-DD
2021-11-10 00:00:00+00:00,0.2585170340681365,0.07749683557191675,9,9,0.2504652793295876,0.11696404904770827,2,YV-DD
2021-11-11 00:00:00+00:00,0.35940795559666966,0.054659502093371996,9,9,0.2511509371917132,0.11680770869542963,2,YV-DD
2021-11-12 00:00:00+00:00,0.31840633307336863,0.060846783088477414,9,9,0.252079253867708,0.11657533367329226,2,YV-DD
2021-11-13 00:00:00+00:00,0.2093669930681073,0.04938728387427701,9,9,0.25300757054370276,0.11634295865115489,0,DV-DD
2021-11-14 00:00:00+00:00,0.20826620522306397,0.07644670237161803,9,9,0.252079253867708,0.11622399425216873,0,DV-DD
2021-11-15 00:00:00+00:00,0.27093549003375156,0.05751862099791025,9,9,0.2511509371917132,0.11610502985318258,2,YV-DD
2021-11-16 00:00:00+00:00,0.1708344861344624,0.046094515087806244,9,9,0.252079253867708,0.11526566092375576,0,DV-DD
2021-11-17 00:00:00+00:00,0.1636293999824026,0.08620895136285854,9,9,0.2511509371917132,0.11442629199432894,0,DV-DD
2021-11-18 00:00:00+00:00,0.2362397156905701,0.11475232617120584,9,9,0.2504652793295876,0.11372351492194234,1,DV-YD
2021-11-19 00:00:00+00:00,0.30405234631694233,0.12386511737096355,9,9,0.249779621467462,0.11442629199432894,3,YV-YD
2021-11-20 00:00:00+00:00,0.13909591704471772,0.13867133544506385,9,9,0.2504652793295876,0.11458930908276739,1,DV-YD
2021-11-21 00:00:00+00:00,0.10973781253799074,0.12450308831960957,9,9,0.249779621467462,0.11475232617120584,1,DV-YD
2021-11-22 00:00:00+00:00,0.20888609357802274,0.1479901130479379,9,9,0.24921020495430435,0.11542867801219421,1,DV-YD
2021-11-23 00:00:00+00:00,0.5213695649575002,0.16885662548139868,9,9,0.24864078844114673,0.11610502985318258,3,YV-YD
2021-11-24 00:00:00+00:00,0.44366295588988747,0.09488236911195834,9,9,0.24921020495430435,0.11622399425216873,2,YV-DD
2021-11-25 00:00:00+00:00,0.39340490797546085,0.06234566440289109,9,9,0.249779621467462,0.11610502985318258,2,YV-DD
2021-11-26 00:00:00+00:00,0.3632229062578272,0.07171145388033073,9,9,0.2504652793295876,0.11542867801219421,2,YV-DD
2021-11-27 00:00:00+00:00,0.40495085149010757,0.04588340431257075,9,9,0.2511509371917132,0.11475232617120584,2,YV-DD
2021-11-28 00:00:00+00:00,0.36904158166669854,0.04475419793772638,9,9,0.252079253867708,0.11458930908276739,2,YV-DD
2021-11-29 00:00:00+00:00,0.4493791297588119,0.06025581398420861,9,9,0.25300757054370276,0.11442629199432894,2,YV-DD
2021-11-30 00:00:00+00:00,0.36103846947904483,0.06487925477513455,9,9,0.2536944935576546,0.11372351492194234,2,YV-DD
2021-12-01 00:00:00+00:00,0.20153223708408471,0.05827429094443187,9,9,0.2543814165716064,0.11302073784955574,0,DV-DD
2021-12-02 00:00:00+00:00,0.17157422201932593,0.06641019988404823,9,9,0.2536944935576546,0.11216625926446505,0,DV-DD
2021-12-03 00:00:00+00:00,0.14004037923421153,0.07051775934303438,9,9,0.25300757054370276,0.11131178067937436,0,DV-DD
2021-12-04 00:00:00+00:00,0.19898276751258195,0.04740755840921779,9,9,0.252079253867708,0.11101218170537676,0,DV-DD
2021-12-05 00:00:00+00:00,0.4171606173361855,0.07720671928756584,9,9,0.2511509371917132,0.11071258273137916,2,YV-DD
2021-12-06 00:00:00+00:00,0.4148528284079513,0.0814681644126258,9,9,0.252079253867708,0.11046659987920826,2,YV-DD
2021-12-07 00:00:00+00:00,0.37836922946727036,0.07778163856872644,9,9,0.25300757054370276,0.11022061702703738,2,YV-DD
2021-12-08 00:00:00+00:00,0.3880471117498204,0.06895700240329912,9,9,0.2536944935576546,0.11014834761160308,2,YV-DD
2021-12-09 00:00:00+00:00,0.2464523926764851,0.09539663211614022,9,9,0.2543814165716064,0.11007607819616878,0,DV-DD
2021-12-10 00:00:00+00:00,0.3903797468354429,0.13589868622573317,9,9,0.2536944935576546,0.10999697379593516,3,YV-YD
2021-12-11 00:00:00+00:00,0.34924134353520936,0.1162963342944862,9,9,0.2543814165716064,0.11007607819616878,3,YV-YD
2021-12-12 00:00:00+00:00,0.25240046480337586,0.1487115508689436,9,9,0.255183866780672,0.11014834761160308,1,DV-YD
2021-12-13 00:00:00+00:00,0.2699534883720931,0.13376632749163347,9,9,0.2543814165716064,0.11022061702703738,3,YV-YD
2021-12-14 00:00:00+00:00,0.38961459570333584,0.12797221933142455,9,9,0.255183866780672,0.11046659987920826,3,YV-YD
2021-12-15 00:00:00+00:00,0.3655756618427063,0.11589221523171375,9,9,0.2559863169897376,0.11071258273137916,3,YV-YD
2021-12-16 00:00:00+00:00,0.25329970424956155,0.07520019901559584,9,9,0.256411288912303,0.11101218170537676,0,DV-DD
2021-12-17 00:00:00+00:00,0.28584149599287617,0.0657849680030445,9,9,0.2559863169897376,0.11071258273137916,2,YV-DD
2021-12-18 00:00:00+00:00,0.2585896974988443,0.1279878758566957,9,9,0.256411288912303,0.11046659987920826,3,YV-YD
2021-12-19 00:00:00+00:00,0.07869458623045698,0.1582554689598457,9,9,0.25683626083486844,0.11071258273137916,1,DV-YD
2021-12-20 00:00:00+00:00,0.16222780619741287,0.10133226608126966,9,9,0.256411288912303,0.11101218170537676,0,DV-DD
2021-12-21 00:00:00+00:00,0.19691003937401305,0.12025083483314818,9,9,0.2559863169897376,0.11071258273137916,1,DV-YD
2021-12-22 00:00:00+00:00,0.13377721498304795,0.12824262961272848,9,9,0.255183866780672,0.11101218170537676,1,DV-YD
2021-12-23 00:00:00+00:00,0.16273651227252658,0.06971079414496402,9,9,0.2543814165716064,0.11131178067937436,0,DV-DD
2021-12-24 00:00:00+00:00,0.19077668207379123,0.11260918333435564,9,9,0.253840560410584,0.11101218170537676,1,DV-YD
2021-12-25 00:00:00+00:00,0.22778719585161528,0.16493518485077685,9,9,0.25329970424956155,0.11131178067937436,1,DV-YD
2021-12-26 00:00:00+00:00,0.20690065437239746,0.17704574060952438,9,9,0.25315363739663216,0.11196048200686501,1,DV-YD
2021-12-27 00:00:00+00:00,0.18957240971863235,0.16777150565862234,9,9,0.25300757054370276,0.11260918333435564,1,DV-YD
2021-12-28 00:00:00+00:00,0.4053607191094964,0.16524235252040492,9,9,0.25270401767353934,0.1128149605919557,3,YV-YD
2021-12-29 00:00:00+00:00,0.1835153320097065,0.14819228627040257,9,9,0.25300757054370276,0.11302073784955574,1,DV-YD
2021-12-30 00:00:00+00:00,0.10726169772823763,0.1377120020672695,9,9,0.25270401767353934,0.11372351492194234,1,DV-YD
2021-12-31 00:00:00+00:00,0.07589336358479856,0.08496112219589322,9,9,0.25240046480337586,0.11442629199432894,0,DV-DD
2022-01-01 00:00:00+00:00,0.07435769631609938,0.028442912754426914,9,9,0.2511509371917132,0.11302073784955574,0,DV-DD
2022-01-02 00:00:00+00:00,0.06750755965846313,0.03326501286985171,9,9,0.249779621467462,0.11260918333435564,0,DV-DD
2022-01-03 00:00:00+00:00,0.08790841039189777,0.032668640039849574,9,9,0.249779621467462,0.11131178067937436,0,DV-DD
2022-01-04 00:00:00+00:00,0.09816121058660392,0.08228436414072283,9,9,0.24864078844114673,0.11071258273137916,0,DV-DD
2022-01-05 00:00:00+00:00,0.24012734325009688,0.09050299907610385,9,9,0.2464523926764851,0.11022061702703738,0,DV-DD
2022-01-06 00:00:00+00:00,0.3373029236185525,0.10538449825085706,9,9,0.2457890486716641,0.11007607819616878,2,YV-DD
2022-01-07 00:00:00+00:00,0.5108982314613714,0.11246399090761734,9,9,0.2457890486716641,0.10991786939570154,3,YV-YD
2022-01-08 00:00:00+00:00,0.5275009366804045,0.15525324367858562,9,9,0.2457890486716641,0.10991786939570154,3,YV-YD
2022-01-09 00:00:00+00:00,0.5533081689338367,0.14018010752459223,9,9,0.2457890486716641,0.10991786939570154,3,YV-YD
2022-01-10 00:00:00+00:00,0.5327329628919971,0.14068654927160135,9,9,0.2457890486716641,0.10991786939570154,3,YV-YD
2022-01-11 00:00:00+00:00,0.587807325639739,0.12424384771804256,9,9,0.2457890486716641,0.10991786939570154,3,YV-YD
2022-01-12 00:00:00+00:00,0.343769352508085,0.11143101333057606,9,9,0.2457890486716641,0.10991786939570154,3,YV-YD
2022-01-13 00:00:00+00:00,0.17489802406834948,0.055941323672815305,9,9,0.2457890486716641,0.10991786939570154,0,DV-DD
2022-01-14 00:00:00+00:00,0.26883186193504405,0.08461438885699932,9,9,0.2430966933082589,0.10897789260398694,2,YV-DD
2022-01-15 00:00:00+00:00,0.2653171208191587,0.0948207432742003,9,9,0.2430966933082589,0.10878225026266734,2,YV-DD
2022-01-16 00:00:00+00:00,0.29245642537657696,0.10477158889986432,9,9,0.2430966933082589,0.1084058000989028,2,YV-DD
2022-01-17 00:00:00+00:00,0.3311802781985954,0.13688555563969929,9,9,0.2430966933082589,0.10781102108512713,3,YV-YD
2022-01-18 00:00:00+00:00,0.30021026566052245,0.14171995510828905,9,9,0.2430966933082589,0.10781102108512713,3,YV-YD
2022-01-19 00:00:00+00:00,0.2970918704560477,0.09514376458066219,9,9,0.2430966933082589,0.10781102108512713,2,YV-DD
2022-01-20 00:00:00+00:00,0.22662395900063984,0.07075383594241226,9,9,0.2430966933082589,0.10692157919312263,0,DV-DD
2022-01-21 00:00:00+00:00,0.28106241699867196,0.0833079811946181,9,9,0.2430139480329641,0.10538449825085706,2,YV-DD
2022-01-22 00:00:00+00:00,0.33785612942154974,0.09538272721992735,9,9,0.2430966933082589,0.10530506989763935,2,YV-DD
2022-01-23 00:00:00+00:00,0.4188583308285747,0.12068950429589331,9,9,0.2430966933082589,0.10477158889986432,3,YV-YD
2022-01-24 00:00:00+00:00,0.379442097415507,0.12328893744321126,9,9,0.2457890486716641,0.10477158889986432,3,YV-YD
2022-01-25 00:00:00+00:00,0.37285845382353155,0.12016825166642733,9,9,0.2457890486716641,0.10530506989763935,3,YV-YD
2022-01-26 00:00:00+00:00,0.43438247884219017,0.10512736774999588,9,9,0.2457890486716641,0.10538449825085706,2,YV-DD
2022-01-27 00:00:00+00:00,0.5803833902441023,0.10009181227978037,9,9,0.2464523926764851,0.10538449825085706,2,YV-DD
2022-01-28 00:00:00+00:00,0.5898942879061725,0.1005777269399086,9,9,0.24864078844114673,0.10538449825085706,2,YV-DD
2022-01-29 00:00:00+00:00,0.5671986104326112,0.08892651237146025,9,9,0.249779621467462,0.10538449825085706,2,YV-DD
2022-01-30 00:00:00+00:00,0.564078603448042,0.06394975438212025,9,9,0.2511509371917132,0.10530506989763935,2,YV-DD
2022-01-31 00:00:00+00:00,0.5363907583431625,0.06608665663113295,9,9,0.25240046480337586,0.10512736774999588,2,YV-DD
2022-02-01 00:00:00+00:00,0.4748849309585749,0.04203576247322358,9,9,0.25300757054370276,0.10477158889986432,2,YV-DD
2022-02-02 00:00:00+00:00,0.3708015391638943,0.06948003818549534,9,9,0.25329970424956155,0.10438986657568204,2,YV-DD
2022-02-03 00:00:00+00:00,0.3900839247048407,0.0563199291381939,9,9,0.2543814165716064,0.10397475452787099,2,YV-DD
2022-02-04 00:00:00+00:00,0.2984267877804059,0.05117080227368448,9,9,0.2559863169897376,0.10388069285937668,2,YV-DD
2022-02-05 00:00:00+00:00,0.07941746771731506,0.05793725554262706,9,9,0.25683626083486844,0.10385551243793761,0,DV-DD
2022-02-06 00:00:00+00:00,0.2920429739331421,0.04760188206584519,9,9,0.2559863169897376,0.10364736951264172,2,YV-DD
2022-02-07 00:00:00+00:00,0.26891796322489336,0.07114459768756137,9,9,0.2559863169897376,0.10272247123693727,2,YV-DD
2022-02-08 00:00:00+00:00,0.442282168404723,0.05687587457388725,9,9,0.2559863169897376,0.10266768572737126,2,YV-DD
2022-02-09 00:00:00+00:00,0.3430066603235017,0.08588666786790133,9,9,0.2559863169897376,0.10254895409352366,2,YV-DD
2022-02-10 00:00:00+00:00,0.4081100308276028,0.07909753605942356,9,9,0.2559863169897376,0.10187366283461798,2,YV-DD
2022-02-11 00:00:00+00:00,0.26560556282096287,0.09541543454726073,9,9,0.2559863169897376,0.10133226608126966,2,YV-DD
2022-02-12 00:00:00+00:00,0.07293557168784037,0.10056647563653129,9,9,0.2559863169897376,0.1005777269399086,0,DV-DD
2022-02-13 00:00:00+00:00,0.030874828403843604,0.11966842164465849,9,9,0.2543814165716064,0.10056647563653129,1,DV-YD
2022-02-14 00:00:00+00:00,0.20161716305716954,0.126635406854074,9,9,0.25329970424956155,0.10056647563653129,1,DV-YD
2022-02-15 00:00:00+00:00,0.145644599303136,0.08120692778959479,9,9,0.25300757054370276,0.10056647563653129,0,DV-DD
2022-02-16 00:00:00+00:00,0.13255042984772708,0.05518871339224935,9,9,0.25240046480337586,0.10037741925434794,0,DV-DD
2022-02-17 00:00:00+00:00,0.17169016131376277,0.06089321307013597,9,9,0.2511509371917132,0.10009181227978037,0,DV-DD
2022-02-18 00:00:00+00:00,0.12419951637778369,0.03312561910901986,9,9,0.249779621467462,0.09973842660726051,0,DV-DD
2022-02-19 00:00:00+00:00,0.2237790302036257,0.0405978144808301,9,9,0.24864078844114673,0.09968634699917849,0,DV-DD
2022-02-20 00:00:00+00:00,0.24418351815612094,0.03635846279339012,9,9,0.2464523926764851,0.09870704590655566,0,DV-DD
2022-02-21 00:00:00+00:00,0.302406124681006,0.03814816891943256,9,9,0.2457890486716641,0.09862568165386651,2,YV-DD
2022-02-22 00:00:00+00:00,0.533260632497274,0.03055963008545241,9,9,0.2457890486716641,0.09782025465359274,2,YV-DD
2022-02-23 00:00:00+00:00,0.4268896659757275,0.03550705772034469,9,9,0.2457890486716641,0.0978189651281203,2,YV-DD
2022-02-24 00:00:00+00:00,0.4841013871819767,0.04296882460476994,9,9,0.2457890486716641,0.09775390291839349,2,YV-DD
2022-02-25 00:00:00+00:00,0.37199179544991945,0.054511555417143996,9,9,0.2464523926764851,0.09716209363741582,2,YV-DD
2022-02-26 00:00:00+00:00,0.20188617172935625,0.05315385425902363,9,9,0.24864078844114673,0.09623649102596869,0,DV-DD
2022-02-27 00:00:00+00:00,0.15436010913700124,0.043677965013980156,9,9,0.24864078844114673,0.09606605661109822,0,DV-DD
2022-02-28 00:00:00+00:00,0.1980715146645239,0.03482154646467532,9,9,0.2464523926764851,0.09541543454726073,0,DV-DD
2022-03-01 00:00:00+00:00,0.048884258053312486,0.0449661746035305,9,9,0.2457890486716641,0.09539663211614022,0,DV-DD
2022-03-02 00:00:00+00:00,0.13986432150442285,0.07037108981003395,9,9,0.24418351815612094,0.09538430484703726,0,DV-DD
2022-03-03 00:00:00+00:00,0.14057317098296146,0.06170086422556427,9,9,0.24418351815612094,0.09538272721992735,0,DV-DD
2022-03-04 00:00:00+00:00,0.08066759388038941,0.06931354046782438,9,9,0.24418351815612094,0.09514376458066219,0,DV-DD
2022-03-05 00:00:00+00:00,0.13173352913690684,0.07105408651585277,9,9,0.24418351815612094,0.09494663589732272,0,DV-DD
2022-03-06 00:00:00+00:00,0.14045000504489938,0.06008632717998994,9,9,0.24418351815612094,0.09494663589732272,0,DV-DD
2022-03-07 00:00:00+00:00,0.09819441009151628,0.06507829773060385,9,9,0.2430966933082589,0.09494663589732272,0,DV-DD
2022-03-08 00:00:00+00:00,0.05324352667103036,0.06036942843837226,9,9,0.2430966933082589,0.09494663589732272,0,DV-DD
2022-03-09 00:00:00+00:00,0.07291500628730326,0.03388139997724585,9,9,0.2430966933082589,0.09488236911195834,0,DV-DD
2022-03-10 00:00:00+00:00,0.09690125363134333,0.05444239054989061,9,9,0.2430966933082589,0.0948207432742003,0,DV-DD
2022-03-11 00:00:00+00:00,0.09123462862764395,0.047430698476129116,9,9,0.2430139480329641,0.09445454400096943,0,DV-DD
2022-03-12 00:00:00+00:00,0.15143152811314256,0.0615885444203715,9,9,0.2430139480329641,0.09445454400096943,0,DV-DD
2022-03-13 00:00:00+00:00,0.15225146047665836,0.04583296470294088,9,9,0.2413845109720232,0.0941480158878228,0,DV-DD
2022-03-14 00:00:00+00:00,0.12280451489809387,0.03893106172452721,9,9,0.24025047664336432,0.09414471481201796,0,DV-DD
2022-03-15 00:00:00+00:00,0.2835588951031042,0.03842094159956142,9,9,0.24012734325009688,0.09375642162343337,2,YV-DD
2022-03-16 00:00:00+00:00,0.312540928498459,0.0357932605953879,9,9,0.24012734325009688,0.09312209729305981,2,YV-DD
2022-03-17 00:00:00+00:00,0.1476150574359083,0.03794481256677503,9,9,0.24025047664336432,0.09292180083857465,0,DV-DD
2022-03-18 00:00:00+00:00,0.08780094668376899,0.040077799181575294,9,9,0.24025047664336432,0.09292180083857465,0,DV-DD
2022-03-19 00:00:00+00:00,0.1718897383297164,0.05888081402526185,9,9,0.24025047664336432,0.09292180083857465,0,DV-DD
2022-03-20 00:00:00+00:00,0.1408209806157355,0.0544872270347437,9,9,0.24025047664336432,0.09292180083857465,0,DV-DD
2022-03-21 00:00:00+00:00,0.18227474150664713,0.04952867769199725,9,9,0.24012734325009688,0.09272229618961433,0,DV-DD
2022-03-22 00:00:00+00:00,0.33520452767680486,0.056618210679381976,9,9,0.24012734325009688,0.09264969003623018,2,YV-DD
2022-03-23 00:00:00+00:00,0.24546804012415113,0.045521607120317734,9,9,0.24025047664336432,0.09264969003623018,2,YV-DD
2022-03-24 00:00:00+00:00,0.20212022647873734,0.07161064984991783,9,9,0.2413845109720232,0.0926444501984227,0,DV-DD
2022-03-25 00:00:00+00:00,0.4544457644156079,0.07387918564778627,9,9,0.2413845109720232,0.0917488666692372,2,YV-DD
2022-03-26 00:00:00+00:00,0.4239600665557405,0.07576414429389565,9,9,0.2430139480329641,0.09056385057677215,2,YV-DD
2022-03-27 00:00:00+00:00,0.43698162302813476,0.07866810107951894,9,9,0.2430966933082589,0.09050299907610385,2,YV-DD
2022-03-28 00:00:00+00:00,0.6175641596202345,0.07548962596530737,9,9,0.24418351815612094,0.08928102276404809,2,YV-DD
2022-03-29 00:00:00+00:00,0.5143839541547285,0.06826864607917636,9,9,0.24546804012415113,0.08892651237146025,2,YV-DD
2022-03-30 00:00:00+00:00,0.5422780318023614,0.06799648213751704,9,9,0.2457890486716641,0.08791304914678297,2,YV-DD
2022-03-31 00:00:00+00:00,0.4854788690947783,0.05736922958085911,9,9,0.2464523926764851,0.08791304914678297,2,YV-DD
2022-04-01 00:00:00+00:00,0.42422262508397207,0.06297955495269018,9,9,0.24864078844114673,0.0877103239005244,2,YV-DD
2022-04-02 00:00:00+00:00,0.40707193868663993,0.09109776041773983,9,9,0.249779621467462,0.08756420550883068,3,YV-YD
2022-04-03 00:00:00+00:00,0.39797068771138666,0.08741726564891442,9,9,0.2511509371917132,0.08756420550883068,2,YV-DD
2022-04-04 00:00:00+00:00,0.5864135864135862,0.10131231110411552,9,9,0.25240046480337586,0.08741726564891442,3,YV-YD
2022-04-05 00:00:00+00:00,0.5384689465219531,0.11112574651159246,9,9,0.25300757054370276,0.08741726564891442,3,YV-YD
2022-04-06 00:00:00+00:00,0.3942453306410902,0.08769525919351659,9,9,0.25329970424956155,0.08741726564891442,3,YV-YD
2022-04-07 00:00:00+00:00,0.11735886573099605,0.07213476581635593,9,9,0.25329970424956155,0.08741726564891442,0,DV-DD
2022-04-08 00:00:00+00:00,0.09007818845472595,0.11160338623482904,9,9,0.25300757054370276,0.08716626586703988,1,DV-YD
2022-04-09 00:00:00+00:00,0.13586103990511514,0.1099089645490056,9,9,0.25240046480337586,0.08716626586703988,1,DV-YD
2022-04-10 00:00:00+00:00,0.1364796228340908,0.10148295234547264,9,9,0.2511509371917132,0.08716626586703988,1,DV-YD
2022-04-11 00:00:00+00:00,0.2268523223904868,0.06894212107167498,9,9,0.2511509371917132,0.08716626586703988,0,DV-DD
2022-04-12 00:00:00+00:00,0.3337858253234954,0.07727049896064317,9,9,0.249779621467462,0.08705516374344241,2,YV-DD
2022-04-13 00:00:00+00:00,0.36949777438064807,0.07506204115015791,9,9,0.249779621467462,0.08686542034494531,2,YV-DD
2022-04-14 00:00:00+00:00,0.33794557554193844,0.05512848681823665,9,9,0.249779621467462,0.08671930282047222,2,YV-DD
2022-04-15 00:00:00+00:00,0.3111025308013618,0.050527507035326616,9,9,0.249779621467462,0.08653437714941685,2,YV-DD
2022-04-16 00:00:00+00:00,0.3684890075876826,0.04679931723992025,9,9,0.249779621467462,0.08620895136285854,2,YV-DD
2022-04-17 00:00:00+00:00,0.3505871075964537,0.043850486578421145,9,9,0.249779621467462,0.08588666786790133,2,YV-DD
2022-04-18 00:00:00+00:00,0.47192319909645963,0.04007862318422989,9,9,0.249779621467462,0.08550087444033375,2,YV-DD
2022-04-19 00:00:00+00:00,0.3875844806007508,0.02768541035480038,9,9,0.249779621467462,0.08496112219589322,2,YV-DD
2022-04-20 00:00:00+00:00,0.2812787065956275,0.023758180005643233,9,9,0.2511509371917132,0.08481490660298759,2,YV-DD
2022-04-21 00:00:00+00:00,0.1364556123762924,0.022254753289492727,9,9,0.25240046480337586,0.08461438885699932,0,DV-DD
2022-04-22 00:00:00+00:00,0.2557505894681689,0.024820283388767916,9,9,0.25240046480337586,0.08396567408048176,2,YV-DD
2022-04-23 00:00:00+00:00,0.245182752500292,0.02540483126671231,9,9,0.25300757054370276,0.08380124048448734,0,DV-DD
2022-04-24 00:00:00+00:00,0.29002516640402665,0.026847066577343186,9,9,0.25240046480337586,0.08331435157891535,2,YV-DD
2022-04-25 00:00:00+00:00,0.2886830397952342,0.022336726241374113,9,9,0.25240046480337586,0.0833079811946181,2,YV-DD
2022-04-26 00:00:00+00:00,0.08205590622182163,0.07054475135075368,9,9,0.25240046480337586,0.08238119068993476,0,DV-DD
2022-04-27 00:00:00+00:00,0.2560877169379792,0.07891945085495707,9,9,0.25240046480337586,0.08228436414072283,2,YV-DD
2022-04-28 00:00:00+00:00,0.27092881148793174,0.07076247405219799,9,9,0.25240046480337586,0.0816499979876545,2,YV-DD
2022-04-29 00:00:00+00:00,0.23890784982935143,0.0741104386759466,9,9,0.25240046480337586,0.08161593163813433,0,DV-DD
2022-04-30 00:00:00+00:00,0.47428185197701905,0.09433888812504691,9,9,0.2511509371917132,0.0814681644126258,3,YV-YD
2022-05-01 00:00:00+00:00,0.5834827431644998,0.10967193235045564,9,9,0.25240046480337586,0.08161593163813433,3,YV-YD
2022-05-02 00:00:00+00:00,0.35618092319123235,0.08178627376849516,9,9,0.25329970424956155,0.08161593163813433,3,YV-YD
2022-05-03 00:00:00+00:00,0.42056620293802877,0.05667309970698141,9,9,0.2557505894681689,0.08161593163813433,2,YV-DD
2022-05-04 00:00:00+00:00,0.5894668400520152,0.04418075584614225,9,9,0.2559863169897376,0.0814681644126258,2,YV-DD
2022-05-05 00:00:00+00:00,0.27797488191889935,0.03897675257117495,9,9,0.2560877169379792,0.08120692778959479,2,YV-DD
2022-05-06 00:00:00+00:00,0.3420603752628029,0.03533831896778148,9,9,0.25683626083486844,0.08029519915960201,2,YV-DD
2022-05-07 00:00:00+00:00,0.36264074088306475,0.04128496836927028,9,9,0.25683626083486844,0.07942489695131057,2,YV-DD
2022-05-08 00:00:00+00:00,0.39462580501887623,0.03282506696818518,9,9,0.25683626083486844,0.07909753605942356,2,YV-DD
2022-05-09 00:00:00+00:00,0.3520408163265306,0.03957651044492278,9,9,0.25683626083486844,0.07891945085495707,2,YV-DD
2022-05-10 00:00:00+00:00,0.5454955074345993,0.05471464629713157,9,9,0.25683626083486844,0.07866810107951894,2,YV-DD
2022-05-11 00:00:00+00:00,0.39323935222941586,0.043666014795386184,9,9,0.25683626083486844,0.07841877295785024,2,YV-DD
2022-05-12 00:00:00+00:00,0.5379579971460552,0.15153306608457465,9,9,0.25787826401364927,0.07810051264829077,3,YV-YD
2022-05-13 00:00:00+00:00,0.5608867294260552,0.13852316998156428,9,9,0.2584637364381788,0.07810051264829077,3,YV-YD
2022-05-14 00:00:00+00:00,0.4870912220309811,0.11404029126998771,9,9,0.2585170340681365,0.07810051264829077,3,YV-YD
2022-05-15 00:00:00+00:00,0.3958128078817735,0.0977934606285717,9,9,0.2585896974988443,0.07810051264829077,3,YV-YD
2022-05-16 00:00:00+00:00,0.3739847254212634,0.09718009284387573,9,9,0.2644158558087901,0.07810051264829077,3,YV-YD
2022-05-17 00:00:00+00:00,0.44644002565747265,0.10271474815521905,9,9,0.26529116966091293,0.07810051264829077,3,YV-YD
2022-05-18 00:00:00+00:00,0.38678387873440745,0.10058056971448089,9,9,0.2653171208191587,0.07810051264829077,3,YV-YD
2022-05-19 00:00:00+00:00,0.5788085293471092,0.030703091227734482,9,9,0.26560556282096287,0.07810051264829077,2,YV-DD
2022-05-20 00:00:00+00:00,0.4200165425971877,0.06251866079602895,9,9,0.2681047183710475,0.07778163856872644,2,YV-DD
2022-05-21 00:00:00+00:00,0.43840369810734775,0.046610128891857075,9,9,0.2681047183710475,0.07749683557191675,2,YV-DD
2022-05-22 00:00:00+00:00,0.4039731882650088,0.035751687563749926,9,9,0.2683679255982759,0.07727049896064317,2,YV-DD
2022-05-23 00:00:00+00:00,0.3066390874149082,0.04280962108307197,9,9,0.2683679255982759,0.07720671928756584,2,YV-DD
2022-05-24 00:00:00+00:00,0.19123915919447307,0.034131056319813016,9,9,0.2683679255982759,0.07697914190006172,0,DV-DD
2022-05-25 00:00:00+00:00,0.2883994079544186,0.0442286890671588,9,9,0.2681047183710475,0.07663601248723283,2,YV-DD
2022-05-26 00:00:00+00:00,0.05686475409836062,0.03620443810107768,9,9,0.2683679255982759,0.07644670237161803,0,DV-DD
2022-05-27 00:00:00+00:00,0.030767756158343908,0.06576617521516578,9,9,0.2681047183710475,0.07576414429389565,0,DV-DD
2022-05-28 00:00:00+00:00,0.19299366448384175,0.07450034902661348,9,9,0.2681047183710475,0.07548962596530737,0,DV-DD
2022-05-29 00:00:00+00:00,0.19628578798039736,0.0658158270281276,9,9,0.2681047183710475,0.07520019901559584,0,DV-DD
2022-05-30 00:00:00+00:00,0.34807740638351375,0.05936768954556632,9,9,0.26560556282096287,0.07506204115015791,2,YV-DD
2022-05-31 00:00:00+00:00,0.03438061990902361,0.053951722583896605,9,9,0.26560556282096287,0.07482129030034738,0,DV-DD
2022-06-01 00:00:00+00:00,0.11863458310016772,0.08346956722180551,9,9,0.2653171208191587,0.07450034902661348,1,DV-YD
2022-06-02 00:00:00+00:00,0.0938865052709235,0.07673246768605282,9,9,0.2653171208191587,0.07450034902661348,1,DV-YD
2022-06-03 00:00:00+00:00,0.1212686567164179,0.06964394254040428,9,9,0.2653171208191587,0.07482129030034738,0,DV-DD
2022-06-04 00:00:00+00:00,0.11355081555834372,0.07727062600082092,9,9,0.2653171208191587,0.07450034902661348,1,DV-YD
2022-06-05 00:00:00+00:00,0.15544916924809898,0.09043289986601963,9,9,0.2653171208191587,0.07482129030034738,1,DV-YD
2022-06-06 00:00:00+00:00,0.19446870451237228,0.09658657613878834,9,9,0.2653171208191587,0.07506204115015791,1,DV-YD
2022-06-07 00:00:00+00:00,0.1381966470321704,0.06110330483786219,9,9,0.2653171208191587,0.07506204115015791,0,DV-DD
2022-06-08 00:00:00+00:00,0.19038272816486754,0.08408055296861394,9,9,0.2653171208191587,0.07482129030034738,1,DV-YD
2022-06-09 00:00:00+00:00,0.16945368489205428,0.09344051920312327,9,9,0.2653171208191587,0.07482129030034738,1,DV-YD
2022-06-10 00:00:00+00:00,0.06576644161040213,0.10084013931018045,9,9,0.2653171208191587,0.07482129030034738,1,DV-YD
2022-06-11 00:00:00+00:00,0.0852925095680701,0.08428939306006432,9,9,0.2653171208191587,0.07482129030034738,1,DV-YD
2022-06-12 00:00:00+00:00,0.23220295107429478,0.08084437347653937,9,9,0.2653171208191587,0.07482129030034738,1,DV-YD
2022-06-13 00:00:00+00:00,0.3660210835989214,0.08513975597117487,9,9,0.2653171208191587,0.07482129030034738,3,YV-YD
2022-06-14 00:00:00+00:00,0.6101279607949907,0.08130563498899512,9,9,0.26560556282096287,0.07506204115015791,3,YV-YD
2022-06-15 00:00:00+00:00,0.5956348970998161,0.07543742089114819,9,9,0.2681047183710475,0.07506204115015791,3,YV-YD
2022-06-16 00:00:00+00:00,0.32572589317720124,0.08330229703213246,9,9,0.2683679255982759,0.07520019901559584,3,YV-YD
2022-06-17 00:00:00+00:00,0.4838269986893841,0.08939842215912618,9,9,0.26883186193504405,0.07543742089114819,3,YV-YD
2022-06-18 00:00:00+00:00,0.37684782608695616,0.08832405935056833,9,9,0.26883186193504405,0.07548962596530737,3,YV-YD
2022-06-19 00:00:00+00:00,0.5357535753575358,0.11963613356763808,9,9,0.26883186193504405,0.07576414429389565,3,YV-YD
2022-06-20 00:00:00+00:00,0.34621848739495803,0.12170059428850312,9,9,0.26883186193504405,0.07644670237161803,3,YV-YD
2022-06-21 00:00:00+00:00,0.38607473035439116,0.10124891040104625,9,9,0.26883186193504405,0.07663601248723283,3,YV-YD
2022-06-22 00:00:00+00:00,0.3730503219651797,0.0949251204206686,9,9,0.26883186193504405,0.07673246768605282,3,YV-YD
2022-06-23 00:00:00+00:00,0.433621985257282,0.05667850111720344,9,9,0.26883186193504405,0.07673246768605282,2,YV-DD
2022-06-24 00:00:00+00:00,0.3078470824949698,0.06879453993596843,9,9,0.26883186193504405,0.07663601248723283,2,YV-DD
2022-06-25 00:00:00+00:00,0.126239855725879,0.09141951181332826,9,9,0.26883186193504405,0.07663601248723283,1,DV-YD
2022-06-26 00:00:00+00:00,0.07917570498915404,0.08606086704183145,9,9,0.26883186193504405,0.07663601248723283,1,DV-YD
2022-06-27 00:00:00+00:00,0.14040114613180507,0.0740979998383679,9,9,0.2683679255982759,0.07663601248723283,0,DV-DD
2022-06-28 00:00:00+00:00,0.18741101859441722,0.07540498006797416,9,9,0.2681047183710475,0.07644670237161803,0,DV-DD
2022-06-29 00:00:00+00:00,0.08772683345860632,0.04277517011473208,9,9,0.26560556282096287,0.07576414429389565,0,DV-DD
2022-06-30 00:00:00+00:00,0.12667547668491583,0.05432481582324738,9,9,0.2653171208191587,0.07548962596530737,0,DV-DD
2022-07-01 00:00:00+00:00,0.08379888268156431,0.048279858077478276,9,9,0.2653171208191587,0.07543742089114819,0,DV-DD
2022-07-02 00:00:00+00:00,0.07745358090185672,0.07407205886014431,9,9,0.2653171208191587,0.07543742089114819,0,DV-DD
2022-07-03 00:00:00+00:00,0.08494097322199828,0.0773875245697898,9,9,0.2653171208191587,0.07543742089114819,1,DV-YD
2022-07-04 00:00:00+00:00,0.11559059166273954,0.03755728992399791,9,9,0.2653171208191587,0.07548962596530737,0,DV-DD
2022-07-05 00:00:00+00:00,0.061469265367316346,0.020420974321999446,9,9,0.2653171208191587,0.07548962596530737,0,DV-DD
2022-07-06 00:00:00+00:00,0.05161561057490567,0.015619047581428229,9,9,0.2653171208191587,0.07548962596530737,0,DV-DD
2022-07-07 00:00:00+00:00,0.11818181818181801,0.03803723311273138,9,9,0.2653171208191587,0.07548962596530737,0,DV-DD
2022-07-08 00:00:00+00:00,0.09951993729793243,0.05042592060016956,9,9,0.26529116966091293,0.07548962596530737,0,DV-DD
2022-07-09 00:00:00+00:00,0.20808301474604052,0.057120932511363416,9,9,0.26529116966091293,0.07548962596530737,0,DV-DD
2022-07-10 00:00:00+00:00,0.16106277921467219,0.053387759579905505,9,9,0.26529116966091293,0.07548962596530737,0,DV-DD
2022-07-11 00:00:00+00:00,0.1616405307599517,0.050107009154356244,9,9,0.26529116966091293,0.07548962596530737,0,DV-DD
2022-07-12 00:00:00+00:00,0.25422045680238325,0.03294980337032868,9,9,0.26529116966091293,0.07548962596530737,0,DV-DD
2022-07-13 00:00:00+00:00,0.17378917378917377,0.02396090652221322,9,9,0.26529116966091293,0.07548962596530737,0,DV-DD
2022-07-14 00:00:00+00:00,0.05125284738041034,0.026994001685816463,9,9,0.26529116966091293,0.07548962596530737,0,DV-DD
2022-07-15 00:00:00+00:00,0.10413204195082829,0.03087321737589704,9,9,0.26529116966091293,0.07548962596530737,0,DV-DD
2022-07-16 00:00:00+00:00,0.207574060877532,0.030826942027953025,9,9,0.26529116966091293,0.07548962596530737,0,DV-DD
2022-07-17 00:00:00+00:00,0.2936573871274715,0.05817644421255045,9,9,0.26529116966091293,0.07548962596530737,2,YV-DD
2022-07-18 00:00:00+00:00,0.19013899816417562,0.06013820133794193,9,9,0.26529116966091293,0.07548962596530737,0,DV-DD
2022-07-19 00:00:00+00:00,0.2826389964379746,0.09892729045869253,9,9,0.2644158558087901,0.07548962596530737,3,YV-YD
2022-07-20 00:00:00+00:00,0.3753212766951729,0.09885934419233063,9,9,0.2644158558087901,0.07576414429389565,3,YV-YD
2022-07-21 00:00:00+00:00,0.2218252679441376,0.07036650568438821,9,9,0.2644158558087901,0.07644670237161803,0,DV-DD
2022-07-22 00:00:00+00:00,0.19530595138306775,0.0674726175101789,9,9,0.2585896974988443,0.07644670237161803,0,DV-DD
2022-07-23 00:00:00+00:00,0.13727959697733003,0.06713238483730741,9,9,0.2585170340681365,0.07644670237161803,0,DV-DD
2022-07-24 00:00:00+00:00,0.11584382058728628,0.05443917286220653,9,9,0.2585170340681365,0.07644670237161803,0,DV-DD
2022-07-25 00:00:00+00:00,0.28019323671497587,0.05652908058953369,9,9,0.2585170340681365,0.07644670237161803,2,YV-DD
2022-07-26 00:00:00+00:00,0.16691848906560647,0.042266443380268255,9,9,0.2585896974988443,0.07644670237161803,0,DV-DD
2022-07-27 00:00:00+00:00,0.20108090923541577,0.05165992760230669,9,9,0.2585896974988443,0.07644670237161803,0,DV-DD
2022-07-28 00:00:00+00:00,0.2632944228274967,0.03699427426048833,9,9,0.2585896974988443,0.07644670237161803,2,YV-DD
2022-07-29 00:00:00+00:00,0.26172377070250835,0.03547968666160795,9,9,0.2632944228274967,0.07644670237161803,0,DV-DD
2022-07-30 00:00:00+00:00,0.28412206673076246,0.04745570417071127,9,9,0.2632944228274967,0.07644670237161803,2,YV-DD
2022-07-31 00:00:00+00:00,0.25421968319916916,0.04257470995412849,9,9,0.2632944228274967,0.07644670237161803,0,DV-DD
2022-08-01 00:00:00+00:00,0.24298499428033105,0.032657742016125396,9,9,0.26172377070250835,0.07644670237161803,0,DV-DD
2022-08-02 00:00:00+00:00,0.08339952343129464,0.025323768934063948,9,9,0.2585896974988443,0.07576414429389565,0,DV-DD
2022-08-03 00:00:00+00:00,0.10589362721609967,0.027077690757672006,9,9,0.2585170340681365,0.07576414429389565,0,DV-DD
2022-08-04 00:00:00+00:00,0.10986964618249541,0.04178085909696514,9,9,0.2584637364381788,0.07548962596530737,0,DV-DD
2022-08-05 00:00:00+00:00,0.08825645401462305,0.03870607604224996,9,9,0.25787826401364927,0.07543742089114819,0,DV-DD
2022-08-06 00:00:00+00:00,0.1629948213815499,0.06077667155929286,9,9,0.25683626083486844,0.07540498006797416,0,DV-DD
2022-08-07 00:00:00+00:00,0.10336599914784814,0.06608485613589672,9,9,0.2560877169379792,0.07520019901559584,0,DV-DD
2022-08-08 00:00:00+00:00,0.11594695681740895,0.07619878909509258,9,9,0.2557505894681689,0.07520019901559584,1,DV-YD
2022-08-09 00:00:00+00:00,0.4364699627857519,0.08523826056512485,9,9,0.25422045680238325,0.07540498006797416,3,YV-YD
2022-08-10 00:00:00+00:00,0.33679294239750823,0.09149995311018867,9,9,0.25422045680238325,0.07543742089114819,3,YV-YD
2022-08-11 00:00:00+00:00,0.23973825104104668,0.08812604195802154,9,9,0.25422045680238325,0.07548962596530737,1,DV-YD
2022-08-12 00:00:00+00:00,0.11384058439459502,0.0840036029760184,9,9,0.25421968319916916,0.07576414429389565,1,DV-YD
2022-08-13 00:00:00+00:00,0.21592279855247234,0.06002014350633131,9,9,0.25329970424956155,0.07576414429389565,0,DV-DD
2022-08-14 00:00:00+00:00,0.2039191671769744,0.056921151915696425,9,9,0.25240046480337586,0.07548962596530737,0,DV-DD
2022-08-15 00:00:00+00:00,0.31530008453085373,0.05501853978504101,9,9,0.2464523926764851,0.07543742089114819,2,YV-DD
2022-08-16 00:00:00+00:00,0.29007092198581474,0.03557898917543085,9,9,0.2464523926764851,0.07540498006797416,2,YV-DD
2022-08-17 00:00:00+00:00,0.33037152367658135,0.08057288838181638,9,9,0.2464523926764851,0.07520019901559584,3,YV-YD
2022-08-18 00:00:00+00:00,0.19897371452508142,0.08659798192506946,9,9,0.2464523926764851,0.07520019901559584,1,DV-YD
2022-08-19 00:00:00+00:00,0.07146426786606688,0.07882526714375439,9,9,0.2457890486716641,0.07520019901559584,1,DV-YD
2022-08-20 00:00:00+00:00,0.23164108618654072,0.08719554394096583,9,9,0.24546804012415113,0.07520019901559584,1,DV-YD
2022-08-21 00:00:00+00:00,0.22206768660176182,0.09474958842070261,9,9,0.245182752500292,0.07520019901559584,1,DV-YD
2022-08-22 00:00:00+00:00,0.24055723523369996,0.05716915163481593,9,9,0.24418351815612094,0.07520019901559584,0,DV-DD
2022-08-23 00:00:00+00:00,0.3765086206896549,0.058527175596019464,9,9,0.2430966933082589,0.07506204115015791,2,YV-DD
2022-08-24 00:00:00+00:00,0.2382867960246095,0.04898215978400979,9,9,0.2430966933082589,0.07450034902661348,0,DV-DD
2022-08-25 00:00:00+00:00,0.4968691175905649,0.0314939175931198,9,9,0.24298499428033105,0.0741104386759466,2,YV-DD
2022-08-26 00:00:00+00:00,0.420489917444851,0.022692349158662743,9,9,0.24298499428033105,0.0740979998383679,2,YV-DD
2022-08-27 00:00:00+00:00,0.6669710221538756,0.03790809700659708,9,9,0.2430966933082589,0.07407205886014431,2,YV-DD
2022-08-28 00:00:00+00:00,0.6877646360326867,0.03890385388079578,9,9,0.24418351815612094,0.0740619788407498,2,YV-DD
2022-08-29 00:00:00+00:00,0.7037695853900778,0.04772986736030975,9,9,0.245182752500292,0.07387918564778627,2,YV-DD
2022-08-30 00:00:00+00:00,0.5234857764137575,0.041825713054755936,9,9,0.24546804012415113,0.07213476581635593,2,YV-DD
2022-08-31 00:00:00+00:00,0.5227837613918813,0.05166665268081362,9,9,0.24546804012415113,0.07193514032119336,2,YV-DD
2022-09-01 00:00:00+00:00,0.4545856965002083,0.05721506448693498,9,9,0.24546804012415113,0.07171145388033073,2,YV-DD
2022-09-02 00:00:00+00:00,0.34735071488645974,0.05516034627221471,9,9,0.2457890486716641,0.07161064984991783,2,YV-DD
2022-09-03 00:00:00+00:00,0.05077682656158013,0.05254771534429971,9,9,0.2464523926764851,0.07114459768756137,0,DV-DD
2022-09-04 00:00:00+00:00,0.16622482937559924,0.04381475477686247,9,9,0.2464523926764851,0.07105408651585277,0,DV-DD
2022-09-05 00:00:00+00:00,0.21659865387672902,0.054383079116773494,9,9,0.2464523926764851,0.07076247405219799,0,DV-DD
2022-09-06 00:00:00+00:00,0.1893684265063987,0.04748231489398653,9,9,0.2464523926764851,0.07075383594241226,0,DV-DD
2022-09-07 00:00:00+00:00,0.3443629086057373,0.0322696320681964,9,9,0.2464523926764851,0.07054475135075368,2,YV-DD
2022-09-08 00:00:00+00:00,0.09583192899674176,0.037438817400420675,9,9,0.25240046480337586,0.07051775934303438,0,DV-DD
2022-09-09 00:00:00+00:00,0.12100965107646583,0.04205968922159147,9,9,0.25240046480337586,0.07037108981003395,0,DV-DD
2022-09-10 00:00:00+00:00,0.271897810218978,0.03024247202215512,9,9,0.25240046480337586,0.07036650568438821,2,YV-DD
2022-09-11 00:00:00+00:00,0.30030899961375035,0.038298854385023,9,9,0.25329970424956155,0.06971079414496402,2,YV-DD
2022-09-12 00:00:00+00:00,0.4284501962448284,0.0450302578702798,9,9,0.25329970424956155,0.06964394254040428,2,YV-DD
2022-09-13 00:00:00+00:00,0.34459459459459474,0.05955469099581243,9,9,0.25421968319916916,0.06948003818549534,2,YV-DD
2022-09-14 00:00:00+00:00,0.07659070541543962,0.028991646346121294,9,9,0.25422045680238325,0.06931354046782438,0,DV-DD
2022-09-15 00:00:00+00:00,0.1231631893263637,0.020282253463900703,9,9,0.25422045680238325,0.06895700240329912,0,DV-DD
2022-09-16 00:00:00+00:00,0.09012345679012318,0.047435508547225766,9,9,0.25422045680238325,0.06894212107167498,0,DV-DD
2022-09-17 00:00:00+00:00,0.08831214074203109,0.057679056498726976,9,9,0.25422045680238325,0.06879453993596843,0,DV-DD
2022-09-18 00:00:00+00:00,0.08123028391167175,0.0707182921320066,9,9,0.25422045680238325,0.06873128558269254,1,DV-YD
2022-09-19 00:00:00+00:00,0.14805577598911715,0.08801775682347049,9,9,0.25421968319916916,0.06873128558269254,1,DV-YD
2022-09-20 00:00:00+00:00,0.14701803051317633,0.09399090800171138,9,9,0.25329970424956155,0.06873128558269254,1,DV-YD
2022-09-21 00:00:00+00:00,0.08025477707006361,0.11407897151395358,9,9,0.25240046480337586,0.06873128558269254,1,DV-YD
2022-09-22 00:00:00+00:00,0.21119699185293497,0.11392467262235716,9,9,0.2464523926764851,0.06873128558269254,1,DV-YD
2022-09-23 00:00:00+00:00,0.09769026883756153,0.15024568497650104,9,9,0.2457890486716641,0.06873128558269254,1,DV-YD
2022-09-24 00:00:00+00:00,0.25000000000000017,0.13481838165149393,9,9,0.2457890486716641,0.06873128558269254,3,YV-YD
2022-09-25 00:00:00+00:00,0.31852159468438535,0.1206171769444545,9,9,0.2464523926764851,0.06873128558269254,3,YV-YD
2022-09-26 00:00:00+00:00,0.3353293413173656,0.11260435687114864,9,9,0.25000000000000017,0.06879453993596843,3,YV-YD
2022-09-27 00:00:00+00:00,0.30507187262651575,0.0820173925993701,9,9,0.25240046480337586,0.06894212107167498,3,YV-YD
2022-09-28 00:00:00+00:00,0.2171388527380115,0.058722018569698484,9,9,0.25329970424956155,0.06894212107167498,0,DV-DD
2022-09-29 00:00:00+00:00,0.25666199158485303,0.05611049058807663,9,9,0.25329970424956155,0.06894212107167498,2,YV-DD
2022-09-30 00:00:00+00:00,0.1333333333333333,0.05118850970537403,9,9,0.25329970424956155,0.06894212107167498,0,DV-DD
2022-10-01 00:00:00+00:00,0.13744075829383898,0.03085399761374589,9,9,0.25240046480337586,0.06894212107167498,0,DV-DD
2022-10-02 00:00:00+00:00,0.2459546925566341,0.021296477774880477,9,9,0.25240046480337586,0.06879453993596843,0,DV-DD
2022-10-03 00:00:00+00:00,0.12400000000000004,0.037770699182185244,9,9,0.25240046480337586,0.06873128558269254,0,DV-DD
2022-10-04 00:00:00+00:00,0.12165775401069533,0.028097596872956133,9,9,0.25240046480337586,0.06836559236532082,0,DV-DD
2022-10-05 00:00:00+00:00,0.20426829268292673,0.04256191264134271,9,9,0.25240046480337586,0.06836559236532082,0,DV-DD
2022-10-06 00:00:00+00:00,0.3147102526002971,0.03073050915634812,9,9,0.25240046480337586,0.06826864607917636,2,YV-DD
2022-10-07 00:00:00+00:00,0.163659793814433,0.02444563956658164,9,9,0.25240046480337586,0.06799648213751704,0,DV-DD
2022-10-08 00:00:00+00:00,0.05968331303288644,0.028901947220571277,9,9,0.25240046480337586,0.06795010917039387,0,DV-DD
2022-10-09 00:00:00+00:00,0.12703298958493703,0.030945011188306924,9,9,0.25240046480337586,0.0674726175101789,0,DV-DD
2022-10-10 00:00:00+00:00,0.14006514657980446,0.0512203078617678,9,9,0.25000000000000017,0.06713238483730741,0,DV-DD
2022-10-11 00:00:00+00:00,0.20869565217391317,0.04569441138913038,9,9,0.2464523926764851,0.0668591416635456,0,DV-DD
2022-10-12 00:00:00+00:00,0.20524017467248898,0.041151234528039496,9,9,0.2464523926764851,0.06670901414003778,0,DV-DD
2022-10-13 00:00:00+00:00,0.23076923076923034,0.04583589213523544,9,9,0.2459546925566341,0.06641019988404823,0,DV-DD
2022-10-14 00:00:00+00:00,0.3139158576051781,0.04731347892501773,9,9,0.24546804012415113,0.06608665663113295,2,YV-DD
2022-10-15 00:00:00+00:00,0.26728110599078336,0.04998886181105974,9,9,0.24546804012415113,0.06608665663113295,2,YV-DD
2022-10-16 00:00:00+00:00,0.21059164253206442,0.05190566343958662,9,9,0.24546804012415113,0.06608665663113295,0,DV-DD
2022-10-17 00:00:00+00:00,0.1714513068494829,0.050711249224214106,9,9,0.24546804012415113,0.06608665663113295,0,DV-DD
2022-10-18 00:00:00+00:00,0.11897943243946897,0.03431117964816746,9,9,0.24546804012415113,0.06608665663113295,0,DV-DD
2022-10-19 00:00:00+00:00,0.4589595375722541,0.034551760453283266,9,9,0.24546804012415113,0.06608665663113295,2,YV-DD
2022-10-20 00:00:00+00:00,0.5231560891938251,0.037973694389761045,9,9,0.2459546925566341,0.06608665663113295,2,YV-DD
2022-10-21 00:00:00+00:00,0.434433541480821,0.035627511822973204,9,9,0.2464523926764851,0.06608665663113295,2,YV-DD
2022-10-22 00:00:00+00:00,0.3375688267683189,0.029259145348692814,9,9,0.25000000000000017,0.06608485613589672,2,YV-DD
2022-10-23 00:00:00+00:00,0.2644230769230777,0.028928621036684744,9,9,0.25240046480337586,0.0658158270281276,2,YV-DD
2022-10-24 00:00:00+00:00,0.2483631601920559,0.02693010602009805,9,9,0.25329970424956155,0.0657849680030445,0,DV-DD
2022-10-25 00:00:00+00:00,0.19886321142771704,0.03244072049602958,9,9,0.25240046480337586,0.06576617521516578,0,DV-DD
2022-10-26 00:00:00+00:00,0.1879049676025918,0.04252824729085323,9,9,0.25000000000000017,0.06507829773060385,0,DV-DD
2022-10-27 00:00:00+00:00,0.1685375980316775,0.06108191772898099,9,9,0.2483631601920559,0.06487925477513455,0,DV-DD
2022-10-28 00:00:00+00:00,0.1468786222884583,0.07494633644864057,9,9,0.2464523926764851,0.06394975438212025,1,DV-YD
2022-10-29 00:00:00+00:00,0.2591430131004365,0.0990810142242167,9,9,0.2464523926764851,0.06394975438212025,3,YV-YD
2022-10-30 00:00:00+00:00,0.3503951825366954,0.20774485863175063,9,9,0.2464523926764851,0.06394975438212025,3,YV-YD
2022-10-31 00:00:00+00:00,0.21916732128829544,0.20205599828129028,9,9,0.2464523926764851,0.06394975438212025,1,DV-YD
2022-11-01 00:00:00+00:00,0.20038675368624578,0.2222246847839392,9,9,0.2464523926764851,0.06394975438212025,1,DV-YD
2022-11-02 00:00:00+00:00,0.24320941294279633,0.25967107795798305,9,9,0.2464523926764851,0.06487925477513455,1,DV-YD
2022-11-03 00:00:00+00:00,0.25716498838109975,0.1966438349761402,9,9,0.2459546925566341,0.06487925477513455,3,YV-YD
2022-11-04 00:00:00+00:00,0.314023223172132,0.15243572260197458,9,9,0.2459546925566341,0.06487925477513455,3,YV-YD
2022-11-05 00:00:00+00:00,0.4200732476660247,0.12290479193847663,9,9,0.2464523926764851,0.06487925477513455,3,YV-YD
2022-11-06 00:00:00+00:00,0.4426423883125128,0.04413812062771585,9,9,0.2483631601920559,0.06487925477513455,2,YV-DD
2022-11-07 00:00:00+00:00,0.21709786276715415,0.021175971286568573,9,9,0.25000000000000017,0.06394975438212025,0,DV-DD
2022-11-08 00:00:00+00:00,0.2552230035056434,0.07470319058254503,9,9,0.25000000000000017,0.06297955495269018,3,YV-YD
2022-11-09 00:00:00+00:00,0.17030037124535943,0.14053978709822654,9,9,0.25240046480337586,0.06297955495269018,1,DV-YD
2022-11-10 00:00:00+00:00,0.47286108555657774,0.22039280406002446,9,9,0.25000000000000017,0.06297955495269018,3,YV-YD
2022-11-11 00:00:00+00:00,0.19619625459424786,0.14939195389142265,9,9,0.25000000000000017,0.06297955495269018,1,DV-YD
2022-11-12 00:00:00+00:00,0.2650538583789512,0.1677827255063955,9,9,0.2483631601920559,0.06394975438212025,3,YV-YD
2022-11-13 00:00:00+00:00,0.33163913595933936,0.2199867510328041,9,9,0.2483631601920559,0.06487925477513455,3,YV-YD
2022-11-14 00:00:00+00:00,0.3320634920634922,0.2174015842869647,9,9,0.25000000000000017,0.06507829773060385,3,YV-YD
2022-11-15 00:00:00+00:00,0.34870612349474767,0.17687173541142284,9,9,0.25240046480337586,0.06507829773060385,3,YV-YD
2022-11-16 00:00:00+00:00,0.34453103229588056,0.15529120803429697,9,9,0.25240046480337586,0.06576617521516578,3,YV-YD
2022-11-17 00:00:00+00:00,0.33837051406401536,0.06501871713032426,9,9,0.25329970424956155,0.0657849680030445,2,YV-DD
2022-11-18 00:00:00+00:00,0.3424199087450993,0.08570029542841576,9,9,0.25421968319916916,0.06576617521516578,3,YV-YD
2022-11-19 00:00:00+00:00,0.47463477712588087,0.07665295551395036,9,9,0.25422045680238325,0.06576617521516578,3,YV-YD
2022-11-20 00:00:00+00:00,0.4939281288723669,0.058846315108202756,9,9,0.25422045680238325,0.06576617521516578,2,YV-DD
2022-11-21 00:00:00+00:00,0.48001018589253913,0.07370851398489366,9,9,0.2552230035056434,0.06507829773060385,3,YV-YD
2022-11-22 00:00:00+00:00,0.49643705463182897,0.061875684984300926,9,9,0.2557505894681689,0.06507829773060385,2,YV-DD
2022-11-23 00:00:00+00:00,0.29601554410768405,0.058873615123196534,9,9,0.2560877169379792,0.06501871713032426,2,YV-DD
2022-11-24 00:00:00+00:00,0.12608820778473276,0.05633882608699591,9,9,0.2560877169379792,0.06487925477513455,0,DV-DD
2022-11-25 00:00:00+00:00,0.2584112512626593,0.0609453445182264,9,9,0.2557505894681689,0.06394975438212025,2,YV-DD
2022-11-26 00:00:00+00:00,0.234353323037458,0.058071803496313794,9,9,0.2557505894681689,0.06394975438212025,0,DV-DD
2022-11-27 00:00:00+00:00,0.1445725934820856,0.07245439587017208,9,9,0.2552230035056434,0.06297955495269018,1,DV-YD
2022-11-28 00:00:00+00:00,0.2674116026327872,0.08441453324602383,9,9,0.25422045680238325,0.06394975438212025,3,YV-YD
2022-11-29 00:00:00+00:00,0.2089072543618002,0.08364262996720556,9,9,0.25422045680238325,0.06487925477513455,1,DV-YD
2022-11-30 00:00:00+00:00,0.2592592592592593,0.08444755466386357,9,9,0.25421968319916916,0.06501871713032426,3,YV-YD
2022-12-01 00:00:00+00:00,0.18955349620892994,0.08784326371533911,9,9,0.25421968319916916,0.06507829773060385,1,DV-YD
2022-12-02 00:00:00+00:00,0.13643178410794599,0.08780213523054607,9,9,0.25421968319916916,0.06576617521516578,1,DV-YD
2022-12-03 00:00:00+00:00,0.11570247933884312,0.05430075628614003,9,9,0.25421968319916916,0.06576617521516578,0,DV-DD
2022-12-04 00:00:00+00:00,0.10655737704918027,0.048072843219707256,9,9,0.25421968319916916,0.06507829773060385,0,DV-DD
2022-12-05 00:00:00+00:00,0.2740213523131672,0.039497135441950014,9,9,0.25421968319916916,0.06507829773060385,2,YV-DD
2022-12-06 00:00:00+00:00,0.3611137463238781,0.030053132014872554,9,9,0.25421968319916916,0.06501871713032426,2,YV-DD
2022-12-07 00:00:00+00:00,0.2895204262877443,0.04780237420676082,9,9,0.25421968319916916,0.06394975438212025,2,YV-DD
2022-12-08 00:00:00+00:00,0.09006391632771632,0.040386894572386596,9,9,0.25421968319916916,0.06297955495269018,0,DV-DD
2022-12-09 00:00:00+00:00,0.11627906976744165,0.037561837464681516,9,9,0.25329970424956155,0.06251866079602895,0,DV-DD
2022-12-10 00:00:00+00:00,0.14161392405063292,0.03174384147453777,9,9,0.25329970424956155,0.061875684984300926,0,DV-DD
2022-12-11 00:00:00+00:00,0.14002977894857366,0.027535883407850466,9,9,0.25240046480337586,0.06170086422556427,0,DV-DD
2022-12-12 00:00:00+00:00,0.132295719844358,0.040585950477988415,9,9,0.25000000000000017,0.0615885444203715,0,DV-DD
2022-12-13 00:00:00+00:00,0.11250873515024462,0.043254613797046294,9,9,0.2483631601920559,0.06110330483786219,0,DV-DD
2022-12-14 00:00:00+00:00,0.1752577319587629,0.042870005350694074,9,9,0.2459546925566341,0.06108191772898099,0,DV-DD
2022-12-15 00:00:00+00:00,0.20991479473276536,0.04613300559015442,9,9,0.24546804012415113,0.0609453445182264,0,DV-DD
2022-12-16 00:00:00+00:00,0.23510971786833856,0.052966298674708354,9,9,0.245182752500292,0.06089321307013597,0,DV-DD
2022-12-17 00:00:00+00:00,0.427785680417259,0.06759202881992005,9,9,0.24418351815612094,0.06077667155929286,3,YV-YD
2022-12-18 00:00:00+00:00,0.32699999999999996,0.06028425875865109,9,9,0.24418351815612094,0.06077667155929286,2,YV-DD
2022-12-19 00:00:00+00:00,0.46976744186046493,0.05144738285438065,9,9,0.24418351815612094,0.06036942843837226,2,YV-DD
2022-12-20 00:00:00+00:00,0.49333333333333307,0.06887509682901394,9,9,0.245182752500292,0.06028425875865109,3,YV-YD
2022-12-21 00:00:00+00:00,0.391136801541426,0.059081403690107906,9,9,0.24546804012415113,0.06028425875865109,2,YV-DD
2022-12-22 00:00:00+00:00,0.3309676302579192,0.05868898981533291,9,9,0.2459546925566341,0.06013820133794193,2,YV-DD
2022-12-23 00:00:00+00:00,0.4143290720132434,0.05598243273529051,9,9,0.2483631601920559,0.06008632717998994,2,YV-DD
2022-12-24 00:00:00+00:00,0.39301310043668153,0.024082817414638025,9,9,0.25000000000000017,0.06002014350633131,2,YV-DD
2022-12-25 00:00:00+00:00,0.43380855397148704,0.03197625783246565,9,9,0.25421968319916916,0.05955469099581243,2,YV-DD
2022-12-26 00:00:00+00:00,0.3443419135502668,0.031808866541037185,9,9,0.25422045680238325,0.05936768954556632,2,YV-DD
2022-12-27 00:00:00+00:00,0.3093661305581834,0.0387832982631891,9,9,0.2552230035056434,0.059081403690107906,2,YV-DD
2022-12-28 00:00:00+00:00,0.4957020057306592,0.0407580859810807,9,9,0.2557505894681689,0.05888081402526185,2,YV-DD
2022-12-29 00:00:00+00:00,0.49425287356321856,0.07108069764260519,9,9,0.2557505894681689,0.058873615123196534,3,YV-YD
2022-12-30 00:00:00+00:00,0.4551083591331271,0.0612268090297307,9,9,0.2560877169379792,0.058873615123196534,3,YV-YD
2022-12-31 00:00:00+00:00,0.2419301164725453,0.05346019976016287,9,9,0.25666199158485303,0.058873615123196534,0,DV-DD
2023-01-01 00:00:00+00:00,0.31818181818181784,0.038005105135016995,9,9,0.25666199158485303,0.058846315108202756,2,YV-DD
2023-01-02 00:00:00+00:00,0.23585598824393847,0.037868874692595894,9,9,0.25716498838109975,0.058846315108202756,0,DV-DD
2023-01-03 00:00:00+00:00,0.10169491525423717,0.020843118903890165,9,9,0.25716498838109975,0.058846315108202756,0,DV-DD
2023-01-04 00:00:00+00:00,0.17562724014336928,0.0754592173259804,9,9,0.25716498838109975,0.058846315108202756,1,DV-YD
2023-01-05 00:00:00+00:00,0.15662650602409625,0.10244768873973867,9,9,0.25716498838109975,0.058846315108202756,1,DV-YD
2023-01-06 00:00:00+00:00,0.24539007092198586,0.11003234883036914,9,9,0.25716498838109975,0.058846315108202756,1,DV-YD
2023-01-07 00:00:00+00:00,0.2450331125827818,0.10273871108017721,9,9,0.25666199158485303,0.058846315108202756,1,DV-YD
2023-01-08 00:00:00+00:00,0.26836672738312023,0.09224260893769104,9,9,0.2560877169379792,0.058846315108202756,3,YV-YD
2023-01-09 00:00:00+00:00,0.23318846305808222,0.11949147309630433,9,9,0.2560877169379792,0.058846315108202756,1,DV-YD
2023-01-10 00:00:00+00:00,0.22302737520128807,0.11904988524294025,9,9,0.2557505894681689,0.058846315108202756,1,DV-YD
2023-01-11 00:00:00+00:00,0.451043338683788,0.07532189544468172,9,9,0.2552230035056434,0.058846315108202756,3,YV-YD
2023-01-12 00:00:00+00:00,0.7627677100494232,0.07429849537132452,9,9,0.2552230035056434,0.058846315108202756,3,YV-YD
2023-01-13 00:00:00+00:00,0.7202572347266873,0.059173381489407526,9,9,0.2552230035056434,0.058846315108202756,3,YV-YD
2023-01-14 00:00:00+00:00,0.8000000000000002,0.07055730742336412,9,9,0.2557505894681689,0.058873615123196534,3,YV-YD
2023-01-15 00:00:00+00:00,0.8894830659536541,0.15108837569064124,9,9,0.2557505894681689,0.058873615123196534,3,YV-YD
2023-01-16 00:00:00+00:00,0.7731439870573431,0.11645830151466445,9,9,0.2557505894681689,0.058873615123196534,3,YV-YD
2023-01-17 00:00:00+00:00,0.7653402751952398,0.10784548418047821,9,9,0.2557505894681689,0.058873615123196534,3,YV-YD
2023-01-18 00:00:00+00:00,0.7205623901581721,0.1049734988659037,9,9,0.2557505894681689,0.058873615123196534,3,YV-YD
2023-01-19 00:00:00+00:00,0.44177735422002495,0.08075312159904609,9,9,0.2557505894681689,0.058873615123196534,3,YV-YD
2023-01-20 00:00:00+00:00,0.5377128953771292,0.07684318788924202,9,9,0.2557505894681689,0.058873615123196534,3,YV-YD
2023-01-21 00:00:00+00:00,0.6004206098843325,0.09641413124778214,9,9,0.2560877169379792,0.058873615123196534,3,YV-YD
2023-01-22 00:00:00+00:00,0.5173351461590757,0.034042922999542105,9,9,0.2560877169379792,0.058873615123196534,2,YV-DD
2023-01-23 00:00:00+00:00,0.5132482826300296,0.019984536201463513,9,9,0.2560877169379792,0.058846315108202756,2,YV-DD
2023-01-24 00:00:00+00:00,0.5338259559509293,0.036232835642932504,9,9,0.2560877169379792,0.058722018569698484,2,YV-DD
2023-01-25 00:00:00+00:00,0.37118644067796636,0.03864958376920868,9,9,0.2560877169379792,0.05868898981533291,2,YV-DD
2023-01-26 00:00:00+00:00,0.362408838183262,0.05712799816240456,9,9,0.2560877169379792,0.058527175596019464,2,YV-DD
2023-01-27 00:00:00+00:00,0.34123283884640143,0.04801116891395309,9,9,0.2560877169379792,0.05817644421255045,2,YV-DD
2023-01-28 00:00:00+00:00,0.2982507430687522,0.07178726048249565,9,9,0.2560877169379792,0.058071803496313794,3,YV-YD
2023-01-29 00:00:00+00:00,0.12016432728517629,0.0673397361206922,9,9,0.2560877169379792,0.058071803496313794,1,DV-YD
2023-01-30 00:00:00+00:00,0.22540027980724398,0.05345437721673249,9,9,0.2557505894681689,0.058071803496313794,0,DV-DD
2023-01-31 00:00:00+00:00,0.07147111375818944,0.053367433012733945,9,9,0.2552230035056434,0.05793725554262706,0,DV-DD
2023-02-01 00:00:00+00:00,0.11877008380064273,0.05878748559631496,9,9,0.25422045680238325,0.057679056498726976,1,DV-YD
2023-02-02 00:00:00+00:00,0.29142108709888687,0.05994325488241065,9,9,0.25421968319916916,0.05793725554262706,3,YV-YD
2023-02-03 00:00:00+00:00,0.2148148148148147,0.05541661363924854,9,9,0.25421968319916916,0.05793725554262706,0,DV-DD
2023-02-04 00:00:00+00:00,0.1260014566642389,0.026855164066652403,9,9,0.25000000000000017,0.05793725554262706,0,DV-DD
2023-02-05 00:00:00+00:00,0.13554216867469854,0.0280100345827503,9,9,0.2483631601920559,0.05793725554262706,0,DV-DD
2023-02-06 00:00:00+00:00,0.05036980073733987,0.037253742148318905,9,9,0.2483631601920559,0.057679056498726976,0,DV-DD
2023-02-07 00:00:00+00:00,0.06201287699085049,0.02530564649330029,9,9,0.2459546925566341,0.057679056498726976,0,DV-DD
2023-02-08 00:00:00+00:00,0.18123523455956822,0.03444627416172302,9,9,0.24546804012415113,0.05736922958085911,0,DV-DD
2023-02-09 00:00:00+00:00,0.10453762205628973,0.04500013280141665,9,9,0.24539007092198586,0.05736922958085911,0,DV-DD
2023-02-10 00:00:00+00:00,0.11362064991933642,0.05030555811155804,9,9,0.245182752500292,0.05721506448693498,0,DV-DD
2023-02-11 00:00:00+00:00,0.19887745556594974,0.049800440798671824,9,9,0.2450331125827818,0.05716915163481593,0,DV-DD
2023-02-12 00:00:00+00:00,0.12445961319681473,0.045268991798497804,9,9,0.24418351815612094,0.05712799816240456,0,DV-DD
2023-02-13 00:00:00+00:00,0.26419803185553425,0.03012850358297567,9,9,0.24418351815612094,0.057120932511363416,2,YV-DD
2023-02-14 00:00:00+00:00,0.1574468085106385,0.024702274918063115,9,9,0.2450331125827818,0.056921151915696425,0,DV-DD
2023-02-15 00:00:00+00:00,0.1696020874103064,0.034168584857768115,9,9,0.2450331125827818,0.05667850111720344,0,DV-DD
2023-02-16 00:00:00+00:00,0.10116895130771159,0.03454286584857864,9,9,0.2450331125827818,0.05667309970698141,0,DV-DD
2023-02-17 00:00:00+00:00,0.0810810810810809,0.029375338484897037,9,9,0.2450331125827818,0.05667309970698141,0,DV-DD
2023-02-18 00:00:00+00:00,0.1156680551105413,0.031462750275323276,9,9,0.2450331125827818,0.056618210679381976,0,DV-DD
2023-02-19 00:00:00+00:00,0.13111668757841916,0.032008672443589334,9,9,0.2450331125827818,0.056618210679381976,0,DV-DD
2023-02-20 00:00:00+00:00,0.10021114178983283,0.042196445380262564,9,9,0.2450331125827818,0.056618210679381976,0,DV-DD
2023-02-21 00:00:00+00:00,0.15706401378001184,0.05740295461117473,9,9,0.2450331125827818,0.056618210679381976,1,DV-YD
2023-02-22 00:00:00+00:00,0.08381858168578818,0.05093817851501965,10,10,0.24320941294279633,0.05667309970698141,0,DV-DD
2023-02-23 00:00:00+00:00,0.06914149905356798,0.03563973226368298,10,10,0.24298499428033105,0.05667309970698141,0,DV-DD
2023-02-24 00:00:00+00:00,0.18978229448453104,0.04356216014021296,10,10,0.2419301164725453,0.05667309970698141,0,DV-DD
2023-02-25 00:00:00+00:00,0.05546474593239342,0.02690414978210464,10,10,0.24055723523369996,0.05667309970698141,0,DV-DD
2023-02-26 00:00:00+00:00,0.07191423578459605,0.028199259266438535,10,10,0.23973825104104668,0.05667309970698141,0,DV-DD
2023-02-27 00:00:00+00:00,0.08092391424344797,0.026845066070316267,10,10,0.23973825104104668,0.05667309970698141,0,DV-DD
2023-02-28 00:00:00+00:00,0.11599756805009204,0.04453081094900348,10,10,0.23973825104104668,0.05667309970698141,0,DV-DD
2023-03-01 00:00:00+00:00,0.1005374001856751,0.057949664194849516,10,10,0.23973825104104668,0.05667309970698141,1,DV-YD
2023-03-02 00:00:00+00:00,0.17319076442820183,0.040753159195343495,10,10,0.23973825104104668,0.05667850111720344,0,DV-DD
2023-03-03 00:00:00+00:00,0.07805399139345798,0.03925459476577665,10,10,0.23973825104104668,0.05667309970698141,0,DV-DD
2023-03-04 00:00:00+00:00,0.3263858370184348,0.031046830175091144,10,10,0.23973825104104668,0.056618210679381976,2,YV-DD
2023-03-05 00:00:00+00:00,0.4288533234240094,0.03390271466362721,10,10,0.24055723523369996,0.05652908058953369,2,YV-DD
2023-03-06 00:00:00+00:00,0.4169926643203946,0.03994903757582442,10,10,0.2419301164725453,0.05633882608699591,2,YV-DD
2023-03-07 00:00:00+00:00,0.5847260403856649,0.03253968775679383,10,10,0.24298499428033105,0.05611049058807663,2,YV-DD
2023-03-08 00:00:00+00:00,0.5603168742652429,0.033246042291408165,10,10,0.24320941294279633,0.05598243273529051,2,YV-DD
2023-03-09 00:00:00+00:00,0.5959993006613564,0.07200290325430272,10,10,0.2450331125827818,0.05541661363924854,3,YV-YD
2023-03-10 00:00:00+00:00,0.6289899957568356,0.06909690298244686,10,10,0.245182752500292,0.05598243273529051,3,YV-YD
2023-03-11 00:00:00+00:00,0.5288999833818454,0.047337977119627894,10,10,0.24539007092198586,0.05611049058807663,2,YV-DD
2023-03-12 00:00:00+00:00,0.5006344925894896,0.03826266787834387,10,10,0.24546804012415113,0.05611049058807663,2,YV-DD
2023-03-13 00:00:00+00:00,0.31317015406384374,0.027005235456582018,10,10,0.2459546925566341,0.05598243273529051,2,YV-DD
2023-03-14 00:00:00+00:00,0.1740341646969958,0.0384596763882763,10,10,0.2483631601920559,0.05598243273529051,0,DV-DD
2023-03-15 00:00:00+00:00,0.10977018702372816,0.03811992339429642,10,10,0.2483631601920559,0.05598243273529051,0,DV-DD
2023-03-16 00:00:00+00:00,0.2882576255684625,0.05413493232766851,10,10,0.2459546925566341,0.05598243273529051,2,YV-DD
2023-03-17 00:00:00+00:00,0.22450067378764765,0.06367036352906885,10,10,0.2459546925566341,0.05598243273529051,1,DV-YD
2023-03-18 00:00:00+00:00,0.07160868366100633,0.07382251139344251,10,10,0.2459546925566341,0.05611049058807663,1,DV-YD
2023-03-19 00:00:00+00:00,0.03660976648080645,0.06550483672855588,10,10,0.2459546925566341,0.05633882608699591,1,DV-YD
2023-03-20 00:00:00+00:00,0.1077015871812849,0.061064739591876666,10,10,0.2459546925566341,0.05633882608699591,1,DV-YD
2023-03-21 00:00:00+00:00,0.07624807363905216,0.05508382846353536,10,10,0.2459546925566341,0.05652908058953369,0,DV-DD
2023-03-22 00:00:00+00:00,0.19779888818311772,0.06945814418644139,10,10,0.2459546925566341,0.05652908058953369,1,DV-YD
2023-03-23 00:00:00+00:00,0.2022907565527639,0.04186434683445439,10,10,0.24546804012415113,0.05652908058953369,0,DV-DD
2023-03-24 00:00:00+00:00,0.37798406795949485,0.05540910660728979,10,10,0.24539007092198586,0.05652908058953369,2,YV-DD
2023-03-25 00:00:00+00:00,0.2212902541323426,0.056457784590327485,10,10,0.2459546925566341,0.05633882608699591,1,DV-YD
2023-03-26 00:00:00+00:00,0.23473545355453268,0.06565722245803952,10,10,0.24539007092198586,0.05633882608699591,1,DV-YD
2023-03-27 00:00:00+00:00,0.16879888380804375,0.061090515284982064,10,10,0.245182752500292,0.05633882608699591,1,DV-YD
2023-03-28 00:00:00+00:00,0.03564151567283905,0.09847323932769829,10,10,0.2450331125827818,0.05633882608699591,1,DV-YD
2023-03-29 00:00:00+00:00,0.07343192105563709,0.05429038236236145,10,10,0.24320941294279633,0.05633882608699591,0,DV-DD
2023-03-30 00:00:00+00:00,0.20216247071303894,0.07691642419328568,10,10,0.24298499428033105,0.05611049058807663,1,DV-YD
2023-03-31 00:00:00+00:00,0.158025634480635,0.07266803891689404,10,10,0.2419301164725453,0.05611049058807663,1,DV-YD
2023-04-01 00:00:00+00:00,0.11739631844187837,0.06925789210617025,10,10,0.24055723523369996,0.05611049058807663,1,DV-YD
2023-04-02 00:00:00+00:00,0.19298066401164882,0.04694047416431704,10,10,0.23973825104104668,0.05611049058807663,0,DV-DD
2023-04-03 00:00:00+00:00,0.14062628801539387,0.056317467007773146,10,10,0.23890784982935143,0.05598243273529051,1,DV-YD
2023-04-04 00:00:00+00:00,0.1701449170236419,0.07909234039441557,10,10,0.2382867960246095,0.05598243273529051,1,DV-YD
2023-04-05 00:00:00+00:00,0.12422394458638514,0.07546731881775492,10,10,0.23585598824393847,0.05598243273529051,1,DV-YD
2023-04-06 00:00:00+00:00,0.1909185273484597,0.07211304053410532,10,10,0.23510971786833856,0.05598243273529051,1,DV-YD
2023-04-07 00:00:00+00:00,0.13973234157478612,0.05148953720517265,10,10,0.23473545355453268,0.05598243273529051,0,DV-DD
2023-04-08 00:00:00+00:00,0.1555163199083795,0.03610763191396194,10,10,0.23473545355453268,0.05541661363924854,0,DV-DD
2023-04-09 00:00:00+00:00,0.1404972632497604,0.021310664168042094,10,10,0.23473545355453268,0.05540910660728979,0,DV-DD
2023-04-10 00:00:00+00:00,0.14642548088061508,0.025093770199685554,10,10,0.23473545355453268,0.05516034627221471,0,DV-DD
2023-04-11 00:00:00+00:00,0.2961176074190245,0.05441353870489391,10,10,0.23473545355453268,0.05512848681823665,2,YV-DD
2023-04-12 00:00:00+00:00,0.31165610054498966,0.05787416735486387,10,10,0.23510971786833856,0.05508382846353536,3,YV-YD
2023-04-13 00:00:00+00:00,0.27948797211729515,0.06319267185457621,10,10,0.23510971786833856,0.05508382846353536,3,YV-YD
2023-04-14 00:00:00+00:00,0.40350350350350356,0.046863167329812376,10,10,0.23510971786833856,0.05508382846353536,2,YV-DD
2023-04-15 00:00:00+00:00,0.37436970676065995,0.0463602993523804,10,10,0.23510971786833856,0.05501853978504101,2,YV-DD
2023-04-16 00:00:00+00:00,0.39946926519469084,0.04807041142662442,10,10,0.23510971786833856,0.05501853978504101,2,YV-DD
2023-04-17 00:00:00+00:00,0.5996722837937976,0.05284269334860523,10,10,0.23510971786833856,0.05501853978504101,2,YV-DD
2023-04-18 00:00:00+00:00,0.4822698221586054,0.0553381854948544,10,10,0.23510971786833856,0.05501853978504101,3,YV-YD
2023-04-19 00:00:00+00:00,0.48343014046166116,0.05110863277418181,10,10,0.23510971786833856,0.05508382846353536,2,YV-DD
2023-04-20 00:00:00+00:00,0.1451142587212399,0.0414142102374874,10,10,0.23510971786833856,0.05508382846353536,0,DV-DD
2023-04-21 00:00:00+00:00,0.09048625447780087,0.03133052208991718,10,10,0.23473545355453268,0.05508382846353536,0,DV-DD
2023-04-22 00:00:00+00:00,0.0792584328818369,0.03850613861296858,10,10,0.23473545355453268,0.05508382846353536,0,DV-DD
2023-04-23 00:00:00+00:00,0.033792208725201556,0.04271217259920014,10,10,0.234353323037458,0.05508382846353536,0,DV-DD
2023-04-24 00:00:00+00:00,0.09081168940102818,0.04241221076108444,10,10,0.23318846305808222,0.05508382846353536,0,DV-DD
2023-04-25 00:00:00+00:00,0.1308170273701516,0.05160312295175097,10,10,0.23220295107429478,0.05508382846353536,0,DV-DD
2023-04-26 00:00:00+00:00,0.10080615589207481,0.052637368628912835,10,10,0.23164108618654072,0.05508382846353536,0,DV-DD
2023-04-27 00:00:00+00:00,0.13371478661831465,0.04823226014086704,10,10,0.23164108618654072,0.05501853978504101,0,DV-DD
2023-04-28 00:00:00+00:00,0.14638856718172216,0.03699305162290902,10,10,0.23076923076923034,0.05471464629713157,0,DV-DD
2023-04-29 00:00:00+00:00,0.21321015177177388,0.03492996964610339,10,10,0.22540027980724398,0.05443917286220653,0,DV-DD
2023-04-30 00:00:00+00:00,0.23392292763789996,0.025659771640207985,10,10,0.22450067378764765,0.05441353870489391,2,YV-DD
2023-05-01 00:00:00+00:00,0.3579626931822887,0.021720206228403167,10,10,0.22450067378764765,0.054383079116773494,2,YV-DD
2023-05-02 00:00:00+00:00,0.3586791093134437,0.017720729794819978,10,10,0.22450067378764765,0.05432481582324738,2,YV-DD
2023-05-03 00:00:00+00:00,0.4179176040275372,0.028286749259116308,10,10,0.22450067378764765,0.05430075628614003,2,YV-DD
2023-05-04 00:00:00+00:00,0.2053100600977849,0.01808953808212931,10,10,0.22450067378764765,0.05429038236236145,0,DV-DD
2023-05-05 00:00:00+00:00,0.13889495316163458,0.0143240431537408,10,10,0.22302737520128807,0.05429038236236145,0,DV-DD
2023-05-06 00:00:00+00:00,0.11766270944254434,0.02637649758347504,10,10,0.22206768660176182,0.05429038236236145,0,DV-DD
2023-05-07 00:00:00+00:00,0.156794888027747,0.02873621061808703,10,10,0.2218252679441376,0.05429038236236145,0,DV-DD
2023-05-08 00:00:00+00:00,0.13283850129477587,0.02752031415193972,10,10,0.2212902541323426,0.05429038236236145,0,DV-DD
2023-05-09 00:00:00+00:00,0.21305801601520402,0.035508476803531024,10,10,0.21916732128829544,0.05429038236236145,0,DV-DD
2023-05-10 00:00:00+00:00,0.3445570265946349,0.03231234407214588,10,10,0.2171388527380115,0.05429038236236145,2,YV-DD
2023-05-11 00:00:00+00:00,0.2762706128051776,0.03081587366876811,10,10,0.2171388527380115,0.05413493232766851,2,YV-DD
2023-05-12 00:00:00+00:00,0.4471654951022445,0.030444910605312875,10,10,0.2171388527380115,0.05413493232766851,2,YV-DD
2023-05-13 00:00:00+00:00,0.3807934668590408,0.024408708152700593,10,10,0.2171388527380115,0.053951722583896605,2,YV-DD
2023-05-14 00:00:00+00:00,0.4028580050567594,0.020809045501917006,10,10,0.2171388527380115,0.05346019976016287,2,YV-DD
2023-05-15 00:00:00+00:00,0.39860211387657674,0.02066294666360165,10,10,0.2171388527380115,0.05345437721673249,2,YV-DD
2023-05-16 00:00:00+00:00,0.2656606187022488,0.013040489547254688,10,10,0.2171388527380115,0.053387759579905505,2,YV-DD
2023-05-17 00:00:00+00:00,0.2629961187001497,0.019612967278734888,10,10,0.2171388527380115,0.053367433012733945,2,YV-DD
2023-05-18 00:00:00+00:00,0.24373131003230164,0.019844537056073613,10,10,0.2171388527380115,0.052966298674708354,2,YV-DD
2023-05-19 00:00:00+00:00,0.2546214656076596,0.029671718502342338,10,10,0.2171388527380115,0.05284269334860523,2,YV-DD
2023-05-20 00:00:00+00:00,0.435474935209641,0.032092157142230016,10,10,0.2171388527380115,0.05284269334860523,2,YV-DD
2023-05-21 00:00:00+00:00,0.2802595731372485,0.03473159133385111,10,10,0.2171388527380115,0.052637368628912835,2,YV-DD
2023-05-22 00:00:00+00:00,0.33817251562674056,0.03701114529095743,10,10,0.2171388527380115,0.052637368628912835,2,YV-DD
2023-05-23 00:00:00+00:00,0.14799386902128076,0.03797115052167719,10,10,0.2171388527380115,0.052637368628912835,0,DV-DD
2023-05-24 00:00:00+00:00,0.07615169196196826,0.022662460072442988,10,10,0.21709786276715415,0.052637368628912835,0,DV-DD
2023-05-25 00:00:00+00:00,0.2190119741120149,0.03170732443880439,10,10,0.21709786276715415,0.052637368628912835,2,YV-DD
2023-05-26 00:00:00+00:00,0.09885513179630864,0.019858550996582087,10,10,0.21709786276715415,0.052637368628912835,0,DV-DD
2023-05-27 00:00:00+00:00,0.18677597515839228,0.020906945577083145,10,10,0.21709786276715415,0.052637368628912835,0,DV-DD
2023-05-28 00:00:00+00:00,0.08559906482363913,0.009461013106738888,10,10,0.21709786276715415,0.05254771534429971,0,DV-DD
2023-05-29 00:00:00+00:00,0.10026976841957763,0.014681952918754536,10,10,0.21709786276715415,0.05190566343958662,0,DV-DD
2023-05-30 00:00:00+00:00,0.10331289985302097,0.02503274200272712,10,10,0.21709786276715415,0.05166665268081362,0,DV-DD
2023-05-31 00:00:00+00:00,0.12147500386937024,0.04078739935501719,10,10,0.21659865387672902,0.05165992760230669,0,DV-DD
2023-06-01 00:00:00+00:00,0.2001098079885311,0.04208133451629319,10,10,0.21659865387672902,0.05160312295175097,0,DV-DD
2023-06-02 00:00:00+00:00,0.18095377343692376,0.036230986453530595,10,10,0.21659865387672902,0.05148953720517265,0,DV-DD
2023-06-03 00:00:00+00:00,0.09683213519683145,0.03672114368590536,10,10,0.21659865387672902,0.05144738285438065,0,DV-DD
2023-06-04 00:00:00+00:00,0.09776620671700087,0.03127321156629717,10,10,0.21659865387672902,0.0512203078617678,0,DV-DD
2023-06-05 00:00:00+00:00,0.104304183505463,0.04429938509777437,10,10,0.21659865387672902,0.05118850970537403,0,DV-DD
2023-06-06 00:00:00+00:00,0.21011826040289056,0.04244630766758789,10,10,0.21659865387672902,0.05110863277418181,0,DV-DD
2023-06-07 00:00:00+00:00,0.14512719925477868,0.037136534528757155,10,10,0.21659865387672902,0.05093817851501965,0,DV-DD
2023-06-08 00:00:00+00:00,0.19982119550956126,0.05961178829196875,10,10,0.21659865387672902,0.050711249224214106,1,DV-YD
2023-06-09 00:00:00+00:00,0.15088768846379585,0.05731889919714742,10,10,0.21659865387672902,0.050711249224214106,1,DV-YD
2023-06-10 00:00:00+00:00,0.19407003080119253,0.08815224841503004,10,10,0.21659865387672902,0.050711249224214106,1,DV-YD
2023-06-11 00:00:00+00:00,0.4421880952719366,0.10883700466774138,10,10,0.21659865387672902,0.050711249224214106,3,YV-YD
2023-06-12 00:00:00+00:00,0.5132580003751639,0.11573557713716758,10,10,0.21709786276715415,0.050711249224214106,3,YV-YD
2023-06-13 00:00:00+00:00,0.5011618458627819,0.10819756282460843,10,10,0.21709786276715415,0.050711249224214106,3,YV-YD
2023-06-14 00:00:00+00:00,0.48573975044563233,0.09374585803516272,10,10,0.21709786276715415,0.050711249224214106,3,YV-YD
2023-06-15 00:00:00+00:00,0.49051836308054964,0.06761776303894113,10,10,0.21709786276715415,0.050711249224214106,3,YV-YD
2023-06-16 00:00:00+00:00,0.44316199929103106,0.06562689054366716,10,10,0.21709786276715415,0.050711249224214106,3,YV-YD
2023-06-17 00:00:00+00:00,0.5067554095056439,0.045116843152575394,10,10,0.21709786276715415,0.050711249224214106,2,YV-DD
2023-06-18 00:00:00+00:00,0.5099999999999998,0.029157939878964142,10,10,0.21709786276715415,0.05042592060016956,2,YV-DD
2023-06-19 00:00:00+00:00,0.5422656429301671,0.03147955863303507,10,10,0.21709786276715415,0.05030555811155804,2,YV-DD
2023-06-20 00:00:00+00:00,0.41059322146217525,0.03902781741123168,10,10,0.21709786276715415,0.050107009154356244,2,YV-DD
2023-06-21 00:00:00+00:00,0.4083464014201277,0.048794404770061,10,10,0.21709786276715415,0.04998886181105974,2,YV-DD
2023-06-22 00:00:00+00:00,0.1722087039282363,0.05035598196288533,10,10,0.21709786276715415,0.049800440798671824,1,DV-YD
2023-06-23 00:00:00+00:00,0.24478047886701543,0.044247997204600695,10,10,0.21659865387672902,0.049800440798671824,2,YV-DD
2023-06-24 00:00:00+00:00,0.07337748469861516,0.04260334699578112,10,10,0.21659865387672902,0.04898215978400979,0,DV-DD
2023-06-25 00:00:00+00:00,0.32444434326647986,0.05650126826217107,10,10,0.21592279855247234,0.048794404770061,3,YV-YD
2023-06-26 00:00:00+00:00,0.38206780872804247,0.06498949153922604,10,10,0.21659865387672902,0.048794404770061,3,YV-YD
2023-06-27 00:00:00+00:00,0.3041721696867241,0.07676702658790786,10,10,0.21709786276715415,0.048794404770061,3,YV-YD
2023-06-28 00:00:00+00:00,0.3138656283309822,0.06416239101392995,10,10,0.2171388527380115,0.048794404770061,3,YV-YD
2023-06-29 00:00:00+00:00,0.2087236941720096,0.04331323292044279,10,10,0.2190119741120149,0.048794404770061,0,DV-DD
2023-06-30 00:00:00+00:00,0.26901525658807224,0.04319652967978953,10,10,0.2190119741120149,0.048794404770061,2,YV-DD
2023-07-01 00:00:00+00:00,0.29551826502844913,0.042129405163210995,10,10,0.21916732128829544,0.048279858077478276,2,YV-DD
2023-07-02 00:00:00+00:00,0.33700966874283655,0.04020506665341381,10,10,0.2212902541323426,0.04823226014086704,2,YV-DD
2023-07-03 00:00:00+00:00,0.3686493813045164,0.046232605365481454,10,10,0.2218252679441376,0.048072843219707256,2,YV-DD
2023-07-04 00:00:00+00:00,0.3450292397660821,0.05547570658632522,11,11,0.22206768660176182,0.04807041142662442,3,YV-YD
2023-07-05 00:00:00+00:00,0.28749377179870433,0.05335412096212372,11,11,0.22302737520128807,0.048072843219707256,3,YV-YD
2023-07-06 00:00:00+00:00,0.1186994247830751,0.04984821959099358,11,11,0.22450067378764765,0.04823226014086704,1,DV-YD
2023-07-07 00:00:00+00:00,0.11010587102983645,0.037082211263771404,11,11,0.22450067378764765,0.048794404770061,0,DV-DD
2023-07-08 00:00:00+00:00,0.13317191283292962,0.04763068609346641,11,11,0.22450067378764765,0.048794404770061,0,DV-DD
2023-07-09 00:00:00+00:00,0.05326743547501356,0.06351705640488368,11,11,0.22450067378764765,0.04823226014086704,1,DV-YD
2023-07-10 00:00:00+00:00,0.0854079077896926,0.05120694331639676,11,11,0.22450067378764765,0.04823226014086704,1,DV-YD
2023-07-11 00:00:00+00:00,0.05486116308659532,0.05122180739220264,11,11,0.22450067378764765,0.04823226014086704,1,DV-YD
2023-07-12 00:00:00+00:00,0.06336939721792881,0.056875951814718294,11,11,0.22450067378764765,0.04823226014086704,1,DV-YD
2023-07-13 00:00:00+00:00,0.1830238726790449,0.04839731517302155,11,11,0.22302737520128807,0.048794404770061,0,DV-DD
2023-07-14 00:00:00+00:00,0.359141703446333,0.1503100968933983,11,11,0.22302737520128807,0.048794404770061,3,YV-YD
2023-07-15 00:00:00+00:00,0.19644723092998947,0.12024562835423862,11,11,0.22450067378764765,0.04898215978400979,1,DV-YD
2023-07-16 00:00:00+00:00,0.1917732073374095,0.116477592794082,11,11,0.22450067378764765,0.049800440798671824,1,DV-YD
2023-07-17 00:00:00+00:00,0.07522567703109309,0.13686909411471151,11,11,0.22450067378764765,0.04984821959099358,1,DV-YD
2023-07-18 00:00:00+00:00,0.11217868102017234,0.12728233121584134,11,11,0.22302737520128807,0.04984821959099358,1,DV-YD
2023-07-19 00:00:00+00:00,0.13732394366197195,0.1436650082570794,11,11,0.22302737520128807,0.04984821959099358,1,DV-YD
2023-07-20 00:00:00+00:00,0.2273161413562557,0.1572046548568983,11,11,0.22206768660176182,0.04984821959099358,3,YV-YD
2023-07-21 00:00:00+00:00,0.2854442344045366,0.07087835477601931,11,11,0.22206768660176182,0.04984821959099358,3,YV-YD
2023-07-22 00:00:00+00:00,0.24701195219123487,0.06364867438790456,11,11,0.22302737520128807,0.04984821959099358,3,YV-YD
2023-07-23 00:00:00+00:00,0.12738820344630172,0.06462408010724974,11,11,0.22450067378764765,0.04984821959099358,1,DV-YD
2023-07-24 00:00:00+00:00,0.20471998501592045,0.06818965798015905,11,11,0.22450067378764765,0.04984821959099358,1,DV-YD
2023-07-25 00:00:00+00:00,0.12271630472250948,0.06405832451739703,11,11,0.22450067378764765,0.04984821959099358,1,DV-YD
2023-07-26 00:00:00+00:00,0.10045776113191855,0.08748586046508626,11,11,0.22302737520128807,0.04984821959099358,1,DV-YD
2023-07-27 00:00:00+00:00,0.10838819800048745,0.07814149264393544,11,11,0.22302737520128807,0.04998886181105974,1,DV-YD
2023-07-28 00:00:00+00:00,0.2747734343297714,0.056460215725191894,11,11,0.22302737520128807,0.04998886181105974,3,YV-YD
2023-07-29 00:00:00+00:00,0.24585365853658528,0.03940955557069557,11,11,0.22302737520128807,0.05030555811155804,2,YV-DD
2023-07-30 00:00:00+00:00,0.25424858380539805,0.0516515278703741,11,11,0.22302737520128807,0.05030555811155804,3,YV-YD
2023-07-31 00:00:00+00:00,0.2384439359267737,0.04268410040724407,11,11,0.22302737520128807,0.05035598196288533,2,YV-DD
2023-08-01 00:00:00+00:00,0.29057211925866216,0.017827923818743895,11,11,0.22302737520128807,0.05035598196288533,2,YV-DD
2023-08-02 00:00:00+00:00,0.19793926247288482,0.029986459187679095,11,11,0.22302737520128807,0.05035598196288533,0,DV-DD
2023-08-03 00:00:00+00:00,0.24215809284818068,0.031108787809915044,11,11,0.22302737520128807,0.05035598196288533,2,YV-DD
2023-08-04 00:00:00+00:00,0.3492063492063493,0.039245549485453515,11,11,0.22450067378764765,0.05035598196288533,2,YV-DD
2023-08-05 00:00:00+00:00,0.3114526753727032,0.03438805248509677,11,11,0.22540027980724398,0.05035598196288533,2,YV-DD
2023-08-06 00:00:00+00:00,0.25822187254130663,0.03891540503115995,11,11,0.2273161413562557,0.05035598196288533,2,YV-DD
2023-08-07 00:00:00+00:00,0.33759071117561723,0.03425540283526713,11,11,0.23076923076923034,0.05030555811155804,2,YV-DD
2023-08-08 00:00:00+00:00,0.1425841239505825,0.03495373815397181,11,11,0.23164108618654072,0.04998886181105974,0,DV-DD
2023-08-09 00:00:00+00:00,0.23502698997515223,0.033438214451935934,11,11,0.23164108618654072,0.04984821959099358,2,YV-DD
2023-08-10 00:00:00+00:00,0.12796985089300386,0.033828313456004074,11,11,0.23164108618654072,0.049800440798671824,0,DV-DD
2023-08-11 00:00:00+00:00,0.1650943396226421,0.03591593933357859,11,11,0.23076923076923034,0.04898215978400979,0,DV-DD
2023-08-12 00:00:00+00:00,0.17412935323383055,0.026284590134234766,11,11,0.2273161413562557,0.048794404770061,0,DV-DD
2023-08-13 00:00:00+00:00,0.23008190618019292,0.03018546062845618,11,11,0.2273161413562557,0.04839731517302155,2,YV-DD
2023-08-14 00:00:00+00:00,0.17346123101518798,0.020203021683290273,11,11,0.23008190618019292,0.04823226014086704,0,DV-DD
2023-08-15 00:00:00+00:00,0.21351351351351314,0.026103767518986208,11,11,0.23008190618019292,0.048072843219707256,0,DV-DD
2023-08-16 00:00:00+00:00,0.4531313958248068,0.0203796854659372,11,11,0.2273161413562557,0.04807041142662442,2,YV-DD
2023-08-17 00:00:00+00:00,0.3881833241303144,0.036612493650829435,11,11,0.2273161413562557,0.04807041142662442,2,YV-DD
2023-08-18 00:00:00+00:00,0.6481118881118896,0.05344122088903247,11,11,0.2273161413562557,0.04801116891395309,3,YV-YD
2023-08-19 00:00:00+00:00,0.5815185403178342,0.04479596953512702,11,11,0.23008190618019292,0.04801116891395309,2,YV-DD
2023-08-20 00:00:00+00:00,0.5359477124183007,0.03950028149284194,11,11,0.23076923076923034,0.04780237420676082,2,YV-DD
2023-08-21 00:00:00+00:00,0.4591747146619839,0.031501633352090656,11,11,0.23076923076923034,0.04772986736030975,2,YV-DD
2023-08-22 00:00:00+00:00,0.5612903225806447,0.03335180937812252,11,11,0.23318846305808222,0.04763068609346641,2,YV-DD
2023-08-23 00:00:00+00:00,0.5850517959144156,0.034005724512760224,11,11,0.23318846305808222,0.04748231489398653,2,YV-DD
2023-08-24 00:00:00+00:00,0.5312383090160872,0.06605042819570708,11,11,0.23318846305808222,0.047435508547225766,3,YV-YD
2023-08-25 00:00:00+00:00,0.5333767805604696,0.06406949583700881,11,11,0.23318846305808222,0.047435508547225766,3,YV-YD
2023-08-26 00:00:00+00:00,0.508181171448898,0.0555099890073778,11,11,0.23318846305808222,0.04748231489398653,3,YV-YD
2023-08-27 00:00:00+00:00,0.5451016213747436,0.036682625829646674,11,11,0.23318846305808222,0.04763068609346641,2,YV-DD
2023-08-28 00:00:00+00:00,0.4752584121398731,0.03483254454551308,11,11,0.23318846305808222,0.04763068609346641,2,YV-DD
2023-08-29 00:00:00+00:00,0.5313276026743079,0.03121705360973354,11,11,0.23318846305808222,0.04763068609346641,2,YV-DD
2023-08-30 00:00:00+00:00,0.23682157583862684,0.019296408011928855,11,11,0.23318846305808222,0.04748231489398653,2,YV-DD
2023-08-31 00:00:00+00:00,0.22656426473910082,0.05164496812134357,11,11,0.23318846305808222,0.04748231489398653,1,DV-YD
2023-09-01 00:00:00+00:00,0.11830635118306364,0.03964040947296494,11,11,0.23076923076923034,0.04748231489398653,0,DV-DD
2023-09-02 00:00:00+00:00,0.05973025048169514,0.038556736235364854,11,11,0.23008190618019292,0.047435508547225766,0,DV-DD
2023-09-03 00:00:00+00:00,0.1472650771388498,0.052840908042387856,11,11,0.2273161413562557,0.047337977119627894,1,DV-YD
2023-09-04 00:00:00+00:00,0.1495569022748727,0.052735475104155216,11,11,0.2273161413562557,0.047337977119627894,1,DV-YD
2023-09-05 00:00:00+00:00,0.1168247944339022,0.03641875478337374,11,11,0.2273161413562557,0.047435508547225766,0,DV-DD
2023-09-06 00:00:00+00:00,0.09261630388390968,0.02582356710723796,11,11,0.2273161413562557,0.047337977119627894,0,DV-DD
2023-09-07 00:00:00+00:00,0.188977661829448,0.03728951293724504,11,11,0.2273161413562557,0.04731347892501773,0,DV-DD
2023-09-08 00:00:00+00:00,0.15690973410932396,0.027836917598718883,11,11,0.22656426473910082,0.04731347892501773,0,DV-DD
2023-09-09 00:00:00+00:00,0.11875367430922992,0.018314432655730496,11,11,0.22656426473910082,0.04731347892501773,0,DV-DD
2023-09-10 00:00:00+00:00,0.11631309436722809,0.017300805182388093,11,11,0.22656426473910082,0.04731347892501773,0,DV-DD
2023-09-11 00:00:00+00:00,0.19177215189873412,0.027364800651063826,11,11,0.22540027980724398,0.04731347892501773,0,DV-DD
2023-09-12 00:00:00+00:00,0.36212198872373175,0.03105913803838194,11,11,0.22450067378764765,0.04731347892501773,2,YV-DD
2023-09-13 00:00:00+00:00,0.6166994716668397,0.04246284161989717,11,11,0.22450067378764765,0.04731347892501773,2,YV-DD
2023-09-14 00:00:00+00:00,0.45854851861919044,0.028481667282689086,11,11,0.22450067378764765,0.04694047416431704,2,YV-DD
2023-09-15 00:00:00+00:00,0.19266055045871563,0.027117775848970384,11,11,0.22540027980724398,0.04694047416431704,0,DV-DD
2023-09-16 00:00:00+00:00,0.155300472653612,0.02859263038224467,11,11,0.22540027980724398,0.04694047416431704,0,DV-DD
2023-09-17 00:00:00+00:00,0.18055555555555622,0.0218724401779775,11,11,0.22540027980724398,0.046863167329812376,0,DV-DD
2023-09-18 00:00:00+00:00,0.1581444385872441,0.02921804677344948,11,11,0.22540027980724398,0.0463602993523804,0,DV-DD
2023-09-19 00:00:00+00:00,0.12799109627156344,0.039285757601227114,11,11,0.22540027980724398,0.046232605365481454,0,DV-DD
2023-09-20 00:00:00+00:00,0.09851654621529136,0.03960999806009999,11,11,0.22540027980724398,0.04613300559015442,0,DV-DD
2023-09-21 00:00:00+00:00,0.15027187345526521,0.0476418394906442,11,11,0.22540027980724398,0.04583589213523544,1,DV-YD
2023-09-22 00:00:00+00:00,0.21256684491978609,0.03812895202867718,11,11,0.22540027980724398,0.04583589213523544,0,DV-DD
2023-09-23 00:00:00+00:00,0.1858200233735873,0.037668205111873715,11,11,0.22540027980724398,0.04569441138913038,0,DV-DD
2023-09-24 00:00:00+00:00,0.18760450339984389,0.05012661503036245,11,11,0.22540027980724398,0.045268991798497804,1,DV-YD
2023-09-25 00:00:00+00:00,0.14519572953736645,0.04590702289636834,11,11,0.22450067378764765,0.045268991798497804,1,DV-YD
2023-09-26 00:00:00+00:00,0.16639254385964938,0.04560725662776351,11,11,0.22302737520128807,0.045268991798497804,1,DV-YD
2023-09-27 00:00:00+00:00,0.09215328467153361,0.03271264585030139,11,11,0.2212902541323426,0.045268991798497804,0,DV-DD
2023-09-28 00:00:00+00:00,0.1117824773413904,0.04187927271196488,11,11,0.21916732128829544,0.045116843152575394,0,DV-DD
2023-09-29 00:00:00+00:00,0.12429132141299626,0.04596223683839978,11,11,0.21916732128829544,0.04500013280141665,1,DV-YD
2023-09-30 00:00:00+00:00,0.12568882073889506,0.03823464551761922,11,11,0.2190119741120149,0.04500013280141665,0,DV-DD
2023-10-01 00:00:00+00:00,0.09258312020460384,0.038018864683087995,11,11,0.2190119741120149,0.04479596953512702,0,DV-DD
2023-10-02 00:00:00+00:00,0.3870300013101005,0.05325508807080031,11,11,0.2190119741120149,0.04479596953512702,3,YV-YD
2023-10-03 00:00:00+00:00,0.08553800130877799,0.051086969809703536,11,11,0.2190119741120149,0.04500013280141665,1,DV-YD
2023-10-04 00:00:00+00:00,0.12871287128712913,0.060097904751205126,11,11,0.2190119741120149,0.045116843152575394,1,DV-YD
2023-10-05 00:00:00+00:00,0.1520618556701018,0.05760704182400434,11,11,0.2190119741120149,0.045268991798497804,1,DV-YD
2023-10-06 00:00:00+00:00,0.22362136343899267,0.05534426879868398,11,11,0.2190119741120149,0.04560725662776351,3,YV-YD
2023-10-07 00:00:00+00:00,0.1605176382753689,0.07221077604113285,11,11,0.2190119741120149,0.04569441138913038,1,DV-YD
2023-10-08 00:00:00+00:00,0.12195563057632026,0.0591525144412989,11,11,0.2190119741120149,0.04583589213523544,1,DV-YD
2023-10-09 00:00:00+00:00,0.16264251132281707,0.044708669309596265,11,11,0.2190119741120149,0.04590702289636834,0,DV-DD
2023-10-10 00:00:00+00:00,0.1440389294403895,0.03690755887445713,11,11,0.2190119741120149,0.04590702289636834,0,DV-DD
2023-10-11 00:00:00+00:00,0.11866931479642505,0.028968779508684324,11,11,0.2190119741120149,0.04583589213523544,0,DV-DD
2023-10-12 00:00:00+00:00,0.10535912644352725,0.019475513281986715,11,11,0.2190119741120149,0.04583589213523544,0,DV-DD
2023-10-13 00:00:00+00:00,0.20989787902592333,0.023711524059892165,11,11,0.2190119741120149,0.04583589213523544,0,DV-DD
2023-10-14 00:00:00+00:00,0.3105854322668481,0.03159200917547258,11,11,0.21709786276715415,0.04560725662776351,2,YV-DD
2023-10-15 00:00:00+00:00,0.2523298127274338,0.028547542821339193,11,11,0.21709786276715415,0.045268991798497804,2,YV-DD
2023-10-16 00:00:00+00:00,0.3677467972871144,0.02376120016539004,11,11,0.21709786276715415,0.045116843152575394,2,YV-DD
2023-10-17 00:00:00+00:00,0.21374865735768023,0.029708029673081473,11,11,0.2190119741120149,0.04500013280141665,0,DV-DD
2023-10-18 00:00:00+00:00,0.2430196483971041,0.04343421705089486,11,11,0.2190119741120149,0.04479596953512702,2,YV-DD
2023-10-19 00:00:00+00:00,0.3088669031174161,0.03852401392296623,11,11,0.21916732128829544,0.04479596953512702,2,YV-DD
2023-10-20 00:00:00+00:00,0.28923476005188,0.06355642157660103,11,11,0.21916732128829544,0.04479596953512702,3,YV-YD
2023-10-21 00:00:00+00:00,0.3295677799607076,0.07153792844244825,11,11,0.21916732128829544,0.04500013280141665,3,YV-YD
2023-10-22 00:00:00+00:00,0.2332713754646843,0.09393167090834607,11,11,0.21916732128829544,0.045116843152575394,3,YV-YD
2023-10-23 00:00:00+00:00,0.1694764862466723,0.10467599961333886,11,11,0.21916732128829544,0.045268991798497804,1,DV-YD
2023-10-24 00:00:00+00:00,0.5512298708193244,0.09589918191740789,11,11,0.2190119741120149,0.04560725662776351,3,YV-YD
2023-10-25 00:00:00+00:00,0.5287024456521744,0.07622116355355443,11,11,0.2190119741120149,0.04590702289636834,3,YV-YD
2023-10-26 00:00:00+00:00,0.587058097505069,0.10007620864749396,11,11,0.21916732128829544,0.04596223683839978,3,YV-YD
2023-10-27 00:00:00+00:00,0.6691631390426578,0.09519823131767076,11,11,0.2212902541323426,0.04613300559015442,3,YV-YD
2023-10-28 00:00:00+00:00,0.574004290103774,0.0905465180304565,11,11,0.22302737520128807,0.04613300559015442,3,YV-YD
2023-10-29 00:00:00+00:00,0.5600511568422275,0.05022936296576447,11,11,0.22362136343899267,0.04613300559015442,3,YV-YD
2023-10-30 00:00:00+00:00,0.5942660925491906,0.04076770256457307,11,11,0.22362136343899267,0.04613300559015442,2,YV-DD
2023-10-31 00:00:00+00:00,0.59624667787601,0.04882975087288806,11,11,0.22362136343899267,0.04596223683839978,3,YV-YD
2023-11-01 00:00:00+00:00,0.6611052703752799,0.07239979250816761,11,11,0.22450067378764765,0.04596223683839978,3,YV-YD
2023-11-02 00:00:00+00:00,0.7363982139904085,0.0921648417228704,11,11,0.22540027980724398,0.04596223683839978,3,YV-YD
2023-11-03 00:00:00+00:00,0.6149659506218282,0.09017135025193043,11,11,0.22540027980724398,0.04596223683839978,3,YV-YD
2023-11-04 00:00:00+00:00,0.6094725052002772,0.07405739800133065,11,11,0.22540027980724398,0.04596223683839978,3,YV-YD
2023-11-05 00:00:00+00:00,0.5693338554583826,0.08659835269156856,11,11,0.22540027980724398,0.04596223683839978,3,YV-YD
2023-11-06 00:00:00+00:00,0.5726458378850781,0.07753291122994191,11,11,0.22540027980724398,0.04596223683839978,3,YV-YD
2023-11-07 00:00:00+00:00,0.49204406364749104,0.06053105707937585,11,11,0.22540027980724398,0.04613300559015442,3,YV-YD
2023-11-08 00:00:00+00:00,0.4099766173031958,0.050358672077070656,11,11,0.22656426473910082,0.046232605365481454,3,YV-YD
2023-11-09 00:00:00+00:00,0.504098360655738,0.08776522081848113,11,11,0.22656426473910082,0.046232605365481454,3,YV-YD
2023-11-10 00:00:00+00:00,0.5415875427269277,0.08751190580933688,11,11,0.2273161413562557,0.046232605365481454,3,YV-YD
2023-11-11 00:00:00+00:00,0.5793088728923732,0.10750455141615163,11,11,0.2273161413562557,0.046232605365481454,3,YV-YD
2023-11-12 00:00:00+00:00,0.5162906801289092,0.11120921069396925,11,11,0.23008190618019292,0.046232605365481454,3,YV-YD
2023-11-13 00:00:00+00:00,0.5180194296458791,0.13933160727096558,11,11,0.23008190618019292,0.046232605365481454,3,YV-YD
2023-11-14 00:00:00+00:00,0.38432114983386045,0.0972529758762694,11,11,0.23008190618019292,0.046232605365481454,3,YV-YD
2023-11-15 00:00:00+00:00,0.27152872240242726,0.11656885229623018,11,11,0.23008190618019292,0.046232605365481454,3,YV-YD
2023-11-16 00:00:00+00:00,0.3318084973054267,0.16881605759743917,11,11,0.23008190618019292,0.046232605365481454,3,YV-YD
2023-11-17 00:00:00+00:00,0.25418060200668896,0.18104638274048585,11,11,0.23008190618019292,0.046232605365481454,3,YV-YD
2023-11-18 00:00:00+00:00,0.23066104078762303,0.1548445008116535,11,11,0.23008190618019292,0.046232605365481454,3,YV-YD
2023-11-19 00:00:00+00:00,0.2081619485442374,0.11590575155590226,11,11,0.23008190618019292,0.046232605365481454,1,DV-YD
2023-11-20 00:00:00+00:00,0.2433169667212219,0.08893888905800905,11,11,0.2273161413562557,0.046232605365481454,3,YV-YD
2023-11-21 00:00:00+00:00,0.18479278947287606,0.10970170569158771,11,11,0.2273161413562557,0.046232605365481454,1,DV-YD
2023-11-22 00:00:00+00:00,0.06674592860895293,0.07955522987103777,11,11,0.22656426473910082,0.046232605365481454,1,DV-YD
2023-11-23 00:00:00+00:00,0.1468548624513429,0.057677604487184744,11,11,0.22540027980724398,0.046232605365481454,1,DV-YD
2023-11-24 00:00:00+00:00,0.12226512226512247,0.04001197582364297,11,11,0.22450067378764765,0.046232605365481454,0,DV-DD
2023-11-25 00:00:00+00:00,0.06279540850776502,0.06408536898055725,11,11,0.22450067378764765,0.04613300559015442,1,DV-YD
2023-11-26 00:00:00+00:00,0.14575178448077356,0.06202814911784927,11,11,0.22362136343899267,0.04613300559015442,1,DV-YD
2023-11-27 00:00:00+00:00,0.03959012575687012,0.0582769109244022,11,11,0.22302737520128807,0.04613300559015442,1,DV-YD
2023-11-28 00:00:00+00:00,0.11157131762878614,0.05127451483835738,11,11,0.22302737520128807,0.04613300559015442,1,DV-YD
2023-11-29 00:00:00+00:00,0.14685314685314682,0.05174978073764441,11,11,0.2212902541323426,0.04613300559015442,1,DV-YD
2023-11-30 00:00:00+00:00,0.08080175383651737,0.033540489885538975,11,11,0.2212902541323426,0.04613300559015442,0,DV-DD
2023-12-01 00:00:00+00:00,0.10214044310927534,0.03701892077700735,11,11,0.2190119741120149,0.04596223683839978,0,DV-DD
2023-12-02 00:00:00+00:00,0.1349644830307811,0.03107064759997574,11,11,0.2190119741120149,0.04590702289636834,0,DV-DD
2023-12-03 00:00:00+00:00,0.23349753694581277,0.04465433005807843,11,11,0.2190119741120149,0.04560725662776351,2,YV-DD
2023-12-04 00:00:00+00:00,0.13845099383139137,0.041309686854845096,11,11,0.2212902541323426,0.045268991798497804,0,DV-DD
2023-12-05 00:00:00+00:00,0.21897983392645257,0.04798363658778152,11,11,0.2212902541323426,0.045116843152575394,1,DV-YD
2023-12-06 00:00:00+00:00,0.5314900153609833,0.06774684075096923,11,11,0.2190119741120149,0.045268991798497804,3,YV-YD
2023-12-07 00:00:00+00:00,0.382627099563201,0.07866254383135665,11,11,0.2190119741120149,0.04560725662776351,3,YV-YD
2023-12-08 00:00:00+00:00,0.5216375924418819,0.056259260167296196,11,11,0.2190119741120149,0.04560725662776351,3,YV-YD
2023-12-09 00:00:00+00:00,0.5832258064516128,0.09643791629477926,11,11,0.2212902541323426,0.04590702289636834,3,YV-YD
2023-12-10 00:00:00+00:00,0.45680760313611746,0.12203116198136763,11,11,0.22302737520128807,0.04596223683839978,3,YV-YD
2023-12-11 00:00:00+00:00,0.525227963525836,0.15857331463289323,11,11,0.22362136343899267,0.04613300559015442,3,YV-YD
2023-12-12 00:00:00+00:00,0.3936744664438158,0.1734993507206965,11,11,0.22450067378764765,0.046232605365481454,3,YV-YD
2023-12-13 00:00:00+00:00,0.3192374710670719,0.1579823512389801,11,11,0.22540027980724398,0.0463602993523804,3,YV-YD
2023-12-14 00:00:00+00:00,0.38991741572597205,0.16009974093175527,11,11,0.22656426473910082,0.046863167329812376,3,YV-YD
2023-12-15 00:00:00+00:00,0.4027149321266967,0.15134669631984074,11,11,0.2273161413562557,0.04694047416431704,3,YV-YD
2023-12-16 00:00:00+00:00,0.24306688417618275,0.12106050193767189,11,11,0.23008190618019292,0.047337977119627894,3,YV-YD
2023-12-17 00:00:00+00:00,0.2422222222222224,0.10432713859499464,11,11,0.23008190618019292,0.047337977119627894,3,YV-YD
2023-12-18 00:00:00+00:00,0.18952678356954136,0.06580259267394095,11,11,0.23008190618019292,0.047337977119627894,1,DV-YD
2023-12-19 00:00:00+00:00,0.11287758346581904,0.041933337196786165,11,11,0.2273161413562557,0.047337977119627894,0,DV-DD
2023-12-20 00:00:00+00:00,0.17240918930774995,0.036758377376888154,11,11,0.22656426473910082,0.04694047416431704,0,DV-DD
2023-12-21 00:00:00+00:00,0.1792702273929141,0.09490326445845061,11,11,0.22540027980724398,0.046863167329812376,1,DV-YD
2023-12-22 00:00:00+00:00,0.20918514252807321,0.13964964776682579,11,11,0.22450067378764765,0.046863167329812376,1,DV-YD
2023-12-23 00:00:00+00:00,0.18894970028668215,0.12949282473564291,11,11,0.22362136343899267,0.046863167329812376,1,DV-YD
2023-12-24 00:00:00+00:00,0.22567164179104487,0.1663167854484291,11,11,0.22302737520128807,0.046863167329812376,3,YV-YD
2023-12-25 00:00:00+00:00,0.2755267423014586,0.18155283968340893,11,11,0.22302737520128807,0.04694047416431704,3,YV-YD
2023-12-26 00:00:00+00:00,0.2594717315465968,0.20700832757629617,11,11,0.22302737520128807,0.047337977119627894,3,YV-YD
2023-12-27 00:00:00+00:00,0.10351346132346795,0.18865062791225387,11,11,0.22302737520128807,0.04763068609346641,1,DV-YD
2023-12-28 00:00:00+00:00,0.17993974620370645,0.12405430196425866,11,11,0.2212902541323426,0.0476418394906442,1,DV-YD
2023-12-29 00:00:00+00:00,0.08471397311659899,0.0889389187190447,11,11,0.2190119741120149,0.04798363658778152,1,DV-YD
2023-12-30 00:00:00+00:00,0.1338195357734547,0.08391484692996411,11,11,0.21897983392645257,0.04798363658778152,1,DV-YD
2023-12-31 00:00:00+00:00,0.12136664966853644,0.08730884057685864,11,11,0.2148148148148147,0.04798363658778152,1,DV-YD
2024-01-01 00:00:00+00:00,0.14696903619712165,0.09505788085098586,11,11,0.21374865735768023,0.04798363658778152,1,DV-YD
2024-01-02 00:00:00+00:00,0.17259696643764935,0.08304438072034048,11,11,0.21351351351351314,0.04801116891395309,1,DV-YD
2024-01-03 00:00:00+00:00,0.28180581766808305,0.052726497115411206,11,11,0.21321015177177388,0.04807041142662442,3,YV-YD
2024-01-04 00:00:00+00:00,0.2004621606008082,0.05763187479625639,11,11,0.21351351351351314,0.04823226014086704,1,DV-YD
2024-01-05 00:00:00+00:00,0.2201996476805633,0.05968816133713863,11,11,0.21351351351351314,0.04823226014086704,3,YV-YD
2024-01-06 00:00:00+00:00,0.27031509121061364,0.07189643718648932,11,11,0.21374865735768023,0.04823226014086704,3,YV-YD
2024-01-07 00:00:00+00:00,0.27685287951658655,0.06238606108771485,11,11,0.21374865735768023,0.04823226014086704,3,YV-YD
2024-01-08 00:00:00+00:00,0.2972833783957771,0.0747138876656557,11,11,0.21374865735768023,0.04823226014086704,3,YV-YD
2024-01-09 00:00:00+00:00,0.2942838792549775,0.06999479729099112,11,11,0.21374865735768023,0.04823226014086704,3,YV-YD
2024-01-10 00:00:00+00:00,0.28488187978972707,0.07029520099334191,11,11,0.21374865735768023,0.04823226014086704,3,YV-YD
2024-01-11 00:00:00+00:00,0.19098591549295768,0.05611103621297819,11,11,0.21374865735768023,0.04823226014086704,1,DV-YD
2024-01-12 00:00:00+00:00,0.1699279093717818,0.09217817043972222,11,11,0.21351351351351314,0.04823226014086704,1,DV-YD
2024-01-13 00:00:00+00:00,0.20583515681983952,0.09622696709815233,11,11,0.21321015177177388,0.04823226014086704,1,DV-YD
2024-01-14 00:00:00+00:00,0.13941664436713924,0.13292385333794132,11,11,0.21305801601520402,0.04823226014086704,1,DV-YD
2024-01-15 00:00:00+00:00,0.17559600102537812,0.130850461840108,11,11,0.21256684491978609,0.04823226014086704,1,DV-YD
2024-01-16 00:00:00+00:00,0.24205696807493784,0.15018257704732976,11,11,0.21011826040289056,0.04823226014086704,3,YV-YD
2024-01-17 00:00:00+00:00,0.2030552763819093,0.14015768496249542,11,11,0.21011826040289056,0.04823226014086704,1,DV-YD
2024-01-18 00:00:00+00:00,0.08643533123028416,0.1462856951167485,11,11,0.20989787902592333,0.04823226014086704,1,DV-YD
2024-01-19 00:00:00+00:00,0.21726300258207246,0.07045840015920952,11,11,0.20918514252807321,0.04823226014086704,3,YV-YD
2024-01-20 00:00:00+00:00,0.1873508353221955,0.0738920241744036,11,11,0.20918514252807321,0.04823226014086704,1,DV-YD
2024-01-21 00:00:00+00:00,0.1739097227526159,0.08274419029447878,11,11,0.2087236941720096,0.04823226014086704,1,DV-YD
2024-01-22 00:00:00+00:00,0.17929759704251383,0.07368110062704945,11,11,0.2081619485442374,0.04823226014086704,1,DV-YD
2024-01-23 00:00:00+00:00,0.24704025256511433,0.07782842601625456,11,11,0.20583515681983952,0.04839731517302155,3,YV-YD
2024-01-24 00:00:00+00:00,0.21678698416118947,0.04978389990306403,11,11,0.20583515681983952,0.048794404770061,3,YV-YD
2024-01-25 00:00:00+00:00,0.4391694005555766,0.0602741239769464,11,11,0.20583515681983952,0.04882975087288806,3,YV-YD
2024-01-26 00:00:00+00:00,0.5125508775984488,0.04440092564071403,11,11,0.20583515681983952,0.04978389990306403,2,YV-DD
2024-01-27 00:00:00+00:00,0.22704860295844104,0.0887499971590285,11,11,0.20583515681983952,0.04882975087288806,3,YV-YD
2024-01-28 00:00:00+00:00,0.0856346799967222,0.09238437523857629,11,11,0.20583515681983952,0.04978389990306403,1,DV-YD
2024-01-29 00:00:00+00:00,0.06580852775543033,0.09032564082818995,11,11,0.2053100600977849,0.04978389990306403,1,DV-YD
2024-01-30 00:00:00+00:00,0.10191082802547823,0.11497461141827538,11,11,0.2053100600977849,0.04978389990306403,1,DV-YD
2024-01-31 00:00:00+00:00,0.11874999999999958,0.08091207049184236,11,11,0.20471998501592045,0.04978389990306403,1,DV-YD
2024-02-01 00:00:00+00:00,0.1640277935983598,0.05065700013938454,11,11,0.20471998501592045,0.04978389990306403,1,DV-YD
2024-02-02 00:00:00+00:00,0.2084481175390265,0.08451472155878532,11,11,0.20471998501592045,0.04978389990306403,3,YV-YD
2024-02-03 00:00:00+00:00,0.21300813008130118,0.07777112912402419,11,11,0.20471998501592045,0.04978389990306403,3,YV-YD
2024-02-04 00:00:00+00:00,0.282009724473258,0.06818173955094226,11,11,0.20471998501592045,0.04978389990306403,3,YV-YD
2024-02-05 00:00:00+00:00,0.2182103610675045,0.07635610908125506,11,11,0.2053100600977849,0.049800440798671824,3,YV-YD
2024-02-06 00:00:00+00:00,0.1753635585970912,0.0899171557602215,11,11,0.20583515681983952,0.04984821959099358,1,DV-YD
2024-02-07 00:00:00+00:00,0.2234372037165792,0.06455694767201606,11,11,0.20583515681983952,0.05012661503036245,3,YV-YD
2024-02-08 00:00:00+00:00,0.25158382066276797,0.05378500255741753,11,11,0.2081619485442374,0.05022936296576447,3,YV-YD
2024-02-09 00:00:00+00:00,0.39178418148375227,0.02088120183572742,11,11,0.2084481175390265,0.05030555811155804,2,YV-DD
2024-02-10 00:00:00+00:00,0.36041263700838205,0.04582340732631779,11,11,0.2087236941720096,0.05030555811155804,2,YV-DD
2024-02-11 00:00:00+00:00,0.3877733654007495,0.045033181951132366,11,11,0.20918514252807321,0.05022936296576447,2,YV-DD
2024-02-12 00:00:00+00:00,0.2994152046783626,0.03788911371835369,11,11,0.20989787902592333,0.05022936296576447,2,YV-DD
2024-02-13 00:00:00+00:00,0.30514705882352994,0.0527006550475054,11,11,0.21011826040289056,0.05022936296576447,3,YV-YD
2024-02-14 00:00:00+00:00,0.31238447319778134,0.05420093223963122,11,11,0.21011826040289056,0.05035598196288533,3,YV-YD
2024-02-15 00:00:00+00:00,0.5203023758099352,0.052316918951021724,11,11,0.21256684491978609,0.050358672077070656,3,YV-YD
2024-02-16 00:00:00+00:00,0.4925373134328364,0.03951363172827437,11,11,0.21300813008130118,0.05065700013938454,2,YV-DD
2024-02-17 00:00:00+00:00,0.43076136944302507,0.031873701186048126,11,11,0.21305801601520402,0.05065700013938454,2,YV-DD
2024-02-18 00:00:00+00:00,0.3713189664899022,0.041547209288525115,11,11,0.21321015177177388,0.05065700013938454,2,YV-DD
2024-02-19 00:00:00+00:00,0.5103578154425611,0.04626698615445596,11,11,0.21351351351351314,0.05065700013938454,2,YV-DD
2024-02-20 00:00:00+00:00,0.558011049723757,0.05219378859087135,11,11,0.21374865735768023,0.05065700013938454,3,YV-YD
2024-02-21 00:00:00+00:00,0.43882978723404237,0.07141417859093575,11,11,0.21678698416118947,0.05093817851501965,3,YV-YD
2024-02-22 00:00:00+00:00,0.24115334207077316,0.08122587201027362,11,11,0.21726300258207246,0.05093817851501965,3,YV-YD
2024-02-23 00:00:00+00:00,0.22466216216216284,0.06314832170926972,11,11,0.2182103610675045,0.051086969809703536,3,YV-YD
2024-02-24 00:00:00+00:00,0.1992300288739171,0.06003085316810875,11,11,0.21897983392645257,0.05110863277418181,1,DV-YD
2024-02-25 00:00:00+00:00,0.2150943396226417,0.07432159834325548,11,11,0.21897983392645257,0.05120694331639676,1,DV-YD
2024-02-26 00:00:00+00:00,0.24144578313253,0.06731766894152294,11,11,0.21897983392645257,0.05122180739220264,3,YV-YD
2024-02-27 00:00:00+00:00,0.27545382794001533,0.06955095135098506,11,11,0.2190119741120149,0.05127451483835738,3,YV-YD
2024-02-28 00:00:00+00:00,0.40417209908735313,0.06536169368956558,11,11,0.2201996476805633,0.05148953720517265,3,YV-YD
2024-02-29 00:00:00+00:00,0.2894299944659656,0.09944133350434059,11,11,0.2212902541323426,0.05160312295175097,3,YV-YD
2024-03-01 00:00:00+00:00,0.26502575844304516,0.09572942576984514,11,11,0.2234372037165792,0.05160312295175097,3,YV-YD
2024-03-02 00:00:00+00:00,0.36596736596736634,0.1204507822552332,11,11,0.22362136343899267,0.05164496812134357,3,YV-YD
2024-03-03 00:00:00+00:00,0.4777687954729188,0.12536967646244757,11,11,0.22450067378764765,0.0516515278703741,3,YV-YD
2024-03-04 00:00:00+00:00,0.3872881355932199,0.15638759277633435,11,11,0.22450067378764765,0.05174978073764441,3,YV-YD
2024-03-05 00:00:00+00:00,0.44174757281553384,0.20719050638618644,11,11,0.22450067378764765,0.05219378859087135,3,YV-YD
2024-03-06 00:00:00+00:00,0.31246547597127583,0.14762667613900782,11,11,0.22450067378764765,0.052316918951021724,3,YV-YD
2024-03-07 00:00:00+00:00,0.3744855967078191,0.13805465485040672,11,11,0.22450067378764765,0.052637368628912835,3,YV-YD
2024-03-08 00:00:00+00:00,0.4569008470353764,0.11598017262455007,11,11,0.22450067378764765,0.0527006550475054,3,YV-YD
2024-03-09 00:00:00+00:00,0.5385365853658538,0.12570475066241849,11,11,0.22450067378764765,0.0527006550475054,3,YV-YD
2024-03-10 00:00:00+00:00,0.5307539682539685,0.12623416192722295,11,11,0.22450067378764765,0.0527006550475054,3,YV-YD
2024-03-11 00:00:00+00:00,0.5097771714415644,0.10551651380403497,11,11,0.22450067378764765,0.052726497115411206,3,YV-YD
2024-03-12 00:00:00+00:00,0.5345358556973171,0.122277918916728,11,11,0.22450067378764765,0.052735475104155216,3,YV-YD
2024-03-13 00:00:00+00:00,0.5113371567198318,0.16970474790229823,11,11,0.22450067378764765,0.052840908042387856,3,YV-YD
2024-03-14 00:00:00+00:00,0.4361817928844434,0.11950311823621715,11,11,0.22466216216216284,0.05284269334860523,3,YV-YD
2024-03-15 00:00:00+00:00,0.4112958681009349,0.14490495885400748,11,11,0.22567164179104487,0.05325508807080031,3,YV-YD
2024-03-16 00:00:00+00:00,0.25362872421695976,0.14189662602320657,11,11,0.22567164179104487,0.05325508807080031,3,YV-YD
2024-03-17 00:00:00+00:00,0.18171830366952324,0.14988843197183657,11,11,0.22656426473910082,0.05325508807080031,1,DV-YD
2024-03-18 00:00:00+00:00,0.1681406315897092,0.1790630663588798,11,11,0.22656426473910082,0.05325508807080031,1,DV-YD
2024-03-19 00:00:00+00:00,0.23496980834864792,0.16172691750327997,11,11,0.22656426473910082,0.05325508807080031,3,YV-YD
2024-03-20 00:00:00+00:00,0.222774713619007,0.12745046145936417,11,11,0.22704860295844104,0.05325508807080031,1,DV-YD
2024-03-21 00:00:00+00:00,0.16439522080608474,0.10573216426170681,11,11,0.22704860295844104,0.05325508807080031,1,DV-YD
2024-03-22 00:00:00+00:00,0.1956735496558504,0.1188109308766607,11,11,0.22704860295844104,0.05325508807080031,1,DV-YD
2024-03-23 00:00:00+00:00,0.1722742221097899,0.08446902235987507,11,11,0.22704860295844104,0.05335412096212372,1,DV-YD
2024-03-24 00:00:00+00:00,0.16029374525196255,0.05296877156184482,11,11,0.22656426473910082,0.05335412096212372,0,DV-DD
2024-03-25 00:00:00+00:00,0.12726144939522382,0.07596736922045018,11,11,0.22656426473910082,0.05325508807080031,1,DV-YD
2024-03-26 00:00:00+00:00,0.20119405769724108,0.07084118737533164,11,11,0.22567164179104487,0.05325508807080031,1,DV-YD
2024-03-27 00:00:00+00:00,0.11370882040382553,0.07832545445054093,11,11,0.22567164179104487,0.05325508807080031,1,DV-YD
2024-03-28 00:00:00+00:00,0.16356198407480452,0.08297684440519952,11,11,0.22567164179104487,0.05325508807080031,1,DV-YD
2024-03-29 00:00:00+00:00,0.16717147452635084,0.09877851789541187,11,11,0.22567164179104487,0.05325508807080031,1,DV-YD
2024-03-30 00:00:00+00:00,0.08573567952077861,0.08701313878633889,11,11,0.22567164179104487,0.05325508807080031,1,DV-YD
2024-03-31 00:00:00+00:00,0.09900505627140749,0.06208630394168434,11,11,0.22567164179104487,0.05325508807080031,1,DV-YD
2024-04-01 00:00:00+00:00,0.10775710775710812,0.06959828947508034,11,11,0.22567164179104487,0.05325508807080031,1,DV-YD
2024-04-02 00:00:00+00:00,0.0900554844216811,0.08565322096457784,11,11,0.22567164179104487,0.05335412096212372,1,DV-YD
2024-04-03 00:00:00+00:00,0.11613095830430903,0.06006948865391729,11,11,0.22567164179104487,0.05335412096212372,1,DV-YD
2024-04-04 00:00:00+00:00,0.13938692886061274,0.06214241072640532,11,11,0.22567164179104487,0.05335412096212372,1,DV-YD
2024-04-05 00:00:00+00:00,0.13905158898157194,0.06666317407520346,11,11,0.22567164179104487,0.05335412096212372,1,DV-YD
2024-04-06 00:00:00+00:00,0.14805765941851948,0.06731516205424719,11,11,0.22567164179104487,0.05335412096212372,1,DV-YD
2024-04-07 00:00:00+00:00,0.13482501434308697,0.04471565243224532,11,11,0.22567164179104487,0.05344122088903247,0,DV-DD
2024-04-08 00:00:00+00:00,0.11339827237640143,0.038022618214178155,11,11,0.22567164179104487,0.05344122088903247,0,DV-DD
2024-04-09 00:00:00+00:00,0.1319269521410578,0.05714261062932463,11,11,0.22567164179104487,0.05344122088903247,1,DV-YD
2024-04-10 00:00:00+00:00,0.10841913991520291,0.06675097510926588,11,11,0.22567164179104487,0.05378500255741753,1,DV-YD
2024-04-11 00:00:00+00:00,0.18047788510421936,0.06655922351711922,11,11,0.22466216216216284,0.05378500255741753,1,DV-YD
2024-04-12 00:00:00+00:00,0.1759513141175684,0.05471360213668621,11,11,0.22362136343899267,0.05378500255741753,1,DV-YD
2024-04-13 00:00:00+00:00,0.4181271907861784,0.09142827218698425,11,11,0.2234372037165792,0.05378500255741753,3,YV-YD
2024-04-14 00:00:00+00:00,0.5510046367851615,0.11529918867788069,11,11,0.2234372037165792,0.05420093223963122,3,YV-YD
2024-04-15 00:00:00+00:00,0.4596363636363637,0.09036471214269945,11,11,0.2234372037165792,0.05471360213668621,3,YV-YD
2024-04-16 00:00:00+00:00,0.4330408241129339,0.0990669571058925,11,11,0.2234372037165792,0.0553381854948544,3,YV-YD
2024-04-17 00:00:00+00:00,0.3745791245791245,0.07640399237594758,11,11,0.2234372037165792,0.05534426879868398,3,YV-YD
2024-04-18 00:00:00+00:00,0.3482456140350877,0.06896483817248802,11,11,0.2234372037165792,0.05547570658632522,3,YV-YD
2024-04-19 00:00:00+00:00,0.3668598060209093,0.0612414973573851,11,11,0.2234372037165792,0.0555099890073778,3,YV-YD
2024-04-20 00:00:00+00:00,0.3424892703862659,0.05133848137629978,11,11,0.22362136343899267,0.05611103621297819,2,YV-DD
2024-04-21 00:00:00+00:00,0.18257032542746818,0.07851155023712443,11,11,0.22466216216216284,0.05611103621297819,1,DV-YD
2024-04-22 00:00:00+00:00,0.2896774193548385,0.05512453177740765,11,11,0.22466216216216284,0.056259260167296196,2,YV-DD
2024-04-23 00:00:00+00:00,0.2747499137633667,0.07858933409121349,11,11,0.22567164179104487,0.056259260167296196,3,YV-YD
2024-04-24 00:00:00+00:00,0.2457992743616358,0.055334612971856253,11,11,0.22656426473910082,0.056460215725191894,2,YV-DD
2024-04-25 00:00:00+00:00,0.3072578066716405,0.06468018665290791,11,11,0.22704860295844104,0.056460215725191894,3,YV-YD
2024-04-26 00:00:00+00:00,0.29516437715306426,0.0673640282932281,11,11,0.2273161413562557,0.05650126826217107,3,YV-YD
2024-04-27 00:00:00+00:00,0.14709622721492177,0.08566328258735312,11,11,0.23008190618019292,0.056875951814718294,1,DV-YD
2024-04-28 00:00:00+00:00,0.18247903075489272,0.08353961080171383,11,11,0.23008190618019292,0.05714261062932463,1,DV-YD
2024-04-29 00:00:00+00:00,0.17186610651849787,0.06603598502764939,11,11,0.23008190618019292,0.05731889919714742,1,DV-YD
2024-04-30 00:00:00+00:00,0.10360738255033551,0.052340769110633234,11,11,0.2273161413562557,0.05760704182400434,0,DV-DD
2024-05-01 00:00:00+00:00,0.12724956203217083,0.04854446828030834,11,11,0.22704860295844104,0.05760704182400434,0,DV-DD
2024-05-02 00:00:00+00:00,0.14754098360655707,0.03389898053824458,11,11,0.22656426473910082,0.05760704182400434,0,DV-DD
2024-05-03 00:00:00+00:00,0.10508556602632124,0.04308669126095448,11,11,0.22567164179104487,0.05760704182400434,0,DV-DD
2024-05-04 00:00:00+00:00,0.05499947194874366,0.025405585913448037,11,11,0.22567164179104487,0.05760704182400434,0,DV-DD
2024-05-05 00:00:00+00:00,0.08097987205492266,0.05413416498594187,11,11,0.22567164179104487,0.05760704182400434,0,DV-DD
2024-05-06 00:00:00+00:00,0.05160418439361334,0.059651689121206324,11,11,0.22567164179104487,0.05760704182400434,1,DV-YD
2024-05-07 00:00:00+00:00,0.1550603528319406,0.05816990201761345,11,11,0.22567164179104487,0.05763187479625639,1,DV-YD
2024-05-08 00:00:00+00:00,0.23520173051587528,0.0669423557935895,11,11,0.22567164179104487,0.057677604487184744,3,YV-YD
2024-05-09 00:00:00+00:00,0.1597396094141211,0.06147615390947358,11,11,0.22656426473910082,0.05816990201761345,1,DV-YD
2024-05-10 00:00:00+00:00,0.08282063416942748,0.07714418557676844,11,11,0.22567164179104487,0.0582769109244022,1,DV-YD
2024-05-11 00:00:00+00:00,0.12489660876757652,0.041809587675975764,11,11,0.22466216216216284,0.0591525144412989,0,DV-DD
2024-05-12 00:00:00+00:00,0.1,0.046072222093714844,11,11,0.22362136343899267,0.0591525144412989,0,DV-DD
2024-05-13 00:00:00+00:00,0.07961222091656844,0.040593085774220716,11,11,0.2234372037165792,0.0591525144412989,0,DV-DD
2024-05-14 00:00:00+00:00,0.13560027758500998,0.04597989740070822,11,11,0.222774713619007,0.0591525144412989,0,DV-DD
2024-05-15 00:00:00+00:00,0.11619396157365039,0.05261718585937849,11,11,0.2201996476805633,0.0591525144412989,0,DV-DD
2024-05-16 00:00:00+00:00,0.1439169139465873,0.05999559321224112,11,11,0.2190119741120149,0.0591525144412989,1,DV-YD
2024-05-17 00:00:00+00:00,0.1923990498812351,0.04285566114507,11,11,0.21897983392645257,0.05961178829196875,0,DV-DD
2024-05-18 00:00:00+00:00,0.11087089705223975,0.06287608461664129,12,12,0.2182103610675045,0.05961178829196875,1,DV-YD
2024-05-19 00:00:00+00:00,0.11898985606221568,0.07229112448362934,12,12,0.21726300258207246,0.059651689121206324,1,DV-YD
2024-05-20 00:00:00+00:00,0.138162248805475,0.08487967434610055,12,12,0.21678698416118947,0.05968816133713863,1,DV-YD
2024-05-21 00:00:00+00:00,0.1894165366847694,0.07117475114287847,12,12,0.2150943396226417,0.05999559321224112,1,DV-YD
2024-05-22 00:00:00+00:00,0.28994631761149237,0.07462824193728801,12,12,0.21374865735768023,0.06003085316810875,3,YV-YD
2024-05-23 00:00:00+00:00,0.27110954887512256,0.06394821004565297,12,12,0.2150943396226417,0.06006948865391729,3,YV-YD
2024-05-24 00:00:00+00:00,0.1354813889418783,0.12850649158239907,12,12,0.21678698416118947,0.060097904751205126,1,DV-YD
2024-05-25 00:00:00+00:00,0.26350243103161874,0.10488796518569127,12,12,0.2150943396226417,0.0602741239769464,3,YV-YD
2024-05-26 00:00:00+00:00,0.30053281853762687,0.11106414111112818,12,12,0.21678698416118947,0.06053105707937585,3,YV-YD
2024-05-27 00:00:00+00:00,0.23679870417584248,0.1343837651148519,12,12,0.21726300258207246,0.0612414973573851,3,YV-YD
2024-05-28 00:00:00+00:00,0.24763907815155473,0.08506141390747667,12,12,0.2182103610675045,0.06147615390947358,3,YV-YD
2024-05-29 00:00:00+00:00,0.27263553683053454,0.07189720464783009,12,12,0.21897983392645257,0.06202814911784927,3,YV-YD
2024-05-30 00:00:00+00:00,0.11746592583593365,0.07339038009042292,12,12,0.2201996476805633,0.06208630394168434,1,DV-YD
2024-05-31 00:00:00+00:00,0.15519738623068646,0.04489681975277483,12,12,0.2201996476805633,0.06214241072640532,0,DV-DD
2024-06-01 00:00:00+00:00,0.14054900860456487,0.03682802637543364,12,12,0.2201996476805633,0.06214241072640532,0,DV-DD
2024-06-02 00:00:00+00:00,0.15697888378467534,0.04433826461771246,12,12,0.2201996476805633,0.06214241072640532,0,DV-DD
2024-06-03 00:00:00+00:00,0.14462414677622723,0.04538990014111234,12,12,0.2201996476805633,0.06214241072640532,0,DV-DD
2024-06-04 00:00:00+00:00,0.2695865264658704,0.03626319038348767,12,12,0.2201996476805633,0.06214241072640532,2,YV-DD
2024-06-05 00:00:00+00:00,0.16512340125005148,0.04645322928020654,12,12,0.222774713619007,0.06214241072640532,0,DV-DD
2024-06-06 00:00:00+00:00,0.18925516784913446,0.05065219288738842,12,12,0.222774713619007,0.06214241072640532,0,DV-DD
2024-06-07 00:00:00+00:00,0.12117656829885712,0.055952401365727614,12,12,0.222774713619007,0.06214241072640532,0,DV-DD
2024-06-08 00:00:00+00:00,0.20599113384373807,0.07277927629281873,12,12,0.222774713619007,0.06214241072640532,1,DV-YD
2024-06-09 00:00:00+00:00,0.33555298642066544,0.08909093483435003,12,12,0.222774713619007,0.06238606108771485,3,YV-YD
2024-06-10 00:00:00+00:00,0.25710778935440887,0.06828605771631616,12,12,0.2234372037165792,0.06238606108771485,3,YV-YD
2024-06-11 00:00:00+00:00,0.4205128379551609,0.05727459748679886,12,12,0.2234372037165792,0.06238606108771485,2,YV-DD
2024-06-12 00:00:00+00:00,0.47235626703277367,0.058988200452105184,12,12,0.2234372037165792,0.06214241072640532,2,YV-DD
2024-06-13 00:00:00+00:00,0.2710260806987482,0.0496438939611707,12,12,0.2234372037165792,0.06208630394168434,2,YV-DD
2024-06-14 00:00:00+00:00,0.3413416271739003,0.056823625723385646,12,12,0.2234372037165792,0.06202814911784927,2,YV-DD
2024-06-15 00:00:00+00:00,0.38388887913217873,0.04659682094430891,12,12,0.2234372037165792,0.06147615390947358,2,YV-DD
2024-06-16 00:00:00+00:00,0.3045584907001777,0.05183193774117699,12,12,0.2234372037165792,0.0612414973573851,2,YV-DD
2024-06-17 00:00:00+00:00,0.21552141655653595,0.04173444469823716,12,12,0.2234372037165792,0.0612414973573851,0,DV-DD
2024-06-18 00:00:00+00:00,0.36560420417607953,0.060041548980613875,12,12,0.222774713619007,0.0612414973573851,2,YV-DD
2024-06-19 00:00:00+00:00,0.4882297618254,0.08386437903813505,12,12,0.222774713619007,0.0612414973573851,3,YV-YD
2024-06-20 00:00:00+00:00,0.5040604317030193,0.0825039416689071,12,12,0.222774713619007,0.06147615390947358,3,YV-YD
2024-06-21 00:00:00+00:00,0.5211015749950666,0.05285588603235745,12,12,0.222774713619007,0.06202814911784927,2,YV-DD
2024-06-22 00:00:00+00:00,0.41016084750391685,0.04034429194324428,12,12,0.2234372037165792,0.06202814911784927,2,YV-DD
2024-06-23 00:00:00+00:00,0.3859728719494475,0.05369060652932787,12,12,0.2234372037165792,0.06202814911784927,2,YV-DD
2024-06-24 00:00:00+00:00,0.48239381904787537,0.05819779942559541,12,12,0.22362136343899267,0.06202814911784927,2,YV-DD
2024-06-25 00:00:00+00:00,0.3699449345745927,0.045101742513234525,12,12,0.22362136343899267,0.06202814911784927,2,YV-DD
2024-06-26 00:00:00+00:00,0.2070098875092798,0.05638012652260555,12,12,0.22362136343899267,0.06147615390947358,0,DV-DD
2024-06-27 00:00:00+00:00,0.3792686317162537,0.03283991187712562,12,12,0.2234372037165792,0.0612414973573851,2,YV-DD
2024-06-28 00:00:00+00:00,0.246635051026164,0.047142626927199074,12,12,0.2234372037165792,0.06053105707937585,2,YV-DD
2024-06-29 00:00:00+00:00,0.25440331018843443,0.055425329985542185,12,12,0.22362136343899267,0.06053105707937585,2,YV-DD
2024-06-30 00:00:00+00:00,0.2913141672636687,0.059539089623143686,12,12,0.22362136343899267,0.06053105707937585,2,YV-DD
2024-07-01 00:00:00+00:00,0.23504306795165703,0.06641162931890737,12,12,0.22362136343899267,0.06053105707937585,3,YV-YD
2024-07-02 00:00:00+00:00,0.12573375104296008,0.0769703332601518,12,12,0.22362136343899267,0.0612414973573851,1,DV-YD
2024-07-03 00:00:00+00:00,0.16504753549423531,0.08371195183231507,12,12,0.2234372037165792,0.06147615390947358,1,DV-YD
2024-07-04 00:00:00+00:00,0.2370701495891914,0.09434487399228053,12,12,0.222774713619007,0.06202814911784927,3,YV-YD
2024-07-05 00:00:00+00:00,0.41145663225253776,0.10437071656661893,12,12,0.222774713619007,0.06208630394168434,3,YV-YD
2024-07-06 00:00:00+00:00,0.39911705708332335,0.13279581596048695,12,12,0.2234372037165792,0.06214241072640532,3,YV-YD
2024-07-07 00:00:00+00:00,0.23569401585478766,0.10810754408100068,12,12,0.22362136343899267,0.06238606108771485,3,YV-YD
2024-07-08 00:00:00+00:00,0.31725022622475374,0.102667975791497,12,12,0.22466216216216284,0.06287608461664129,3,YV-YD
2024-07-09 00:00:00+00:00,0.22577882242907155,0.07017440392679261,12,12,0.22567164179104487,0.06287608461664129,3,YV-YD
2024-07-10 00:00:00+00:00,0.24600078917909068,0.0408621003805331,12,12,0.22577882242907155,0.06314832170926972,2,YV-DD
2024-07-11 00:00:00+00:00,0.18098978927110676,0.02583960264906648,12,12,0.22656426473910082,0.06314832170926972,0,DV-DD
2024-07-12 00:00:00+00:00,0.2236024335235557,0.03769361243246992,12,12,0.22656426473910082,0.06314832170926972,0,DV-DD
2024-07-13 00:00:00+00:00,0.1456754923075808,0.05896229052017903,12,12,0.22656426473910082,0.06314832170926972,0,DV-DD
2024-07-14 00:00:00+00:00,0.15221695244954941,0.070501426717192,12,12,0.22577882242907155,0.06287608461664129,1,DV-YD
2024-07-15 00:00:00+00:00,0.1636517708327488,0.06710156935149587,12,12,0.22577882242907155,0.06287608461664129,1,DV-YD
2024-07-16 00:00:00+00:00,0.07846031545890897,0.05653650360252877,12,12,0.22577882242907155,0.06287608461664129,0,DV-DD
2024-07-17 00:00:00+00:00,0.0739592810933255,0.08205188206177429,12,12,0.22577882242907155,0.06238606108771485,1,DV-YD
2024-07-18 00:00:00+00:00,0.10070068628638372,0.08996277361350649,12,12,0.22577882242907155,0.06238606108771485,1,DV-YD
2024-07-19 00:00:00+00:00,0.31130580637776606,0.05472810994296866,12,12,0.22577882242907155,0.06238606108771485,2,YV-DD
2024-07-20 00:00:00+00:00,0.4466931435946173,0.04860620017612955,12,12,0.22577882242907155,0.06214241072640532,2,YV-DD
2024-07-21 00:00:00+00:00,0.3877252796039362,0.05668572289911145,12,12,0.22577882242907155,0.06208630394168434,2,YV-DD
2024-07-22 00:00:00+00:00,0.6514181420431417,0.05976883294170343,12,12,0.22577882242907155,0.06202814911784927,2,YV-DD
2024-07-23 00:00:00+00:00,0.5285411741528756,0.06395027377383258,12,12,0.22656426473910082,0.06147615390947358,3,YV-YD
2024-07-24 00:00:00+00:00,0.40192657919365127,0.05205260307806939,12,12,0.22704860295844104,0.06147615390947358,2,YV-DD
2024-07-25 00:00:00+00:00,0.28692148538878937,0.06857018466416133,12,12,0.23008190618019292,0.0612414973573851,3,YV-YD
2024-07-26 00:00:00+00:00,0.14867081200704454,0.06659196331728644,12,12,0.23066104078762303,0.0612414973573851,1,DV-YD
2024-07-27 00:00:00+00:00,0.17402430474409908,0.06690306465418458,12,12,0.23066104078762303,0.0612414973573851,1,DV-YD
2024-07-28 00:00:00+00:00,0.1587780476715557,0.048806398940315084,12,12,0.23008190618019292,0.06147615390947358,0,DV-DD
2024-07-29 00:00:00+00:00,0.16390837585034013,0.0651754929897739,12,12,0.22704860295844104,0.06147615390947358,1,DV-YD
2024-07-30 00:00:00+00:00,0.19741396975710807,0.060606717625522555,12,12,0.22656426473910082,0.06202814911784927,0,DV-DD
2024-07-31 00:00:00+00:00,0.2060628154786063,0.07030353342572432,12,12,0.22577882242907155,0.06202814911784927,1,DV-YD
2024-08-01 00:00:00+00:00,0.17887300737698347,0.0410532980191934,12,12,0.22567164179104487,0.06208630394168434,0,DV-DD
2024-08-02 00:00:00+00:00,0.15464878444818458,0.034455448821301526,12,12,0.22567164179104487,0.06208630394168434,0,DV-DD
2024-08-03 00:00:00+00:00,0.40384463817637717,0.05937684684112255,12,12,0.22466216216216284,0.06208630394168434,2,YV-DD
2024-08-04 00:00:00+00:00,0.4664366815298079,0.08481070104734721,12,12,0.22466216216216284,0.06208630394168434,3,YV-YD
2024-08-05 00:00:00+00:00,0.6689640281093842,0.08240643066904853,12,12,0.22466216216216284,0.06214241072640532,3,YV-YD
2024-08-06 00:00:00+00:00,0.7074248813008327,0.09359553593233207,12,12,0.22466216216216284,0.06238606108771485,3,YV-YD
2024-08-07 00:00:00+00:00,0.5362702355144783,0.07099118373868639,12,12,0.22466216216216284,0.06287608461664129,3,YV-YD
2024-08-08 00:00:00+00:00,0.5406737223842877,0.1018605879667517,12,12,0.22567164179104487,0.06314832170926972,3,YV-YD
2024-08-09 00:00:00+00:00,0.2547261867286457,0.1158418477973783,12,12,0.22567164179104487,0.06355642157660103,3,YV-YD
2024-08-10 00:00:00+00:00,0.40417489546735696,0.12181312724865362,12,12,0.22577882242907155,0.06394821004565297,3,YV-YD
2024-08-11 00:00:00+00:00,0.4086515555256289,0.13769424821662213,12,12,0.22656426473910082,0.06395027377383258,3,YV-YD
2024-08-12 00:00:00+00:00,0.43441026263440075,0.1326654366844795,12,12,0.22704860295844104,0.06406949583700881,3,YV-YD
2024-08-13 00:00:00+00:00,0.3424287823019284,0.15293003501149321,12,12,0.22704860295844104,0.06408536898055725,3,YV-YD
2024-08-14 00:00:00+00:00,0.30299927452891895,0.1201549231966991,12,12,0.23066104078762303,0.06455694767201606,3,YV-YD
2024-08-15 00:00:00+00:00,0.2834463325430244,0.11583020026751095,12,12,0.2332713754646843,0.06468018665290791,3,YV-YD
2024-08-16 00:00:00+00:00,0.28568558602857214,0.043892189768724506,12,12,0.2332713754646843,0.0651754929897739,2,YV-DD
2024-08-17 00:00:00+00:00,0.20175839523998573,0.03620332297578852,12,12,0.2332713754646843,0.0651754929897739,0,DV-DD
2024-08-18 00:00:00+00:00,0.11869498541571222,0.03553457615040768,12,12,0.23066104078762303,0.0651754929897739,0,DV-DD
2024-08-19 00:00:00+00:00,0.06687370931968553,0.027498111801140413,12,12,0.22704860295844104,0.0651754929897739,0,DV-DD
2024-08-20 00:00:00+00:00,0.2045204055548741,0.05375088031145658,12,12,0.22656426473910082,0.0651754929897739,0,DV-DD
2024-08-21 00:00:00+00:00,0.1356155659391691,0.05057497616531019,12,12,0.22577882242907155,0.0651754929897739,0,DV-DD
2024-08-22 00:00:00+00:00,0.2858182377000681,0.059832320289994516,12,12,0.22567164179104487,0.0651754929897739,2,YV-DD
2024-08-23 00:00:00+00:00,0.12602992640961314,0.06484780423699017,12,12,0.22567164179104487,0.0651754929897739,0,DV-DD
2024-08-24 00:00:00+00:00,0.22439647985613573,0.06307194394516005,12,12,0.22466216216216284,0.06484780423699017,0,DV-DD
2024-08-25 00:00:00+00:00,0.2500161952487536,0.07320105981510558,12,12,0.22439647985613573,0.06484780423699017,3,YV-YD
2024-08-26 00:00:00+00:00,0.42996308291711466,0.06867437222669813,12,12,0.22439647985613573,0.0651754929897739,3,YV-YD
2024-08-27 00:00:00+00:00,0.2046930385337815,0.07231341874697159,12,12,0.22439647985613573,0.06536169368956558,1,DV-YD
2024-08-28 00:00:00+00:00,0.11713310770214752,0.06117328828711942,12,12,0.22362136343899267,0.06580259267394095,0,DV-DD
2024-08-29 00:00:00+00:00,0.10016698398826432,0.03181728297752555,12,12,0.2236024335235557,0.06580259267394095,0,DV-DD
2024-08-30 00:00:00+00:00,0.09757298619528117,0.03251346708579582,12,12,0.2234372037165792,0.06580259267394095,0,DV-DD
2024-08-31 00:00:00+00:00,0.052818397085202834,0.04359203166045684,12,12,0.222774713619007,0.06580259267394095,0,DV-DD
2024-09-01 00:00:00+00:00,0.06112240103507267,0.06715873600791233,12,12,0.222774713619007,0.06580259267394095,1,DV-YD
2024-09-02 00:00:00+00:00,0.10713964948823948,0.06961233351571058,12,12,0.222774713619007,0.06603598502764939,1,DV-YD
2024-09-03 00:00:00+00:00,0.09959220766367022,0.05209420515591762,12,12,0.222774713619007,0.06641162931890737,0,DV-DD
2024-09-04 00:00:00+00:00,0.15928429826513735,0.05671606503801003,12,12,0.222774713619007,0.06641162931890737,0,DV-DD
2024-09-05 00:00:00+00:00,0.19916944313700713,0.03309476279491503,12,12,0.222774713619007,0.06641162931890737,0,DV-DD
2024-09-06 00:00:00+00:00,0.26403290412666336,0.0333405801649526,12,12,0.222774713619007,0.06641162931890737,2,YV-DD
2024-09-07 00:00:00+00:00,0.5589288022170016,0.03950522311347429,12,12,0.2234372037165792,0.06641162931890737,2,YV-DD
2024-09-08 00:00:00+00:00,0.5263438568608251,0.05659332806970715,12,12,0.2236024335235557,0.06641162931890737,2,YV-DD
2024-09-09 00:00:00+00:00,0.44680159393655966,0.07236156878135332,12,12,0.22362136343899267,0.06641162931890737,3,YV-YD
2024-09-10 00:00:00+00:00,0.2649136130611899,0.06982957128715594,12,12,0.22439647985613573,0.06655922351711922,3,YV-YD
2024-09-11 00:00:00+00:00,0.13299778731533402,0.057179850323199485,12,12,0.22466216216216284,0.06659196331728644,0,DV-DD
2024-09-12 00:00:00+00:00,0.15491034127653114,0.05356716499298909,12,12,0.22439647985613573,0.06659196331728644,0,DV-DD
2024-09-13 00:00:00+00:00,0.06078658812233012,0.06926329586714171,12,12,0.22362136343899267,0.06659196331728644,1,DV-YD
2024-09-14 00:00:00+00:00,0.09111159900446406,0.036995240432672126,12,12,0.2236024335235557,0.06666317407520346,0,DV-DD
2024-09-15 00:00:00+00:00,0.09361665421849337,0.03068648830720814,12,12,0.2236024335235557,0.06666317407520346,0,DV-DD
2024-09-16 00:00:00+00:00,0.11577615346428066,0.044424993318662315,12,12,0.2236024335235557,0.06666317407520346,0,DV-DD
2024-09-17 00:00:00+00:00,0.06420660328663534,0.04936151805411743,12,12,0.2236024335235557,0.06666317407520346,0,DV-DD
2024-09-18 00:00:00+00:00,0.15618761383006385,0.07640648803645933,12,12,0.2236024335235557,0.06666317407520346,1,DV-YD
2024-09-19 00:00:00+00:00,0.19290064712599939,0.09275614603804713,12,12,0.2236024335235557,0.06675097510926588,1,DV-YD
2024-09-20 00:00:00+00:00,0.29369928409293555,0.0749851344512016,12,12,0.2236024335235557,0.06690306465418458,3,YV-YD
2024-09-21 00:00:00+00:00,0.4726004515927964,0.10057893292443505,12,12,0.22362136343899267,0.0669423557935895,3,YV-YD
2024-09-22 00:00:00+00:00,0.5034753870461175,0.09175593507381676,12,12,0.22439647985613573,0.06710156935149587,3,YV-YD
2024-09-23 00:00:00+00:00,0.37973595338825794,0.09727994429613461,12,12,0.22466216216216284,0.06715873600791233,3,YV-YD
2024-09-24 00:00:00+00:00,0.3319190642443786,0.105345454524682,12,12,0.22567164179104487,0.06731516205424719,3,YV-YD
2024-09-25 00:00:00+00:00,0.37349607638584376,0.09939914390632879,12,12,0.22577882242907155,0.06731766894152294,3,YV-YD
2024-09-26 00:00:00+00:00,0.3447328533860735,0.07190059036246182,12,12,0.22704860295844104,0.0673640282932281,3,YV-YD
2024-09-27 00:00:00+00:00,0.38673007945584525,0.06387681530143921,12,12,0.23066104078762303,0.06774684075096923,2,YV-DD
2024-09-28 00:00:00+00:00,0.37183329971331314,0.05965677432814164,12,12,0.2332713754646843,0.06774684075096923,2,YV-DD
2024-09-29 00:00:00+00:00,0.3746059576835956,0.054255415981782996,12,12,0.23349753694581277,0.06774684075096923,2,YV-DD
2024-09-30 00:00:00+00:00,0.52094013545141,0.05967997429562181,12,12,0.23496980834864792,0.06774684075096923,2,YV-DD
2024-10-01 00:00:00+00:00,0.36489936524035205,0.05908197661788395,12,12,0.23504306795165703,0.06774684075096923,2,YV-DD
2024-10-02 00:00:00+00:00,0.12002121439429525,0.041252611659789655,12,12,0.23504306795165703,0.06774684075096923,0,DV-DD
2024-10-03 00:00:00+00:00,0.06972791951360938,0.05500807289780184,12,12,0.23504306795165703,0.06774684075096923,0,DV-DD
2024-10-04 00:00:00+00:00,0.13050523500356842,0.05875519998331306,12,12,0.23504306795165703,0.06774684075096923,0,DV-DD
2024-10-05 00:00:00+00:00,0.09065807003153876,0.06340733908648173,12,12,0.23504306795165703,0.06774684075096923,0,DV-DD
2024-10-06 00:00:00+00:00,0.11669635538522215,0.05989750005286373,12,12,0.23504306795165703,0.06774684075096923,0,DV-DD
2024-10-07 00:00:00+00:00,0.0785441782195212,0.06112073332157484,12,12,0.23504306795165703,0.0673640282932281,0,DV-DD
2024-10-08 00:00:00+00:00,0.0717694137962737,0.07553309519054717,12,12,0.23504306795165703,0.0673640282932281,1,DV-YD
2024-10-09 00:00:00+00:00,0.1827696691989611,0.05560159274684951,12,12,0.23504306795165703,0.06774684075096923,0,DV-DD
2024-10-10 00:00:00+00:00,0.18745574695035763,0.02153355521361276,12,12,0.23504306795165703,0.06774684075096923,0,DV-DD
2024-10-11 00:00:00+00:00,0.3430127546392503,0.03171727438825147,12,12,0.23504306795165703,0.06774684075096923,2,YV-DD
2024-10-12 00:00:00+00:00,0.2895977787917014,0.043289435268306406,12,12,0.23520173051587528,0.06774684075096923,2,YV-DD
2024-10-13 00:00:00+00:00,0.3236892367236971,0.07052233420408305,12,12,0.23569401585478766,0.06774684075096923,3,YV-YD
2024-10-14 00:00:00+00:00,0.3342149539967548,0.07748725663809587,12,12,0.23569401585478766,0.06818173955094226,3,YV-YD
2024-10-15 00:00:00+00:00,0.11646859083191849,0.040614568965168754,12,12,0.23569401585478766,0.06828605771631616,0,DV-DD
2024-10-16 00:00:00+00:00,0.2555583953416474,0.04499357968242666,12,12,0.23520173051587528,0.06828605771631616,2,YV-DD
2024-10-17 00:00:00+00:00,0.3003447093830365,0.04417711702582119,12,12,0.23569401585478766,0.06828605771631616,2,YV-DD
2024-10-18 00:00:00+00:00,0.2651389926182205,0.05306068044786891,12,12,0.23569401585478766,0.06828605771631616,2,YV-DD
2024-10-19 00:00:00+00:00,0.24157023979466624,0.057957918289855,12,12,0.23569401585478766,0.06828605771631616,2,YV-DD
2024-10-20 00:00:00+00:00,0.2942281028185516,0.08455308471845853,12,12,0.23569401585478766,0.06828605771631616,3,YV-YD
2024-10-21 00:00:00+00:00,0.29450617975566473,0.0850900410970964,12,12,0.23569401585478766,0.06828605771631616,3,YV-YD
2024-10-22 00:00:00+00:00,0.19362214491808294,0.0772036155887754,12,12,0.23679870417584248,0.06828605771631616,1,DV-YD
2024-10-23 00:00:00+00:00,0.20261604467916008,0.07041875618864982,12,12,0.23679870417584248,0.06828605771631616,1,DV-YD
2024-10-24 00:00:00+00:00,0.16165725632701017,0.05888266079231218,12,12,0.23569401585478766,0.06828605771631616,0,DV-DD
2024-10-25 00:00:00+00:00,0.2058244674862914,0.05891593539295803,12,12,0.23520173051587528,0.06818173955094226,0,DV-DD
2024-10-26 00:00:00+00:00,0.24286520841398906,0.07768549120485854,12,12,0.23504306795165703,0.06774684075096923,3,YV-YD
2024-10-27 00:00:00+00:00,0.2460232374465841,0.060504431500843364,12,12,0.23504306795165703,0.06774684075096923,2,YV-DD
2024-10-28 00:00:00+00:00,0.16554363250793225,0.07959783636248145,12,12,0.23504306795165703,0.0673640282932281,1,DV-YD
2024-10-29 00:00:00+00:00,0.29667150624998656,0.07760874883679686,12,12,0.23496980834864792,0.06774684075096923,3,YV-YD
2024-10-30 00:00:00+00:00,0.13809765272865956,0.08217571995224436,12,12,0.23496980834864792,0.06818173955094226,1,DV-YD
2024-10-31 00:00:00+00:00,0.21932762595328703,0.06620091002447033,12,12,0.23349753694581277,0.06828605771631616,0,DV-DD
2024-11-01 00:00:00+00:00,0.16577031440762746,0.06865961648660415,12,12,0.23066104078762303,0.06818173955094226,1,DV-YD
2024-11-02 00:00:00+00:00,0.1898678955453148,0.0668742788406051,12,12,0.22704860295844104,0.06818173955094226,0,DV-DD
2024-11-03 00:00:00+00:00,0.19004997964149573,0.06584985684871077,12,12,0.22577882242907155,0.06774684075096923,0,DV-DD
2024-11-04 00:00:00+00:00,0.3037490436113238,0.0704751301268986,12,12,0.22567164179104487,0.0673640282932281,3,YV-YD
2024-11-05 00:00:00+00:00,0.31437062488959394,0.06285727203097931,12,12,0.22567164179104487,0.0673640282932281,2,YV-DD
2024-11-06 00:00:00+00:00,0.2252956738250858,0.04048096595436258,12,12,0.22567164179104487,0.06731766894152294,0,DV-DD
2024-11-07 00:00:00+00:00,0.15532315250264306,0.05119753855015022,12,12,0.2252956738250858,0.06731766894152294,0,DV-DD
2024-11-08 00:00:00+00:00,0.21779111186519626,0.04882072646046679,12,12,0.22466216216216284,0.06731766894152294,0,DV-DD
2024-11-09 00:00:00+00:00,0.43874949610872394,0.05961645228685125,12,12,0.22439647985613573,0.06731516205424719,2,YV-DD
2024-11-10 00:00:00+00:00,0.4141777464751192,0.09400705167305073,12,12,0.22439647985613573,0.06715873600791233,3,YV-YD
2024-11-11 00:00:00+00:00,0.4864033499683431,0.15682891671020105,12,12,0.22439647985613573,0.06715873600791233,3,YV-YD
2024-11-12 00:00:00+00:00,0.5698258210301756,0.1789305957364588,12,12,0.22439647985613573,0.06715873600791233,3,YV-YD
2024-11-13 00:00:00+00:00,0.40563507645242036,0.18184752821310082,12,12,0.22439647985613573,0.06715873600791233,3,YV-YD
2024-11-14 00:00:00+00:00,0.397279960653688,0.19242234833962032,12,12,0.22439647985613573,0.06715873600791233,3,YV-YD
2024-11-15 00:00:00+00:00,0.4413323070009476,0.20003366525191668,12,12,0.22439647985613573,0.06715873600791233,3,YV-YD
2024-11-16 00:00:00+00:00,0.5273698820931665,0.22373121305294214,12,12,0.22439647985613573,0.06715873600791233,3,YV-YD
2024-11-17 00:00:00+00:00,0.546192753185462,0.22450678853980782,12,12,0.22439647985613573,0.06715873600791233,3,YV-YD
2024-11-18 00:00:00+00:00,0.6014140017253022,0.19152639477042804,12,12,0.22439647985613573,0.06715873600791233,3,YV-YD
2024-11-19 00:00:00+00:00,0.651097427400016,0.17852739237730905,12,12,0.22466216216216284,0.06715873600791233,3,YV-YD
2024-11-20 00:00:00+00:00,0.5778556652772403,0.14334842907324535,12,12,0.22466216216216284,0.06715873600791233,3,YV-YD
2024-11-21 00:00:00+00:00,0.42890343934588004,0.16009995983645742,12,12,0.2252956738250858,0.06715873600791233,3,YV-YD
2024-11-22 00:00:00+00:00,0.4807483103567395,0.137644002839264,12,12,0.22567164179104487,0.06715873600791233,3,YV-YD
2024-11-23 00:00:00+00:00,0.5326692019528482,0.14868317340841725,12,12,0.22577882242907155,0.06731516205424719,3,YV-YD
2024-11-24 00:00:00+00:00,0.3945767522769372,0.11941725739517162,12,12,0.22704860295844104,0.06731766894152294,3,YV-YD
2024-11-25 00:00:00+00:00,0.4051146762367461,0.14081840112490218,12,12,0.23349753694581277,0.0673640282932281,3,YV-YD
2024-11-26 00:00:00+00:00,0.1788561175632742,0.12449952591010958,12,12,0.23496980834864792,0.06774684075096923,1,DV-YD
2024-11-27 00:00:00+00:00,0.22388542148076443,0.13080531000151405,12,12,0.23496980834864792,0.06818173955094226,1,DV-YD
2024-11-28 00:00:00+00:00,0.36840180851279924,0.15978085548122026,12,12,0.23496980834864792,0.06828605771631616,3,YV-YD
2024-11-29 00:00:00+00:00,0.3914304168732715,0.11428508182516935,12,12,0.23504306795165703,0.06857018466416133,3,YV-YD
2024-11-30 00:00:00+00:00,0.3662595437163247,0.08574319364300356,12,12,0.23520173051587528,0.06865961648660415,3,YV-YD
2024-12-01 00:00:00+00:00,0.36145772310470714,0.10054943135938671,12,12,0.23569401585478766,0.06867437222669813,3,YV-YD
2024-12-02 00:00:00+00:00,0.4209595300336841,0.13686468614602174,12,12,0.23679870417584248,0.06896483817248802,3,YV-YD
2024-12-03 00:00:00+00:00,0.36820014049514027,0.19174220010441867,12,12,0.2370701495891914,0.06926329586714171,3,YV-YD
2024-12-04 00:00:00+00:00,0.4670668797098926,0.1592507324360986,12,12,0.24115334207077316,0.06955095135098506,3,YV-YD
2024-12-05 00:00:00+00:00,0.5669207882368157,0.13485668835714576,12,12,0.24144578313253,0.06959828947508034,3,YV-YD
2024-12-06 00:00:00+00:00,0.42685302353721655,0.10837474671544746,12,12,0.24144578313253,0.06961233351571058,3,YV-YD
2024-12-07 00:00:00+00:00,0.3870739892789496,0.11191333310944993,12,12,0.24144578313253,0.06961233351571058,3,YV-YD
2024-12-08 00:00:00+00:00,0.44083905170312193,0.08680555814925457,12,12,0.24144578313253,0.06982957128715594,3,YV-YD
2024-12-09 00:00:00+00:00,0.41492389915185307,0.08760560497117165,12,12,0.24144578313253,0.06982957128715594,3,YV-YD
2024-12-10 00:00:00+00:00,0.1863011739594477,0.10401846947789953,12,12,0.24144578313253,0.06982957128715594,1,DV-YD
2024-12-11 00:00:00+00:00,0.16439333780153134,0.057085108764538234,12,12,0.24115334207077316,0.06982957128715594,0,DV-DD
2024-12-12 00:00:00+00:00,0.1500785278813871,0.07145061152933746,12,12,0.2370701495891914,0.06961233351571058,1,DV-YD
2024-12-13 00:00:00+00:00,0.1893839170211076,0.08329377248197242,12,12,0.23679870417584248,0.06961233351571058,1,DV-YD
2024-12-14 00:00:00+00:00,0.2219087237163625,0.0799990562483716,12,12,0.23569401585478766,0.06961233351571058,1,DV-YD
2024-12-15 00:00:00+00:00,0.1594774017270813,0.0896423739808453,12,12,0.23520173051587528,0.06961233351571058,1,DV-YD
2024-12-16 00:00:00+00:00,0.15079699320608886,0.08363566359230057,12,12,0.23504306795165703,0.06961233351571058,1,DV-YD
2024-12-17 00:00:00+00:00,0.2004835295953598,0.08228635639473014,12,12,0.23496980834864792,0.06961233351571058,1,DV-YD
2024-12-18 00:00:00+00:00,0.16740701048348752,0.07495626242986948,12,12,0.23496980834864792,0.06982957128715594,1,DV-YD
2024-12-19 00:00:00+00:00,0.21381452202670093,0.06428192772787163,12,12,0.23496980834864792,0.06999479729099112,0,DV-DD
2024-12-20 00:00:00+00:00,0.2428668919014541,0.1019722163083152,12,12,0.23496980834864792,0.06999479729099112,3,YV-YD
2024-12-21 00:00:00+00:00,0.3473805689008296,0.0908820470143993,12,12,0.23504306795165703,0.06999479729099112,3,YV-YD
2024-12-22 00:00:00+00:00,0.38836563645887856,0.10054549154541319,12,12,0.23520173051587528,0.06999479729099112,3,YV-YD
2024-12-23 00:00:00+00:00,0.4248935322356504,0.09519553720110403,12,12,0.23569401585478766,0.06999479729099112,3,YV-YD
2024-12-24 00:00:00+00:00,0.17303005945776156,0.08449094613946881,12,12,0.23679870417584248,0.06999479729099112,1,DV-YD
2024-12-25 00:00:00+00:00,0.13933514412722703,0.054944910930941636,12,12,0.23569401585478766,0.06999479729099112,0,DV-DD
2024-12-26 00:00:00+00:00,0.2663051547120437,0.05289445217556524,12,12,0.23520173051587528,0.06982957128715594,2,YV-DD
2024-12-27 00:00:00+00:00,0.41705326049780944,0.033523901708145475,12,12,0.23569401585478766,0.06961233351571058,2,YV-DD
2024-12-28 00:00:00+00:00,0.41017196780992515,0.03484166900363834,12,12,0.23679870417584248,0.06959828947508034,2,YV-DD
2024-12-29 00:00:00+00:00,0.297549828350665,0.04227303083612178,12,12,0.2370701495891914,0.06955095135098506,2,YV-DD
2024-12-30 00:00:00+00:00,0.44402098826543734,0.04031074773389785,12,12,0.24115334207077316,0.06926329586714171,2,YV-DD
2024-12-31 00:00:00+00:00,0.44358627858689004,0.05808446655856589,12,12,0.24144578313253,0.06896483817248802,2,YV-DD
2025-01-01 00:00:00+00:00,0.44233387868895613,0.07097320257797674,12,12,0.24157023979466624,0.06867437222669813,3,YV-YD
2025-01-02 00:00:00+00:00,0.15374114922779553,0.04558501488905623,12,12,0.24205696807493784,0.06867437222669813,0,DV-DD
2025-01-03 00:00:00+00:00,0.12191877929083908,0.05279418310418843,12,12,0.24157023979466624,0.06867437222669813,0,DV-DD
2025-01-04 00:00:00+00:00,0.17383139136646486,0.06190163717954242,12,12,0.24157023979466624,0.06867437222669813,0,DV-DD
2025-01-05 00:00:00+00:00,0.31611088625052464,0.069393914639819,12,12,0.24157023979466624,0.06867437222669813,3,YV-YD
2025-01-06 00:00:00+00:00,0.35785047468170195,0.07113569500295451,12,12,0.24157023979466624,0.06867437222669813,3,YV-YD
2025-01-07 00:00:00+00:00,0.27724224216020477,0.05853486047787577,12,12,0.24157023979466624,0.06896483817248802,2,YV-DD
2025-01-08 00:00:00+00:00,0.06682448350402903,0.05930877000353325,12,12,0.24157023979466624,0.06867437222669813,0,DV-DD
2025-01-09 00:00:00+00:00,0.0874146097945567,0.06061777414376433,12,12,0.24144578313253,0.06865961648660415,0,DV-DD
2025-01-10 00:00:00+00:00,0.06651322902799464,0.06316365650673211,12,12,0.24115334207077316,0.06857018466416133,0,DV-DD
2025-01-11 00:00:00+00:00,0.06669721643010963,0.06941905343167533,12,12,0.24115334207077316,0.06857018466416133,1,DV-YD
2025-01-12 00:00:00+00:00,0.14070174154230367,0.07590013138925161,12,12,0.24115334207077316,0.06857018466416133,1,DV-YD
2025-01-13 00:00:00+00:00,0.10066587410707212,0.07695727676361344,12,12,0.24115334207077316,0.06857018466416133,1,DV-YD
2025-01-14 00:00:00+00:00,0.12748480971659995,0.09291536949336783,12,12,0.24115334207077316,0.06857018466416133,1,DV-YD
2025-01-15 00:00:00+00:00,0.11420807529938935,0.06768528042902305,12,12,0.24115334207077316,0.06857018466416133,0,DV-DD
2025-01-16 00:00:00+00:00,0.11483974030582429,0.07539498362872876,12,12,0.2370701495891914,0.06828605771631616,1,DV-YD
2025-01-17 00:00:00+00:00,0.11556834551872716,0.09738811739253558,12,12,0.2370701495891914,0.06828605771631616,1,DV-YD
2025-01-18 00:00:00+00:00,0.0869760584874125,0.102082282423403,12,12,0.2370701495891914,0.06828605771631616,1,DV-YD
2025-01-19 00:00:00+00:00,0.14552297228720307,0.10441697111764935,12,12,0.2370701495891914,0.06828605771631616,1,DV-YD
2025-01-20 00:00:00+00:00,0.2567484624470059,0.10935302604114386,12,12,0.2370701495891914,0.06828605771631616,3,YV-YD
2025-01-21 00:00:00+00:00,0.24765348574707946,0.10945050469616137,12,12,0.24115334207077316,0.06828605771631616,3,YV-YD
2025-01-22 00:00:00+00:00,0.11235838555495736,0.10902994772412791,12,12,0.24144578313253,0.06828605771631616,1,DV-YD
2025-01-23 00:00:00+00:00,0.12312845340261176,0.10562729150738119,12,12,0.24115334207077316,0.06828605771631616,1,DV-YD
2025-01-24 00:00:00+00:00,0.14994094517342496,0.09605090670836502,12,12,0.24115334207077316,0.06857018466416133,1,DV-YD
2025-01-25 00:00:00+00:00,0.1608776876179879,0.10233964112758179,12,12,0.2370701495891914,0.06865961648660415,1,DV-YD
2025-01-26 00:00:00+00:00,0.1295548446854762,0.0646827237693414,12,12,0.23679870417584248,0.06867437222669813,0,DV-DD
2025-01-27 00:00:00+00:00,0.18091775171607075,0.05039044076772215,12,12,0.23679870417584248,0.06865961648660415,0,DV-DD
2025-01-28 00:00:00+00:00,0.11258144155991359,0.03780654455691547,12,12,0.23679870417584248,0.06857018466416133,0,DV-DD
2025-01-29 00:00:00+00:00,0.23339253895807766,0.07386910797017508,12,12,0.23679870417584248,0.06828605771631616,1,DV-YD
2025-01-30 00:00:00+00:00,0.3065199826383097,0.05640177710935245,12,12,0.23679870417584248,0.06828605771631616,2,YV-DD
2025-01-31 00:00:00+00:00,0.20353906906090263,0.031916785770491826,12,12,0.2370701495891914,0.06818173955094226,0,DV-DD
2025-02-01 00:00:00+00:00,0.29516583983901734,0.029404263007283837,12,12,0.2370701495891914,0.06818173955094226,2,YV-DD
2025-02-02 00:00:00+00:00,0.4286292261599318,0.04782676685836074,12,12,0.24115334207077316,0.06768528042902305,2,YV-DD
2025-02-03 00:00:00+00:00,0.43969168229714534,0.08172560771441517,12,12,0.24144578313253,0.0673640282932281,3,YV-YD
2025-02-04 00:00:00+00:00,0.3912627285922552,0.060741104520204654,12,12,0.24144578313253,0.0673640282932281,2,YV-DD
2025-02-05 00:00:00+00:00,0.5108563545264699,0.06933816432136541,12,12,0.24157023979466624,0.06731766894152294,3,YV-YD
2025-02-06 00:00:00+00:00,0.5400216094701509,0.07429416006334283,12,12,0.24286520841398906,0.06731766894152294,3,YV-YD
2025-02-07 00:00:00+00:00,0.5458505982713284,0.08756864767801317,12,12,0.2428668919014541,0.0673640282932281,3,YV-YD
2025-02-08 00:00:00+00:00,0.5345770531080631,0.09715862640252028,12,12,0.2428668919014541,0.06768528042902305,3,YV-YD
2025-02-09 00:00:00+00:00,0.4887693548930248,0.07939920166640455,12,12,0.2428668919014541,0.06828605771631616,3,YV-YD
2025-02-10 00:00:00+00:00,0.4797610878940027,0.054089229475969454,12,12,0.2428668919014541,0.06857018466416133,2,YV-DD
2025-02-11 00:00:00+00:00,0.4123412037335299,0.04620296247543419,12,12,0.2428668919014541,0.06857018466416133,2,YV-DD
2025-02-12 00:00:00+00:00,0.3150332093785648,0.055578996228391075,12,12,0.2428668919014541,0.06857018466416133,2,YV-DD
2025-02-13 00:00:00+00:00,0.3190137281042953,0.0580783647087957,12,12,0.2428668919014541,0.06857018466416133,2,YV-DD
2025-02-14 00:00:00+00:00,0.4388907486627247,0.053154746753655564,12,12,0.2428668919014541,0.06857018466416133,2,YV-DD
2025-02-15 00:00:00+00:00,0.35977923334242523,0.04660445404280445,12,12,0.2428668919014541,0.06857018466416133,2,YV-DD
2025-02-16 00:00:00+00:00,0.29060265577119493,0.05524067975658561,13,13,0.2428668919014541,0.06857018466416133,2,YV-DD
2025-02-17 00:00:00+00:00,0.20812875068194206,0.06196520455613801,13,13,0.2428668919014541,0.06857018466416133,0,DV-DD
2025-02-18 00:00:00+00:00,0.2845841351293563,0.06682140762642376,13,13,0.24286520841398906,0.06857018466416133,2,YV-DD
2025-02-19 00:00:00+00:00,0.2056994920273785,0.07145956524452131,13,13,0.24286520841398906,0.06857018466416133,1,DV-YD
2025-02-20 00:00:00+00:00,0.12228503421600716,0.08797063833849623,13,13,0.24157023979466624,0.06865961648660415,1,DV-YD
2025-02-21 00:00:00+00:00,0.16518350797746323,0.05456539524963786,13,13,0.24144578313253,0.06865961648660415,0,DV-DD
2025-02-22 00:00:00+00:00,0.13151973818776855,0.06596339378293764,13,13,0.24144578313253,0.06857018466416133,0,DV-DD
2025-02-23 00:00:00+00:00,0.16125000000000023,0.059466227997602344,13,13,0.24144578313253,0.06857018466416133,0,DV-DD
2025-02-24 00:00:00+00:00,0.18833595594020458,0.05791136503479383,13,13,0.24144578313253,0.06857018466416133,0,DV-DD
2025-02-25 00:00:00+00:00,0.24858209987550153,0.06673384994223588,13,13,0.24144578313253,0.06828605771631616,2,YV-DD
2025-02-26 00:00:00+00:00,0.23147928994082864,0.05005026417142923,13,13,0.24157023979466624,0.06828605771631616,0,DV-DD
2025-02-27 00:00:00+00:00,0.3698366954851106,0.07847571629616414,13,13,0.2370701495891914,0.06768528042902305,3,YV-YD
2025-02-28 00:00:00+00:00,0.3400491218998719,0.05547704148711533,13,13,0.2370701495891914,0.06828605771631616,2,YV-DD
2025-03-01 00:00:00+00:00,0.4431206136771665,0.07101200461892578,13,13,0.2370701495891914,0.06768528042902305,3,YV-YD
2025-03-02 00:00:00+00:00,0.3235763704097927,0.06255370222158133,13,13,0.2370701495891914,0.06768528042902305,2,YV-DD
2025-03-03 00:00:00+00:00,0.07269666360575454,0.12795257667053986,13,13,0.2370701495891914,0.0673640282932281,1,DV-YD
2025-03-04 00:00:00+00:00,0.23302021064617134,0.09241720696223069,13,13,0.23679870417584248,0.0673640282932281,1,DV-YD
2025-03-05 00:00:00+00:00,0.20776242281681845,0.128518801384451,13,13,0.23569401585478766,0.0673640282932281,1,DV-YD
2025-03-06 00:00:00+00:00,0.15720909693088986,0.15157867159823543,13,13,0.23520173051587528,0.0673640282932281,1,DV-YD
2025-03-07 00:00:00+00:00,0.2330810204653771,0.14731208007246416,13,13,0.23504306795165703,0.0673640282932281,1,DV-YD
2025-03-08 00:00:00+00:00,0.23249884098284654,0.14390299506201976,13,13,0.23496980834864792,0.0673640282932281,1,DV-YD
2025-03-09 00:00:00+00:00,0.31149070133504353,0.13176022680198962,13,13,0.23339253895807766,0.0673640282932281,3,YV-YD
2025-03-10 00:00:00+00:00,0.36000922509225103,0.11581602306721374,13,13,0.23339253895807766,0.0673640282932281,3,YV-YD
2025-03-11 00:00:00+00:00,0.32231594651976814,0.0676972539170279,13,13,0.23339253895807766,0.0673640282932281,3,YV-YD
2025-03-12 00:00:00+00:00,0.23839208942390383,0.06026751356117632,13,13,0.23339253895807766,0.0673640282932281,2,YV-DD
2025-03-13 00:00:00+00:00,0.17797695262484,0.061987705226564736,13,13,0.23339253895807766,0.06731516205424719,0,DV-DD
2025-03-14 00:00:00+00:00,0.19103773584905648,0.07582432677147669,13,13,0.2330810204653771,0.06715873600791233,1,DV-YD
2025-03-15 00:00:00+00:00,0.17807153965785366,0.06041550338548679,13,13,0.23302021064617134,0.06715873600791233,0,DV-DD
2025-03-16 00:00:00+00:00,0.12399517684887464,0.06848261923056741,13,13,0.23249884098284654,0.06710156935149587,1,DV-YD
2025-03-17 00:00:00+00:00,0.462806236080178,0.056518098052188714,13,13,0.23147928994082864,0.06710156935149587,2,YV-DD
2025-03-18 00:00:00+00:00,0.18767507002801118,0.05453593850374118,13,13,0.23249884098284654,0.0669423557935895,0,DV-DD
2025-03-19 00:00:00+00:00,0.14895113777369584,0.04274950514173654,13,13,0.23249884098284654,0.06690306465418458,0,DV-DD
2025-03-20 00:00:00+00:00,0.14293207448203518,0.03668196386351094,13,13,0.23147928994082864,0.0668742788406051,0,DV-DD
2025-03-21 00:00:00+00:00,0.19338516598790584,0.03174294099920113,13,13,0.23147928994082864,0.06682140762642376,0,DV-DD
2025-03-22 00:00:00+00:00,0.17482517482517504,0.04195475814451072,13,13,0.23147928994082864,0.06675097510926588,0,DV-DD
2025-03-23 00:00:00+00:00,0.11655598809251194,0.035863906943426546,13,13,0.23147928994082864,0.06673384994223588,0,DV-DD
2025-03-24 00:00:00+00:00,0.09161513015964334,0.034751647485179005,13,13,0.23147928994082864,0.06666317407520346,0,DV-DD
2025-03-25 00:00:00+00:00,0.34067959271848514,0.042317443541316446,13,13,0.23147928994082864,0.06666317407520346,2,YV-DD
2025-03-26 00:00:00+00:00,0.2814132104454683,0.052278678038950095,13,13,0.23249884098284654,0.06659196331728644,2,YV-DD
2025-03-27 00:00:00+00:00,0.22518382352941166,0.054724999828616235,13,13,0.23302021064617134,0.06655922351711922,0,DV-DD
2025-03-28 00:00:00+00:00,0.3086419753086421,0.06097841328040572,13,13,0.23302021064617134,0.06641162931890737,2,YV-DD
2025-03-29 00:00:00+00:00,0.09773260359655989,0.04943814191197599,13,13,0.2330810204653771,0.06620091002447033,0,DV-DD
2025-03-30 00:00:00+00:00,0.09799426934097381,0.045446572488979056,13,13,0.2330810204653771,0.06603598502764939,0,DV-DD
2025-03-31 00:00:00+00:00,0.058733790999237194,0.03946639033866017,13,13,0.2330810204653771,0.06596339378293764,0,DV-DD
2025-04-01 00:00:00+00:00,0.09992132179386325,0.05985022237760713,13,13,0.2330810204653771,0.06596339378293764,0,DV-DD
2025-04-02 00:00:00+00:00,0.0755024443237371,0.07255877164485054,13,13,0.2330810204653771,0.06584985684871077,1,DV-YD
2025-04-03 00:00:00+00:00,0.3086779266161909,0.08984800062119527,13,13,0.2330810204653771,0.06584985684871077,3,YV-YD
2025-04-04 00:00:00+00:00,0.2177924217462932,0.09226002157064896,13,13,0.23339253895807766,0.06596339378293764,1,DV-YD
2025-04-05 00:00:00+00:00,0.17315573770491777,0.07408764743805077,13,13,0.23339253895807766,0.06603598502764939,1,DV-YD
2025-04-06 00:00:00+00:00,0.20923520923520925,0.05842759482402388,13,13,0.23339253895807766,0.06603598502764939,0,DV-DD
2025-04-07 00:00:00+00:00,0.4091456077015643,0.08692472699767348,13,13,0.23339253895807766,0.06596339378293764,3,YV-YD
2025-04-08 00:00:00+00:00,0.5364583333333331,0.05778044751700635,13,13,0.23504306795165703,0.06603598502764939,2,YV-DD
2025-04-09 00:00:00+00:00,0.6525737131434288,0.07026766731135987,13,13,0.23520173051587528,0.06603598502764939,3,YV-YD
2025-04-10 00:00:00+00:00,0.30077506458871583,0.0479716786332176,13,13,0.23569401585478766,0.06620091002447033,2,YV-DD
2025-04-11 00:00:00+00:00,0.36967349197565014,0.06445789119586902,13,13,0.23679870417584248,0.06603598502764939,2,YV-DD
2025-04-12 00:00:00+00:00,0.20359357206124254,0.06320902048133652,13,13,0.2370701495891914,0.06596339378293764,0,DV-DD
2025-04-13 00:00:00+00:00,0.05308241401687225,0.075744640690729,13,13,0.2370701495891914,0.06596339378293764,1,DV-YD
2025-04-14 00:00:00+00:00,0.07187633132493464,0.07306506686599584,13,13,0.23679870417584248,0.06596339378293764,1,DV-YD
2025-04-15 00:00:00+00:00,0.108092903640601,0.06173573106221766,13,13,0.23569401585478766,0.06596339378293764,0,DV-DD
2025-04-16 00:00:00+00:00,0.19775541795665635,0.049994868371728084,13,13,0.23520173051587528,0.06584985684871077,0,DV-DD
2025-04-17 00:00:00+00:00,0.08490292668791656,0.06328946725262487,13,13,0.23504306795165703,0.0651754929897739,0,DV-DD
2025-04-18 00:00:00+00:00,0.08110557317625727,0.06245356713689168,13,13,0.23339253895807766,0.06484780423699017,0,DV-DD
2025-04-19 00:00:00+00:00,0.0906814287597206,0.039819865589873084,13,13,0.2330810204653771,0.0646827237693414,0,DV-DD
2025-04-20 00:00:00+00:00,0.07929907929907949,0.03915763759588922,13,13,0.23302021064617134,0.0646827237693414,0,DV-DD
2025-04-21 00:00:00+00:00,0.1935047361299046,0.039691052397586746,13,13,0.23249884098284654,0.0646827237693414,0,DV-DD
2025-04-22 00:00:00+00:00,0.21044701155198392,0.03488940940708091,13,13,0.23249884098284654,0.06468018665290791,0,DV-DD
2025-04-23 00:00:00+00:00,0.48655628133070034,0.0991154755293293,13,13,0.23147928994082864,0.06468018665290791,3,YV-YD
2025-04-24 00:00:00+00:00,0.3200346921075456,0.10710275050881062,13,13,0.23147928994082864,0.06468018665290791,3,YV-YD
2025-04-25 00:00:00+00:00,0.48088888888888903,0.12905855040346478,13,13,0.23147928994082864,0.0646827237693414,3,YV-YD
2025-04-26 00:00:00+00:00,0.4352858646089093,0.17362715802615278,13,13,0.23147928994082864,0.06484780423699017,3,YV-YD
2025-04-27 00:00:00+00:00,0.3655471289274098,0.18890368857695178,13,13,0.23147928994082864,0.06484780423699017,3,YV-YD
2025-04-28 00:00:00+00:00,0.3894945490584742,0.2539248744767083,13,13,0.23249884098284654,0.06484780423699017,3,YV-YD
2025-04-29 00:00:00+00:00,0.4306500821403424,0.2323739713152371,13,13,0.23302021064617134,0.06484780423699017,3,YV-YD
2025-04-30 00:00:00+00:00,0.49621928166351525,0.14169932432806834,13,13,0.2330810204653771,0.06484780423699017,3,YV-YD
2025-05-01 00:00:00+00:00,0.4363143631436312,0.1556071928769,13,13,0.23339253895807766,0.0651754929897739,3,YV-YD
2025-05-02 00:00:00+00:00,0.4638783269961977,0.10562893592520711,13,13,0.23504306795165703,0.06584985684871077,3,YV-YD
2025-05-03 00:00:00+00:00,0.42090656799259935,0.09364119180354416,13,13,0.23520173051587528,0.06596339378293764,3,YV-YD
2025-05-04 00:00:00+00:00,0.2553522771506422,0.04922520915534281,13,13,0.23569401585478766,0.06620091002447033,2,YV-DD
2025-05-05 00:00:00+00:00,0.17233495284366948,0.05229533809348607,13,13,0.23679870417584248,0.06620091002447033,0,DV-DD
2025-05-06 00:00:00+00:00,0.1776409284699194,0.04779584489063039,13,13,0.23679870417584248,0.06620091002447033,0,DV-DD
2025-05-07 00:00:00+00:00,0.1789587852494572,0.048148062988963077,13,13,0.23679870417584248,0.06620091002447033,0,DV-DD
2025-05-08 00:00:00+00:00,0.2170900692840646,0.03507498992231701,13,13,0.23679870417584248,0.06620091002447033,0,DV-DD
2025-05-09 00:00:00+00:00,0.29657437822618476,0.07295453657471103,13,13,0.23679870417584248,0.06596339378293764,3,YV-YD
2025-05-10 00:00:00+00:00,0.3265947888589397,0.06038310146309415,13,13,0.2370701495891914,0.06620091002447033,2,YV-DD
2025-05-11 00:00:00+00:00,0.45921864290610015,0.16981753787394702,13,13,0.23839208942390383,0.06596339378293764,3,YV-YD
2025-05-12 00:00:00+00:00,0.3812799043062199,0.16513024486441683,13,13,0.24157023979466624,0.06620091002447033,3,YV-YD
2025-05-13 00:00:00+00:00,0.3351351351351354,0.16120699799066432,13,13,0.24286520841398906,0.06641162931890737,3,YV-YD
2025-05-14 00:00:00+00:00,0.4089910675062235,0.2330008485817519,13,13,0.2428668919014541,0.06659196331728644,3,YV-YD
2025-05-15 00:00:00+00:00,0.39449275362318814,0.2086275491213876,13,13,0.24600078917909068,0.06673384994223588,3,YV-YD
2025-05-16 00:00:00+00:00,0.258350951374207,0.1926824554459564,13,13,0.2460232374465841,0.06682140762642376,3,YV-YD
2025-05-17 00:00:00+00:00,0.18792620394354273,0.1675422403766714,13,13,0.246635051026164,0.0668742788406051,1,DV-YD
2025-05-18 00:00:00+00:00,0.2556556116846035,0.08960199281696558,13,13,0.246635051026164,0.06690306465418458,3,YV-YD
2025-05-19 00:00:00+00:00,0.3508965662302151,0.08286762938149686,13,13,0.24763907815155473,0.06710156935149587,3,YV-YD
2025-05-20 00:00:00+00:00,0.25751567097351913,0.08133191420095719,13,13,0.24765348574707946,0.06710156935149587,3,YV-YD
2025-05-21 00:00:00+00:00,0.27186049429180786,0.04535904857479224,13,13,0.24858209987550153,0.06710156935149587,2,YV-DD
2025-05-22 00:00:00+00:00,0.31134314190792595,0.04092649384645605,13,13,0.2500161952487536,0.06690306465418458,2,YV-DD
2025-05-23 00:00:00+00:00,0.20764505119453927,0.04076172904127276,13,13,0.2500161952487536,0.0668742788406051,0,DV-DD
2025-05-24 00:00:00+00:00,0.08132691278758687,0.0326841462311001,13,13,0.24858209987550153,0.0668742788406051,0,DV-DD
2025-05-25 00:00:00+00:00,0.1708547239484823,0.03568539747611349,13,13,0.24858209987550153,0.06682140762642376,0,DV-DD
2025-05-26 00:00:00+00:00,0.13806254767353157,0.04035166929539118,13,13,0.24765348574707946,0.06673384994223588,0,DV-DD
2025-05-27 00:00:00+00:00,0.17159543895429685,0.039776103060273515,13,13,0.24763907815155473,0.06659196331728644,0,DV-DD
2025-05-28 00:00:00+00:00,0.1996252767841935,0.03396983754686842,13,13,0.24763907815155473,0.06641162931890737,0,DV-DD
2025-05-29 00:00:00+00:00,0.2066720911310008,0.04773636627001858,13,13,0.246635051026164,0.06620091002447033,0,DV-DD
2025-05-30 00:00:00+00:00,0.13489070636825184,0.06009588691721353,13,13,0.2460232374465841,0.06596339378293764,0,DV-DD
2025-05-31 00:00:00+00:00,0.25224564619615036,0.06482814131681595,13,13,0.2460232374465841,0.06584985684871077,2,YV-DD
2025-06-01 00:00:00+00:00,0.18255033557046949,0.06737827198073515,13,13,0.246635051026164,0.06584985684871077,1,DV-YD
2025-06-02 00:00:00+00:00,0.29845246868091374,0.05216413155632972,13,13,0.246635051026164,0.06596339378293764,2,YV-DD
2025-06-03 00:00:00+00:00,0.2178625623238671,0.050968762870980226,13,13,0.24765348574707946,0.06596339378293764,0,DV-DD
2025-06-04 00:00:00+00:00,0.22846048903347665,0.05806249103064406,13,13,0.24765348574707946,0.06596339378293764,0,DV-DD
2025-06-05 00:00:00+00:00,0.3364421416234882,0.06422990819126653,13,13,0.246635051026164,0.06596339378293764,2,YV-DD
2025-06-06 00:00:00+00:00,0.6150995831403425,0.0663800944508455,13,13,0.24765348574707946,0.06596339378293764,3,YV-YD
2025-06-07 00:00:00+00:00,0.3998377939983778,0.03663837957395283,13,13,0.24858209987550153,0.06620091002447033,2,YV-DD
2025-06-08 00:00:00+00:00,0.2717314487632506,0.018987781607628068,13,13,0.2500161952487536,0.06620091002447033,2,YV-DD
2025-06-09 00:00:00+00:00,0.25686106346483745,0.030062876643842287,13,13,0.25224564619615036,0.06596339378293764,2,YV-DD
2025-06-10 00:00:00+00:00,0.1339569605087325,0.016754776307068918,13,13,0.25224564619615036,0.06584985684871077,0,DV-DD
2025-06-11 00:00:00+00:00,0.10722415239008017,0.041181585412038035,13,13,0.2500161952487536,0.0651754929897739,0,DV-DD
2025-06-12 00:00:00+00:00,0.12935982339955857,0.029946624370362256,13,13,0.24858209987550153,0.0651754929897739,0,DV-DD
2025-06-13 00:00:00+00:00,0.17570930811348923,0.020154788562609632,13,13,0.24765348574707946,0.0651754929897739,0,DV-DD
2025-06-14 00:00:00+00:00,0.07181789034947106,0.02661502020961142,13,13,0.246635051026164,0.0651754929897739,0,DV-DD
2025-06-15 00:00:00+00:00,0.12682170542635682,0.03362477359989576,13,13,0.2460232374465841,0.0651754929897739,0,DV-DD
2025-06-16 00:00:00+00:00,0.11763801322466562,0.03595738438037296,13,13,0.24600078917909068,0.0651754929897739,0,DV-DD
2025-06-17 00:00:00+00:00,0.136690647482015,0.04817204557692195,13,13,0.2428668919014541,0.0651754929897739,0,DV-DD
2025-06-18 00:00:00+00:00,0.15418381344307275,0.08457985292121464,13,13,0.2428668919014541,0.0651754929897739,1,DV-YD
2025-06-19 00:00:00+00:00,0.1675675675675671,0.061463798927783496,13,13,0.24286520841398906,0.06584985684871077,0,DV-DD
2025-06-20 00:00:00+00:00,0.0731639594613355,0.04035974011966272,13,13,0.24157023979466624,0.0651754929897739,0,DV-DD
2025-06-21 00:00:00+00:00,0.17356453459839685,0.04452509063565542,13,13,0.23839208942390383,0.06484780423699017,0,DV-DD
2025-06-22 00:00:00+00:00,0.28361973829418247,0.05411153204119855,13,13,0.2370701495891914,0.06484780423699017,2,YV-DD
2025-06-23 00:00:00+00:00,0.41159609120521146,0.05679608599527343,13,13,0.2370701495891914,0.06484780423699017,2,YV-DD
2025-06-24 00:00:00+00:00,0.27644903671990784,0.02519148634998324,13,13,0.2370701495891914,0.06484780423699017,2,YV-DD
2025-06-25 00:00:00+00:00,0.3800322061191625,0.031108493726303036,13,13,0.2370701495891914,0.06484780423699017,2,YV-DD
2025-06-26 00:00:00+00:00,0.3609958506224065,0.03255741976543737,13,13,0.2370701495891914,0.06484780423699017,2,YV-DD
2025-06-27 00:00:00+00:00,0.29162833486660533,0.03362938700370021,13,13,0.23839208942390383,0.06484780423699017,2,YV-DD
2025-06-28 00:00:00+00:00,0.12373518357906903,0.05263923600390081,13,13,0.23839208942390383,0.06484780423699017,0,DV-DD
2025-06-29 00:00:00+00:00,0.1250400940874592,0.11671754937890995,13,13,0.2370701495891914,0.06484780423699017,1,DV-YD
2025-06-30 00:00:00+00:00,0.07510610813803284,0.11640885938975665,13,13,0.23569401585478766,0.0651754929897739,1,DV-YD
2025-07-01 00:00:00+00:00,0.1013071895424837,0.11042707174746506,13,13,0.23504306795165703,0.06584985684871077,1,DV-YD
2025-07-02 00:00:00+00:00,0.10645054581541505,0.12179245658480253,13,13,0.23339253895807766,0.06584985684871077,1,DV-YD
2025-07-03 00:00:00+00:00,0.07433001854036754,0.12113384469477262,13,13,0.23339253895807766,0.06584985684871077,1,DV-YD
2025-07-04 00:00:00+00:00,0.08115543328748283,0.15044250078904536,13,13,0.23339253895807766,0.06584985684871077,1,DV-YD
2025-07-05 00:00:00+00:00,0.10516934046345856,0.11170808358953556,13,13,0.2330810204653771,0.06584985684871077,1,DV-YD
2025-07-06 00:00:00+00:00,0.20757937862751782,0.04156964719585985,13,13,0.23302021064617134,0.06584985684871077,0,DV-DD
2025-07-07 00:00:00+00:00,0.3391336542021474,0.04783603244853919,13,13,0.23249884098284654,0.0651754929897739,2,YV-DD
2025-07-08 00:00:00+00:00,0.08896077638495764,0.017090488541911336,13,13,0.23249884098284654,0.06484780423699017,0,DV-DD
2025-07-09 00:00:00+00:00,0.11369000786782063,0.02695486182046014,13,13,0.23147928994082864,0.06482814131681595,0,DV-DD
2025-07-10 00:00:00+00:00,0.25624421831637423,0.025513634478870274,13,13,0.23147928994082864,0.0646827237693414,2,YV-DD
2025-07-11 00:00:00+00:00,0.46595079585876203,0.036454131831957476,13,13,0.23147928994082864,0.0646827237693414,2,YV-DD
2025-07-12 00:00:00+00:00,0.4504522613065325,0.07616889360402475,13,13,0.23249884098284654,0.0646827237693414,3,YV-YD
2025-07-13 00:00:00+00:00,0.37113968567974503,0.08010634684012115,13,13,0.23302021064617134,0.06482814131681595,3,YV-YD
2025-07-14 00:00:00+00:00,0.38586418530983957,0.14671755314426677,13,13,0.2330810204653771,0.06484780423699017,3,YV-YD
2025-07-15 00:00:00+00:00,0.49398589796764814,0.16927806955819527,13,13,0.23339253895807766,0.06484780423699017,3,YV-YD
2025-07-16 00:00:00+00:00,0.6856899488926749,0.18583212372464808,13,13,0.23839208942390383,0.06484780423699017,3,YV-YD
2025-07-17 00:00:00+00:00,0.5658914728682175,0.15936370724794588,13,13,0.24157023979466624,0.0651754929897739,3,YV-YD
2025-07-18 00:00:00+00:00,0.5841066527251337,0.11523198415768969,13,13,0.24286520841398906,0.0651754929897739,3,YV-YD
2025-07-19 00:00:00+00:00,0.8024345879389955,0.07682473477202567,13,13,0.2428668919014541,0.0651754929897739,3,YV-YD
2025-07-20 00:00:00+00:00,0.8148694187026118,0.07215749171242387,13,13,0.2428668919014541,0.06584985684871077,3,YV-YD
2025-07-21 00:00:00+00:00,0.8276165347405442,0.08671843309095582,13,13,0.2428668919014541,0.06596339378293764,3,YV-YD
2025-07-22 00:00:00+00:00,0.8727272727272721,0.08820553519877143,13,13,0.2428668919014541,0.06620091002447033,3,YV-YD
2025-07-23 00:00:00+00:00,0.8729086229086224,0.09531584459738558,13,13,0.2428668919014541,0.0663800944508455,3,YV-YD
2025-07-24 00:00:00+00:00,0.4508447212131697,0.10656899284673371,13,13,0.2428668919014541,0.06659196331728644,3,YV-YD
2025-07-25 00:00:00+00:00,0.35762711864406826,0.09467248975932566,13,13,0.2428668919014541,0.06673384994223588,3,YV-YD
2025-07-26 00:00:00+00:00,0.3320683111954458,0.06870046628065204,13,13,0.2428668919014541,0.06673384994223588,3,YV-YD
2025-07-27 00:00:00+00:00,0.3589550127322459,0.09531685809777768,13,13,0.2460232374465841,0.06682140762642376,3,YV-YD
2025-07-28 00:00:00+00:00,0.3820628210373202,0.11070919269391889,13,13,0.24765348574707946,0.06682140762642376,3,YV-YD
2025-07-29 00:00:00+00:00,0.19936026701898343,0.08327688072125199,13,13,0.24858209987550153,0.0668742788406051,1,DV-YD
2025-07-30 00:00:00+00:00,0.16921417011328893,0.06267013751924906,13,13,0.24858209987550153,0.06715873600791233,0,DV-DD
2025-07-31 00:00:00+00:00,0.0777712925964163,0.06079431303481628,13,13,0.24858209987550153,0.06715873600791233,0,DV-DD
2025-08-01 00:00:00+00:00,0.2285251215559156,0.03661586047099317,13,13,0.24858209987550153,0.0668742788406051,0,DV-DD
2025-08-02 00:00:00+00:00,0.2175948743223264,0.05354622795236673,13,13,0.24858209987550153,0.0668742788406051,0,DV-DD
2025-08-03 00:00:00+00:00,0.3464576802507837,0.065136200690904,13,13,0.24858209987550153,0.0668742788406051,2,YV-DD
2025-08-04 00:00:00+00:00,0.3284488920657612,0.0578887807593084,13,13,0.24858209987550153,0.0668742788406051,2,YV-DD
2025-08-05 00:00:00+00:00,0.2875299760191844,0.030519668248507572,13,13,0.24858209987550153,0.06682140762642376,2,YV-DD
2025-08-06 00:00:00+00:00,0.37085720705538683,0.04312429235257422,13,13,0.24858209987550153,0.06673384994223588,2,YV-DD
2025-08-07 00:00:00+00:00,0.19615484541439326,0.029822542334115076,13,13,0.24858209987550153,0.0663800944508455,0,DV-DD
2025-08-08 00:00:00+00:00,0.05989583333333324,0.029729771557381497,13,13,0.24765348574707946,0.06620091002447033,0,DV-DD
2025-08-09 00:00:00+00:00,0.06149605434875379,0.050360063834036524,13,13,0.2460232374465841,0.06596339378293764,0,DV-DD
2025-08-10 00:00:00+00:00,0.0567346601701215,0.08051321162397464,13,13,0.2428668919014541,0.06584985684871077,1,DV-YD
2025-08-11 00:00:00+00:00,0.11997618338791295,0.06883379475482942,13,13,0.24286520841398906,0.06584985684871077,1,DV-YD
2025-08-12 00:00:00+00:00,0.11595330739299611,0.06343311666654863,13,13,0.24157023979466624,0.06584985684871077,0,DV-DD
2025-08-13 00:00:00+00:00,0.09628714570036367,0.08066620208426918,13,13,0.23839208942390383,0.065136200690904,1,DV-YD
2025-08-14 00:00:00+00:00,0.24741682752356084,0.09010714549456258,13,13,0.23339253895807766,0.065136200690904,3,YV-YD
2025-08-15 00:00:00+00:00,0.12079167516833283,0.0908603680419165,13,13,0.23339253895807766,0.065136200690904,1,DV-YD
2025-08-16 00:00:00+00:00,0.18982866467228712,0.0815737309193482,13,13,0.2330810204653771,0.065136200690904,1,DV-YD
2025-08-17 00:00:00+00:00,0.27685617651795763,0.0683608290166126,13,13,0.23302021064617134,0.06584985684871077,3,YV-YD
2025-08-18 00:00:00+00:00,0.26519132558655906,0.09441611740948587,13,13,0.2330810204653771,0.06596339378293764,3,YV-YD
2025-08-19 00:00:00+00:00,0.09061369175097851,0.09292436174253872,13,13,0.23339253895807766,0.06620091002447033,1,DV-YD
2025-08-20 00:00:00+00:00,0.08676975945017182,0.06791360499427448,13,13,0.23339253895807766,0.0663800944508455,1,DV-YD
2025-08-21 00:00:00+00:00,0.11328960994131866,0.08175078849804694,13,13,0.23339253895807766,0.06673384994223588,1,DV-YD
2025-08-22 00:00:00+00:00,0.1526560107428714,0.05550718511692801,13,13,0.23339253895807766,0.06682140762642376,0,DV-DD
2025-08-23 00:00:00+00:00,0.133067137152939,0.06403606885593306,13,13,0.2330810204653771,0.06682140762642376,0,DV-DD
2025-08-24 00:00:00+00:00,0.13096090039685132,0.05424257205147931,13,13,0.2330810204653771,0.06682140762642376,0,DV-DD
2025-08-25 00:00:00+00:00,0.1892082347611617,0.04095685742073594,13,13,0.2330810204653771,0.06682140762642376,0,DV-DD
2025-08-26 00:00:00+00:00,0.1085773273273273,0.03982299075591942,13,13,0.23302021064617134,0.06673384994223588,0,DV-DD
2025-08-27 00:00:00+00:00,0.1156111441995898,0.03580143057919037,13,13,0.23249884098284654,0.0663800944508455,0,DV-DD
2025-08-28 00:00:00+00:00,0.18251964085297406,0.04770633858654229,13,13,0.23249884098284654,0.06620091002447033,0,DV-DD
2025-08-29 00:00:00+00:00,0.10672882544659427,0.04657829292573487,13,13,0.23249884098284654,0.06620091002447033,0,DV-DD
2025-08-30 00:00:00+00:00,0.1252777441118248,0.05853295469754433,13,13,0.23249884098284654,0.06620091002447033,0,DV-DD
2025-08-31 00:00:00+00:00,0.11465980473775851,0.051585394472878916,13,13,0.23249884098284654,0.06620091002447033,0,DV-DD
2025-09-01 00:00:00+00:00,0.1594623491675578,0.04671589763291873,13,13,0.23249884098284654,0.06620091002447033,0,DV-DD
2025-09-02 00:00:00+00:00,0.12463165193274388,0.030968701870376616,13,13,0.23249884098284654,0.06596339378293764,0,DV-DD
2025-09-03 00:00:00+00:00,0.061844055736733024,0.03435223749815863,13,13,0.23249884098284654,0.06584985684871077,0,DV-DD
2025-09-04 00:00:00+00:00,0.1002431269870958,0.028967314897223286,13,13,0.23249884098284654,0.06584985684871077,0,DV-DD
2025-09-05 00:00:00+00:00,0.07404897164475205,0.025996821250047167,13,13,0.23249884098284654,0.06584985684871077,0,DV-DD
2025-09-06 00:00:00+00:00,0.30801687763713137,0.03043186451278053,13,13,0.23249884098284654,0.06584985684871077,2,YV-DD
2025-09-07 00:00:00+00:00,0.3018273471959675,0.03010561992016449,13,13,0.23249884098284654,0.06584985684871077,2,YV-DD
2025-09-08 00:00:00+00:00,0.17895490336435224,0.033164954907422606,13,13,0.23249884098284654,0.06584985684871077,0,DV-DD
2025-09-09 00:00:00+00:00,0.20707506471095752,0.05143763006174483,13,13,0.23147928994082864,0.06584985684871077,0,DV-DD
2025-09-10 00:00:00+00:00,0.15181049904385926,0.042891510429116056,13,13,0.2285251215559156,0.065136200690904,0,DV-DD
2025-09-11 00:00:00+00:00,0.25151883353584487,0.05402351484811797,13,13,0.22846048903347665,0.06482814131681595,2,YV-DD
2025-09-12 00:00:00+00:00,0.19821328866554955,0.07140160672739757,13,13,0.2285251215559156,0.06482814131681595,1,DV-YD
2025-09-13 00:00:00+00:00,0.48724832214765124,0.06053016735123643,13,13,0.2285251215559156,0.065136200690904,2,YV-DD
2025-09-14 00:00:00+00:00,0.4953764861294586,0.08154842115617525,13,13,0.23147928994082864,0.06482814131681595,3,YV-YD
2025-09-15 00:00:00+00:00,0.4274905422446407,0.061746102306504486,13,13,0.23249884098284654,0.065136200690904,2,YV-DD
2025-09-16 00:00:00+00:00,0.3541790160047427,0.06512910610685775,13,13,0.23302021064617134,0.065136200690904,2,YV-DD
2025-09-17 00:00:00+00:00,0.32689987937273823,0.055464516455441586,13,13,0.2330810204653771,0.065136200690904,2,YV-DD
2025-09-18 00:00:00+00:00,0.38882803943044913,0.054642183654541626,13,13,0.23339253895807766,0.065136200690904,2,YV-DD
2025-09-19 00:00:00+00:00,0.5383614026523472,0.05394973794669995,13,13,0.23839208942390383,0.06512910610685775,2,YV-DD
2025-09-20 00:00:00+00:00,0.3618290258449305,0.06599237888165925,13,13,0.24157023979466624,0.06482814131681595,3,YV-YD
2025-09-21 00:00:00+00:00,0.3898650946604693,0.0682442773183786,13,13,0.24157023979466624,0.06482814131681595,3,YV-YD
2025-09-22 00:00:00+00:00,0.25537183481108694,0.0692639604473348,13,13,0.24157023979466624,0.06482814131681595,3,YV-YD
2025-09-23 00:00:00+00:00,0.1615256692237539,0.07781131177715316,13,13,0.24157023979466624,0.06482814131681595,1,DV-YD
2025-09-24 00:00:00+00:00,0.1909133343706241,0.080461331662101,13,13,0.23839208942390383,0.06482814131681595,1,DV-YD
2025-09-25 00:00:00+00:00,0.22455805064500672,0.08222680963704672,13,13,0.23339253895807766,0.06482814131681595,1,DV-YD
2025-09-26 00:00:00+00:00,0.35651756805372414,0.08565496981809731,13,13,0.2330810204653771,0.06482814131681595,3,YV-YD
2025-09-27 00:00:00+00:00,0.34688995215310975,0.0688194841057327,13,13,0.2330810204653771,0.06482814131681595,3,YV-YD
2025-09-28 00:00:00+00:00,0.3879754601226992,0.07482151251117179,13,13,0.2330810204653771,0.06512910610685775,3,YV-YD
2025-09-29 00:00:00+00:00,0.23852385238523813,0.0594330655202957,13,13,0.2330810204653771,0.065136200690904,2,YV-DD
2025-09-30 00:00:00+00:00,0.1841851494696238,0.045183819143589404,13,13,0.2330810204653771,0.065136200690904,0,DV-DD
2025-10-01 00:00:00+00:00,0.2454361054766732,0.04021654261810582,13,13,0.23302021064617134,0.065136200690904,2,YV-DD
2025-10-02 00:00:00+00:00,0.1658094538329656,0.06025628928221451,13,13,0.23302021064617134,0.065136200690904,0,DV-DD
2025-10-03 00:00:00+00:00,0.15135253436050042,0.0354013195673652,13,13,0.23302021064617134,0.065136200690904,0,DV-DD
2025-10-04 00:00:00+00:00,0.08759635599159077,0.036624882975416974,13,13,0.23302021064617134,0.065136200690904,0,DV-DD
2025-10-05 00:00:00+00:00,0.16567372290531104,0.035667232787901154,13,13,0.23302021064617134,0.065136200690904,0,DV-DD
2025-10-06 00:00:00+00:00,0.12133891213389111,0.043822476508670744,13,13,0.23302021064617134,0.065136200690904,0,DV-DD
2025-10-07 00:00:00+00:00,0.2343032159264928,0.05131054128755557,13,13,0.23302021064617134,0.065136200690904,2,YV-DD
2025-10-08 00:00:00+00:00,0.08193965879485667,0.08762197415774836,13,13,0.2330810204653771,0.065136200690904,1,DV-YD
2025-10-09 00:00:00+00:00,0.12645696171665463,0.08078782655072798,13,13,0.2330810204653771,0.065136200690904,1,DV-YD
2025-10-10 00:00:00+00:00,0.20588563147921102,0.05945711638089833,13,13,0.2330810204653771,0.06584985684871077,0,DV-DD
2025-10-11 00:00:00+00:00,0.2512690355329949,0.10668111966333016,13,13,0.2330810204653771,0.06584985684871077,3,YV-YD
2025-10-12 00:00:00+00:00,0.2759352452555626,0.1199828494100846,13,13,0.2330810204653771,0.06596339378293764,3,YV-YD
2025-10-13 00:00:00+00:00,0.2042628774422737,0.1152279530879996,13,13,0.2330810204653771,0.06599237888165925,1,DV-YD
2025-10-14 00:00:00+00:00,0.1295900792283845,0.09657471055077806,13,13,0.23302021064617134,0.06599237888165925,1,DV-YD
2025-10-15 00:00:00+00:00,0.14880766427158162,0.08149634161129826,13,13,0.23249884098284654,0.06599237888165925,1,DV-YD
2025-10-16 00:00:00+00:00,0.2870056497175142,0.08405452293825022,13,13,0.23249884098284654,0.06620091002447033,3,YV-YD
2025-10-17 00:00:00+00:00,0.4109688600659695,0.08830519968608422,13,13,0.23249884098284654,0.0663800944508455,3,YV-YD
2025-10-18 00:00:00+00:00,0.4437891632878733,0.03436039256126329,13,13,0.23249884098284654,0.06673384994223588,2,YV-DD
2025-10-19 00:00:00+00:00,0.39049429657794665,0.03524250729517616,13,13,0.23249884098284654,0.06673384994223588,2,YV-DD
2025-10-20 00:00:00+00:00,0.3391111930665685,0.03982491089378473,13,13,0.23249884098284654,0.06673384994223588,2,YV-DD
2025-10-21 00:00:00+00:00,0.3934382704342877,0.05205148205687162,13,13,0.23249884098284654,0.0663800944508455,2,YV-DD
2025-10-22 00:00:00+00:00,0.36284314116100236,0.05048354274814122,13,13,0.23249884098284654,0.06620091002447033,2,YV-DD
2025-10-23 00:00:00+00:00,0.4433456942727648,0.05219244367865598,13,13,0.23302021064617134,0.06599237888165925,2,YV-DD
2025-10-24 00:00:00+00:00,0.35395189003436406,0.05137852219679284,13,13,0.2330810204653771,0.06596339378293764,2,YV-DD
2025-10-25 00:00:00+00:00,0.07005474353925874,0.040035686804519584,13,13,0.23339253895807766,0.06596339378293764,0,DV-DD
2025-10-26 00:00:00+00:00,0.07999999999999996,0.03656600832015466,13,13,0.23339253895807766,0.06596339378293764,0,DV-DD
2025-10-27 00:00:00+00:00,0.08149568552253111,0.03301217150307257,13,13,0.2330810204653771,0.06584985684871077,0,DV-DD
2025-10-28 00:00:00+00:00,0.24043715846994543,0.04212794693054402,13,13,0.23302021064617134,0.06584985684871077,2,YV-DD
2025-10-29 00:00:00+00:00,0.21468926553672335,0.034990709197769886,13,13,0.2330810204653771,0.065136200690904,0,DV-DD
2025-10-30 00:00:00+00:00,0.12657091561938966,0.021325996923042594,13,13,0.23302021064617134,0.06512910610685775,0,DV-DD
2025-10-31 00:00:00+00:00,0.129742388758782,0.029211796663095993,13,13,0.23302021064617134,0.06482814131681595,0,DV-DD
2025-11-01 00:00:00+00:00,0.08316961362147979,0.04006194984733395,13,13,0.23302021064617134,0.0646827237693414,0,DV-DD
2025-11-02 00:00:00+00:00,0.09695038689121527,0.03779229040449234,13,13,0.23302021064617134,0.06445789119586902,0,DV-DD
2025-11-03 00:00:00+00:00,0.14510939510939508,0.05160419274782479,13,13,0.23302021064617134,0.06428192772787163,0,DV-DD
2025-11-04 00:00:00+00:00,0.3455324760962742,0.061846081806159706,13,13,0.23302021064617134,0.06422990819126653,2,YV-DD
2025-11-05 00:00:00+00:00,0.3903184713375797,0.05986628445584477,13,13,0.23302021064617134,0.06403606885593306,2,YV-DD
2025-11-06 00:00:00+00:00,0.26471324818432285,0.06448141041527729,13,13,0.23302021064617134,0.06403606885593306,3,YV-YD
2025-11-07 00:00:00+00:00,0.3329310939270055,0.0596055289194862,13,13,0.2330810204653771,0.06422990819126653,2,YV-DD
2025-11-08 00:00:00+00:00,0.26994906621392184,0.10782972000389605,13,13,0.23339253895807766,0.06422990819126653,3,YV-YD
2025-11-09 00:00:00+00:00,0.30298782736997415,0.11977941403444109,13,13,0.2343032159264928,0.06428192772787163,3,YV-YD
2025-11-10 00:00:00+00:00,0.34769230769230763,0.12184293480948549,13,13,0.2343032159264928,0.06445789119586902,3,YV-YD
2025-11-11 00:00:00+00:00,0.261375661375661,0.102373438001652,13,13,0.2343032159264928,0.06445789119586902,3,YV-YD
2025-11-12 00:00:00+00:00,0.2989621694007361,0.08670439793047553,13,13,0.2343032159264928,0.06445789119586902,3,YV-YD
2025-11-13 00:00:00+00:00,0.3102766798418971,0.08217222526522826,13,13,0.2343032159264928,0.06445789119586902,3,YV-YD
2025-11-14 00:00:00+00:00,0.2608040783223266,0.06721288367541838,13,13,0.2343032159264928,0.06445789119586902,3,YV-YD
2025-11-15 00:00:00+00:00,0.38425355582932025,0.05039705645210447,13,13,0.2343032159264928,0.06445789119586902,2,YV-DD
2025-11-16 00:00:00+00:00,0.35707285200914735,0.05196038362390118,13,13,0.2343032159264928,0.06428192772787163,2,YV-DD
2025-11-17 00:00:00+00:00,0.39971357503580307,0.06570910651131387,13,13,0.2343032159264928,0.06422990819126653,3,YV-YD
2025-11-18 00:00:00+00:00,0.30299317346402943,0.05997950892984829,13,13,0.2343032159264928,0.06422990819126653,2,YV-DD
2025-11-19 00:00:00+00:00,0.17098825831702522,0.050807184587908914,13,13,0.2343032159264928,0.06403606885593306,0,DV-DD
2025-11-20 00:00:00+00:00,0.29473148383812664,0.0494012114047451,13,13,0.23339253895807766,0.06343311666654863,2,YV-DD
2025-11-21 00:00:00+00:00,0.29500063605139265,0.04610197721694937,13,13,0.23339253895807766,0.06328946725262487,2,YV-DD
2025-11-22 00:00:00+00:00,0.5280963302752293,0.05413391195649415,13,13,0.23339253895807766,0.06320902048133652,2,YV-DD
2025-11-23 00:00:00+00:00,0.5249173223856771,0.07337387300184192,13,13,0.23339253895807766,0.06316365650673211,3,YV-YD
2025-11-24 00:00:00+00:00,0.5839848377161808,0.0691803479667897,13,13,0.23339253895807766,0.06316365650673211,3,YV-YD
2025-11-25 00:00:00+00:00,0.5058893693156404,0.057390864717693266,13,13,0.23339253895807766,0.06316365650673211,2,YV-DD
2025-11-26 00:00:00+00:00,0.40190406059330974,0.05624013623558119,13,13,0.23339253895807766,0.06267013751924906,2,YV-DD
2025-11-27 00:00:00+00:00,0.2975656630365151,0.0762142465721074,13,13,0.2343032159264928,0.06255370222158133,3,YV-YD
2025-11-28 00:00:00+00:00,0.22009830693610075,0.04738414937529364,13,13,0.23839208942390383,0.06255370222158133,0,DV-DD
2025-11-29 00:00:00+00:00,0.12689678172419555,0.033119623305544355,13,13,0.2343032159264928,0.06245356713689168,0,DV-DD
2025-11-30 00:00:00+00:00,0.24136487335147597,0.044414407145905235,13,13,0.23339253895807766,0.061987705226564736,2,YV-DD
2025-12-01 00:00:00+00:00,0.2073854269699964,0.04633605670298986,13,13,0.23339253895807766,0.06196520455613801,0,DV-DD
2025-12-02 00:00:00+00:00,0.26376096759690026,0.04244168423348851,13,13,0.2330810204653771,0.06190163717954242,2,YV-DD
2025-12-03 00:00:00+00:00,0.1186453245344924,0.0475909588611171,13,13,0.2330810204653771,0.061846081806159706,0,DV-DD
2025-12-04 00:00:00+00:00,0.07892720306513394,0.04491057706846973,13,13,0.23302021064617134,0.061746102306504486,0,DV-DD
2025-12-05 00:00:00+00:00,0.1088636363636366,0.04243377175440838,13,13,0.23249884098284654,0.06173573106221766,0,DV-DD
2025-12-06 00:00:00+00:00,0.1121114683815649,0.04721923114028479,13,13,0.23147928994082864,0.061463798927783496,0,DV-DD
2025-12-07 00:00:00+00:00,0.15348837209302318,0.04755037062295053,13,13,0.2285251215559156,0.06097841328040572,0,DV-DD
2025-12-08 00:00:00+00:00,0.14049586776859507,0.03801596991471379,13,13,0.22846048903347665,0.06079431303481628,0,DV-DD
2025-12-09 00:00:00+00:00,0.12790697674418605,0.04700625896085351,13,13,0.22518382352941166,0.060741104520204654,0,DV-DD
2025-12-10 00:00:00+00:00,0.14375655823714567,0.03645901700124459,13,13,0.22455805064500672,0.06061777414376433,0,DV-DD
2025-12-11 00:00:00+00:00,0.10755851131858293,0.031073672595451674,13,13,0.22455805064500672,0.06053016735123643,0,DV-DD
2025-12-12 00:00:00+00:00,0.08419441255262104,0.029013020020243287,13,13,0.22455805064500672,0.06053016735123643,0,DV-DD
2025-12-13 00:00:00+00:00,0.04449103191241558,0.01795361844490732,13,13,0.22455805064500672,0.06041550338548679,0,DV-DD
2025-12-14 00:00:00+00:00,0.10645512898147026,0.015360098426734834,13,13,0.22455805064500672,0.06038310146309415,0,DV-DD
2025-12-15 00:00:00+00:00,0.0690576115986265,0.020885794379172932,13,13,0.22455805064500672,0.06026751356117632,0,DV-DD
2025-12-16 00:00:00+00:00,0.09262575288946759,0.027731014952647317,13,13,0.22455805064500672,0.06025628928221451,0,DV-DD
2025-12-17 00:00:00+00:00,0.18915550015581215,0.05605024697683779,13,13,0.22455805064500672,0.06009588691721353,0,DV-DD
2025-12-18 00:00:00+00:00,0.4562536699941284,0.050860100929803094,13,13,0.22455805064500672,0.05997950892984829,2,YV-DD
2025-12-19 00:00:00+00:00,0.45010830324909723,0.05013345660224328,13,13,0.22518382352941166,0.05986628445584477,2,YV-DD
2025-12-20 00:00:00+00:00,0.15673799884326214,0.03199457834829017,13,13,0.22846048903347665,0.05985022237760713,0,DV-DD
2025-12-21 00:00:00+00:00,0.17791411042944752,0.04332704398489569,13,13,0.22518382352941166,0.0596055289194862,0,DV-DD
2025-12-22 00:00:00+00:00,0.20567855332093948,0.03828984516910429,13,13,0.22455805064500672,0.059466227997602344,0,DV-DD
2025-12-23 00:00:00+00:00,0.23095380923815262,0.041186132179411424,13,13,0.22009830693610075,0.05945711638089833,2,YV-DD
2025-12-24 00:00:00+00:00,0.4487212016644681,0.03910341666581051,13,13,0.22009830693610075,0.0594330655202957,2,YV-DD
2025-12-25 00:00:00+00:00,0.42586644125105694,0.020370461226439453,13,13,0.22455805064500672,0.05930877000353325,2,YV-DD
2025-12-26 00:00:00+00:00,0.4139775668679899,0.0203760566360546,13,13,0.22518382352941166,0.05930877000353325,2,YV-DD
2025-12-27 00:00:00+00:00,0.3053855569155446,0.02687194130031868,13,13,0.22518382352941166,0.05930877000353325,2,YV-DD
2025-12-28 00:00:00+00:00,0.26604142116902635,0.02908583915224002,13,13,0.22518382352941166,0.05930877000353325,2,YV-DD
2025-12-29 00:00:00+00:00,0.19434628975265,0.027746338332184064,13,13,0.22518382352941166,0.05930877000353325,0,DV-DD
2025-12-30 00:00:00+00:00,0.10626825432487103,0.02239669709473021,13,13,0.22455805064500672,0.05930877000353325,0,DV-DD
2025-12-31 00:00:00+00:00,0.12969924812030026,0.022222324729518086,13,13,0.22009830693610075,0.05930877000353325,0,DV-DD
2026-01-01 00:00:00+00:00,0.13321492007104746,0.03844473121458154,13,13,0.2178625623238671,0.05930877000353325,0,DV-DD
2026-01-02 00:00:00+00:00,0.25542706431324774,0.036517323470821456,13,13,0.2177924217462932,0.05853486047787577,2,YV-DD
2026-01-03 00:00:00+00:00,0.25380710659898387,0.042027713568284546,13,13,0.2178625623238671,0.05853486047787577,2,YV-DD
2026-01-04 00:00:00+00:00,0.26109350694244243,0.04964648420859718,13,13,0.22009830693610075,0.05853486047787577,2,YV-DD
2026-01-05 00:00:00+00:00,0.3400037057624608,0.07169301653750408,13,13,0.22455805064500672,0.05853295469754433,3,YV-YD
2026-01-06 00:00:00+00:00,0.45348837209302284,0.08994137953058721,13,13,0.22455805064500672,0.05853295469754433,3,YV-YD
2026-01-07 00:00:00+00:00,0.5739247311827952,0.09053690617478934,13,13,0.22455805064500672,0.05853295469754433,3,YV-YD
2026-01-08 00:00:00+00:00,0.36102484472049706,0.08639870086676216,13,13,0.22455805064500672,0.05853295469754433,3,YV-YD
2026-01-09 00:00:00+00:00,0.3389336133473343,0.07289991488315621,13,13,0.22518382352941166,0.05853295469754433,3,YV-YD
2026-01-10 00:00:00+00:00,0.3141891891891893,0.04661981671887132,13,13,0.22846048903347665,0.05853295469754433,2,YV-DD
2026-01-11 00:00:00+00:00,0.25580846797971474,0.03227040964120663,13,13,0.2285251215559156,0.05842759482402388,2,YV-DD
2026-01-12 00:00:00+00:00,0.25524981897175986,0.03653717540726913,13,13,0.23095380923815262,0.0580783647087957,2,YV-DD
2026-01-13 00:00:00+00:00,0.29726918075422626,0.04160204410339943,13,13,0.23147928994082864,0.05806249103064406,2,YV-DD
2026-01-14 00:00:00+00:00,0.446538303973781,0.024666225531550342,13,13,0.23249884098284654,0.05791136503479383,2,YV-DD
2026-01-15 00:00:00+00:00,0.4692971639950686,0.02462225381637777,13,13,0.23302021064617134,0.0578887807593084,2,YV-DD
2026-01-16 00:00:00+00:00,0.29545713309803034,0.028670976534315214,13,13,0.2330810204653771,0.05778044751700635,2,YV-DD
2026-01-17 00:00:00+00:00,0.13273809523809585,0.03092140445902749,13,13,0.23339253895807766,0.057390864717693266,0,DV-DD
2026-01-18 00:00:00+00:00,0.11461067366579149,0.028774629274556107,13,13,0.23339253895807766,0.05679608599527343,0,DV-DD
2026-01-19 00:00:00+00:00,0.16722185209860058,0.04698078995791054,13,13,0.23339253895807766,0.056518098052188714,0,DV-DD
2026-01-20 00:00:00+00:00,0.3569946035699457,0.05062414010135862,13,13,0.23339253895807766,0.05640177710935245,2,YV-DD
2026-01-21 00:00:00+00:00,0.4604786076867295,0.07783073025983078,13,13,0.23339253895807766,0.05624013623558119,3,YV-YD
2026-01-22 00:00:00+00:00,0.2732512444328004,0.05676281140693552,13,13,0.23339253895807766,0.05624013623558119,3,YV-YD
2026-01-23 00:00:00+00:00,0.25610083132207023,0.05025127269272941,13,13,0.2343032159264928,0.05624013623558119,2,YV-DD
2026-01-24 00:00:00+00:00,0.2792022792022793,0.050947795652137355,13,13,0.23839208942390383,0.05605024697683779,2,YV-DD
2026-01-25 00:00:00+00:00,0.2645348837209301,0.043999483961036236,13,13,0.23852385238523813,0.055578996228391075,2,YV-DD
2026-01-26 00:00:00+00:00,0.3784389647442423,0.04102808181441986,13,13,0.24043715846994543,0.05550718511692801,2,YV-DD
2026-01-27 00:00:00+00:00,0.27612903225806473,0.016276997927240463,13,13,0.24136487335147597,0.05547704148711533,2,YV-DD
2026-01-28 00:00:00+00:00,0.49056038357806414,0.020885098332611277,13,13,0.2454361054766732,0.05547704148711533,2,YV-DD
2026-01-29 00:00:00+00:00,0.4832826747720366,0.025696523577437295,13,13,0.24741682752356084,0.05547704148711533,2,YV-DD
2026-01-30 00:00:00+00:00,0.5039393055150277,0.02757689391859313,13,13,0.24858209987550153,0.055464516455441586,2,YV-DD
2026-01-31 00:00:00+00:00,0.5473273942093544,0.03148867653961032,13,13,0.24858209987550153,0.05524067975658561,2,YV-DD
2026-02-01 00:00:00+00:00,0.6273064888732934,0.03870979140338133,13,13,0.2512690355329949,0.05524067975658561,2,YV-DD
2026-02-02 00:00:00+00:00,0.6148445336008023,0.0369285756496136,13,13,0.2512690355329949,0.05524067975658561,2,YV-DD
2026-02-03 00:00:00+00:00,0.523795912533943,0.03771583567664275,13,13,0.2512690355329949,0.05524067975658561,2,YV-DD
2026-02-04 00:00:00+00:00,0.4823675625291284,0.045719096552979066,13,13,0.2512690355329949,0.054724999828616235,2,YV-DD
2026-02-05 00:00:00+00:00,0.6074735987002439,0.0459072338209623,13,13,0.2512690355329949,0.054642183654541626,2,YV-DD
2026-02-06 00:00:00+00:00,0.6905566423617283,0.057016600754791286,13,13,0.2512690355329949,0.05456539524963786,3,YV-YD
2026-02-07 00:00:00+00:00,0.46103738448107523,0.05703777315421951,13,13,0.2512690355329949,0.05456539524963786,3,YV-YD
2026-02-08 00:00:00+00:00,0.45266760290688923,0.04451464553078449,13,13,0.2512690355329949,0.05456539524963786,2,YV-DD
2026-02-09 00:00:00+00:00,0.39867259064231264,0.03744135554555562,13,13,0.2512690355329949,0.05453593850374118,2,YV-DD
2026-02-10 00:00:00+00:00,0.4778889288156811,0.03825877758871145,13,13,0.2512690355329949,0.05424257205147931,2,YV-DD
2026-02-11 00:00:00+00:00,0.5857073595298874,0.03588827883863352,13,13,0.2512690355329949,0.05424257205147931,2,YV-DD
2026-02-12 00:00:00+00:00,0.5882622650160476,0.03658154047675406,13,13,0.2512690355329949,0.05424257205147931,2,YV-DD
2026-02-13 00:00:00+00:00,0.4749780509218614,0.034527160174931654,13,13,0.2512690355329949,0.05413391195649415,2,YV-DD
2026-02-14 00:00:00+00:00,0.37159722758514163,0.019457383643913275,13,13,0.2512690355329949,0.05411153204119855,2,YV-DD
2026-02-15 00:00:00+00:00,0.16414342629482084,0.054792075224048935,13,13,0.2512690355329949,0.05411153204119855,1,DV-YD
2026-02-16 00:00:00+00:00,0.1277586555982993,0.04032180608031237,13,13,0.24858209987550153,0.05413391195649415,0,DV-DD
2026-02-17 00:00:00+00:00,0.18672023683654035,0.04723650324295574,13,13,0.24741682752356084,0.05411153204119855,0,DV-DD
2026-02-18 00:00:00+00:00,0.1700474751834269,0.04716288994976038,13,13,0.24741682752356084,0.05402351484811797,0,DV-DD
2026-02-19 00:00:00+00:00,0.17389294293613758,0.034466343044082054,13,13,0.2454361054766732,0.05394973794669995,0,DV-DD
2026-02-20 00:00:00+00:00,0.15481213964392085,0.02375847587676049,13,13,0.2454361054766732,0.05354622795236673,0,DV-DD
2026-02-21 00:00:00+00:00,0.0915828480677606,0.02370722408999149,13,13,0.2454361054766732,0.05263923600390081,0,DV-DD
2026-02-22 00:00:00+00:00,0.06011500261369583,0.03981529068487877,13,13,0.2454361054766732,0.05229533809348607,0,DV-DD
2026-02-23 00:00:00+00:00,0.07215743440233251,0.023799998433539055,13,13,0.2454361054766732,0.052278678038950095,0,DV-DD
2026-02-24 00:00:00+00:00,0.1877828054298644,0.025387666945100668,13,13,0.2454361054766732,0.05219244367865598,0,DV-DD
2026-02-25 00:00:00+00:00,0.12804878048780485,0.03912549810767788,13,13,0.2454361054766732,0.05216413155632972,0,DV-DD
2026-02-26 00:00:00+00:00,0.21402660217654168,0.037282460694148846,13,13,0.24136487335147597,0.05205148205687162,0,DV-DD
2026-02-27 00:00:00+00:00,0.11026857988902579,0.03687210828714459,13,13,0.24136487335147597,0.05205148205687162,0,DV-DD
2026-02-28 00:00:00+00:00,0.06578947368421048,0.03325286437964091,13,13,0.24043715846994543,0.05196038362390118,0,DV-DD
2026-03-01 00:00:00+00:00,0.1474184782608696,0.049045713957176766,13,13,0.23852385238523813,0.05160419274782479,0,DV-DD
2026-03-02 00:00:00+00:00,0.09331131296449217,0.05137044518754387,13,13,0.23839208942390383,0.051585394472878916,0,DV-DD
2026-03-03 00:00:00+00:00,0.07033144704931275,0.07731024385785512,13,13,0.2343032159264928,0.05143763006174483,1,DV-YD
2026-03-04 00:00:00+00:00,0.09535160905840288,0.08647374099004601,13,13,0.2343032159264928,0.05143763006174483,1,DV-YD
2026-03-05 00:00:00+00:00,0.18469135802469125,0.04567199983873489,13,13,0.2343032159264928,0.05143763006174483,0,DV-DD
2026-03-06 00:00:00+00:00,0.1447567240858267,0.04579851626100454,13,13,0.2343032159264928,0.05137852219679284,0,DV-DD
2026-03-07 00:00:00+00:00,0.0380570856284425,0.04374722541210069,13,13,0.2343032159264928,0.05137044518754387,0,DV-DD
2026-03-08 00:00:00+00:00,0.07186147186147168,0.03574989213685031,13,13,0.2343032159264928,0.05131054128755557,0,DV-DD
2026-03-09 00:00:00+00:00,0.06313828085298616,0.03447822763071834,13,13,0.2343032159264928,0.050968762870980226,0,DV-DD
2026-03-10 00:00:00+00:00,0.1481907323845885,0.04878501042994883,13,13,0.23095380923815262,0.050947795652137355,0,DV-DD
2026-03-11 00:00:00+00:00,0.1921491903592391,0.04275538096881065,13,13,0.2285251215559156,0.050860100929803094,0,DV-DD
2026-03-12 00:00:00+00:00,0.09399951817180621,0.03034630148512733,13,13,0.22846048903347665,0.050807184587908914,0,DV-DD
2026-03-13 00:00:00+00:00,0.1314780436178155,0.028183517546940165,13,13,0.22518382352941166,0.05062414010135862,0,DV-DD
2026-03-14 00:00:00+00:00,0.23847654244944033,0.022689596533766575,13,13,0.22518382352941166,0.05048354274814122,2,YV-DD
2026-03-15 00:00:00+00:00,0.20121070437526156,0.02463064384225461,13,13,0.22846048903347665,0.05039705645210447,0,DV-DD
2026-03-16 00:00:00+00:00,0.327956136997287,0.024752869004352692,13,13,0.22846048903347665,0.050360063834036524,2,YV-DD
2026-03-17 00:00:00+00:00,0.3366266760762177,0.036650378289198524,13,13,0.2285251215559156,0.05025127269272941,2,YV-DD
2026-03-18 00:00:00+00:00,0.3021664766248572,0.0408385417456094,13,13,0.2285251215559156,0.05013345660224328,2,YV-DD
2026-03-19 00:00:00+00:00,0.07449850774206233,0.02854987339967253,13,13,0.23095380923815262,0.049994868371728084,0,DV-DD
2026-03-20 00:00:00+00:00,0.05014504765851635,0.028359055798384807,13,13,0.23095380923815262,0.049994868371728084,0,DV-DD
2026-03-21 00:00:00+00:00,0.14905149051490507,0.02099550604589312,13,13,0.23095380923815262,0.049994868371728084,0,DV-DD
2026-03-22 00:00:00+00:00,0.09592979620114346,0.037812531468303,13,13,0.23095380923815262,0.049994868371728084,0,DV-DD
2026-03-23 00:00:00+00:00,0.06867233485938529,0.026015622952079473,13,13,0.23095380923815262,0.049994868371728084,0,DV-DD
2026-03-24 00:00:00+00:00,0.09651669085631376,0.026246810253512644,13,13,0.23095380923815262,0.049994868371728084,0,DV-DD
2026-03-25 00:00:00+00:00,0.041292639138240446,0.022118727610283596,13,13,0.23095380923815262,0.049994868371728084,0,DV-DD
2026-03-26 00:00:00+00:00,0.07001044932079407,0.027490672642178002,13,13,0.2285251215559156,0.049994868371728084,0,DV-DD
2026-03-27 00:00:00+00:00,0.08742825325624874,0.02078525495898127,13,13,0.22846048903347665,0.04964648420859718,0,DV-DD
2026-03-28 00:00:00+00:00,0.21350166463394513,0.04129753222961123,13,13,0.22846048903347665,0.04943814191197599,0,DV-DD
2026-03-29 00:00:00+00:00,0.2303175874032561,0.056464215809381546,13,13,0.22455805064500672,0.0494012114047451,3,YV-YD
2026-03-30 00:00:00+00:00,0.3333333333333333,0.03930923554549438,13,13,0.22846048903347665,0.0494012114047451,2,YV-DD
2026-03-31 00:00:00+00:00,0.49230118954169483,0.029648279007838292,13,13,0.2285251215559156,0.0494012114047451,2,YV-DD
2026-04-01 00:00:00+00:00,0.39014373716632395,0.028888636286922707,13,13,0.2303175874032561,0.0494012114047451,2,YV-DD
2026-04-02 00:00:00+00:00,0.29506314580941523,0.044709209560987624,13,13,0.23095380923815262,0.04922520915534281,2,YV-DD
2026-04-03 00:00:00+00:00,0.3139664804469278,0.041260229774116995,13,13,0.2343032159264928,0.049045713957176766,2,YV-DD
2026-04-04 00:00:00+00:00,0.2971608832807571,0.02605917682991871,13,13,0.2343032159264928,0.04878501042994883,2,YV-DD
2026-04-05 00:00:00+00:00,0.11125745134758831,0.030462814864696788,13,13,0.23847654244944033,0.04817204557692195,0,DV-DD
2026-04-06 00:00:00+00:00,0.11603919546157829,0.027846384544544557,13,13,0.23847654244944033,0.048148062988963077,0,DV-DD
2026-04-07 00:00:00+00:00,0.25740669488264734,0.031105862816235084,13,13,0.23847654244944033,0.0479716786332176,2,YV-DD
2026-04-08 00:00:00+00:00,0.0909761754164032,0.035882433964574335,13,13,0.23847654244944033,0.04783603244853919,0,DV-DD
2026-04-09 00:00:00+00:00,0.18551236749116617,0.039568447685473275,13,13,0.2343032159264928,0.04779584489063039,0,DV-DD
2026-04-10 00:00:00+00:00,0.11355002110595196,0.03877327233084881,13,13,0.23095380923815262,0.04773636627001858,0,DV-DD
2026-04-11 00:00:00+00:00,0.2074159907300116,0.03343743078821237,13,13,0.2303175874032561,0.04770633858654229,0,DV-DD
2026-04-12 00:00:00+00:00,0.21822033898305077,0.03952454713518961,13,13,0.2285251215559156,0.0475909588611171,0,DV-DD
2026-04-13 00:00:00+00:00,0.12446351931330424,0.04380412314009522,13,13,0.2285251215559156,0.04755037062295053,0,DV-DD
2026-04-14 00:00:00+00:00,0.1980235651843411,0.04364043676935932,13,13,0.2285251215559156,0.04738414937529364,0,DV-DD
2026-04-15 00:00:00+00:00,0.08671204498372323,0.04025003526484146,13,13,0.2285251215559156,0.04723650324295574,0,DV-DD
2026-04-16 00:00:00+00:00,0.121679239094785,0.02658700933066186,13,13,0.2285251215559156,0.04721923114028479,0,DV-DD
2026-04-17 00:00:00+00:00,0.3674762407602954,0.038512616187312804,13,13,0.2285251215559156,0.04716288994976038,2,YV-DD
2026-04-18 00:00:00+00:00,0.3260056127221701,0.037154245430539905,13,13,0.2303175874032561,0.04700625896085351,2,YV-DD
2026-04-19 00:00:00+00:00,0.16455696202531614,0.028320062223637876,13,13,0.23095380923815262,0.04698078995791054,0,DV-DD
2026-04-20 00:00:00+00:00,0.10310734463276867,0.030278311981300727,13,13,0.23095380923815262,0.04698078995791054,0,DV-DD
2026-04-21 00:00:00+00:00,0.15891891891891885,0.033072740257196975,13,13,0.23095380923815262,0.04698078995791054,0,DV-DD
2026-04-22 00:00:00+00:00,0.08339483394834006,0.03564851769533432,13,13,0.23095380923815262,0.04698078995791054,0,DV-DD
2026-04-23 00:00:00+00:00,0.13704292527821907,0.03923671207302249,13,13,0.23095380923815262,0.04698078995791054,0,DV-DD
2026-04-24 00:00:00+00:00,0.12901155327342717,0.03570317929170517,13,13,0.2303175874032561,0.04671589763291873,0,DV-DD
2026-04-25 00:00:00+00:00,0.09405537459283395,0.04862561310911348,13,13,0.2285251215559156,0.04661981671887132,1,DV-YD
2026-04-26 00:00:00+00:00,0.04689863842662667,0.05576002296093044,13,13,0.22846048903347665,0.04661981671887132,1,DV-YD
2026-04-27 00:00:00+00:00,0.24559270516717333,0.06278526919010044,13,13,0.22455805064500672,0.04661981671887132,3,YV-YD
2026-04-28 00:00:00+00:00,0.10726258810446658,0.0912232838041485,13,13,0.22455805064500672,0.04661981671887132,1,DV-YD
2026-04-29 00:00:00+00:00,0.06053268765133158,0.08488709475876609,13,13,0.22009830693610075,0.04661981671887132,1,DV-YD
2026-04-30 00:00:00+00:00,0.15683308119011563,0.06798379960017799,13,13,0.21822033898305077,0.04661981671887132,1,DV-YD
2026-05-01 00:00:00+00:00,0.3497942386831276,0.07086739093683117,13,13,0.2178625623238671,0.04661981671887132,3,YV-YD
2026-05-02 00:00:00+00:00,0.3671328671328663,0.0687184362158532,13,13,0.2178625623238671,0.04661981671887132,3,YV-YD
2026-05-03 00:00:00+00:00,0.18421052631578966,0.05719040247737483,13,13,0.2178625623238671,0.04661981671887132,1,DV-YD
2026-05-04 00:00:00+00:00,0.14510894761242468,0.05408981126258055,13,13,0.2175948743223264,0.04661981671887132,1,DV-YD
2026-05-05 00:00:00+00:00,0.1522388059701492,0.041379136247469125,13,13,0.2170900692840646,0.04661981671887132,0,DV-DD
2026-05-06 00:00:00+00:00,0.24183006535947615,0.04409732177243844,13,13,0.2170900692840646,0.04657829292573487,2,YV-DD
2026-05-07 00:00:00+00:00,0.2192846034214617,0.02390890999164197,13,13,0.2175948743223264,0.04633605670298986,2,YV-DD
2026-05-08 00:00:00+00:00,0.1898527004909992,0.03154951463156554,13,13,0.2178625623238671,0.04610197721694937,0,DV-DD
2026-05-09 00:00:00+00:00,0.33072577140373777,0.057755668830485433,13,13,0.2178625623238671,0.04610197721694937,3,YV-YD
2026-05-10 00:00:00+00:00,0.3409350057012548,0.055509712516403346,13,13,0.2178625623238671,0.04610197721694937,3,YV-YD
2026-05-11 00:00:00+00:00,0.35335836462244496,0.09221045456951323,13,13,0.2178625623238671,0.04610197721694937,3,YV-YD
2026-05-12 00:00:00+00:00,0.40319947763630404,0.09201705714961339,13,13,0.2178625623238671,0.04610197721694937,3,YV-YD
2026-05-13 00:00:00+00:00,0.35298761491642844,0.10319686668356373,13,13,0.2178625623238671,0.04610197721694937,3,YV-YD
2026-05-14 00:00:00+00:00,0.3059449009183189,0.0806344110058139,13,13,0.2178625623238671,0.04610197721694937,3,YV-YD
2026-05-15 00:00:00+00:00,0.37087912087912184,0.07020314383699307,13,13,0.2178625623238671,0.04610197721694937,3,YV-YD
2026-05-16 00:00:00+00:00,0.1773495871018487,0.06238113420302788,13,13,0.2178625623238671,0.04610197721694937,1,DV-YD
2026-05-17 00:00:00+00:00,0.15519723581917622,0.06769035533065004,13,13,0.2175948743223264,0.04610197721694937,1,DV-YD
2026-05-18 00:00:00+00:00,0.12255176273083386,0.07625839050307259,13,13,0.2175948743223264,0.04610197721694937,1,DV-YD
2026-05-19 00:00:00+00:00,0.16910569105691128,0.06644897008700584,13,13,0.21468926553672335,0.04610197721694937,1,DV-YD
2026-05-20 00:00:00+00:00,0.17206982543640978,0.0515278193256308,13,13,0.21402660217654168,0.04610197721694937,1,DV-YD
2026-05-21 00:00:00+00:00,0.23359580052493453,0.05787613617929877,13,13,0.21350166463394513,0.04610197721694937,3,YV-YD
2026-05-22 00:00:00+00:00,0.19607361963190165,0.08280462960156698,13,13,0.21350166463394513,0.04633605670298986,1,DV-YD
2026-05-23 00:00:00+00:00,0.3209109730848857,0.10609303499244191,13,13,0.20764505119453927,0.04657829292573487,3,YV-YD
2026-05-24 00:00:00+00:00,0.26985153487348174,0.14337256180198507,13,13,0.21350166463394513,0.04661981671887132,3,YV-YD
2026-05-25 00:00:00+00:00,0.4600570613409412,0.13488116284419432,13,13,0.21402660217654168,0.04671589763291873,3,YV-YD
2026-05-26 00:00:00+00:00,0.4006309148264985,0.15053960341139,13,13,0.21468926553672335,0.04698078995791054,3,YV-YD
2026-05-27 00:00:00+00:00,0.36241610738255015,0.1339609351756796,13,13,0.2175948743223264,0.04700625896085351,3,YV-YD
2026-05-28 00:00:00+00:00,0.4022850270595309,0.12379964486927406,13,13,0.2178625623238671,0.04716288994976038,3,YV-YD
2026-05-29 00:00:00+00:00,0.5215808632345297,0.1026878553617168,13,13,0.21822033898305077,0.04721923114028479,3,YV-YD
2026-05-30 00:00:00+00:00,0.4446477584629466,0.06564614220303917,13,13,0.2192846034214617,0.04721923114028479,3,YV-YD
2026-05-31 00:00:00+00:00,0.3790362642821663,0.05989115771567305,13,13,0.22009830693610075,0.04721923114028479,3,YV-YD
2026-06-01 00:00:00+00:00,0.372804816859007,0.05539979648479002,13,13,0.22009830693610075,0.04721923114028479,3,YV-YD
2026-06-02 00:00:00+00:00,0.28551532033426247,0.06005305089956975,13,13,0.22455805064500672,0.04721923114028479,3,YV-YD
2026-06-03 00:00:00+00:00,0.4950787401574802,0.06657819088800394,13,13,0.22455805064500672,0.04721923114028479,3,YV-YD
2026-06-04 00:00:00+00:00,0.5631399317406142,0.07471408666291644,13,13,0.22846048903347665,0.04721923114028479,3,YV-YD
2026-06-05 00:00:00+00:00,0.6813186813186809,0.054099736132117895,13,13,0.2285251215559156,0.04721923114028479,3,YV-YD
2026-06-06 00:00:00+00:00,0.7163814180929091,0.0675696235635798,13,13,0.2285251215559156,0.04721923114028479,3,YV-YD
2026-06-07 00:00:00+00:00,0.7958532695374794,0.05853539179185455,13,13,0.2285251215559156,0.04721923114028479,3,YV-YD
2026-06-08 00:00:00+00:00,0.5519502934069728,0.06723641957011309,13,13,0.2285251215559156,0.04723650324295574,3,YV-YD
2026-06-09 00:00:00+00:00,0.5472481827622019,0.06386670271932805,13,13,0.2285251215559156,0.04738414937529364,3,YV-YD
2026-06-10 00:00:00+00:00,0.5537359263050159,0.06701372705603867,13,13,0.2285251215559156,0.04755037062295053,3,YV-YD
2026-06-11 00:00:00+00:00,0.5728282168517312,0.08728175152421576,13,13,0.2303175874032561,0.0475909588611171,3,YV-YD
2026-06-12 00:00:00+00:00,0.4106544901065454,0.03920287835155019,13,13,0.23095380923815262,0.04770633858654229,2,YV-DD
2026-06-13 00:00:00+00:00,0.42540824799335714,0.028569990216312905,13,13,0.23359580052493453,0.04770633858654229,2,YV-DD
2026-06-14 00:00:00+00:00,0.39741007194244593,0.03020897017037573,13,13,0.2343032159264928,0.04770633858654229,2,YV-DD
2026-06-15 00:00:00+00:00,0.30309614340032603,0.03425228043385399,13,13,0.23847654244944033,0.04770633858654229,2,YV-DD
2026-06-16 00:00:00+00:00,0.2203997949769347,0.03215743485591206,13,13,0.23852385238523813,0.04770633858654229,0,DV-DD
2026-06-17 00:00:00+00:00,0.08866995073891625,0.030195671032269028,13,13,0.23852385238523813,0.04770633858654229,0,DV-DD
2026-06-18 00:00:00+00:00,0.12700534759358295,0.06345908190848806,13,13,0.23852385238523813,0.0475909588611171,1,DV-YD
2026-06-19 00:00:00+00:00,0.09004226135867985,0.06278145548094151,13,13,0.23852385238523813,0.0475909588611171,1,DV-YD
2026-06-20 00:00:00+00:00,0.15240083507306876,0.05706215627744309,13,13,0.23852385238523813,0.0475909588611171,1,DV-YD
2026-06-21 00:00:00+00:00,0.1845930232558138,0.04986738663493109,13,13,0.23852385238523813,0.04770633858654229,1,DV-YD
2026-06-22 00:00:00+00:00,0.1583184257602863,0.05253407505527554,13,13,0.23852385238523813,0.04783603244853919,1,DV-YD
2026-06-23 00:00:00+00:00,0.11184521000471931,0.04188293626321727,13,13,0.23847654244944033,0.04783603244853919,0,DV-DD
2026-06-24 00:00:00+00:00,0.13578274760383374,0.04841974961220118,13,13,0.2343032159264928,0.04770633858654229,1,DV-YD
2026-06-25 00:00:00+00:00,0.14337733272644487,0.028891576731857115,13,13,0.23359580052493453,0.04783603244853919,0,DV-DD
2026-06-26 00:00:00+00:00,0.30364025695931457,0.06295165931980473,13,13,0.23095380923815262,0.04783603244853919,3,YV-YD
2026-06-27 00:00:00+00:00,0.24219653179190695,0.07714036920507529,13,13,0.23095380923815262,0.04841974961220118,3,YV-YD
2026-06-28 00:00:00+00:00,0.30911292764153797,0.05217210482040139,13,13,0.23095380923815262,0.04862561310911348,3,YV-YD
2026-06-29 00:00:00+00:00,0.4647696476964764,0.051545256380970614,13,13,0.23359580052493453,0.04862561310911348,3,YV-YD
2026-06-30 00:00:00+00:00,0.4850000000000004,0.05276587320810376,13,13,0.2343032159264928,0.04862561310911348,3,YV-YD
2026-07-01 00:00:00+00:00,0.5178504497751113,0.042978862426579806,13,13,0.23847654244944033,0.04862561310911348,2,YV-DD
2026-07-02 00:00:00+00:00,0.3346114098282092,0.055229117156387494,13,13,0.23852385238523813,0.04841974961220118,3,YV-YD
2026-07-03 00:00:00+00:00,0.18237347294938924,0.07264602543460369,13,13,0.24043715846994543,0.04841974961220118,1,DV-YD
2026-07-04 00:00:00+00:00,0.14783526927138343,0.05120956837587214,13,13,0.24043715846994543,0.04841974961220118,1,DV-YD
2026-07-05 00:00:00+00:00,0.20392491467576768,0.06625075995774507,13,13,0.24043715846994543,0.04841974961220118,1,DV-YD
2026-07-06 00:00:00+00:00,0.15924442826517796,0.06595985004084023,13,13,0.24043715846994543,0.04841974961220118,1,DV-YD
2026-07-07 00:00:00+00:00,0.1469085387125235,0.06946919123201736,13,13,0.24043715846994543,0.04862561310911348,1,DV-YD
2026-07-08 00:00:00+00:00,0.11456310679611624,0.06576706033851243,13,13,0.23852385238523813,0.04878501042994883,1,DV-YD
2026-07-09 00:00:00+00:00,0.11053984575835467,0.055186821400259885,13,13,0.23852385238523813,0.049045713957176766,1,DV-YD
2026-07-10 00:00:00+00:00,0.2082745651151858,0.04967475241954747,13,13,0.23852385238523813,0.0494012114047451,1,DV-YD
2026-07-11 00:00:00+00:00,0.2024866785079927,0.04766739334775212,13,13,0.23847654244944033,0.04964648420859718,0,DV-DD
2026-07-12 00:00:00+00:00,0.20923656927426937,0.04661000587016134,13,13,0.2343032159264928,0.04964648420859718,0,DV-DD
2026-07-13 00:00:00+00:00,0.24072110286320256,0.04931916576829036,13,13,0.23359580052493453,0.0494012114047451,2,YV-DD
2026-07-14 00:00:00+00:00,0.13170163170163182,0.049894042732040206,13,13,0.23359580052493453,0.04931916576829036,1,DV-YD
2026-07-15 00:00:00+00:00,0.28297455968688834,0.046206242315950455,13,13,0.23095380923815262,0.04931916576829036,2,YV-DD
2026-07-16 00:00:00+00:00,0.2246268656716417,0.04529666301537399,13,13,0.23095380923815262,0.049045713957176766,0,DV-DD
2026-07-17 00:00:00+00:00,0.15138121546961375,0.039589844448345665,13,13,0.2303175874032561,0.04878501042994883,0,DV-DD
2026-07-18 00:00:00+00:00,0.19999999999999965,0.0349566558524765,13,13,0.2285251215559156,0.04862561310911348,0,DV-DD
2026-07-19 00:00:00+00:00,0.19241268944742546,0.02765345098590814,13,13,0.2246268656716417,0.04841974961220118,0,DV-DD
2026-07-20 00:00:00+00:00,0.2580828133862737,0.018940223288137183,13,13,0.22455805064500672,0.04770633858654229,2,YV-DD
2026-07-21 00:00:00+00:00,0.18863879957127527,0.04739611750562689,13,13,0.22455805064500672,0.04766739334775212,0,DV-DD
2026-07-22 00:00:00+00:00,0.15732009925558343,0.049110289939149725,13,13,0.2203997949769347,0.0475909588611171,1,DV-YD
2026-07-23 00:00:00+00:00,0.19363395225464172,0.03855993950609216,13,13,0.22009830693610075,0.0475909588611171,0,DV-DD
2026-07-24 00:00:00+00:00,0.15280898876404492,0.034405034682704956,13,13,0.2192846034214617,0.04755037062295053,0,DV-DD
2026-07-25 00:00:00+00:00,0.14699473397494106,0.02691639779598175,13,13,0.21822033898305077,0.04739611750562689,0,DV-DD
2026-07-26 00:00:00+00:00,0.10166358595194103,0.03435110913665906,13,13,0.2175948743223264,0.04738414937529364,0,DV-DD
2026-07-27 00:00:00+00:00,0.088888888888889,0.03199307737083297,13,13,0.21468926553672335,0.04723650324295574,0,DV-DD
2026-07-28 00:00:00+00:00,0.08978675645342256,0.0464068240247641,13,13,0.21402660217654168,0.04721923114028479,0,DV-DD
2026-07-29 00:00:00+00:00,0.11527754695030762,0.046317792653139844,13,13,0.21350166463394513,0.04716288994976038,0,DV-DD
2026-07-30 00:00:00+00:00,0.1882408724513988,0.04579859453121772,13,13,0.21350166463394513,0.04700625896085351,0,DV-DD
2026-07-31 00:00:00+00:00,0.11871227364185086,0.05281832663888732,13,13,0.21350166463394513,0.04698078995791054,1,DV-YD
2026-08-01 00:00:00+00:00,0.1273408239700377,0.030429566624065242,13,13,0.21350166463394513,0.04698078995791054,0,DV-DD
2026-08-02 00:00:00+00:00,0.18285714285714275,0.03610378135722193,13,13,0.20923656927426937,0.04698078995791054,0,DV-DD
2026-08-03 00:00:00+00:00,0.10602456117790801,0.05223090457277707,13,13,0.2082745651151858,0.04671589763291873,1,DV-YD
2026-08-04 00:00:00+00:00,0.1653596278783683,0.06291839363605795,13,13,0.2074159907300116,0.04671589763291873,1,DV-YD
2026-08-05 00:00:00+00:00,0.25214787277984335,0.07103083988495311,13,13,0.2073854269699964,0.04671589763291873,3,YV-YD
2026-08-06 00:00:00+00:00,0.2503748125937031,0.05741375582725494,13,13,0.2073854269699964,0.04698078995791054,3,YV-YD
2026-08-07 00:00:00+00:00,0.21597833446174647,0.06000042979940218,13,13,0.2073854269699964,0.04700625896085351,3,YV-YD
2026-08-08 00:00:00+00:00,0.12913596122459053,0.059872544702943356,13,13,0.2074159907300116,0.04716288994976038,1,DV-YD
2026-08-09 00:00:00+00:00,0.12052117263843608,0.04507044097044226,13,13,0.2074159907300116,0.04721923114028479,0,DV-DD
2026-08-10 00:00:00+00:00,0.27723970944309956,0.03695324024578322,13,13,0.2074159907300116,0.04716288994976038,2,YV-DD
2026-08-11 00:00:00+00:00,0.15873015873015864,0.037796788823189646,13,13,0.2082745651151858,0.04700625896085351,0,DV-DD
2026-08-12 00:00:00+00:00,0.18417266187050368,0.04817346693271371,13,13,0.2082745651151858,0.04698078995791054,1,DV-YD
2026-08-13 00:00:00+00:00,0.1584625758597441,0.03393316167910976,13,13,0.2082745651151858,0.04698078995791054,0,DV-DD
2026-08-14 00:00:00+00:00,0.15318416523235803,0.06920434456291968,13,13,0.2082745651151858,0.04671589763291873,1,DV-YD
2026-08-15 00:00:00+00:00,0.09121416919133003,0.06374763100241129,13,13,0.2074159907300116,0.04671589763291873,1,DV-YD
2026-08-16 00:00:00+00:00,0.17460317460317457,0.08550116221687744,13,13,0.2074159907300116,0.04671589763291873,1,DV-YD
2026-08-17 00:00:00+00:00,0.24145299145299168,0.09784656896198096,13,13,0.2074159907300116,0.04671589763291873,3,YV-YD
2026-08-18 00:00:00+00:00,0.29915397631133545,0.08735308195701157,13,13,0.2074159907300116,0.04671589763291873,3,YV-YD
2026-08-19 00:00:00+00:00,0.33547868061142316,0.08132927828519866,13,13,0.2074159907300116,0.04671589763291873,3,YV-YD
2026-08-20 00:00:00+00:00,0.3333333333333339,0.0872090084768067,13,13,0.2082745651151858,0.04671589763291873,3,YV-YD
2026-08-21 00:00:00+00:00,0.596419437340155,0.0567610287960379,13,13,0.20923656927426937,0.04671589763291873,3,YV-YD
2026-08-22 00:00:00+00:00,0.7314228590469848,0.07390240045671069,13,13,0.21350166463394513,0.04671589763291873,3,YV-YD
2026-08-23 00:00:00+00:00,0.6468866885518032,0.07126805252801738,13,13,0.21402660217654168,0.04671589763291873,3,YV-YD
2026-08-24 00:00:00+00:00,0.6634874430991238,0.10011843070143091,13,13,0.21468926553672335,0.04671589763291873,3,YV-YD
2026-08-25 00:00:00+00:00,0.6992389649923895,0.09618185576608565,13,13,0.21597833446174647,0.04671589763291873,3,YV-YD
2026-08-26 00:00:00+00:00,0.4788686605981791,0.09094175772472415,13,13,0.21822033898305077,0.04698078995791054,3,YV-YD
2026-08-27 00:00:00+00:00,0.5540342298288506,0.08773000715802075,13,13,0.2192846034214617,0.04700625896085351,3,YV-YD
2026-08-28 00:00:00+00:00,0.5549048316251828,0.07327036202496807,13,13,0.22009830693610075,0.04716288994976038,3,YV-YD
2026-08-29 00:00:00+00:00,0.47368421052631565,0.06634465696598914,13,13,0.2203997949769347,0.04716288994976038,3,YV-YD
2026-08-30 00:00:00+00:00,0.4209968186638387,0.06523741804393748,13,13,0.22455805064500672,0.04721923114028479,3,YV-YD
2026-08-31 00:00:00+00:00,0.3540824575586098,0.07498247715192531,13,13,0.2246268656716417,0.04721923114028479,3,YV-YD
2026-09-01 00:00:00+00:00,0.3575879396984926,0.04879524703165055,13,13,0.2303175874032561,0.04721923114028479,3,YV-YD
2026-09-02 00:00:00+00:00,0.3347292015633722,0.03811683766950134,13,13,0.23095380923815262,0.04723650324295574,2,YV-DD
2026-09-03 00:00:00+00:00,0.17291289738950624,0.03343430352048583,13,13,0.23359580052493453,0.04723650324295574,0,DV-DD
2026-09-04 00:00:00+00:00,0.22092038915947912,0.036166116469347795,13,13,0.23359580052493453,0.04723650324295574,0,DV-DD
2026-09-05 00:00:00+00:00,0.19402985074626858,0.06057248050279899,13,13,0.23359580052493453,0.04723650324295574,1,DV-YD
2026-09-06 00:00:00+00:00,0.09452129325837184,0.05508090886678337,13,13,0.23359580052493453,0.04738414937529364,1,DV-YD
2026-09-07 00:00:00+00:00,0.17065054554614362,0.07379374848357502,13,13,0.23095380923815262,0.04739611750562689,1,DV-YD
2026-09-08 00:00:00+00:00,0.11142126075831604,0.06256417833593639,13,13,0.2303175874032561,0.04755037062295053,1,DV-YD
2026-09-09 00:00:00+00:00,0.19505094614264895,0.062212387916762764,13,13,0.2303175874032561,0.0475909588611171,1,DV-YD
2026-09-10 00:00:00+00:00,0.06087340097044564,0.0793723850829444,13,13,0.2303175874032561,0.0475909588611171,1,DV-YD
2026-09-11 00:00:00+00:00,0.19210607462226367,0.09788326003725512,13,13,0.2303175874032561,0.04766739334775212,1,DV-YD
2026-09-12 00:00:00+00:00,0.06241395135383224,0.0733318102729375,13,13,0.2246268656716417,0.04766739334775212,1,DV-YD
2026-09-13 00:00:00+00:00,0.07076711674035176,0.09111353781597978,13,13,0.2246268656716417,0.04766739334775212,1,DV-YD
2026-09-14 00:00:00+00:00,0.0829431438127091,0.07434014904569829,13,13,0.22455805064500672,0.04766739334775212,1,DV-YD
2026-09-15 00:00:00+00:00,0.0908711092542303,0.07225549112179484,13,13,0.22092038915947912,0.04766739334775212,1,DV-YD
2026-09-16 00:00:00+00:00,0.08990719257540582,0.05610191132651084,13,13,0.2203997949769347,0.04766739334775212,1,DV-YD
2026-09-17 00:00:00+00:00,0.07278868400981864,0.04030157063686916,13,13,0.22009830693610075,0.04766739334775212,0,DV-DD
2026-09-18 00:00:00+00:00,0.1329113924050634,0.07558808307283964,13,13,0.2192846034214617,0.0475909588611171,1,DV-YD
2026-09-19 00:00:00+00:00,0.16334440753045415,0.11355198672188885,13,13,0.21822033898305077,0.0475909588611171,1,DV-YD
2026-09-20 00:00:00+00:00,0.17114646187602853,0.11759716428466158,13,13,0.21597833446174647,0.0475909588611171,1,DV-YD
2026-09-21 00:00:00+00:00,0.147746243739566,0.166410673297541,13,13,0.21468926553672335,0.0475909588611171,1,DV-YD
2026-09-22 00:00:00+00:00,0.320388349514563,0.14348404408869192,13,13,0.21402660217654168,0.0475909588611171,3,YV-YD
2026-09-23 00:00:00+00:00,0.3570701932858598,0.15490999788734283,13,13,0.21402660217654168,0.0475909588611171,3,YV-YD
2026-09-24 00:00:00+00:00,0.2737526237260702,0.12870502231779932,13,13,0.21468926553672335,0.0475909588611171,3,YV-YD
2026-09-25 00:00:00+00:00,0.39505041246562783,0.10220687756872476,13,13,0.21597833446174647,0.0475909588611171,3,YV-YD
2026-09-26 00:00:00+00:00,0.3972328721453577,0.11860222974398255,13,13,0.21597833446174647,0.0475909588611171,3,YV-YD
2026-09-27 00:00:00+00:00,0.3886976336928212,0.11068061790468689,13,13,0.21597833446174647,0.0475909588611171,3,YV-YD
