day,btc_ret,btc_sigma_hat,btc_sigma_target,btc_w,basket_ret,basket_n,basket_sigma_hat,basket_sigma_target,basket_w
2020-11-01 00:00:00+00:00,,,,,,0,,,
2020-11-02 00:00:00+00:00,-0.016867697631978817,,,,,0,,,
2020-11-03 00:00:00+00:00,0.03472833361681982,,,,,0,,,
2020-11-04 00:00:00+00:00,0.007097064688350807,,,,,0,,,
2020-11-05 00:00:00+00:00,0.10586899439358444,,,,,0,,,
2020-11-06 00:00:00+00:00,-0.0007059065123083963,,,,,0,,,
2020-11-07 00:00:00+00:00,-0.048664894231880695,,,,,0,,,
2020-11-08 00:00:00+00:00,0.04395166734170375,,,,,0,,,
2020-11-09 00:00:00+00:00,-0.009440611441245084,,,,,0,,,
2020-11-10 00:00:00+00:00,-0.002846120202883995,,,,,0,,,
2020-11-11 00:00:00+00:00,0.025275768387286845,,,,,0,,,
2020-11-12 00:00:00+00:00,0.0387444450120038,,,,,0,,,
2020-11-13 00:00:00+00:00,0.0008052420643702707,,,,,0,,,
2020-11-14 00:00:00+00:00,-0.015293431194914442,,,,,0,,,
2020-11-15 00:00:00+00:00,-0.0069546234211756985,,,,,0,,,
2020-11-16 00:00:00+00:00,0.04763519879404576,,,,,0,,,
2020-11-17 00:00:00+00:00,0.057244265381248605,,,,,0,,,
2020-11-18 00:00:00+00:00,0.006101779496659798,,,,,0,,,
2020-11-19 00:00:00+00:00,0.0027280208321591726,,,,,0,,,
2020-11-20 00:00:00+00:00,0.047554271452822316,,,,,0,,,
2020-11-21 00:00:00+00:00,0.0022375806226591077,,,,,0,,,
2020-11-22 00:00:00+00:00,-0.014016565031400918,,,,,0,,,
2020-11-23 00:00:00+00:00,-0.0025358246317079836,,,,,0,,,
2020-11-24 00:00:00+00:00,0.04263067928184916,,,,,0,,,
2020-11-25 00:00:00+00:00,-0.02310403341600309,,,,,0,,,
2020-11-26 00:00:00+00:00,-0.08379476215927306,,,,,0,,,
2020-11-27 00:00:00+00:00,-4.666845562406596e-05,,,,,0,,,
2020-11-28 00:00:00+00:00,0.03362035773040706,,,,,0,,,
2020-11-29 00:00:00+00:00,0.02621107705853465,,,,,0,,,
2020-11-30 00:00:00+00:00,0.083532705243069,,,,,0,,,
2020-12-01 00:00:00+00:00,-0.047612038028719494,,,,-0.06407314159516696,7,,,
2020-12-02 00:00:00+00:00,0.023754323691966395,0.7392030347939901,,,0.029718975942751986,7,,,
2020-12-03 00:00:00+00:00,0.011047135137386421,0.733810478875812,,,0.015788624243013954,7,,,
2020-12-04 00:00:00+00:00,-0.03929807217004455,0.7293303492678943,,,-0.07750203201785844,7,,,
2020-12-05 00:00:00+00:00,0.02630563416516618,0.7507098238911356,,,0.04551473776964594,7,,,
2020-12-06 00:00:00+00:00,0.011557101376616252,0.6781169594609227,,,0.012523707144701777,7,,,
2020-12-07 00:00:00+00:00,-0.010273778117368848,0.6777366825974436,,,-0.026479050655639,7,,,
2020-12-08 00:00:00+00:00,-0.043733405665938196,0.6491855445909186,,,-0.06720902527623294,7,,,
2020-12-09 00:00:00+00:00,0.01106789655416951,0.6626267739301889,,,0.03046093552563354,7,,,
2020-12-10 00:00:00+00:00,-0.015176528982692394,0.6605800774985559,,,-0.03012966645439744,7,,,
2020-12-11 00:00:00+00:00,-0.01194265335079081,0.6641777208474594,,,-0.019800183613998396,7,,,
2020-12-12 00:00:00+00:00,0.04254292827083761,0.6633698885264165,,,0.02852355326036271,7,,,
2020-12-13 00:00:00+00:00,0.019736002382573004,0.6657943417176085,,,0.03309720426339841,7,,,
2020-12-14 00:00:00+00:00,0.005236175505755281,0.6675756576988757,,,-0.011767887138123758,7,,,
2020-12-15 00:00:00+00:00,0.007631765993763695,0.6633256972087165,,,-0.006620029637240462,7,,,
2020-12-16 00:00:00+00:00,0.09872411413978122,0.6616440469393107,,,0.09075154209973237,7,,,
2020-12-17 00:00:00+00:00,0.06847023318587375,0.7163734563738573,,,0.015116551193059007,7,,,
2020-12-18 00:00:00+00:00,0.013324386082639306,0.7260612320052483,,,0.022419129957825294,7,,,
2020-12-19 00:00:00+00:00,0.031440307131634704,0.726182263763737,,,0.0075333172094200285,7,,,
2020-12-20 00:00:00+00:00,-0.015245169006105619,0.7298754368852691,,,0.0010850002474129023,7,,,
2020-12-21 00:00:00+00:00,-0.03179757278243678,0.7225530597791688,,,-0.043704144705896265,7,,,
2020-12-22 00:00:00+00:00,0.047757581092381374,0.7357607060435061,,,-0.003922490442129429,7,,,
2020-12-23 00:00:00+00:00,-0.024056859376378248,0.7447741059044543,,,-0.14446955519850402,7,,,
2020-12-24 00:00:00+00:00,0.021494916800812502,0.7527080241535826,,,0.11955365469434656,7,,,
2020-12-25 00:00:00+00:00,0.04047984224364587,0.7444375687596629,,,-0.003965139813446642,7,,,
2020-12-26 00:00:00+00:00,0.07284508068925022,0.7443895859996904,,,-0.006796577351425486,7,,,
2020-12-27 00:00:00+00:00,-0.007353079951533115,0.6875674562919596,,,0.016683577819221567,7,,,
2020-12-28 00:00:00+00:00,0.029523718984694414,0.6899932107715354,,,0.025157065562004286,7,,,
2020-12-29 00:00:00+00:00,0.012262732742604587,0.6887691779655639,,,-0.01569956951901614,7,,,
2020-12-30 00:00:00+00:00,0.05393364202598705,0.6874862438715837,,,-0.002089484988730263,7,,,
2020-12-31 00:00:00+00:00,0.001194432904029874,0.6599789356812027,,,0.015813758733958707,7,0.9549741483873517,,
2021-01-01 00:00:00+00:00,0.01435413316734957,0.6233338032265489,,,0.06709925457255868,7,0.9282345885428158,,
2021-01-02 00:00:00+00:00,0.0965888946464124,0.6224767825047015,,,0.13401156102576625,7,0.9502135242606039,,
2021-01-03 00:00:00+00:00,0.026595662000379328,0.6792214973095287,,,0.07479671005946568,7,1.0435742219538404,,
2021-01-04 00:00:00+00:00,-0.03086087019719952,0.6479579760772537,,,0.027439924299844463,7,1.020845712284736,,
2021-01-05 00:00:00+00:00,0.061784253498857966,0.6706784051917236,,,0.07028103844050156,7,1.0153256062668932,,
2021-01-06 00:00:00+00:00,0.08205270065861114,0.6866685631993743,,,0.12517778789485412,7,1.035321966572597,,
2021-01-07 00:00:00+00:00,0.07388601205369771,0.7092554248498762,,,0.01830739684006474,7,1.0891781816225827,,
2021-01-08 00:00:00+00:00,0.026890883995390746,0.6875991536661927,,,0.03605396000346926,7,1.0438929271576207,,
2021-01-09 00:00:00+00:00,-0.009463022198765492,0.6855885827795941,,,0.08633203205798241,7,1.0447494149402408,,
2021-01-10 00:00:00+00:00,-0.04949008555010004,0.6814780401810763,,,-0.05460719850939033,7,1.0509371336834794,,
2021-01-11 00:00:00+00:00,-0.07375595598270124,0.7211282586453763,,,-0.08551108586325232,7,1.0769966632350845,,
2021-01-12 00:00:00+00:00,-0.03726788875628517,0.8003828994048003,,,0.008387437689319202,7,1.144796430740415,,
2021-01-13 00:00:00+00:00,0.09763412685357076,0.8264721077550449,,,0.08707084280639808,7,1.144123265818672,,
2021-01-14 00:00:00+00:00,0.04822285440546392,0.8639097901383614,,,0.06087263560910461,7,1.161514762559062,,
2021-01-15 00:00:00+00:00,-0.06176470588235283,0.8665671552375197,,,-0.007176057328595878,7,1.1646637426948758,,
2021-01-16 00:00:00+00:00,-0.020675505050505083,0.879210015152851,,,0.0730526572714623,7,1.1456957310337252,,
2021-01-17 00:00:00+00:00,-0.0036149934702269793,0.8716934578667588,,,0.035700846516706256,7,1.159076260785415,,
2021-01-18 00:00:00+00:00,0.021782597904564716,0.8741548003754859,,,-0.005165244023571658,7,1.1600291549658468,,
2021-01-19 00:00:00+00:00,-0.020810589519650646,0.8725609297373204,,,-0.010108838080323765,7,1.1628693522558575,,
2021-01-20 00:00:00+00:00,-0.010574872831161652,0.8752090371466232,,,0.0361204391076054,8,1.1660252869737338,,
2021-01-21 00:00:00+00:00,-0.13046895467644737,0.8639156533316288,,,-0.13386081862358,8,1.1422629206417352,,
2021-01-22 00:00:00+00:00,0.06784009952473036,1.0100335549379207,,,0.09528889636892363,8,1.2808003188323196,,
2021-01-23 00:00:00+00:00,-0.026470918396757193,1.0217243893491494,,,0.018301175940552375,8,1.1370770498510985,,
2021-01-24 00:00:00+00:00,0.004905229959922819,1.0297715566902201,,,0.027352987856509248,8,1.0947115107465346,,
2021-01-25 00:00:00+00:00,0.000691567221574596,1.0243089491462916,,,-0.03460217936425737,8,1.089953401713314,,
2021-01-26 00:00:00+00:00,0.00642124216326434,1.0002713404895325,,,-0.00012465313129235434,8,1.1049028447336084,,
2021-01-27 00:00:00+00:00,-0.06469264143913334,0.9990058410752776,,,-0.09198536831453756,8,1.1079230341298076,,
2021-01-28 00:00:00+00:00,0.09898861533801706,1.0279991755020865,,,0.5579986703808418,8,1.184742559278243,,
2021-01-29 00:00:00+00:00,0.02523299251967437,1.075305191554085,,,0.043718875095797013,8,1.8861220197811617,,
2021-01-30 00:00:00+00:00,0.0016363168844526488,1.064714439347644,,,0.036798152189306405,8,1.8814679355675843,,
2021-01-31 00:00:00+00:00,-0.033962286167705136,1.0646922865171455,,,0.042796318467718836,8,1.8799565849345583,,
2021-02-01 00:00:00+00:00,0.012538124716895638,1.0733145433762417,,,0.0016251521793304718,8,1.87740842486453,,
2021-02-02 00:00:00+00:00,0.057804605996981895,1.0258655239708034,,,0.030047576571995943,8,1.852922661242364,,
2021-02-03 00:00:00+00:00,0.060752669982294005,1.0402191650536579,,,0.08149975889199323,8,1.8473728266885645,,
2021-02-04 00:00:00+00:00,-0.016962937761806463,1.0510140637531544,,,0.0581387939969137,8,1.854652817592749,,
2021-02-05 00:00:00+00:00,0.03583074219278082,1.0349144387890483,,,0.07806773423518043,8,1.8523500604373744,,
2021-02-06 00:00:00+00:00,0.025053380039780526,1.005324722402461,,,0.03635949756803991,8,1.8333733896538342,,
2021-02-07 00:00:00+00:00,-0.01200662083015025,0.9773044033185403,,,0.10714084067520956,8,1.8328613448009885,,
2021-02-08 00:00:00+00:00,0.19463381316287998,0.9732907872684368,,,0.08960467645478407,8,1.8492070850074354,,
2021-02-09 00:00:00+00:00,0.0019848975188780926,1.156038768924562,,,0.0110855281900972,8,1.8502424249927423,,
2021-02-10 00:00:00+00:00,-0.035597088841996416,1.1386586058667612,,,0.1337956532611416,8,1.8237941609617834,,
2021-02-11 00:00:00+00:00,0.07055111992283769,1.109897088675126,,,0.00547773549675773,8,1.7916026728099996,,
2021-02-12 00:00:00+00:00,-0.012648935216178936,1.116436593525587,,,0.0829108533610344,8,1.7923379202113514,,
2021-02-13 00:00:00+00:00,-0.0028917118342619563,1.079338981067604,,,0.00010037891658519482,8,1.7912997454200117,,
2021-02-14 00:00:00+00:00,0.03015551219884216,1.0705321811334645,,,-0.05308479771982527,8,1.7964231699256088,,
2021-02-15 00:00:00+00:00,-0.013510512289013898,1.04292271111351,,,-0.03594416641941606,8,1.8198466138518778,,
2021-02-16 00:00:00+00:00,0.024583192625667438,1.0405706657999103,,,-0.012974606230773983,8,1.835100515214065,,
2021-02-17 00:00:00+00:00,0.06077788696489006,1.0406675556928975,,,0.016096544144683353,8,1.843017473977753,,
2021-02-18 00:00:00+00:00,-0.010642827551286649,1.0537852095495295,,,0.05173028153786821,8,1.8387963204705737,,
2021-02-19 00:00:00+00:00,0.08391055279304438,1.0503500610261816,,,0.012574517735423021,8,1.8322250035904695,,
2021-02-20 00:00:00+00:00,-0.0016651195899263227,1.073429111897182,,,-0.013361645692630847,8,1.8342119973560356,,
2021-02-21 00:00:00+00:00,0.02850473317233626,0.9195836230668475,,,0.03008989660107296,9,1.72651986308398,,
2021-02-22 00:00:00+00:00,-0.057396024030698545,0.9052164679394132,,,-0.013677544141541789,9,1.717181413392558,,
2021-02-23 00:00:00+00:00,-0.09638398367914147,0.9321621460696857,,,-0.10597174032290362,9,1.725528795887891,,
2021-02-24 00:00:00+00:00,0.015920570972821624,1.019688461839443,,,0.07388805838803415,9,1.8025195484780405,,
2021-02-25 00:00:00+00:00,-0.05148205928237126,1.018590236531004,,,-0.0711348989230384,9,1.7901807155895832,,
2021-02-26 00:00:00+00:00,-0.016946095076400658,1.0450604617709214,,,0.018913621732515627,9,1.827129929613893,,
2021-02-27 00:00:00+00:00,-0.004280949451118898,1.0114050816238591,,,0.002332439489253139,9,1.766848626598727,,
2021-02-28 00:00:00+00:00,-0.02166588614840248,0.9705113455165191,,,-0.03633768229736239,9,0.9922764900580998,,
2021-03-01 00:00:00+00:00,0.09919576986918233,0.975652857694293,,,0.0931512391383031,9,1.0111387028624363,,
2021-03-02 00:00:00+00:00,-0.0229072580645161,1.0194419929817833,,,-0.028375926134341638,9,1.0380233065330524,,
2021-03-03 00:00:00+00:00,0.0386329590333403,1.0136138495288405,,,0.02392207706705993,9,1.0502896336817402,,
2021-03-04 00:00:00+00:00,-0.0386660865661026,1.017418523436325,,,-0.020975838826632082,9,1.0483059561350154,,
2021-03-05 00:00:00+00:00,0.007706169481998204,1.0216303179449748,,,-0.02191449441914945,9,1.0576944433031121,,
2021-03-06 00:00:00+00:00,0.0021573866910569173,1.0064578115654463,,,0.016869688722883993,9,1.0445121433186129,,
2021-03-07 00:00:00+00:00,0.04321855451124357,1.0024889854569083,,,0.03584156149356474,9,1.0340010377268283,,
2021-03-08 00:00:00+00:00,0.0277442678388935,1.0051045605591322,,,0.04877333126089756,9,1.0135083177523856,,
2021-03-09 00:00:00+00:00,0.047613958006882395,1.0056457062538433,,,0.07597525134151711,9,1.01773744405267,,
2021-03-10 00:00:00+00:00,0.018581136475432247,1.0104961599857973,,,-0.046116850868539276,9,0.9909817776069924,,
2021-03-11 00:00:00+00:00,0.033484829785597636,0.8142798902572685,,,0.038570588435631964,9,0.9752047738695824,,
2021-03-12 00:00:00+00:00,-0.00953773731849572,0.8193802535832209,,,-0.028860955843401537,9,0.9807855133080509,,
2021-03-13 00:00:00+00:00,0.06978869437129886,0.8067334696048567,,,0.0739257948263538,9,0.8934096863191835,,
2021-03-14 00:00:00+00:00,-0.03744289403321255,0.8060700911580212,,,-0.05575332141173915,9,0.9241856983947873,,
2021-03-15 00:00:00+00:00,-0.05551699854916292,0.8191357291510766,,,-0.032417057588596906,9,0.9097436063922463,,
2021-03-16 00:00:00+00:00,0.02183802313339256,0.8489218652256096,,,0.05872316798353061,9,0.9175101410625315,,
2021-03-17 00:00:00+00:00,0.03520684726058576,0.8464784788117268,,,0.030989868596129583,9,0.9164697221890129,,
2021-03-18 00:00:00+00:00,-0.02170091562679921,0.8496794166395353,,,-0.02688459589888554,9,0.9091017747442346,,
2021-03-19 00:00:00+00:00,0.007986111111111027,0.8530176952721007,,,0.027396967522135385,9,0.9141877225056168,,
2021-03-20 00:00:00+00:00,0.0010334137099552443,0.8308551978798746,,,-0.0007782912040552345,9,0.9165830500471683,,
2021-03-21 00:00:00+00:00,-0.01361493461803176,0.8293226316539002,,,-0.017033102440697792,9,0.9025856626873859,,
2021-03-22 00:00:00+00:00,-0.05651968385817219,0.7836681958364085,,,-0.048923277127553004,9,0.9050946533132113,,
2021-03-23 00:00:00+00:00,0.005448477957421538,0.8102780293031201,,,-0.01144143160175146,9,0.922502417384782,,
2021-03-24 00:00:00+00:00,-0.038122067108960045,0.8038438435851548,,,-0.06555390411250739,9,0.9181440885349949,,
2021-03-25 00:00:00+00:00,-0.01925062129611932,0.7886394698557124,,,0.005657080012801161,9,0.947684321831414,,
2021-03-26 00:00:00+00:00,0.07172290119486191,0.7049390404382686,,,0.09377418811064223,9,0.8591892312573128,,
2021-03-27 00:00:00+00:00,0.015193897705819692,0.7421823135877803,,,0.0025686980073758026,9,0.8797456635561199,,
2021-03-28 00:00:00+00:00,-0.0008061915511125006,0.7147137945505742,,,0.017637723643764938,9,0.8346093891266039,,
2021-03-29 00:00:00+00:00,0.033797715740591316,0.7104374890126518,,,0.036953286007444554,9,0.8343785662822144,,
2021-03-30 00:00:00+00:00,0.01920288598286435,0.7155119974647258,,,0.014549112132924905,9,0.8409434245819045,,
2021-03-31 00:00:00+00:00,0.0008423352596433897,0.7085934529317316,,,0.0036154850014678366,9,0.8260628574857433,,
2021-04-01 00:00:00+00:00,-0.0007821173958211247,0.6376652319233211,,,0.01591931872947456,9,0.7735656759804591,,
2021-04-02 00:00:00+00:00,0.004097419204440511,0.6296457309472638,,,0.02673554437263432,9,0.763994753939177,,
2021-04-03 00:00:00+00:00,-0.03223887679102522,0.6193308854461506,,,-0.027960231113082396,9,0.7647902296447502,,
2021-04-04 00:00:00+00:00,0.019675311826375275,0.6136837187061849,,,0.04771009360303564,9,0.7685644566489205,,
2021-04-05 00:00:00+00:00,0.0176418968001415,0.6155847629767341,,,0.07142635283390401,9,0.7729048020442916,,
2021-04-06 00:00:00+00:00,-0.021676398123460117,0.6167283203763843,,,0.06178761239107787,9,0.8000723568154794,,
2021-04-07 00:00:00+00:00,-0.03377922671565459,0.6103483381473859,,,-0.06908833540392106,9,0.8139336418139241,,
2021-04-08 00:00:00+00:00,0.03691498021965467,0.6188868358800635,,,0.062719276842106,9,0.853649129072332,,
2021-04-09 00:00:00+00:00,0.0004751820670418905,0.6106218407879095,,,-0.011892651019514755,9,0.8427710259351932,,
2021-04-10 00:00:00+00:00,0.029175400013078612,0.6077104590390242,,,0.051346291036314495,9,0.8225978431646873,,
2021-04-11 00:00:00+00:00,0.004472795371701865,0.6051408816933352,,,0.03878923412746205,9,0.8290997918121799,,
2021-04-12 00:00:00+00:00,-0.0030529268312983193,0.6039879499646228,,,0.014285097494521596,9,0.8229382323512509,,
2021-04-13 00:00:00+00:00,0.06160283586101878,0.5553577304843531,,,0.08480528683767473,9,0.7943084101571668,,
2021-04-14 00:00:00+00:00,-0.009586423296817359,0.5769373567139232,,,0.07032092071207867,9,0.7945189563855589,,
2021-04-15 00:00:00+00:00,0.0031761156106082655,0.5375800898393807,,,0.0643289149575755,9,0.797051786687877,,
2021-04-16 00:00:00+00:00,-0.02968656007598547,0.533864241653089,,,0.060658322665325635,9,0.8005480600660854,,
2021-04-17 00:00:00+00:00,-0.02076035937854337,0.5341502135581768,,,-0.050627032308576556,9,0.8122638875066339,,
2021-04-18 00:00:00+00:00,-0.06501094594999846,0.5336333291382106,,,-0.009663969729287588,9,0.8341343968476812,,
2021-04-19 00:00:00+00:00,-0.009112599585531789,0.5840097954464156,,,-0.022265884340468563,9,0.8389018040178668,,
2021-04-20 00:00:00+00:00,0.014810632149286018,0.5846150413016398,,,0.018730998822188302,9,0.8479709070238184,,
2021-04-21 00:00:00+00:00,-0.046662992647827584,0.585529117948025,,,-0.035000906071730516,9,0.839519741698497,,
2021-04-22 00:00:00+00:00,-0.03841149463744675,0.5736507508048262,,,-0.026481481148067365,9,0.8262833595081639,,
2021-04-23 00:00:00+00:00,-0.012390663509399324,0.5890481063715249,,,-0.013713705179850192,9,0.8347726625815902,,
2021-04-24 00:00:00+00:00,-0.020377166456259865,0.5750954178481528,,,-0.03790845117573913,9,0.7854345266560682,,
2021-04-25 00:00:00+00:00,-0.020089749532471224,0.5755783643881217,,,0.022816403143710265,9,0.8096684505173296,,
2021-04-26 00:00:00+00:00,0.10101152209505981,0.5204448037828525,,,0.11811151434340991,9,0.7670700456341112,,
2021-04-27 00:00:00+00:00,0.018585529361654807,0.6241544455400766,,,0.030603390778061783,9,0.8357407920726866,,
2021-04-28 00:00:00+00:00,-0.0023017093737386363,0.6278598805195573,,,0.02101685203173773,9,0.8366495443947193,,
2021-04-29 00:00:00+00:00,-0.02447700269698949,0.6159742463552245,,,-0.0016543784167784138,9,0.834422744896885,,
2021-04-30 00:00:00+00:00,0.0771172066471395,0.6164232755452727,,,0.06823220884961476,9,0.8373506272249566,,
2021-05-01 00:00:00+00:00,0.0018660760894260164,0.6729878562398811,,,0.05090774919863571,9,0.8518223186520824,,
2021-05-02 00:00:00+00:00,-0.021324696591752845,0.6730451321457588,,,-0.03267788171751837,9,0.8577436061677988,,
2021-05-03 00:00:00+00:00,0.011173253526906235,0.6767437305980982,,,0.06736145550250025,9,0.8783466947544452,,
2021-05-04 00:00:00+00:00,-0.07000183667579174,0.668422235039633,,,-0.03833042340160962,9,0.8748966037286089,,
2021-05-05 00:00:00+00:00,0.08150229655460395,0.7105115487496552,,,0.12384553002779691,9,0.896034292477392,,
2021-05-06 00:00:00+00:00,-0.019824416780580112,0.7624532973527477,,,-0.00565428699866556,9,0.9433545454561916,,
2021-05-07 00:00:00+00:00,0.017123877082819483,0.7618287556133087,,,0.02654238144941776,9,0.9372440915568878,,
2021-05-08 00:00:00+00:00,0.027221979938944596,0.7544929981160533,,,0.010133564198273838,9,0.878378839641541,,
2021-05-09 00:00:00+00:00,-0.010635895084528446,0.7496298698173852,,,-0.0013759545252611065,9,0.8681746213271821,,
2021-05-10 00:00:00+00:00,-0.04203112984730306,0.7506380167004975,,,-0.08275022631046716,9,0.8639425020240152,,
2021-05-11 00:00:00+00:00,0.015708513630947607,0.7577944196943603,,,0.05795812166974754,9,0.9344004546123604,,
2021-05-12 00:00:00+00:00,-0.12502293286667887,0.7600347368777475,,,-0.11038448839336308,9,0.9418651822983428,,
2021-05-13 00:00:00+00:00,0.0018084677419354378,0.8880006570884315,,,0.08241622554219818,9,1.0516276730760528,,
2021-05-14 00:00:00+00:00,0.0032300456633869157,0.8561701643167171,,,0.0595126596073527,9,1.0498415440410342,,
2021-05-15 00:00:00+00:00,-0.06160657329358754,0.8570766143451116,,,-0.026279624348050114,9,1.0436879450473138,,
2021-05-16 00:00:00+00:00,-0.0073815015680078755,0.8777159762330069,,,0.013260475773447356,9,1.0360965842352716,,
2021-05-17 00:00:00+00:00,-0.06182996007218877,0.8747327473569444,,,-0.05233995527792428,9,1.0207276914413357,,
2021-05-18 00:00:00+00:00,-0.016300605103437005,0.8945030385083159,,,0.05105950203126587,9,1.0220768327035517,,
2021-05-19 00:00:00+00:00,-0.1432161800773346,0.8713433950542462,,,-0.3136305228267766,9,1.0303328847422204,,
2021-05-20 00:00:00+00:00,0.10392613473873413,1.0085184059690504,,,0.16297240464906904,9,1.694665046054327,,
2021-05-21 00:00:00+00:00,-0.08089570503710708,1.0787852331909484,,,-0.13136760420838675,9,1.7759496109323512,,
2021-05-22 00:00:00+00:00,0.005320462574223361,1.1017628274526454,,,-0.0845791325289539,9,1.8409852698224123,,
2021-05-23 00:00:00+00:00,-0.07390001762321563,1.099005070292417,,,-0.1317600089175424,9,1.864152141332067,,
2021-05-24 00:00:00+00:00,0.11876711933800421,1.1228862806086533,,,0.2337250918776349,9,1.9252996272304652,,
2021-05-25 00:00:00+00:00,-0.01248898258346176,1.2040890464923915,,,-0.0046906170998138996,9,2.064947481621705,,
2021-05-26 00:00:00+00:00,0.024307367893604992,1.203436715310044,,,0.09537526945606091,9,2.063525076926716,,
2021-05-27 00:00:00+00:00,-0.018275624856684325,1.1497072531590844,,,-0.05675603059861307,9,2.0507300089153295,,
2021-05-28 00:00:00+00:00,-0.07405850247977641,1.145165166607379,,,-0.10306873387372091,9,2.0571886164561497,,
2021-05-29 00:00:00+00:00,-0.03011371121220019,1.1667155245128298,,,-0.057596329796561124,9,2.087181431059383,,
2021-05-30 00:00:00+00:00,0.030311787467814266,1.1675423581294946,,,0.06310159267059012,9,2.0946405352406106,,
2021-05-31 00:00:00+00:00,0.04489714635117781,1.1348236932769076,,,0.11451794061056024,9,2.0925091364522608,,
2021-06-01 00:00:00+00:00,-0.015147651349008084,1.152510414481809,,,-0.008989102919661238,9,2.12345041836163,,
2021-06-02 00:00:00+00:00,0.023753713647142183,1.1522430459932982,,,0.04254768140604064,9,2.1215326348615875,,
2021-06-03 00:00:00+00:00,0.04507394736491799,1.1564898680178908,,,0.056626020145158225,9,2.1129782768700545,,
2021-06-04 00:00:00+00:00,-0.06172443221623558,1.1537121684171032,,,-0.07944922950272591,9,2.1211344369124165,,
2021-06-05 00:00:00+00:00,-0.03558725624887993,1.1226059627452685,,,-0.018128367518337168,9,2.0909479604954315,,
2021-06-06 00:00:00+00:00,0.00788008975250487,1.124968461782625,,,0.01570934095996907,9,2.090957029576491,,
2021-06-07 00:00:00+00:00,-0.062461242800239236,1.1221093964679367,,,-0.0850031175809516,9,2.0888395204079364,,
2021-06-08 00:00:00+00:00,-0.005952859786018672,1.1237516222252721,,,-0.003996684805011191,9,2.103864928095897,,
2021-06-09 00:00:00+00:00,0.12036962105749027,1.124297725929588,,,0.06014754547008234,9,2.1036593333035962,,
2021-06-10 00:00:00+00:00,-0.017916045789314716,1.2109448959115885,,,-0.05739977653517007,9,2.10315278114612,,
2021-06-11 00:00:00+00:00,0.016823662088466085,1.2065013686163717,,,-0.04088729931821146,9,2.0951753970250957,,
2021-06-12 00:00:00+00:00,-0.04771778674339244,1.131346520014775,,,-0.006536337352046223,9,2.065240231908935,,
2021-06-13 00:00:00+00:00,0.09815566045697754,1.1387806812219718,,,0.06804880196953003,9,2.0389025079430687,,
2021-06-14 00:00:00+00:00,0.0374375251372463,1.1954135471180398,,,0.02730655747743725,9,2.042706847662864,,
2021-06-15 00:00:00+00:00,-0.008790752918110156,1.1880624283893693,,,-0.015142890295549974,9,2.0473820124890927,,
2021-06-16 00:00:00+00:00,-0.04469733016783295,1.1881119261122521,,,-0.04225368707674371,9,2.0451849218571176,,
2021-06-17 00:00:00+00:00,-0.007228746000328745,1.1784443618915317,,,0.006809127320266432,9,2.0429318197385316,,
2021-06-18 00:00:00+00:00,-0.05939894456746431,1.177684567151609,,,-0.060653216206400046,9,2.031575328383393,,
2021-06-19 00:00:00+00:00,-0.008612504328593285,1.0672603177134443,,,-0.03040502902217969,9,1.5723919391374743,,
2021-06-20 00:00:00+00:00,0.0033915492957747873,1.0049068041044993,,,0.021979543463729212,9,1.470414122985354,,
2021-06-21 00:00:00+00:00,-0.1118488281995711,0.9627813908954389,,,-0.21021191326513916,9,1.3969203828219472,,
2021-06-22 00:00:00+00:00,0.02807850475561291,1.0452606971065046,,,-0.014878677234120162,9,1.5890367041879583,,
2021-06-23 00:00:00+00:00,0.03507191479680016,1.018944199208968,,,0.09796596260961286,9,1.5174197323912424,,
2021-06-24 00:00:00+00:00,0.029668531098786977,0.9423116512114945,,,0.041071204822780545,9,1.354169039599427,,
2021-06-25 00:00:00+00:00,-0.08898254966954289,0.9491944508095191,,,-0.09862645995344205,9,1.3653891419223454,,
2021-06-26 00:00:00+00:00,0.022311872221307594,0.9936813461987813,,,0.014115177334412662,9,1.355791346373315,,
2021-06-27 00:00:00+00:00,0.07519467727247386,0.997973570429421,,,0.06867725110319466,9,1.3500803871701468,,
2021-06-28 00:00:00+00:00,-0.006487707350238403,1.0002041049619446,,,0.011431238093403085,9,1.3310468062969734,,
2021-06-29 00:00:00+00:00,0.04205401518270868,0.9947290377997784,,,0.04639148732156584,9,1.318643460470474,,
2021-06-30 00:00:00+00:00,-0.024957634075281954,0.9997994226671233,,,0.004067907117193108,9,1.3098642605861222,,
2021-07-01 00:00:00+00:00,-0.04337899543378998,0.9908656446601576,,,-0.051758356230603084,9,1.2452574156463412,,
2021-07-02 00:00:00+00:00,0.007428400954653913,1.000892920713974,,,0.013100600651147955,9,1.2550359185188396,,
2021-07-03 00:00:00+00:00,0.026864876069768062,0.9971021178556639,,,0.025939197684349293,9,1.2441776019959174,,
2021-07-04 00:00:00+00:00,0.017337539868843788,0.988380038543942,,,0.028286168245026264,9,1.228697654612932,,
2021-07-05 00:00:00+00:00,-0.04482473198138193,0.96705478685587,,,-0.04779834717624703,9,1.208642911770852,,
2021-07-06 00:00:00+00:00,0.0159929487388748,0.9719840391146064,,,0.044698514415036694,9,1.2166270217886292,,
2021-07-07 00:00:00+00:00,-0.011216591207828253,0.973382581304885,,,-0.002850881293320278,9,1.2277168773828162,,
2021-07-08 00:00:00+00:00,-0.02911583114235916,0.9473782071586702,,,-0.06984440381450603,9,1.192720499137124,,
2021-07-09 00:00:00+00:00,0.02890882204385159,0.9528909105907719,,,0.022529033550064748,9,1.215449329650345,,
2021-07-10 00:00:00+00:00,-0.008756339548431913,0.8668984164000408,,,-0.02061036915153231,9,1.1971669688660425,,
2021-07-11 00:00:00+00:00,0.022193118015239044,0.865515636675176,,,0.017752679102501705,9,1.18427740484523,,
2021-07-12 00:00:00+00:00,-0.03449755277512678,0.8672188318249199,,,-0.034794517793947155,9,1.180751698874833,,
2021-07-13 00:00:00+00:00,-0.010770435261008626,0.859303946061415,,,-0.03548827759657035,9,1.1853570123302506,,
2021-07-14 00:00:00+00:00,0.002420168067226891,0.7865482668296576,,,0.012036491763490876,9,1.1601710099133762,,
2021-07-15 00:00:00+00:00,-0.02845367361496387,0.7721105352678792,,,-0.04612676121115684,9,1.1553574389786443,,
2021-07-16 00:00:00+00:00,-0.015462429559345847,0.7758548230517284,,,-0.04237242900149637,9,1.1624205415106834,,
2021-07-17 00:00:00+00:00,0.004305564408183971,0.764293116095239,,,0.020964846237696913,9,1.1624632358869307,,
2021-07-18 00:00:00+00:00,0.007853876641777502,0.7652462497391165,,,-0.005333179942149855,9,1.1662315205341203,,
2021-07-19 00:00:00+00:00,-0.029313048242161632,0.7403562424945276,,,-0.055051083856009195,9,1.1513492540983834,,
2021-07-20 00:00:00+00:00,-0.034557697796922415,0.7456644502101156,,,-0.040457677182869266,9,1.1609524157641082,,
2021-07-21 00:00:00+00:00,0.07911853837832017,0.75249689291817,,,0.10373399211069609,9,1.1601382142128325,,
2021-07-22 00:00:00+00:00,0.005302141093617374,0.6896287503345986,,,0.028371779308522083,9,0.9065637874503922,,
2021-07-23 00:00:00+00:00,0.04184345326949401,0.6829074258646474,,,0.026525843642560387,9,0.9105167254550812,,
2021-07-24 00:00:00+00:00,0.0177167402387004,0.6874429353245615,,,0.02210911104555582,9,0.8525224788390969,,
2021-07-25 00:00:00+00:00,0.03372424167189991,0.6823755808319524,,,0.004959404372266212,9,0.8435083929209757,,
2021-07-26 00:00:00+00:00,0.05218543645153728,0.6039776539995997,,,0.025989548394725597,9,0.759875229975205,,
2021-07-27 00:00:00+00:00,0.059439282453407793,0.6229988970345366,,,0.0355031437679408,9,0.7633963973242414,,
2021-07-28 00:00:00+00:00,0.014301140136978585,0.6046535455523961,,,0.017082425875084684,9,0.7372371109470051,,
2021-07-29 00:00:00+00:00,0.00030738012175257623,0.6043232725278994,,,0.023544608112490276,9,0.7385090797653383,,
2021-07-30 00:00:00+00:00,0.05439955630947413,0.5901270907287819,,,0.043544739111525836,9,0.7256748930206378,,
2021-07-31 00:00:00+00:00,-0.017921877295322464,0.6048798606406451,,,0.025547939320628304,9,0.7406190501837099,,
2021-08-01 00:00:00+00:00,-0.03880190113151105,0.5838257222746147,,,-0.025591813570428848,9,0.7180639613049424,,
2021-08-02 00:00:00+00:00,-0.0171482930771798,0.6060678547991191,,,0.0049782525513762076,9,0.7247419240703084,,
2021-08-03 00:00:00+00:00,-0.024245674519568494,0.6062268046898949,,,-0.008112719531442596,9,0.7201005478257364,,
2021-08-04 00:00:00+00:00,0.04009097547378704,0.612290622221347,,,0.042576709721998056,9,0.7147662695059948,,
2021-08-05 00:00:00+00:00,0.028593428770580687,0.5992743813810755,,,0.01610462028959736,9,0.7051389509209373,,
2021-08-06 00:00:00+00:00,0.04789584158997173,0.6034856262756255,,,0.026812728785202453,9,0.6919097074805229,,
2021-08-07 00:00:00+00:00,0.04102582060979598,0.6165136478049301,,,0.08489359827682341,9,0.6963640354974474,,
2021-08-08 00:00:00+00:00,-0.017559479091212804,0.6112524116068074,,,-0.05374043096216287,9,0.6909576029423374,,
2021-08-09 00:00:00+00:00,0.05611493712378701,0.615055218509155,,,0.05282652400904195,9,0.7243607520647872,,
2021-08-10 00:00:00+00:00,-0.014948148340271361,0.6319647903922958,,,0.03385004400107018,9,0.7339272597644366,,
2021-08-11 00:00:00+00:00,-0.0013472298409216155,0.6368709006470457,,,0.04724483399500576,9,0.7383049353564255,,
2021-08-12 00:00:00+00:00,-0.024324597482950128,0.6177022710290883,,,-0.0020877421603475474,9,0.7307918355752913,,
2021-08-13 00:00:00+00:00,0.0762996408183485,0.6255605828133407,,,0.09630079290969544,9,0.7119101072485233,,
2021-08-14 00:00:00+00:00,-0.014947264027182827,0.6625440998361897,,,0.011635915740957348,9,0.7629305087820903,,
2021-08-15 00:00:00+00:00,-0.0019031314583808356,0.6533695529134852,,,0.04835199884987711,9,0.7284795927670188,,
2021-08-16 00:00:00+00:00,-0.023068394384420765,0.6475527574079203,,,-0.0004319309700060941,9,0.7007134717099968,,
2021-08-17 00:00:00+00:00,-0.026481973219595334,0.6595390379612177,,,-6.768655354601656e-05,9,0.7046496198202215,,
2021-08-18 00:00:00+00:00,0.0008726589246157435,0.6735913627649902,,,0.08002355616297553,9,0.7024795154705473,,
2021-08-19 00:00:00+00:00,0.04566510172143978,0.6583499886875589,,,0.05536626802344063,9,0.6721309394019432,,
2021-08-20 00:00:00+00:00,0.054185570184253296,0.6444789576136243,,,0.06012713178018758,9,0.6352905267397512,,
2021-08-21 00:00:00+00:00,-0.00973289796580612,0.6213382020764209,,,0.036083348164263875,9,0.5929653930675614,,
2021-08-22 00:00:00+00:00,0.008958140049275976,0.6262884906006245,,,-0.00037151868444043303,9,0.5937495663600527,,
2021-08-23 00:00:00+00:00,0.004780318484913115,0.6186980995768446,,,0.02923127650478532,9,0.6013229471307102,,
2021-08-24 00:00:00+00:00,-0.036761616161616106,0.6190460183130471,,,-0.043168981452582154,9,0.6012097510025551,,
2021-08-25 00:00:00+00:00,0.027550162226328334,0.6377951721459452,,,0.011516909729557878,9,0.6457965551118273,,
2021-08-26 00:00:00+00:00,-0.044029971078032304,0.6238585880467002,,,-0.06829725477955347,9,0.6474025826715781,,
2021-08-27 00:00:00+00:00,0.04813746485128134,0.6260879777127902,,,0.1144854421873662,9,0.7254401572609245,,
2021-08-28 00:00:00+00:00,-0.004100522903243586,0.6419440120726401,,,0.004677906770742239,9,0.787137108558391,,
2021-08-29 00:00:00+00:00,-0.0025117610963387715,0.6426917746303649,,,-0.014823401100211384,9,0.7899206446301931,,
2021-08-30 00:00:00+00:00,-0.03630103840286081,0.6211565046372072,,,-0.018669364786256977,9,0.7974316196462689,,
2021-08-31 00:00:00+00:00,0.0031619106792148965,0.6332997732290895,,,0.019197658156530344,9,0.8093002772535421,,
2021-09-01 00:00:00+00:00,0.036101006458728824,0.6133611204220243,,,0.06044952358973722,9,0.7924568165775852,,
2021-09-02 00:00:00+00:00,0.008708736373407078,0.6161618692518466,,,0.03620226911264879,9,0.8007680411304119,,
2021-09-03 00:00:00+00:00,0.014782974008024752,0.6053049873549811,,,0.03870999395492726,9,0.7939002218314885,,
2021-09-04 00:00:00+00:00,-0.00182795247323575,0.5955328618141046,,,-0.015518773135631535,9,0.7929861309340862,,
2021-09-05 00:00:00+00:00,0.03797042270170836,0.5916975346293878,,,0.03890000295904623,9,0.804728117691989,,
2021-09-06 00:00:00+00:00,0.016500337805231302,0.5844609557919148,,,0.02133954112919434,9,0.8063560271827956,,
2021-09-07 00:00:00+00:00,-0.1103080528220769,0.5728740089894065,,,-0.06836806691329692,9,0.7788427088621158,,
2021-09-08 00:00:00+00:00,-0.016571684702567757,0.7112572105488912,,,0.022506384676553637,9,0.7997990883769852,,
2021-09-09 00:00:00+00:00,0.0069105320501969825,0.6883084065188559,,,0.0034739427802709605,9,0.792275916487709,,
2021-09-10 00:00:00+00:00,-0.03308688810811977,0.6865747650129845,,,-0.011414101545576587,9,0.7928545095486588,,
2021-09-11 00:00:00+00:00,0.0070645146908021594,0.6968897178997812,,,0.027612993299506297,9,0.7935874279966331,,
2021-09-12 00:00:00+00:00,0.018665232241797947,0.6918175302615934,,,0.02249686446379235,9,0.7912132135594659,,
2021-09-13 00:00:00+00:00,-0.02298878050158526,0.6437313999386239,,,-0.05904716693430813,9,0.7454358040936905,,
2021-09-14 00:00:00+00:00,0.04748421937624836,0.6465713928099267,,,0.026978084169608355,9,0.7920134899377902,,
2021-09-15 00:00:00+00:00,0.021849406838503338,0.6678210813424803,,,0.04080628758518375,9,0.7841704225186907,,
2021-09-16 00:00:00+00:00,-0.007713391003675851,0.6663916296833257,,,-0.007927447782928964,9,0.78829450731966,,
2021-09-17 00:00:00+00:00,-0.009484240747682393,0.6594372159756582,,,-0.024581539184657712,9,0.7905547950860637,,
2021-09-18 00:00:00+00:00,0.021025369978858288,0.6606994953935812,,,0.033369026392991295,9,0.7676384941570209,,
2021-09-19 00:00:00+00:00,-0.021772665624450016,0.6463408876786673,,,-0.017681783911401936,9,0.7560566772831193,,
2021-09-20 00:00:00+00:00,-0.08931058569523531,0.6232752988246146,,,-0.13292191673133022,9,0.7409020001969118,,
2021-09-21 00:00:00+00:00,-0.05331247661172789,0.7010530891705853,,,-0.05711663960901578,9,0.8989102231104097,,
2021-09-22 00:00:00+00:00,0.06899091578688932,0.720961841963603,,,0.14826733950135249,9,0.9230233897729622,,
2021-09-23 00:00:00+00:00,0.030277905374368475,0.7640668073580897,,,0.03871453000759998,9,1.0387537711508432,,
2021-09-24 00:00:00+00:00,-0.0458220663734471,0.7633373445266394,,,-0.06744880453256892,9,1.0313786476726887,,
2021-09-25 00:00:00+00:00,-0.0033035221994822672,0.7713516320083887,,,-0.008160441526355446,9,1.0641063129810842,,
2021-09-26 00:00:00+00:00,0.012118683399982233,0.7573641045088495,,,-0.0062326823759320344,9,1.0314353120238986,,
2021-09-27 00:00:00+00:00,-0.023919367090952992,0.7378031974415873,,,-0.030664226345612625,9,0.9620595551810621,,
2021-09-28 00:00:00+00:00,-0.027025359705402208,0.741069499552501,,,-0.0411030338084222,9,0.9685398132509839,,
2021-09-29 00:00:00+00:00,0.012612603824750268,0.7451125767177318,,,0.027748460353791787,9,0.9783439412897069,,
2021-09-30 00:00:00+00:00,0.05505758143522499,0.7390084818652578,,,0.038175606320491516,9,0.9809270605157163,,
2021-10-01 00:00:00+00:00,0.09878566537320244,0.7657246531204375,,,0.09343695817714509,9,0.9873567660091305,,
2021-10-02 00:00:00+00:00,-0.010160414476773072,0.8272677114281834,,,0.007379813631258836,9,1.0151593615830352,,
2021-10-03 00:00:00+00:00,0.011708609049145169,0.8272585472937874,,,0.014592137819135006,9,1.008277657317482,,
2021-10-04 00:00:00+00:00,0.02083117249505273,0.826596971677565,,,-0.01188201289494617,9,1.0008464821616916,,
2021-10-05 00:00:00+00:00,0.04610166873938226,0.8300888428265047,,,0.02579299439753482,9,1.0001760679520757,,
2021-10-06 00:00:00+00:00,0.07430919103720912,0.8349856258208682,,,-0.01044630582649924,9,0.995161339096212,,
2021-10-07 00:00:00+00:00,-0.027697364971277505,0.8703466286472733,,,0.004754091166867067,9,0.9929439406072416,,
2021-10-08 00:00:00+00:00,0.003386451590107198,0.7671601679423243,,,-0.004822888397786551,9,0.9602855538030179,,
2021-10-09 00:00:00+00:00,0.018483853270861772,0.7633292565508826,,,0.017881746430896413,9,0.9576532034344847,,
2021-10-10 00:00:00+00:00,-0.005104408352668233,0.7646749021551901,,,-0.0512432217066861,9,0.9594318281349994,,
2021-10-11 00:00:00+00:00,0.05132609013754763,0.7526046847048082,,,0.0048574304809888315,9,0.9769065523339081,,
2021-10-12 00:00:00+00:00,-0.025721100732278956,0.7677269525478104,,,-0.013272082992420874,9,0.9721477391274037,,
2021-10-13 00:00:00+00:00,0.024292987283860423,0.7757689394495308,,,0.0182385850885523,9,0.9694598038728043,,
2021-10-14 00:00:00+00:00,-0.0002911431465425496,0.770414918402875,,,0.02619054125406792,9,0.9479701165862572,,
2021-10-15 00:00:00+00:00,0.07577332352110266,0.7583398031290655,,,0.023317287263237254,9,0.9477094234997233,,
2021-10-16 00:00:00+00:00,-0.012858150222488707,0.7916685160178415,,,-0.004384101185684158,9,0.940667837325939,,
2021-10-17 00:00:00+00:00,0.010406386042929316,0.7931986594073108,,,-0.008185684524859226,9,0.9403670629478275,,
2021-10-18 00:00:00+00:00,0.007377009215166819,0.79066327335152,,,-0.006029308608275639,9,0.9365623053750578,,
2021-10-19 00:00:00+00:00,0.03657460364068155,0.7894763707396834,,,0.014389271882031564,9,0.9295919450883195,,
2021-10-20 00:00:00+00:00,0.027646735636942532,0.7873219505467624,,,0.05995281279353653,9,0.9288264893663523,,
2021-10-21 00:00:00+00:00,-0.057710424043788566,0.6941052346301142,,,0.0014522302558800753,9,0.7936071585242606,,
2021-10-22 00:00:00+00:00,-0.024360371481199405,0.7001007126518638,,,0.005253214967753217,9,0.757521280968372,,
2021-10-23 00:00:00+00:00,0.010133409774597313,0.686115838336213,,,0.024309039909296486,9,0.5975471941692825,,
2021-10-24 00:00:00+00:00,-0.007171130207305643,0.6827719344355456,,,0.0024324870392833254,9,0.5897165260192767,,
2021-10-25 00:00:00+00:00,0.03664850941920905,0.6542663660082599,,,0.0611777301103361,9,0.5257486109766784,,
2021-10-26 00:00:00+00:00,-0.04479087765780443,0.6572429691982392,,,-0.017600496815870455,9,0.5536960791999144,,
2021-10-27 00:00:00+00:00,-0.03085600530856003,0.6886067008426191,,,-0.08509399547209033,9,0.5591083884150833,,
2021-10-28 00:00:00+00:00,0.03764121876069848,0.693643426841115,,,0.0765029681558914,9,0.6411324068573854,,
2021-10-29 00:00:00+00:00,0.02748643164684328,0.6852085015815641,,,0.015512978236950501,9,0.6574390247409707,,
2021-10-30 00:00:00+00:00,-0.006394777571557819,0.686961275037125,,,-0.035580733764015764,9,0.6549001266851154,,
2021-10-31 00:00:00+00:00,-0.009352544722711964,0.6746746005409628,,,0.011174473453584835,9,0.6665302584438518,,
2021-11-01 00:00:00+00:00,-0.0069876574221025,0.6083790398037353,,,0.0011177627268280272,9,0.5982748216262738,,
2021-11-02 00:00:00+00:00,0.039032715338610524,0.6072705954733507,,,0.037757584536951744,9,0.5983703517620819,,
2021-11-03 00:00:00+00:00,-0.0050588086505627405,0.616236803776911,,,0.03865781756964294,9,0.6080451748636453,,
2021-11-04 00:00:00+00:00,-0.02395449345366718,0.6166855322553877,,,-0.012750064628028794,9,0.6147659001143895,,
2021-11-05 00:00:00+00:00,-0.007898626693842004,0.611903155445496,,,-0.01437628754652879,9,0.6150162036181077,,
2021-11-06 00:00:00+00:00,0.008686777195815232,0.5654168102437134,,,0.01582096550111161,9,0.6165146625999854,,
2021-11-07 00:00:00+00:00,0.029401717187820253,0.5542103434491744,,,0.026527692111677405,9,0.6174469742997274,,
2021-11-08 00:00:00+00:00,0.06810524652338801,0.5607361272797146,,,0.0454826022696549,9,0.6199243973070467,,
2021-11-09 00:00:00+00:00,-0.009097540009794347,0.597935737417104,,,-0.0037096119371001273,9,0.6325027067981588,,
2021-11-10 00:00:00+00:00,-0.031335666549209606,0.5991164187413912,,,-0.03937967464968798,9,0.5952875612055272,,
2021-11-11 00:00:00+00:00,-0.0013795527166399202,0.5927049867571077,,,0.02430201214939988,9,0.6201831337557606,,
2021-11-12 00:00:00+00:00,-0.010463583518814046,0.5831077431130374,,,-0.02078876992027913,9,0.6174599246803297,,
2021-11-13 00:00:00+00:00,0.004766903711976855,0.5812726591110045,,,0.02116355313118771,9,0.6256478660471115,,
2021-11-14 00:00:00+00:00,0.017506982145268912,0.5811022037233905,,,0.00390045893273251,9,0.6241393170684342,,
2021-11-15 00:00:00+00:00,-0.02924689512068601,0.5276911382539957,,,-0.024852494260731304,9,0.6219232985886134,,
2021-11-16 00:00:00+00:00,-0.055490678993038944,0.5368175720508068,,,-0.06776241147318081,9,0.6310459870291235,,
2021-11-17 00:00:00+00:00,0.004048623418116515,0.5730784293337996,,,0.01211947459821705,9,0.6842708545242157,,
2021-11-18 00:00:00+00:00,-0.05712339528454802,0.5726031170600876,,,-0.06912782339071508,9,0.6836147517697341,,
2021-11-19 00:00:00+00:00,0.020741381340842358,0.5909947683054523,,,0.06554398279351564,9,0.7332450508421434,,
2021-11-20 00:00:00+00:00,0.02821713382388147,0.5869508029136296,,,0.030542027786418666,9,0.7384965071009688,,
2021-11-21 00:00:00+00:00,-0.01807746480052641,0.5621300352016295,,,-0.008854412826548062,9,0.7446722173305994,,
2021-11-22 00:00:00+00:00,-0.04051488735346742,0.5592208381552588,,,-0.03251412086981461,9,0.7458964038842705,,
2021-11-23 00:00:00+00:00,0.022803346908446986,0.574778018968022,,,0.018211922449531945,9,0.7522572375221865,,
2021-11-24 00:00:00+00:00,-0.006859850150423119,0.5812873610451084,,,-0.0453564419038989,9,0.7545571554483705,,
2021-11-25 00:00:00+00:00,0.03194267014332475,0.5651424329403983,,,0.024255881296405695,9,0.7428906015319116,,
2021-11-26 00:00:00+00:00,-0.08832203065036648,0.5561749744050499,,,-0.09756425248640394,9,0.7458897564963747,,
2021-11-27 00:00:00+00:00,0.01815286801921867,0.6339464955797481,,,0.017455022427122404,9,0.7676004401899257,,
2021-11-28 00:00:00+00:00,0.046844855305466115,0.6223377398874385,,,0.024100562278901436,9,0.7224653442036238,,
2021-11-29 00:00:00+00:00,0.00879230577259027,0.6370887626085818,,,0.02502413014719476,9,0.7257225723988945,,
2021-11-30 00:00:00+00:00,-0.014824259262783301,0.6381957703708729,,,0.008498210105785935,9,0.7212018665846135,,
2021-12-01 00:00:00+00:00,0.003826364865576748,0.6392651789158754,,,0.002723764338059912,9,0.7207249306446155,,
2021-12-02 00:00:00+00:00,-0.011844680914337213,0.6394107314477457,0.7392030347939901,1.0,-0.008607896413991154,9,0.7207937118306157,,
2021-12-03 00:00:00+00:00,-0.05120220649414564,0.6232737185205319,0.7390084818652578,1.0,-0.038042259282197594,9,0.7083291729960285,,
2021-12-04 00:00:00+00:00,-0.08275881370637461,0.6461119008018023,0.7390084818652578,1.0,-0.09092518502506058,9,0.7043836962569285,,
2021-12-05 00:00:00+00:00,0.0046786004882017895,0.7028426113393667,0.7390084818652578,1.0,-0.03527795795364725,9,0.7720540558772758,,
2021-12-06 00:00:00+00:00,0.0209698319497873,0.7041014909111143,0.7378031974415873,1.0,0.023515611988763768,9,0.778144461437397,,
2021-12-07 00:00:00+00:00,0.0033693136634691534,0.7087392470221373,0.7378031974415873,1.0,0.0007443857148132906,9,0.7814818775635498,,
2021-12-08 00:00:00+00:00,-0.002769015487512738,0.6981061962996968,0.7378031974415873,1.0,0.054828120625815796,9,0.7725435656101515,,
2021-12-09 00:00:00+00:00,-0.057228647025596824,0.6464880426864429,0.7378031974415873,1.0,-0.0551364173193233,9,0.7808261617364454,,
2021-12-10 00:00:00+00:00,-0.008577194752774964,0.6688433197652566,0.7378031974415873,1.0,-0.045587452505884266,9,0.7985441923480018,,
2021-12-11 00:00:00+00:00,0.047234944868532525,0.6648074053293316,0.7378031974415873,1.0,0.07080544848371353,9,0.8019281583728506,,
2021-12-12 00:00:00+00:00,0.01393264706120556,0.6932010840284322,0.7378031974415873,1.0,-0.0029366412410950383,9,0.8399199528071334,,
2021-12-13 00:00:00+00:00,-0.06766355737413543,0.6977407956453547,0.7378031974415873,1.0,-0.09500001429007614,9,0.838994601930555,,
2021-12-14 00:00:00+00:00,0.03582551180832505,0.7283414138464896,0.7378031974415873,1.0,0.060844010901097895,9,0.8902708898402761,,
2021-12-15 00:00:00+00:00,0.010430107526881782,0.7395735559310836,0.7378031974415873,0.9976062441993784,0.04938468660129412,9,0.9230827265493563,,
2021-12-16 00:00:00+00:00,-0.02511849117148679,0.73944590569948,0.7390084818652578,0.9994084437673525,-0.03445250289909904,9,0.9436025542327742,,
2021-12-17 00:00:00+00:00,-0.03120683502319621,0.7214526015427254,0.73944590569948,1.0,-0.011737053971356024,9,0.9221929050692736,,
2021-12-18 00:00:00+00:00,0.014875277354042371,0.7248695544880228,0.73944590569948,1.0,0.030909289113036722,9,0.9197985295978148,,
2021-12-19 00:00:00+00:00,-0.0032453044501237205,0.7063381180403027,0.73944590569948,1.0,-0.007722411172582655,9,0.8990682787689236,,
2021-12-20 00:00:00+00:00,0.004727438636475512,0.6997318110385027,0.73944590569948,1.0,0.0010355352563484743,9,0.8652488935696971,,
2021-12-21 00:00:00+00:00,0.042157013235093466,0.6897121436039813,0.73944590569948,1.0,0.04767921149539426,9,0.8556288478248065,,
2021-12-22 00:00:00+00:00,-0.005895710165088053,0.7096087606593138,0.73944590569948,1.0,0.019567223046708857,9,0.8761736908905213,,
2021-12-23 00:00:00+00:00,0.04630948167293614,0.6980947096531661,0.73944590569948,1.0,0.08784695869986442,9,0.8746676715538508,,
2021-12-24 00:00:00+00:00,-0.0003972843060897624,0.7136558933345413,0.7390084818652578,1.0,-0.01520007114007766,9,0.9246326159247914,,
2021-12-25 00:00:00+00:00,-0.008387604525332049,0.7136985935685138,0.7378031974415873,1.0,0.015983202447400837,9,0.9120052727868977,,
2021-12-26 00:00:00+00:00,0.007347411738794829,0.7023025470431118,0.7283414138464896,1.0,0.013504181963703486,9,0.9096776324828804,,
2021-12-27 00:00:00+00:00,-0.0010872776694439423,0.628694698829205,0.7248695544880228,1.0,-0.008726440672547896,9,0.8333016417370191,,
2021-12-28 00:00:00+00:00,-0.062387358076105515,0.6246033964233277,0.7248695544880228,1.0,-0.08051502082218243,9,0.8325806630926509,,
2021-12-29 00:00:00+00:00,-0.023062088458650765,0.6354741823707379,0.7248695544880228,1.0,-0.019318282218616336,9,0.8805137734640558,,
2021-12-30 00:00:00+00:00,0.014627593733921973,0.6358153270429334,0.7248695544880228,1.0,0.016110983606589642,9,0.8773929055165196,,
2021-12-31 00:00:00+00:00,-0.019495977323647273,0.6396460243075374,0.7248695544880228,1.0,-0.010664799847070559,9,0.8790266055924635,0.9197985295978148,1.0
2022-01-01 00:00:00+00:00,0.03265900519107867,0.6402183551302747,0.7248695544880228,1.0,0.0393677172921969,9,0.8792126552023072,0.9181440885349949,1.0
2022-01-02 00:00:00+00:00,-0.008844754752405537,0.6543225271985046,0.7248695544880228,1.0,-0.0001526951779393166,9,0.8909424515648973,0.9175101410625315,1.0
2022-01-03 00:00:00+00:00,-0.018058776645786145,0.6322503800508081,0.7248695544880228,1.0,0.002241522264509774,9,0.8808271130056159,0.9165830500471683,1.0
2022-01-04 00:00:00+00:00,-0.012995485166932497,0.5614214076080943,0.7248695544880228,1.0,-0.014823984371182609,9,0.8114928627657132,0.9164697221890129,1.0
2022-01-05 00:00:00+00:00,-0.05253112232321855,0.5622239091106648,0.7248695544880228,1.0,-0.044903659990148496,9,0.8021219053895995,0.9141877225056168,1.0
2022-01-06 00:00:00+00:00,-0.00787381633747819,0.5833609631082954,0.7248695544880228,1.0,0.0008228926392634826,9,0.816915935687183,0.9120052727868977,1.0
2022-01-07 00:00:00+00:00,-0.03535368771334624,0.5826575245980753,0.7248695544880228,1.0,-0.04564608825120378,9,0.8169153700196191,0.9105167254550812,1.0
2022-01-08 00:00:00+00:00,0.0028482352488357066,0.5922517078443591,0.7248695544880228,1.0,-0.02290988399100475,9,0.8111204389958103,0.9097436063922463,1.0
2022-01-09 00:00:00+00:00,0.0038836115908655877,0.561777093033257,0.7248695544880228,1.0,0.01593710220859089,9,0.7908730312458105,0.9096776324828804,1.0
2022-01-10 00:00:00+00:00,-0.0006021519764684014,0.5622864456002037,0.7248695544880228,1.0,-0.006542491745220171,9,0.7753110624272588,0.9091017747442346,1.0
2022-01-11 00:00:00+00:00,0.02131515587679056,0.5326882215428222,0.7248695544880228,1.0,0.05065724247955683,9,0.7365416562335215,0.9065637874503922,1.0
2022-01-12 00:00:00+00:00,0.02771313927737018,0.5365963533356335,0.7248695544880228,1.0,0.04472998466037402,9,0.7574904865508308,0.9050946533132113,1.0
2022-01-13 00:00:00+00:00,-0.030396355353075166,0.4945409721368709,0.7214526015427254,1.0,-0.018792221776602853,9,0.6800904923643221,0.9025856626873859,1.0
2022-01-14 00:00:00+00:00,0.011687841825323675,0.48551600660298966,0.720961841963603,1.0,0.02497295519912505,9,0.656279148783722,0.8990682787689236,1.0
2022-01-15 00:00:00+00:00,0.00038083649342479653,0.4860069470401224,0.7155119974647258,1.0,-0.0005432683187686206,9,0.6406178423713185,0.8989102231104097,1.0
2022-01-16 00:00:00+00:00,-0.0002437354193990382,0.48012257254684665,0.7147137945505742,1.0,0.011743370004258933,9,0.626811496571854,0.896034292477392,1.0
2022-01-17 00:00:00+00:00,-0.020144419420000448,0.4691553684676151,0.7136985935685138,1.0,-0.03166333003627413,9,0.6252203976200353,0.8934096863191835,1.0
2022-01-18 00:00:00+00:00,0.0035212101968180587,0.46906446102953314,0.7136558933345413,1.0,-0.020358770437312736,9,0.6296410123598164,0.8909424515648973,1.0
2022-01-19 00:00:00+00:00,-0.0161440377804013,0.4696982188464665,0.7112572105488912,1.0,-0.043156828911273065,9,0.6336137591386907,0.8902708898402761,1.0
2022-01-20 00:00:00+00:00,-0.023947410737214514,0.4709237143499697,0.7105115487496552,1.0,-0.04381236057837125,9,0.6530204289899707,0.8808271130056159,1.0
2022-01-21 00:00:00+00:00,-0.10361090278716933,0.4465297740674124,0.7104374890126518,1.0,-0.12367146423618484,9,0.6481860445328238,0.8805137734640558,1.0
2022-01-22 00:00:00+00:00,-0.03818427203002073,0.5736445984195392,0.7096087606593138,1.0,-0.08315783145090766,9,0.782503222049996,0.8797456635561199,1.0
2022-01-23 00:00:00+00:00,0.034104521030835944,0.5468725611746085,0.7087392470221373,1.0,0.0525681240888766,9,0.7546179284757557,0.8792126552023072,1.0
2022-01-24 00:00:00+00:00,0.011197343526777148,0.5686135635052754,0.7085934529317316,1.0,-0.044068924508550794,9,0.7882400612142826,0.8790266055924635,1.0
2022-01-25 00:00:00+00:00,0.008125003409283016,0.5739082280968202,0.7063381180403027,1.0,0.031002934031330847,9,0.7898849275910179,0.878378839641541,1.0
2022-01-26 00:00:00+00:00,-0.004063577950625508,0.5742177978308985,0.7049390404382686,1.0,-0.01199066051039668,9,0.7995409658525287,0.8783466947544452,1.0
2022-01-27 00:00:00+00:00,0.009377300521836274,0.5736910884687276,0.7041014909111143,1.0,-0.019835470625601363,9,0.79938520168333,0.8773929055165196,1.0
2022-01-28 00:00:00+00:00,0.014667294624234772,0.5436286013321568,0.7028426113393667,1.0,0.02322312179923748,9,0.758509859352296,0.8761736908905213,1.0
2022-01-29 00:00:00+00:00,0.012452755122339454,0.5464315739629392,0.7023025470431118,1.0,0.025136975360005427,9,0.7671667055011382,0.8748966037286089,1.0
2022-01-30 00:00:00+00:00,-0.007222571518390342,0.5454203012939897,0.7010530891705853,1.0,-0.015123887473308888,9,0.7715330692274581,0.8746676715538508,1.0
2022-01-31 00:00:00+00:00,0.014890635761274806,0.5435088274110375,0.7001007126518638,1.0,0.026825404759847887,9,0.7717745528771104,0.8681746213271821,1.0
2022-02-01 00:00:00+00:00,0.006229752005948885,0.5311653090663965,0.6997318110385027,1.0,0.029181071278914908,9,0.7633088927571193,0.8652488935696971,1.0
2022-02-02 00:00:00+00:00,-0.046400277001152346,0.5331660641519353,0.6981061962996968,1.0,-0.05373807510123801,9,0.7746706914766159,0.8639425020240152,1.0
2022-02-03 00:00:00+00:00,0.011299435028248483,0.5506409810836603,0.6980947096531661,1.0,0.014068837696261216,9,0.7897643442342847,0.8591892312573128,1.0
2022-02-04 00:00:00+00:00,0.11411116916522657,0.5541527161638327,0.6977407956453547,1.0,0.10536317673189093,9,0.7944361029385187,0.8577436061677988,1.0
2022-02-05 00:00:00+00:00,-0.004735415569392276,0.6590467925366498,0.6968897178997812,1.0,-0.00021557511926664465,9,0.8713886079951214,0.8556288478248065,0.9819141999037895
2022-02-06 00:00:00+00:00,0.023867057805786684,0.6587497437923934,0.6941052346301142,1.0,0.02615176389191307,9,0.8713043031923143,0.8556288478248065,0.9820092069899397
2022-02-07 00:00:00+00:00,0.03476426148955292,0.652059682127768,0.693643426841115,1.0,0.05814898321853078,9,0.8646508102580169,0.8556288478248065,0.9895657734588623
2022-02-08 00:00:00+00:00,0.004422487860396229,0.6624687401239933,0.6932010840284322,1.0,-0.01025015711937839,9,0.8855833257352285,0.8556288478248065,0.9661754269305453
2022-02-09 00:00:00+00:00,0.00792497388618929,0.662493765850385,0.6918175302615934,1.0,0.016395628796573216,9,0.8843016599588402,0.8556288478248065,0.9675757567441767
2022-02-10 00:00:00+00:00,-0.020273954085655688,0.6627850985185807,0.6897121436039813,1.0,-0.046952671971102394,9,0.8861194031438533,0.8556288478248065,0.9655909178708088
2022-02-11 00:00:00+00:00,-0.02542363137574133,0.6635620053968002,0.6896287503345986,1.0,-0.0673657375984949,9,0.882429645589521,0.8556288478248065,0.969628402786933
2022-02-12 00:00:00+00:00,-0.003864893880584752,0.6624731417976439,0.6886067008426191,1.0,0.0026295013941972766,9,0.8944553261441395,0.8556288478248065,0.9565920430182825
2022-02-13 00:00:00+00:00,-0.0036524964647528524,0.6538796171052799,0.6883084065188559,1.0,-0.018263529040902955,9,0.8941124718553533,0.8556288478248065,0.9569588555781017
2022-02-14 00:00:00+00:00,0.011171205439395315,0.6525522612307487,0.6874429353245615,1.0,0.015520823043549724,9,0.8877072745960098,0.8556288478248065,0.9638637333621018
2022-02-15 00:00:00+00:00,0.04756967465568218,0.6538647417607135,0.686961275037125,1.0,0.07894213096002806,9,0.8911560106012498,0.8556288478248065,0.9601336215502001
2022-02-16 00:00:00+00:00,-0.015304095680335306,0.6740219668512301,0.6865747650129845,1.0,-0.016138220768042548,9,0.9357649275422456,0.8556288478248065,0.914363022850286
2022-02-17 00:00:00+00:00,-0.07690519386982975,0.6722621347995669,0.686115838336213,1.0,-0.07507242555336315,9,0.9316823964205305,0.8556288478248065,0.9183696623571324
2022-02-18 00:00:00+00:00,-0.012577591443089786,0.7295050003386799,0.6852085015815641,0.9392786907059572,-0.020655616098228722,9,0.9648120562849337,0.8556288478248065,0.8868347386945561
2022-02-19 00:00:00+00:00,0.002082958250815281,0.7286905691038023,0.6852085015815641,0.9403284887085671,0.010235377264521074,9,0.9568806608967365,0.8556288478248065,0.8941855372256742
2022-02-20 00:00:00+00:00,-0.042046688043518965,0.7240617071449303,0.6852085015815641,0.9463399249263306,-0.05241192743576903,9,0.9480392445434174,0.8556288478248065,0.9025247137705609
2022-02-21 00:00:00+00:00,-0.035999426926633604,0.6291865919680181,0.6852085015815641,1.0,-0.07014384859090031,9,0.8495031563298168,0.8556288478248065,1.0
2022-02-22 00:00:00+00:00,0.03303384449098146,0.6273884575145067,0.6829074258646474,1.0,0.037572812491172725,9,0.8329726868753812,0.853649129072332,1.0
2022-02-23 00:00:00+00:00,-0.025443369081872835,0.626738993400519,0.6827719344355456,1.0,-0.02917528251940417,9,0.8230605111997186,0.8525224788390969,1.0
2022-02-24 00:00:00+00:00,0.028890982438340762,0.6329845410845031,0.6823755808319524,1.0,0.008572729098801222,9,0.8145121363271401,0.8518223186520824,1.0
2022-02-25 00:00:00+00:00,0.02320673454427835,0.6400049697398058,0.6767437305980982,1.0,0.05672695149301789,9,0.8073387955108277,0.8495031563298168,1.0
2022-02-26 00:00:00+00:00,-0.003010965421063605,0.6441197128500094,0.6746746005409628,1.0,-0.0010177130180826837,9,0.8303657472815515,0.8479709070238184,1.0
2022-02-27 00:00:00+00:00,-0.03620746090034044,0.6438179552542042,0.6740219668512301,1.0,-0.05318898734379775,9,0.8271194512872031,0.8435083929209757,1.0
2022-02-28 00:00:00+00:00,0.1455585537539832,0.655779159884484,0.6735913627649902,1.0,0.12265378029839977,9,0.845327033725732,0.8427710259351932,0.9969763089448667
2022-03-01 00:00:00+00:00,0.028773395899970522,0.8088141222699077,0.6730451321457588,0.8321382053232229,0.03329335761841793,9,0.935621542131742,0.8427710259351932,0.9007606045656067
2022-03-02 00:00:00+00:00,-0.011396383415582911,0.8120554649003477,0.6730451321457588,0.8288167018595857,-0.01799217378029177,9,0.9397977739275819,0.8427710259351932,0.8967578444169997
2022-03-03 00:00:00+00:00,-0.03314401271651557,0.8133543059768356,0.6730451321457588,0.8274931689670396,-0.033298033368265235,9,0.9387037181143034,0.8427710259351932,0.8978030124650803
2022-03-04 00:00:00+00:00,-0.07786885245901642,0.8240930447913272,0.6730451321457588,0.8167101232072453,-0.0629294481684228,9,0.9412963343095652,0.8427710259351932,0.8953301900972135
2022-03-05 00:00:00+00:00,0.0062656449553002425,0.8576539122095747,0.6730451321457588,0.7847514277778923,0.020099817012961867,9,0.9490237336582394,0.8427710259351932,0.8880399889331853
2022-03-06 00:00:00+00:00,-0.024876063895946987,0.857151756641127,0.6730451321457588,0.7852111681870471,-0.04349536305048524,9,0.9504119203225817,0.8427710259351932,0.8867429036971107
2022-03-07 00:00:00+00:00,-0.01109714098288972,0.7709298582373652,0.6730451321457588,0.8730303087295028,-0.027496132700071944,9,0.8892686625545173,0.8427710259351932,0.9477124983964297
2022-03-08 00:00:00+00:00,0.019381926347100453,0.7714747922466252,0.6730451321457588,0.8724136406139368,0.015291249034268928,9,0.8924484488173438,0.8427710259351932,0.9443358067931182
2022-03-09 00:00:00+00:00,0.0833718525098579,0.7697311061656477,0.6730451321457588,0.874389935335312,0.07761576693099943,9,0.8883805351789146,0.8427710259351932,0.948659940827569
2022-03-10 00:00:00+00:00,-0.06039962911672092,0.813067179098347,0.6730451321457588,0.8277853902455317,-0.04976495553710204,9,0.9068009956463707,0.8427710259351932,0.929389171363297
2022-03-11 00:00:00+00:00,-0.017425209094898753,0.839851625253133,0.6730451321457588,0.8013857589939195,-0.013989232084256188,9,0.9202028606344154,0.8427710259351932,0.9158535166410606
2022-03-12 00:00:00+00:00,0.001778844912606825,0.8401284382013979,0.6730451321457588,0.8011217113262562,0.00014125778190796388,9,0.9164288796352925,0.8427710259351932,0.9196251282157185
2022-03-13 00:00:00+00:00,-0.026831160329777615,0.8383986861606654,0.6730451321457588,0.8027745549410137,-0.029719618931985,9,0.9055754675562702,0.8427710259351932,0.9306469268756173
2022-03-14 00:00:00+00:00,0.05066100294485287,0.8388900032926329,0.6730451321457588,0.8023043897341308,0.030188681672656797,9,0.8811947201834146,0.8427710259351932,0.9563959095893995
2022-03-15 00:00:00+00:00,-0.00982764444041162,0.8592190480379449,0.6730451321457588,0.783321940642121,0.0030852454381404826,9,0.8894045399063507,0.8427710259351932,0.9475677131397735
2022-03-16 00:00:00+00:00,0.046942895180977384,0.8596371851354351,0.6730451321457588,0.7829409241291966,0.054487054627001465,9,0.8883767538269145,0.8427710259351932,0.9486639787733495
2022-03-17 00:00:00+00:00,-0.005324839525384206,0.874869778522419,0.6730451321457588,0.7693089287899224,0.0052538074813658475,9,0.9081837470850094,0.8427710259351932,0.9279741336929108
2022-03-18 00:00:00+00:00,0.020702046004546615,0.8578963234466297,0.6730451321457588,0.7845296847080256,0.03506674104795035,9,0.8634785476205342,0.8427710259351932,0.9760184873817603
2022-03-19 00:00:00+00:00,0.010805658601538815,0.8604125271671014,0.6730451321457588,0.7822353939473108,0.023257667822500397,9,0.8732579621806446,0.8427710259351932,0.9650882813947423
2022-03-20 00:00:00+00:00,-0.022368274532009957,0.8133130964198432,0.6730451321457588,0.827535097010566,-0.03505794942655603,9,0.8347634190104155,0.8427710259351932,1.0
2022-03-21 00:00:00+00:00,-0.006286503647335406,0.816214670107588,0.6730451321457588,0.8245932801686136,0.017276816781924706,9,0.8410048188681022,0.8409434245819045,0.999926998888924
2022-03-22 00:00:00+00:00,0.03338975114380194,0.8166047120131683,0.6730451321457588,0.8241994226147761,0.02135840009180687,9,0.8424611207453061,0.8409434245819045,0.9981984970866562
2022-03-23 00:00:00+00:00,0.01198413129208209,0.8082869697922104,0.6730451321457588,0.8326809132142526,0.051384048848947574,9,0.8227984186518436,0.8409434245819045,1.0
2022-03-24 00:00:00+00:00,0.02612842667412929,0.7957272389435246,0.6730451321457588,0.8458239195623753,0.031194272682700537,9,0.7929344425263746,0.8399199528071334,1.0
2022-03-25 00:00:00+00:00,0.007206670772643253,0.7931399946112918,0.6730451321457588,0.8485830202972049,-0.02911634413998063,9,0.7902322451720509,0.839519741698497,1.0
2022-03-26 00:00:00+00:00,0.004185658197572106,0.7855042590609265,0.6730451321457588,0.8568319323314516,0.025963280000648084,9,0.7901977082702629,0.838994601930555,1.0
2022-03-27 00:00:00+00:00,0.05209477906232096,0.7812284988423086,0.6730451321457588,0.8615214794943282,0.04705389661460102,9,0.7930948218658644,0.8389018040178668,1.0
2022-03-28 00:00:00+00:00,0.00680877965225668,0.7951987351423316,0.6730451321457588,0.8463860697983773,-0.00912462283426891,9,0.7866442059787702,0.8373506272249566,1.0
2022-03-29 00:00:00+00:00,0.0064296881463365985,0.7945498788580333,0.6730451321457588,0.8470772572680935,0.03185687051802408,9,0.7881238481846131,0.8373506272249566,1.0
2022-03-30 00:00:00+00:00,-0.008302454693764005,0.7791881429071033,0.6730451321457588,0.8637774307430662,0.011499924398321593,9,0.7612738060790569,0.8373506272249566,1.0
2022-03-31 00:00:00+00:00,-0.0325399203824025,0.6282601093160978,0.6730451321457588,1.0,-0.02506809269598335,9,0.657091716158897,0.8366495443947193,1.0
2022-04-01 00:00:00+00:00,0.016887490690679963,0.6334062245451959,0.6729878562398811,1.0,0.03933435613892362,9,0.6580632294000166,0.8366495443947193,1.0
2022-04-02 00:00:00+00:00,-0.010181992585487132,0.6341657184276154,0.6729878562398811,1.0,-0.006363469674511414,9,0.6641991610377913,0.8366495443947193,1.0
2022-04-03 00:00:00+00:00,0.012875330395514029,0.6228294323173309,0.6729878562398811,1.0,0.04046363121787763,9,0.6504870483908807,0.8366495443947193,1.0
2022-04-04 00:00:00+00:00,0.00406626700742585,0.5454950255193303,0.6729878562398811,1.0,-0.00537479560324509,9,0.6068990074934418,0.8366495443947193,1.0
2022-04-05 00:00:00+00:00,-0.0234660874902618,0.5455192189938075,0.6729878562398811,1.0,-0.014828965879367476,9,0.6080542356841919,0.8366495443947193,1.0
2022-04-06 00:00:00+00:00,-0.05110820522400361,0.5445152878376497,0.6729878562398811,1.0,-0.08819806532170087,9,0.5835792199625799,0.8366495443947193,1.0
2022-04-07 00:00:00+00:00,0.006214100426162661,0.5785492491134302,0.6729878562398811,1.0,0.04248764651913871,9,0.6727558708182801,0.8366495443947193,1.0
2022-04-08 00:00:00+00:00,-0.027375282833421277,0.5760985324896938,0.6729878562398811,1.0,-0.03475528844407654,9,0.6826127850288245,0.8366495443947193,1.0
2022-04-09 00:00:00+00:00,0.01144006626434746,0.5161422376189618,0.6729878562398811,1.0,0.014912090926186469,9,0.6561749587661126,0.8357407920726866,1.0
2022-04-10 00:00:00+00:00,-0.013830653463863807,0.4652529066784819,0.6729878562398811,1.0,-0.022672761334327916,9,0.6247236061443108,0.8347726625815902,1.0
2022-04-11 00:00:00+00:00,-0.06211548545221168,0.46342097274212196,0.6729878562398811,1.0,-0.07485628001371819,9,0.629277030571198,0.8347726625815902,1.0
2022-04-12 00:00:00+00:00,0.013686050600440591,0.5189690637303431,0.6729878562398811,1.0,0.025997896320828447,9,0.6952269315788626,0.8347726625815902,1.0
2022-04-13 00:00:00+00:00,0.026927674611869623,0.5108919242900618,0.6729878562398811,1.0,0.022642237298185795,9,0.6875325261743018,0.8347726625815902,1.0
2022-04-14 00:00:00+00:00,-0.02941726833749303,0.4899764634761639,0.6729878562398811,1.0,-0.02416661815169732,9,0.6848434479846301,0.8347726625815902,1.0
2022-04-15 00:00:00+00:00,0.015078069446252673,0.5005148228184129,0.6729878562398811,1.0,0.01861765219492279,9,0.6930132387973835,0.8347726625815902,1.0
2022-04-16 00:00:00+00:00,-0.003966355047976156,0.4763137671072573,0.6729878562398811,1.0,-0.001774066032645479,9,0.6730899503571068,0.8347726625815902,1.0
2022-04-17 00:00:00+00:00,-0.017508580938182527,0.4761622644700433,0.6729878562398811,1.0,-0.027059032003435193,9,0.673363052295773,0.8347726625815902,1.0
2022-04-18 00:00:00+00:00,0.028034038091205193,0.47365140173142917,0.6729878562398811,1.0,0.02394370016623748,9,0.6723775430209029,0.8347726625815902,1.0
2022-04-19 00:00:00+00:00,0.01731011587479836,0.4828237289314657,0.6729878562398811,1.0,0.028614897879453,9,0.6726494925830597,0.8347726625815902,1.0
2022-04-20 00:00:00+00:00,-0.0031982531319744156,0.4804835153071602,0.6729878562398811,1.0,-0.020482368137009717,9,0.6648823259521435,0.8347634190104155,1.0
2022-04-21 00:00:00+00:00,-0.02133045767879549,0.48007770041069736,0.6729878562398811,1.0,-0.0342639822252727,9,0.6684093907287916,0.834422744896885,1.0
2022-04-22 00:00:00+00:00,-0.019369263646807355,0.47106276926577745,0.6729878562398811,1.0,-0.008596856440612168,9,0.6772693025281465,0.8333016417370191,1.0
2022-04-23 00:00:00+00:00,-0.0062631479498646,0.47255097701690024,0.6729878562398811,1.0,-0.013779458199083315,9,0.6538792549542379,0.8333016417370191,1.0
2022-04-24 00:00:00+00:00,0.00026366561115920284,0.4614293883388964,0.6729878562398811,1.0,-0.009813555004122128,9,0.6448355771791677,0.8329726868753812,1.0
2022-04-25 00:00:00+00:00,0.024790707223293795,0.46001556291986717,0.6729878562398811,1.0,0.02912549001584113,9,0.6381735333140127,0.8329726868753812,1.0
2022-04-26 00:00:00+00:00,-0.057513281427765905,0.4698410113346654,0.6729878562398811,1.0,-0.07848313960643137,9,0.6399462830126849,0.8329726868753812,1.0
2022-04-27 00:00:00+00:00,0.029217729026163264,0.46745848461565187,0.6729878562398811,1.0,0.02198072410050167,9,0.6735318972807487,0.8329726868753812,1.0
2022-04-28 00:00:00+00:00,0.013531223546929594,0.4816404635373127,0.6729878562398811,1.0,-0.008848176593858899,9,0.6804600971348672,0.8325806630926509,1.0
2022-04-29 00:00:00+00:00,-0.02936270945961239,0.4845602954258734,0.6729878562398811,1.0,-0.04750108046912439,9,0.6675629516118672,0.8303657472815515,1.0
2022-04-30 00:00:00+00:00,-0.024629443887217328,0.4916534272433983,0.6729878562398811,1.0,-0.06581085022690263,9,0.6799347260879394,0.8271194512872031,1.0
2022-05-01 00:00:00+00:00,0.022214191573487474,0.48693345441087266,0.6729878562398811,1.0,0.05038906280812186,9,0.7088894730639976,0.8230605111997186,1.0
2022-05-02 00:00:00+00:00,0.0018378147940192324,0.49038010096866763,0.6722621347995669,1.0,-0.0008926105484728324,9,0.7189090626453127,0.8227984186518436,1.0
2022-05-03 00:00:00+00:00,-0.021042908332317034,0.49092710600110107,0.6688433197652566,1.0,-0.011960572819704394,9,0.7194797182110776,0.816915935687183,1.0
2022-05-04 00:00:00+00:00,0.05249501050907379,0.4890942311323634,0.668422235039633,1.0,0.08692920647014152,9,0.6972833912155463,0.8169153700196191,1.0
2022-05-05 00:00:00+00:00,-0.07993220834099302,0.5283971802232681,0.6678210813424803,1.0,-0.09486949223362663,9,0.7713800290426083,0.8145121363271401,1.0
2022-05-06 00:00:00+00:00,-0.014240826805489437,0.5915896459400023,0.6663916296833257,1.0,-0.017128155186105307,9,0.8346584900345986,0.8114928627657132,0.9722453823384398
2022-05-07 00:00:00+00:00,-0.01484916216628962,0.5695071346412565,0.6648074053293316,1.0,-0.02866494483726012,9,0.7820945540036306,0.8114928627657132,1.0
2022-05-08 00:00:00+00:00,-0.04031205697745521,0.5685646020681717,0.6635620053968002,1.0,-0.024773943869486923,9,0.7636579372236798,0.8111204389958103,1.0
2022-05-09 00:00:00+00:00,-0.11654782322674628,0.5766523180586137,0.6627850985185807,1.0,-0.16271505977024242,9,0.7603492795477885,0.8093002772535421,1.0
2022-05-10 00:00:00+00:00,0.03114829847848699,0.7014148214940992,0.6625440998361897,0.9445824062070571,0.05333222734447654,9,0.9515892069336183,0.8073387955108277,0.8484110471496201
2022-05-11 00:00:00+00:00,-0.06252961903871512,0.7167220545522912,0.6625440998361897,0.9244086959903244,-0.1998370186037911,9,0.9811100334540307,0.8073387955108277,0.822883028388329
2022-05-12 00:00:00+00:00,-0.0012551883986203771,0.7171417015997934,0.6625440998361897,0.9238677633139896,-0.05197294146884627,9,1.204209449316773,0.8073387955108277,0.6704305434315301
2022-05-13 00:00:00+00:00,0.008487473659564593,0.7127893204529816,0.6625440998361897,0.929509015953184,0.06407333838621512,9,1.1985743837068583,0.8073387955108277,0.673582554813121
2022-05-14 00:00:00+00:00,0.027344456849429655,0.7035977865578803,0.6625440998361897,0.9416517682317731,0.0279004544905009,9,1.2247952263339699,0.8073387955108277,0.659162264966803
2022-05-15 00:00:00+00:00,0.04090035958551286,0.7126340261600237,0.6625440998361897,0.9297115707570969,0.07668093823495609,9,1.2361277607082322,0.8073387955108277,0.6531192172630017
2022-05-16 00:00:00+00:00,-0.04603954547921674,0.7286676568900582,0.6625440998361897,0.9092541621291621,-0.0731419143053312,9,1.271827744364829,0.8073387955108277,0.6347862743897174
2022-05-17 00:00:00+00:00,0.019180759666520553,0.7406704438447774,0.6625440998361897,0.8945194253964848,0.03649178494260985,9,1.2868302014926372,0.8073387955108277,0.6273856446440008
2022-05-18 00:00:00+00:00,-0.05705700774990152,0.7469340303266248,0.6625440998361897,0.8870182277629894,-0.1013522698474057,9,1.3007992431931437,0.8073387955108277,0.6206482666218414
2022-05-19 00:00:00+00:00,0.05590903550471027,0.7546006882611452,0.6625440998361897,0.8780062225531691,0.04510188842588928,9,1.3282818972900536,0.8073387955108277,0.6078068195899918
2022-05-20 00:00:00+00:00,-0.0371175366673373,0.7831657604900043,0.6625440998361897,0.8459819533244851,-0.04091904992033387,9,1.336945169347639,0.8073387955108277,0.6038682917002256
2022-05-21 00:00:00+00:00,0.00851530253986188,0.7884229642342653,0.6625440998361897,0.840340946283405,0.023445299799800774,9,1.3388553412191613,0.8073387955108277,0.6030067406503119
2022-05-22 00:00:00+00:00,0.02905264730955648,0.7906107555100521,0.6625440998361897,0.8380155407938488,0.03137418082175415,9,1.347094019589959,0.8073387955108277,0.5993188179668208
2022-05-23 00:00:00+00:00,-0.03896562536099146,0.8015420537029359,0.6625440998361897,0.8265868232058339,-0.04978446866582282,9,1.3583089190581161,0.8073387955108277,0.5943705324931943
2022-05-24 00:00:00+00:00,0.01872387775217299,0.808580501355556,0.6625440998361897,0.8193916359910465,0.012657176189927628,9,1.362831204562671,0.8073387955108277,0.5923982315696247
2022-05-25 00:00:00+00:00,-0.003981377536400377,0.8140331440294618,0.6625440998361897,0.8139031005010413,-0.024809466594133793,9,1.3671618481249521,0.8073387955108277,0.5905217415319804
2022-05-26 00:00:00+00:00,-0.011751565408698594,0.8050754530809472,0.6625440998361897,0.8229590124760312,-0.07045276432353095,9,1.3562707571355195,0.8073387955108277,0.5952637342236509
2022-05-27 00:00:00+00:00,-0.019326798594414663,0.7856734125832845,0.6625440998361897,0.8432818130598984,-0.03279086661157044,9,1.351709935369956,0.8073387955108277,0.5972722211957873
2022-05-28 00:00:00+00:00,0.013899802678680517,0.7745077687399358,0.6625440998361897,0.8554389337037867,0.03776324409280147,9,1.3435701159660023,0.8073387955108277,0.6008907059758216
2022-05-29 00:00:00+00:00,0.015000947246955887,0.7746501736196246,0.6625440998361897,0.8552816773284786,0.024065107287813796,9,1.3589215765692786,0.8073387955108277,0.5941025659104097
2022-05-30 00:00:00+00:00,0.07721518987341769,0.7762995794398627,0.6625440998361897,0.853464458030812,0.09231071547927071,9,1.363849209311361,0.8073387955108277,0.5919560534983714
2022-05-31 00:00:00+00:00,0.0019721318240959462,0.8262988362921505,0.6625440998361897,0.8018214122256577,0.00355446742462642,9,1.4010016133694405,0.8073387955108277,0.5762582910730272
2022-06-01 00:00:00+00:00,-0.06293684306506231,0.8208032320068706,0.6625440998361897,0.8071899256734942,-0.08624778466775397,9,1.384308544748708,0.8073387955108277,0.5832072615410916
2022-06-02 00:00:00+00:00,0.021722499597358613,0.8451718028749193,0.6625440998361897,0.7839164742393121,0.031046857544200248,9,1.407782014069261,0.8073387955108277,0.5734828172560441
2022-06-03 00:00:00+00:00,-0.024715440746651884,0.8502303434908773,0.6625440998361897,0.7792524754126215,-0.045402255812118875,9,1.4178174034011641,0.8073387955108277,0.5694236744267098
2022-06-04 00:00:00+00:00,0.00539766987675927,0.8256451898150646,0.6625440998361897,0.8024561979033539,0.02665547475280223,9,1.3744363106171174,0.8073387955108277,0.5873962942294032
2022-06-05 00:00:00+00:00,0.002197044038006357,0.782958421557727,0.6625440998361897,0.8462059818170571,0.0008577590283639851,9,1.3535111648770004,0.8073387955108277,0.5964773815398813
2022-06-06 00:00:00+00:00,0.04836267999826216,0.7830588380240322,0.6625440998361897,0.8460974676028828,0.048590949098382734,9,1.3548718817606418,0.8073387955108277,0.59587833091768
2022-06-07 00:00:00+00:00,-0.007666291586842622,0.8040433718306073,0.6625440998361897,0.8240153741056794,-0.014207554423170739,9,1.3717490985463336,0.8073387955108277,0.5885469845516054
2022-06-08 00:00:00+00:00,-0.029813109930422077,0.7930368596145162,0.6625440998361897,0.8354518353134844,-0.007890267512081599,9,1.371111431558505,0.8073387955108277,0.5888207018981293
2022-06-09 00:00:00+00:00,-0.003095770217697247,0.6712171328137788,0.6625440998361897,0.9870786477972764,0.008621023217917752,9,1.2359339960496307,0.8073387955108277,0.6532216106129407
2022-06-10 00:00:00+00:00,-0.03366435285130687,0.6621530989928971,0.6625440998361897,1.0,-0.07876361770017588,9,1.2188502675473716,0.8073387955108277,0.6623773378951568
2022-06-11 00:00:00+00:00,-0.022945207833540815,0.6333262067195065,0.662493765850385,1.0,-0.07346755069809546,9,0.9837895249371257,0.8073387955108277,0.8206417887631249
2022-06-12 00:00:00+00:00,-0.06497161229500703,0.638491894725172,0.6624731417976439,1.0,-0.09153906040917115,9,1.0013237043262053,0.8073387955108277,0.8062715303979437
2022-06-13 00:00:00+00:00,-0.15435201348341654,0.6780970757619349,0.6624687401239933,0.9769526573752275,-0.09298891890118108,9,1.0198061547607808,0.8073387955108277,0.7916590733855766
2022-06-14 00:00:00+00:00,-0.01507696414271742,0.879022306643325,0.6624687401239933,0.7536426949774765,0.02683286954229262,9,1.0543618916262663,0.8073387955108277,0.765713178674899
2022-06-15 00:00:00+00:00,0.020204073336314687,0.8605523131797805,0.6624687401239933,0.7698180923785338,0.09418001456789622,9,1.0167152701166253,0.8073387955108277,0.7940657716473752
2022-06-16 00:00:00+00:00,-0.09692558353699576,0.8574838333746053,0.6624687401239933,0.7725728629971539,-0.1235901945390126,9,1.0574186808935058,0.8073387955108277,0.7634996525961092
2022-06-17 00:00:00+00:00,0.0035593120624399788,0.9094069458793435,0.6624687401239933,0.7284623711372962,0.020134842751915412,9,1.1248137184079923,0.8073387955108277,0.7177533331061222
2022-06-18 00:00:00+00:00,-0.0731467820887356,0.8961362890013393,0.6624687401239933,0.739249987144537,-0.05772231450759302,9,1.0820483036882373,0.8073387955108277,0.7461208457690446
2022-06-19 00:00:00+00:00,0.08425879562524696,0.8912243364664364,0.6624687401239933,0.7433243382362931,0.09174397382282912,9,1.074991358421511,0.8073387955108277,0.7510188702319456
2022-06-20 00:00:00+00:00,0.0004715353092445973,0.9483828117982254,0.6624687401239933,0.698524616729281,0.019990104704468256,9,1.128385397483611,0.8073387955108277,0.7154814279866233
2022-06-21 00:00:00+00:00,0.006928787996579366,0.9466512463443011,0.6624687401239933,0.6998023217972403,0.015291408908731683,9,1.127160434567635,0.8073387955108277,0.7162589909576741
2022-06-22 00:00:00+00:00,-0.035225879923178605,0.9379217460460623,0.6624687401239933,0.7063155779431718,-0.04975560331842003,9,1.1211203666158567,0.8073387955108277,0.7201178567006232
2022-06-23 00:00:00+00:00,0.05569337881500891,0.9366070986328233,0.6624687401239933,0.7073069818614517,0.07398333592546304,9,1.1211068964622772,0.8073387955108277,0.7201265089514974
2022-06-24 00:00:00+00:00,0.006201763404384275,0.9594707581785025,0.6624687401239933,0.6904522461754335,0.07059590385540725,9,1.1552728869193527,0.8073387955108277,0.6988295186807983
2022-06-25 00:00:00+00:00,0.011856218629048065,0.9611066760586339,0.6624687401239933,0.6892770143275733,0.016195067499871332,9,1.1849736984546317,0.8073387955108277,0.6813136836401585
2022-06-26 00:00:00+00:00,-0.021010163055617648,0.9643761762441614,0.6624687401239933,0.6869401758803599,-0.03836043384609643,9,1.1625149815922147,0.8073387955108277,0.6944760354013441
2022-06-27 00:00:00+00:00,-0.014150517394631468,0.9646032601999185,0.6624687401239933,0.6867784585205461,-0.014508777933864193,9,1.1645528315531963,0.8073387955108277,0.6932607724065705
2022-06-28 00:00:00+00:00,-0.022154828257892833,0.9607449810014861,0.6624687401239933,0.6895365088802567,-0.05493048349168138,9,1.1556989246395577,0.8073387955108277,0.6985719016417901
2022-06-29 00:00:00+00:00,-0.008081495397147087,0.9567920549859077,0.6624687401239933,0.6923852854670188,-0.009699078707258823,9,1.1640569496546587,0.8073387955108277,0.6935560977066811
2022-06-30 00:00:00+00:00,-0.008718993885768356,0.9043975778372276,0.6624687401239933,0.7324972516050055,-0.017760711080915408,9,1.11088889085354,0.8073387955108277,0.7267502647276608
2022-07-01 00:00:00+00:00,-0.03311168612348048,0.9026060999794983,0.6624687401239933,0.733951100196465,-0.025403632497807947,9,1.1097837147304408,0.8073387955108277,0.7274739976761373
2022-07-02 00:00:00+00:00,-0.0017011301105215315,0.8874935716781237,0.6624687401239933,0.7464490575085061,0.007932369919768744,9,1.07490867708391,0.8073387955108277,0.7510766381577966
2022-07-03 00:00:00+00:00,0.003491181130997223,0.8793000201158578,0.6624687401239933,0.7534046684505994,0.00639208228809877,9,1.0670340945101597,0.8073387955108277,0.7566194929145637
2022-07-04 00:00:00+00:00,0.04760376274222522,0.8809486274130067,0.6624687401239933,0.751994746923437,0.05283675571628684,9,1.0606360059714384,0.8073387955108277,0.7611836586401615
2022-07-05 00:00:00+00:00,-0.0028020479165019596,0.9039136293439954,0.6624687401239933,0.7328894250712561,-0.019294695640849378,9,1.0747094630912142,0.8073387955108277,0.7512158618094406
2022-07-06 00:00:00+00:00,0.0192729885769507,0.9030257244056177,0.6624687401239933,0.7336100425710885,0.02951400307264492,9,1.074919614383029,0.8073387955108277,0.7510689959585632
2022-07-07 00:00:00+00:00,0.05092525063936115,0.8844945703848439,0.6624687401239933,0.7489799963788957,0.04276785301454576,9,1.0646931193711353,0.8073387955108277,0.7582830966238282
2022-07-08 00:00:00+00:00,-0.0008836537927715549,0.9119095673302025,0.6624687401239933,0.7264631975114626,-0.019967605540296356,9,1.0793576699969232,0.8073387955108277,0.7479807833423087
2022-07-09 00:00:00+00:00,-0.00028246363859485424,0.9103247347451239,0.6624687401239933,0.7277279358002655,0.015125578381798288,9,1.0802617488850177,0.8073387955108277,0.7473547928028693
2022-07-10 00:00:00+00:00,-0.03371993922999961,0.9106925669991687,0.6624687401239933,0.7274340036692075,-0.04265414982991901,9,1.0817293198409592,0.8073387955108277,0.7463408643019183
2022-07-11 00:00:00+00:00,-0.04271963799516798,0.9107109990769732,0.6624687401239933,0.7274192809743385,-0.06357351354508824,9,1.0564938337570389,0.8073387955108277,0.7641680147245334
2022-07-12 00:00:00+00:00,-0.03189720786764416,0.9169082256934628,0.6624687401239933,0.7225027778793941,-0.027895832241140648,9,1.0482681215679723,0.8073387955108277,0.7701644063192833
2022-07-13 00:00:00+00:00,0.04646363288402444,0.8982977915556628,0.6624687401239933,0.7374711886764597,0.058372526771896464,9,1.0006775788512998,0.8073387955108277,0.8067921302259914
2022-07-14 00:00:00+00:00,0.017912483874315877,0.7190314901309883,0.6624687401239933,0.921334808303471,0.034419969779844774,9,0.9626937722626745,0.8073387955108277,0.8386247203129744
2022-07-15 00:00:00+00:00,0.011522717671566207,0.7214734143641081,0.6624687401239933,0.9182164261837419,0.005510106466697929,9,0.9654523658290363,0.8073387955108277,0.8362285122348464
2022-07-16 00:00:00+00:00,0.017339209078602424,0.7187424721014233,0.6624687401239933,0.9217052920041031,0.051792407405493575,9,0.911527576323027,0.8073387955108277,0.8856987067440328
2022-07-17 00:00:00+00:00,-0.018501741173805875,0.6257968903264405,0.6624687401239933,1.0,-0.024364382492616892,9,0.7972793938879948,0.8073387955108277,1.0
2022-07-18 00:00:00+00:00,0.07869041609576688,0.6295701631751961,0.6621530989928971,1.0,0.11590773605228821,9,0.8018188627908577,0.8063560271827956,1.0
2022-07-19 00:00:00+00:00,0.042509571115954214,0.6198848588328321,0.6606994953935812,1.0,0.03521521204043945,9,0.8505926081754686,0.804728117691989,0.9460793686158884
2022-07-20 00:00:00+00:00,-0.006938536451898347,0.5732214403214153,0.6595390379612177,1.0,-0.03483717268609007,9,0.8077511939167139,0.804728117691989,0.9962574165813779
2022-07-21 00:00:00+00:00,-0.003517185562749714,0.5744287377631929,0.6594372159756582,1.0,0.02286911328940126,9,0.8198288788857055,0.804728117691989,0.9815805937279971
2022-07-22 00:00:00+00:00,-0.019950663366037236,0.5749243331033841,0.6590467925366498,1.0,-0.033037407161852154,9,0.8213559660549086,0.804728117691989,0.9797556126087626
2022-07-23 00:00:00+00:00,-0.010372355666444788,0.5638277967201094,0.6587497437923934,1.0,0.008266139182597578,9,0.8083623177170325,0.804728117691989,0.9955042436474437
2022-07-24 00:00:00+00:00,0.006017817371937628,0.5360938735390472,0.6583499886875589,1.0,0.010786413663991726,9,0.7735510427607875,0.804728117691989,1.0
2022-07-25 00:00:00+00:00,-0.056298178887850825,0.5360765410620687,0.6572429691982392,1.0,-0.09138316297434221,9,0.7387931067197976,0.8021219053895995,1.0
2022-07-26 00:00:00+00:00,-0.0027963366113654686,0.5739757688406185,0.655779159884484,1.0,-0.00484800165553788,9,0.8118289406274963,0.8019281583728506,0.9878043492179609
2022-07-27 00:00:00+00:00,0.07984379410934417,0.5690840029699301,0.655779159884484,1.0,0.09681333466986193,9,0.8005892644454279,0.8021219053895995,1.0
2022-07-28 00:00:00+00:00,0.03889155156638058,0.6255468211138949,0.655779159884484,1.0,0.04106173761611766,9,0.8613970780583375,0.8021219053895995,0.9311871677085911
2022-07-29 00:00:00+00:00,-0.0030490362193626996,0.6297848139540686,0.655779159884484,1.0,0.008122966249210446,9,0.8429545683640804,0.804728117691989,0.9546518257249885
2022-07-30 00:00:00+00:00,-0.005397355590238573,0.6286649564486693,0.655779159884484,1.0,0.009253310520864755,9,0.8409500456123721,0.8063560271827956,0.9588631707554217
2022-07-31 00:00:00+00:00,-0.014495021698121113,0.6278135733425397,0.655779159884484,1.0,-0.02205987338517248,9,0.8361472683211023,0.8073387955108277,0.965546173620684
2022-08-01 00:00:00+00:00,-0.0014506500027898772,0.6161864834865318,0.655779159884484,1.0,-0.006177217905787217,9,0.8344975136164279,0.8077511939167139,0.9679491918630116
2022-08-02 00:00:00+00:00,-0.012210899119319496,0.6161460417860192,0.655779159884484,1.0,-0.023391202636942228,9,0.8359671878365383,0.8083623177170325,0.9669785243713374
2022-08-03 00:00:00+00:00,-0.00726655643547125,0.6195055548646518,0.655779159884484,1.0,0.002749967536536471,9,0.8430308953359142,0.8093002772535421,0.9599888707887368
2022-08-04 00:00:00+00:00,-0.00856454087223324,0.6032136266778281,0.655779159884484,1.0,0.0016811500123716917,9,0.8273149374428621,0.8111204389958103,0.9804252314153699
2022-08-05 00:00:00+00:00,0.030358627031424,0.6043742137408593,0.655779159884484,1.0,0.061976503340161755,9,0.8227420718699431,0.8114928627657132,0.9863271741061418
2022-08-06 00:00:00+00:00,-0.015137537918931798,0.6089773250893405,0.655779159884484,1.0,-0.010819035888070268,9,0.8408170815071445,0.8118289406274963,0.9655238439879366
2022-08-07 00:00:00+00:00,0.009793713377044932,0.5897211359894676,0.655779159884484,1.0,0.02246274364027813,9,0.8330978802947888,0.8145121363271401,0.9776908039172154
2022-08-08 00:00:00+00:00,0.02746965912081567,0.5902315577192574,0.655779159884484,1.0,0.03305917079582829,9,0.8301630134667072,0.8169153700196191,0.9840421179549221
2022-08-09 00:00:00+00:00,-0.027864791098047403,0.596385538739927,0.655779159884484,1.0,-0.025547427650122176,9,0.8347099329547221,0.816915935687183,0.97868241820898
2022-08-10 00:00:00+00:00,0.034632894770942446,0.5919511533906794,0.655779159884484,1.0,0.055322679164294945,9,0.823439325609717,0.8198288788857055,0.9956154064887075
2022-08-11 00:00:00+00:00,-0.0007932134328607621,0.575917967723064,0.655779159884484,1.0,-0.006723625596377107,9,0.7948259423934838,0.8213559660549086,1.0
2022-08-12 00:00:00+00:00,0.0194658689239664,0.5596589643044229,0.655779159884484,1.0,0.02986532432001067,9,0.7847514414233577,0.8213559660549086,1.0
2022-08-13 00:00:00+00:00,0.0016516325752764516,0.5443622592022828,0.655779159884484,1.0,0.004429498077491292,9,0.7708983712011495,0.8213559660549086,1.0
2022-08-14 00:00:00+00:00,-0.00551136642608141,0.5429731913705542,0.655779159884484,1.0,-0.006299188896519283,9,0.7668769115851106,0.8213559660549086,1.0
2022-08-15 00:00:00+00:00,-0.008722233879295826,0.5439406192542849,0.6543225271985046,1.0,-0.023859836459046237,9,0.7689110920146557,0.8213559660549086,1.0
2022-08-16 00:00:00+00:00,-0.009745286112137208,0.5442372219376027,0.6543225271985046,1.0,0.00456468119630371,9,0.7633666227227327,0.8213559660549086,1.0
2022-08-17 00:00:00+00:00,-0.021798993247802767,0.5403910020001479,0.6543225271985046,1.0,-0.04030728778512735,9,0.7546687677364622,0.8213559660549086,1.0
2022-08-18 00:00:00+00:00,-0.0059471780897046855,0.48287093448372975,0.6542663660082599,1.0,-0.03313661376096528,9,0.679508233698323,0.8213559660549086,1.0
2022-08-19 00:00:00+00:00,-0.10193103448275864,0.4608920134537241,0.6538796171052799,1.0,-0.10348989558276817,9,0.6817323615550409,0.8213559660549086,1.0
2022-08-20 00:00:00+00:00,0.014686684073107026,0.593590770730231,0.6538647417607135,1.0,-0.002014165712066757,9,0.7738630299481152,0.8213559660549086,1.0
2022-08-21 00:00:00+00:00,0.01770003594876357,0.5969787717918592,0.6538647417607135,1.0,0.022664777639202074,9,0.7690052466815306,0.8213559660549086,1.0
2022-08-22 00:00:00+00:00,-0.005386839194251647,0.5978441871606638,0.6538647417607135,1.0,-0.010686540056787264,9,0.765032472305253,0.8213559660549086,1.0
2022-08-23 00:00:00+00:00,0.005761816864880087,0.5971844443459997,0.6538647417607135,1.0,0.0196094805952334,9,0.7652210228731036,0.8213559660549086,1.0
2022-08-24 00:00:00+00:00,-0.007266712509524709,0.5971443524495965,0.6538647417607135,1.0,-0.01291187629969833,9,0.7674901833955878,0.8213559660549086,1.0
2022-08-25 00:00:00+00:00,0.009159240676950509,0.5621052307531388,0.6538647417607135,1.0,0.010645603104830117,9,0.6885597567997275,0.8213559660549086,1.0
2022-08-26 00:00:00+00:00,-0.06148287968240562,0.562872590459365,0.6538647417607135,1.0,-0.08113716276850194,9,0.6887078794929223,0.8213559660549086,1.0
2022-08-27 00:00:00+00:00,-0.009779407404479135,0.5354194778189453,0.6538647417607135,1.0,-0.0027976402474930964,9,0.6748246111939734,0.8213559660549086,1.0
2022-08-28 00:00:00+00:00,-0.023978840731591733,0.5133549953524276,0.6538647417607135,1.0,-0.04115033299261503,9,0.6563149694702654,0.8213559660549086,1.0
2022-08-29 00:00:00+00:00,0.03742713978934442,0.5172486668215338,0.6538647417607135,1.0,0.05514933821949196,9,0.6671729253066048,0.8213559660549086,1.0
2022-08-30 00:00:00+00:00,-0.023538689009364178,0.5388180979106899,0.6538647417607135,1.0,-0.010994436464072721,9,0.6976151368281311,0.8213559660549086,1.0
2022-08-31 00:00:00+00:00,0.012123720498273594,0.541815910645089,0.6538647417607135,1.0,0.006037049513931408,9,0.6951865917982064,0.8213559660549086,1.0
2022-09-01 00:00:00+00:00,0.004039376439962883,0.5450929029026662,0.6538647417607135,1.0,0.015135348908591188,9,0.6961277652487508,0.8213559660549086,1.0
2022-09-02 00:00:00+00:00,-0.009188620018277915,0.5453020628929743,0.6538647417607135,1.0,-0.01266940876839331,9,0.6955506205040406,0.8213559660549086,1.0
2022-09-03 00:00:00+00:00,-0.005865073238222274,0.545472869501974,0.6538647417607135,1.0,0.004439190307750307,9,0.6960803341667929,0.8213559660549086,1.0
2022-09-04 00:00:00+00:00,0.008673026886383273,0.5452964226356496,0.6538647417607135,1.0,0.020542463478120856,9,0.6963974260720651,0.8213559660549086,1.0
2022-09-05 00:00:00+00:00,-0.010633086044511852,0.5333777160273836,0.6538647417607135,1.0,0.005652076402664297,9,0.6638634070253001,0.8213559660549086,1.0
2022-09-06 00:00:00+00:00,-0.05065459377794845,0.5325205415488591,0.6538647417607135,1.0,-0.054916740025126504,9,0.6643983850713823,0.8213559660549086,1.0
2022-09-07 00:00:00+00:00,0.027016669860126408,0.5541802345775512,0.6538647417607135,1.0,0.048383917140958896,9,0.6817155841399952,0.8213559660549086,1.0
2022-09-08 00:00:00+00:00,0.0011349502487563168,0.5538407641606073,0.6538647417607135,1.0,0.01805079222439908,9,0.6941943054683395,0.8213559660549086,1.0
2022-09-09 00:00:00+00:00,0.1056377763628551,0.5491185412242723,0.6525522612307487,1.0,0.052494074664803415,9,0.6953544232911144,0.8213559660549086,1.0
2022-09-10 00:00:00+00:00,0.013371662936709328,0.6496942440833838,0.652059682127768,1.0,0.012652612483023974,9,0.692566273153889,0.8213559660549086,1.0
2022-09-11 00:00:00+00:00,0.00860738673640049,0.6523698352511925,0.6496942440833838,0.9958986589765014,0.002267497405916943,9,0.6951628372547259,0.8213559660549086,1.0
2022-09-12 00:00:00+00:00,0.025922447951260974,0.6487535808890965,0.6496942440833838,1.0,0.012122436563863593,9,0.6850201752239423,0.8213559660549086,1.0
2022-09-13 00:00:00+00:00,-0.09956510867818047,0.6565709362427139,0.6487535808890965,0.988093662204494,-0.09637720878952938,9,0.6868663046575191,0.8213559660549086,1.0
2022-09-14 00:00:00+00:00,0.0031438276349391447,0.7468053726984238,0.6496942440833838,0.8699646090330746,0.029224108985772965,9,0.7649961787734751,0.8213559660549086,1.0
2022-09-15 00:00:00+00:00,-0.026129639790607118,0.7474496095049059,0.652059682127768,0.8723794538600106,-0.042093203488124745,9,0.7731752059657163,0.8213559660549086,1.0
2022-09-16 00:00:00+00:00,0.004974291036632161,0.7508219114826088,0.652059682127768,0.8684611785505564,0.01179329298859582,9,0.7825673938041245,0.8213559660549086,1.0
2022-09-17 00:00:00+00:00,0.01576823423050322,0.7496410891013018,0.652059682127768,0.8698291643931657,0.03496594183763592,9,0.7759264159294336,0.8213559660549086,1.0
2022-09-18 00:00:00+00:00,-0.034517564577480564,0.7532470116342501,0.652059682127768,0.865665143115609,-0.0755839673755821,9,0.7817028025443922,0.8213559660549086,1.0
2022-09-19 00:00:00+00:00,0.006298507001488263,0.6662716435897864,0.652059682127768,0.9786694186991868,0.025879483047640785,9,0.7356049285313481,0.8213559660549086,1.0
2022-09-20 00:00:00+00:00,-0.033879915658457715,0.6642430116654431,0.6523698352511925,0.9821252520452098,-0.02315233424959262,9,0.7422103432876732,0.8213559660549086,1.0
2022-09-21 00:00:00+00:00,-0.022200915370597873,0.6691213333276375,0.6525522612307487,0.9752375671322743,-0.030141921676347563,9,0.7405774546623287,0.8213559660549086,1.0
2022-09-22 00:00:00+00:00,0.05116342064631474,0.6720916237340371,0.6525522612307487,0.9709275315845618,0.07746125172732661,9,0.7462853273386616,0.8198288788857055,1.0
2022-09-23 00:00:00+00:00,-0.005978487751830963,0.698059984083725,0.6525522612307487,0.9348082917076104,0.020979214860646873,9,0.7915653069813888,0.816915935687183,1.0
2022-09-24 00:00:00+00:00,-0.019007720266087436,0.6979849216825049,0.6525522612307487,0.934908822468199,-0.013427020203888603,9,0.7945183215951748,0.8169153700196191,1.0
2022-09-25 00:00:00+00:00,-0.005724010718646033,0.6985725454470146,0.6525522612307487,0.934122397858024,-0.009446337304345619,9,0.7945170016279391,0.8145121363271401,1.0
2022-09-26 00:00:00+00:00,0.022044439719328235,0.6653366205857277,0.6525522612307487,0.9807851259656738,0.010071411304756243,9,0.7371824873447403,0.8118289406274963,1.0
2022-09-27 00:00:00+00:00,-0.007525992500013068,0.6700439537767808,0.6525522612307487,0.9738947087762853,-0.015722808224369753,9,0.7377867690830866,0.8114928627657132,1.0
2022-09-28 00:00:00+00:00,0.017451000943297323,0.6653763745910817,0.6525522612307487,0.9807265273459488,-0.0007394285284997674,9,0.7240710868347401,0.8111204389958103,1.0
2022-09-29 00:00:00+00:00,0.008915786762812239,0.6549348127374662,0.6525522612307487,0.9963621547360431,0.016212731981516886,9,0.6995874680485299,0.8083623177170325,1.0
2022-09-30 00:00:00+00:00,-0.008357114778870689,0.650807749202385,0.6525522612307487,1.0,-0.011259908891949845,9,0.7005344591566729,0.8077511939167139,1.0
2022-10-01 00:00:00+00:00,-0.00582772183439384,0.6497989943836343,0.6523698352511925,1.0,-0.01332600507744429,9,0.7015894722977588,0.8073387955108277,1.0
2022-10-02 00:00:00+00:00,-0.013204772360081218,0.6497380083251426,0.652059682127768,1.0,-0.026537195685103748,9,0.7011658333676468,0.8021219053895995,1.0
2022-10-03 00:00:00+00:00,0.029906277222111255,0.6505089220630792,0.650807749202385,1.0,0.027239763469177003,9,0.7059954826673648,0.8019281583728506,1.0
2022-10-04 00:00:00+00:00,0.03597250599966362,0.6591576735932908,0.6505089220630792,0.9868790854196321,0.03785374618082576,9,0.7124686648751547,0.8018188627908577,1.0
2022-10-05 00:00:00+00:00,-0.008459529512445885,0.6702268933747858,0.6505089220630792,0.9705801550092672,0.0016604581460869146,9,0.720942934751659,0.8005892644454279,1.0
2022-10-06 00:00:00+00:00,-0.009856101904256231,0.6698075546924787,0.6505089220630792,0.9711877949207965,-0.013035565903235945,9,0.7207083927374359,0.7995409658525287,1.0
2022-10-07 00:00:00+00:00,-0.021541575240213606,0.6437944516010472,0.6505089220630792,1.0,-0.006535669390902604,9,0.6931256158571544,0.79938520168333,1.0
2022-10-08 00:00:00+00:00,-0.005934034426615664,0.6426295034668931,0.6497989943836343,1.0,-0.010159672309799021,9,0.6737092209385633,0.7985441923480018,1.0
2022-10-09 00:00:00+00:00,0.001385490973706549,0.6430033856868199,0.6497380083251426,1.0,0.010702785655394806,9,0.6713680140976049,0.7972793938879948,1.0
2022-10-10 00:00:00+00:00,-0.015954820392544145,0.531839984509035,0.6496942440833838,1.0,-0.04509429117180984,9,0.6460838304585478,0.7948259423934838,1.0
2022-10-11 00:00:00+00:00,-0.0035855782398261926,0.5302931580830479,0.6487535808890965,1.0,-0.014328331197671148,9,0.6612050640537631,0.7945183215951748,1.0
2022-10-12 00:00:00+00:00,0.0048154598292033945,0.5283253451600849,0.6464880426864429,1.0,-0.0005837071436045122,9,0.6616550969557932,0.7945170016279391,1.0
2022-10-13 00:00:00+00:00,0.011516334819424268,0.5182946793331972,0.6461119008018023,1.0,-0.013084659585460715,9,0.6590331492316597,0.7944361029385187,1.0
2022-10-14 00:00:00+00:00,-0.010115606936416222,0.376059719413161,0.6441197128500094,1.0,-0.008470276676510728,9,0.5620420533763264,0.7936071585242606,1.0
2022-10-15 00:00:00+00:00,-0.005729927007299351,0.3769313073202357,0.6438179552542042,1.0,-0.01121083297265081,9,0.5509035786568557,0.7930948218658644,1.0
2022-10-16 00:00:00+00:00,0.010026166616850407,0.366628098786753,0.6437944516010472,1.0,0.017178903839107633,9,0.5332235067770227,0.7929344425263746,1.0
2022-10-17 00:00:00+00:00,0.01498860409214342,0.36808338714706745,0.6430033856868199,1.0,0.0190651165895706,9,0.5353374579222041,0.7915653069813888,1.0
2022-10-18 00:00:00+00:00,-0.011309462915600976,0.3676580129576074,0.6426295034668931,1.0,-0.022276555101583502,9,0.5245553893206164,0.7908730312458105,1.0
2022-10-19 00:00:00+00:00,-0.01054379711209652,0.34870872478215786,0.6402183551302747,1.0,-0.034156885807194864,9,0.45458891846344546,0.7902322451720509,1.0
2022-10-20 00:00:00+00:00,-0.004219585779943524,0.3497593087224274,0.6400049697398058,1.0,-0.005863635232802706,9,0.4587654949146528,0.7901977082702629,1.0
2022-10-21 00:00:00+00:00,0.006180294469765313,0.32827552644198754,0.6396460243075374,1.0,0.01608306247400758,9,0.4530254755576555,0.7898849275910179,1.0
2022-10-22 00:00:00+00:00,0.00210832841911901,0.31834551178473164,0.6394107314477457,1.0,0.005666591906896137,9,0.445732958616087,0.7897643442342847,1.0
2022-10-23 00:00:00+00:00,0.01920583257388353,0.2657157771298676,0.6392651789158754,1.0,0.02687609841731837,9,0.3540691893851353,0.7897643442342847,1.0
2022-10-24 00:00:00+00:00,-0.012405920914808855,0.2732445988687017,0.638491894725172,1.0,-0.02238305128451015,9,0.359514115852314,0.7897643442342847,1.0
2022-10-25 00:00:00+00:00,0.03875624078433404,0.268118420627577,0.6381957703708729,1.0,0.057736767339716714,9,0.3642280480601033,0.7897643442342847,1.0
2022-10-26 00:00:00+00:00,0.03416244969518267,0.296787559599555,0.6370887626085818,1.0,0.03921367825925473,9,0.4182588694106926,0.7897643442342847,1.0
2022-10-27 00:00:00+00:00,-0.02267922074794715,0.3091906753721206,0.6358153270429334,1.0,-0.016329547170520105,9,0.4390940039610171,0.7897643442342847,1.0
2022-10-28 00:00:00+00:00,0.014862560736426111,0.3199962734251838,0.6354741823707379,1.0,0.04320914823225529,9,0.43937518501951134,0.7897643442342847,1.0
2022-10-29 00:00:00+00:00,0.010337862116518215,0.31858860999263505,0.6341657184276154,1.0,0.0724093858921526,9,0.46374817505607663,0.7897643442342847,1.0
2022-10-30 00:00:00+00:00,-0.008727790033209781,0.3190107655879823,0.6339464955797481,1.0,-0.01081242320025344,9,0.5200962186438539,0.7897643442342847,1.0
2022-10-31 00:00:00+00:00,-0.006579234442801396,0.3191668672039866,0.6334062245451959,1.0,0.014261229268900277,9,0.5199420071121734,0.7897643442342847,1.0
2022-11-01 00:00:00+00:00,-0.0003074700582728074,0.3194116063806395,0.6333262067195065,1.0,0.0017536564411341092,9,0.5178829682265583,0.7897643442342847,1.0
2022-11-02 00:00:00+00:00,-0.016227695462201375,0.3147773870151223,0.6333262067195065,1.0,-0.04187404259948159,9,0.5059372819737231,0.7897643442342847,1.0
2022-11-03 00:00:00+00:00,0.0028981048180993785,0.3056482430297731,0.6333262067195065,1.0,0.009221035211977122,9,0.5257442277061402,0.7897643442342847,1.0
2022-11-04 00:00:00+00:00,0.04635938543754192,0.2794344835939835,0.6333262067195065,1.0,0.08196516177901618,9,0.5114247760123177,0.7897643442342847,1.0
2022-11-05 00:00:00+00:00,0.007206900465327237,0.3195007404653202,0.6333262067195065,1.0,0.008123449208756838,9,0.5779353795670833,0.7897643442342847,1.0
2022-11-06 00:00:00+00:00,-0.01824046425150716,0.3173132367889887,0.6333262067195065,1.0,-0.061799963199842746,9,0.574669081634631,0.7897643442342847,1.0
2022-11-07 00:00:00+00:00,-0.015413456526209512,0.31431848336437784,0.6333262067195065,1.0,-0.007293709143738009,9,0.6217647457257051,0.7897643442342847,1.0
2022-11-08 00:00:00+00:00,-0.09923256265785896,0.31921330149142596,0.6333262067195065,1.0,-0.13844691956793465,9,0.6210740350745716,0.7897643442342847,1.0
2022-11-09 00:00:00+00:00,-0.14235643030466438,0.489739342788461,0.6333262067195065,1.0,-0.20965160233181843,9,0.8157671890032316,0.7897643442342847,0.9681246743930467
2022-11-10 00:00:00+00:00,0.10686576548255267,0.7211272440286963,0.6333262067195065,0.8782447369223289,0.19526866651757208,9,1.1444306859371496,0.7898849275910179,0.6901990109992535
2022-11-11 00:00:00+00:00,-0.03033280885218148,0.8131852001807317,0.6334062245451959,0.7789200103548618,-0.046323701657631985,9,1.3166026610269848,0.7901977082702629,0.600179334024654
2022-11-12 00:00:00+00:00,-0.015037461849836342,0.8185418843997768,0.6339464955797481,0.7744826595460177,-0.05185988613275083,9,1.3260202252103384,0.7902322451720509,0.5959428296402502
2022-11-13 00:00:00+00:00,-0.028506006899012726,0.8175458658239266,0.6341657184276154,0.7756943615493672,-0.038228227074273424,9,1.3369547672221436,0.7908730312458105,0.5915480842250529
2022-11-14 00:00:00+00:00,0.017453641634067374,0.8217224855807124,0.6354741823707379,0.7733440346611028,0.03102887418745537,9,1.342169576197559,0.7915653069813888,0.5897654968636209
2022-11-15 00:00:00+00:00,0.016739070265586964,0.8255078507070388,0.6358153270429334,0.7702111209461718,0.01801834842082206,9,1.3480331387226325,0.7929344425263746,0.588215838134174
2022-11-16 00:00:00+00:00,-0.01393656053970882,0.8272998503012925,0.6370887626085818,0.7700820474904738,-0.024114282039123677,9,1.348203138899768,0.7930948218658644,0.5882606255560922
2022-11-17 00:00:00+00:00,0.0016384096024004702,0.82498001889836,0.6381957703708729,0.7735893667134992,-0.01353712002800246,9,1.3471625322302219,0.7944361029385187,0.5897106577209604
2022-11-18 00:00:00+00:00,0.0009167275821160281,0.8250280322769453,0.638491894725172,0.7739032732779231,-0.0035680491487062684,9,1.3461503351758668,0.7945170016279391,0.5902141691508327
2022-11-19 00:00:00+00:00,4.190337082699003e-05,0.8250033984550663,0.6392651789158754,0.7748636916078024,-0.00619127198691342,9,1.3420852960115233,0.7945183215951748,0.5920028510530324
2022-11-20 00:00:00+00:00,-0.02493146092973697,0.8251561661549904,0.6394107314477457,0.7748966288735751,-0.06086715180238516,9,1.3420893730995913,0.7948259423934838,0.592230262994939
2022-11-21 00:00:00+00:00,-0.031143143044820798,0.8273820463390721,0.6396460243075374,0.7730963309365816,-0.01804740772698131,9,1.3548622995816804,0.7972793938879948,0.5884578780693495
2022-11-22 00:00:00+00:00,0.02834241540996074,0.8318816959949057,0.6400049697398058,0.769346137583156,0.04495701166273311,9,1.3545354442700723,0.7985441923480018,0.5895336262524445
2022-11-23 00:00:00+00:00,0.02321110583943864,0.8359060161812671,0.6402183551302747,0.7658975324224041,0.04814433836138919,9,1.361509363244742,0.79938520168333,0.5871316226413893
2022-11-24 00:00:00+00:00,6.0219197880240216e-05,0.8416911957123249,0.6426295034668931,0.763497951196976,0.006386297285625354,9,1.3734358111265206,0.7995409658525287,0.5821465840451099
2022-11-25 00:00:00+00:00,-0.005003914012163491,0.8275299714826675,0.6430033856868199,0.7770152234302339,0.005783973020278616,9,1.356305807062437,0.8005892644454279,0.5902719433011858
2022-11-26 00:00:00+00:00,-0.004187873322883839,0.8149519814467007,0.6437944516010472,0.789978386773396,-0.0009921735489759114,9,1.3473041756299915,0.8018188627908577,0.5951283142249091
2022-11-27 00:00:00+00:00,-0.0016834096033352397,0.8131355163494156,0.6438179552542042,0.7917720260758437,0.007324769615868119,9,1.3471612884312407,0.8019281583728506,0.5952725670336697
2022-11-28 00:00:00+00:00,-0.012747306264077385,0.8096176015409646,0.6441197128500094,0.7955851152742243,-0.018479661028629364,9,1.3363700994979042,0.8021219053895995,0.600224373241342
2022-11-29 00:00:00+00:00,0.013836819258089994,0.807224855609031,0.6461119008018023,0.8004113058613971,0.020429461751922555,9,1.3062092577060935,0.8073387955108277,0.6180776860582354
2022-11-30 00:00:00+00:00,0.04385111300328437,0.8108732323575685,0.6464880426864429,0.797273873262304,0.0501003941210107,9,1.3109224007864593,0.8077511939167139,0.6161701054403534
2022-12-01 00:00:00+00:00,-0.010580900774922686,0.8297825447060172,0.6487535808890965,0.7818356568574756,-0.018523369281638877,9,1.3246890749992604,0.8083623177170325,0.6102279644130709
2022-12-02 00:00:00+00:00,0.00686633610891918,0.8296876717860441,0.6496942440833838,0.7830588137880924,0.011875313525294794,9,1.324441285437252,0.8111204389958103,0.6124246109770177
2022-12-03 00:00:00+00:00,-0.012469294654345542,0.8300763030918238,0.6497380083251426,0.782744918635833,-0.026581747508899276,9,1.3211661212706236,0.8114928627657132,0.6142246986966823
2022-12-04 00:00:00+00:00,0.013065005211788216,0.8298639019571726,0.6497989943836343,0.7830187490396093,0.025902518908070285,9,1.3211696252803342,0.8118289406274963,0.6144774486888747
2022-12-05 00:00:00+00:00,-0.008073473873747572,0.8121772767981535,0.6505089220630792,0.8009444989985197,-0.011027663565594419,9,1.2890822928296348,0.8145121363271401,0.6318542585355225
2022-12-06 00:00:00+00:00,0.007272812999121969,0.8105501504290109,0.6505089220630792,0.8025523426511925,0.007346042831521331,9,1.2871956948504943,0.8157671890032316,0.6337553740016056
2022-12-07 00:00:00+00:00,-0.014756563511149401,0.8111753517519863,0.6505089220630792,0.8019337873840745,-0.03480519306490366,9,1.2749444001147934,0.8169153700196191,0.6407458787583723
2022-12-08 00:00:00+00:00,0.022953350951688156,0.8110875139918938,0.6505089220630792,0.802020633829632,0.020707714614621633,9,1.278100332603155,0.816915935687183,0.6391641679830719
2022-12-09 00:00:00+00:00,-0.0056371552975326145,0.7358996379934085,0.6505089220630792,0.8839641827203968,-0.00980570609805557,9,1.1797786797376357,0.8198288788857055,0.6949005715784105
2022-12-10 00:00:00+00:00,2.9192136806077684e-05,0.4950946644449612,0.650807749202385,1.0,2.0010192010527164e-06,9,0.8380273740123869,0.8213559660549086,0.9801063682709344
2022-12-11 00:00:00+00:00,-0.0024228766259545287,0.3425728847423768,0.6505089220630792,1.0,-0.0209676617281133,9,0.5483381198816384,0.8227420718699431,1.0
2022-12-12 00:00:00+00:00,0.007104858107672918,0.32527507011629087,0.6497989943836343,1.0,-0.00024266230499833983,9,0.5290161902090312,0.8227420718699431,1.0
2022-12-13 00:00:00+00:00,0.03340829715892912,0.32143463567793396,0.6497380083251426,1.0,0.03421524139453713,9,0.4961192901444684,0.8213559660549086,1.0
2022-12-14 00:00:00+00:00,0.001664492329839229,0.3218425211280544,0.6496942440833838,1.0,-0.014474328845040482,9,0.49002743224894385,0.8198288788857055,1.0
2022-12-15 00:00:00+00:00,-0.02528518817928671,0.31758701404756495,0.6487535808890965,1.0,-0.029394559931371758,9,0.4819477008341103,0.816915935687183,1.0
2022-12-16 00:00:00+00:00,-0.04194696585725488,0.3276522210630649,0.6441197128500094,1.0,-0.09791410100163081,9,0.48877244165927325,0.8169153700196191,1.0
2022-12-17 00:00:00+00:00,0.008686974347875687,0.35818454256082566,0.6438179552542042,1.0,0.01874209696993301,9,0.5999545164532508,0.8157671890032316,1.0
2022-12-18 00:00:00+00:00,-0.002598548150620328,0.3594349126101706,0.6437944516010472,1.0,-0.008964299461480104,9,0.6038725665804375,0.8145121363271401,1.0
2022-12-19 00:00:00+00:00,-0.01756199581714979,0.3595532924509465,0.6430033856868199,1.0,-0.04271359945989401,9,0.6042556569895203,0.8118289406274963,1.0
2022-12-20 00:00:00+00:00,0.027522489371149206,0.3648616735320298,0.6426295034668931,1.0,0.038929561254155,9,0.620655212864725,0.8114928627657132,1.0
2022-12-21 00:00:00+00:00,-0.003764739309560894,0.3659636925195826,0.6402183551302747,1.0,-0.012501647050956712,9,0.6003672643935131,0.8111204389958103,1.0
2022-12-22 00:00:00+00:00,-0.00014260249554376436,0.34688948467993513,0.6400049697398058,1.0,0.008089481294446779,9,0.5986393361837339,0.8083623177170325,1.0
2022-12-23 00:00:00+00:00,-0.002377047231928553,0.3341942815659724,0.6396460243075374,1.0,0.002642658158587194,9,0.5776525316435157,0.8077511939167139,1.0
2022-12-24 00:00:00+00:00,0.0029903023660320383,0.3250085318732203,0.638491894725172,1.0,-0.005105243902916532,9,0.5504625350675824,0.8073387955108277,1.0
2022-12-25 00:00:00+00:00,-0.00017817054484547956,0.325134462071779,0.6358153270429334,1.0,-0.004050267921755779,9,0.5493637709963626,0.8021219053895995,1.0
2022-12-26 00:00:00+00:00,0.0052926081687934,0.324546194464165,0.6354741823707379,1.0,0.013678740043301373,9,0.5482898365244923,0.8018188627908577,1.0
2022-12-27 00:00:00+00:00,-0.01285755647338982,0.32445862574122253,0.6341657184276154,1.0,-0.01271615467091278,9,0.5516691954787986,0.8005892644454279,1.0
2022-12-28 00:00:00+00:00,-0.009343780489994735,0.3279601277598753,0.6341657184276154,1.0,-0.04259057027234589,9,0.5511304591818872,0.7995409658525287,1.0
2022-12-29 00:00:00+00:00,0.005431958526180836,0.32640747736665426,0.6341657184276154,1.0,-0.011126473659386139,9,0.5659349774809816,0.79938520168333,1.0
2022-12-30 00:00:00+00:00,-0.0016706630368807929,0.32349209626765657,0.6334062245451959,1.0,-0.004178265308748615,9,0.5588139126407123,0.7972793938879948,1.0
2022-12-31 00:00:00+00:00,-0.0040632543356429185,0.28480570324096893,0.6333262067195065,1.0,0.001699993800104438,9,0.5225289595240122,0.7948259423934838,1.0
2023-01-01 00:00:00+00:00,0.004236980803636214,0.28294940759752635,0.6329845410845031,1.0,0.005301687913570478,9,0.5220695428385096,0.7945183215951748,1.0
2023-01-02 00:00:00+00:00,0.0035028799451093384,0.2821985063490019,0.6322503800508081,1.0,0.0298834523643224,9,0.5195683692716901,0.7945170016279391,1.0
2023-01-03 00:00:00+00:00,0.00030588192957536897,0.2794389435743067,0.6297848139540686,1.0,0.020497549522863645,9,0.5300542828457304,0.7944361029385187,1.0
2023-01-04 00:00:00+00:00,0.010336846901943808,0.27525454112029196,0.6295701631751961,1.0,0.045610125488736296,9,0.5264570008563605,0.7930948218658644,1.0
2023-01-05 00:00:00+00:00,-0.0009613900988687529,0.2766178998246158,0.6295701631751961,1.0,-0.012973078688383488,9,0.5544267844102997,0.7929344425263746,1.0
2023-01-06 00:00:00+00:00,0.006546119849831111,0.27530416177968253,0.6295701631751961,1.0,0.016168024085605668,9,0.5538008862124011,0.7915653069813888,1.0
2023-01-07 00:00:00+00:00,0.00012983487364714996,0.27134060474391153,0.6295701631751961,1.0,-0.0047883302376049925,9,0.5467502537190878,0.7908730312458105,1.0
2023-01-08 00:00:00+00:00,0.010804399650671703,0.2589386085015626,0.6295701631751961,1.0,0.03819591815715949,9,0.5402386831464918,0.7902322451720509,1.0
2023-01-09 00:00:00+00:00,0.002977250305022272,0.2611737691776812,0.6295701631751961,1.0,0.030534634309088832,9,0.558369206075826,0.7901977082702629,1.0
2023-01-10 00:00:00+00:00,0.014906087573991922,0.26137910475983334,0.6295701631751961,1.0,0.014909126526896108,9,0.5695447956263092,0.7898849275910179,1.0
2023-01-11 00:00:00+00:00,0.029018753225898974,0.2661423269571586,0.6295701631751961,1.0,0.05780225242101985,9,0.5674036849559861,0.7898849275910179,1.0
2023-01-12 00:00:00+00:00,0.0501309702948225,0.2827352976362286,0.6295701631751961,1.0,0.014738083869039235,9,0.6001866000748443,0.7898849275910179,1.0
2023-01-13 00:00:00+00:00,0.057651585511476755,0.3095001104974887,0.6295701631751961,1.0,0.050477505925268035,9,0.591155390764675,0.7898849275910179,1.0
2023-01-14 00:00:00+00:00,0.0515334591144474,0.3625137079032676,0.6295701631751961,1.0,0.08628481702091577,9,0.6111069468204642,0.7898849275910179,1.0
2023-01-15 00:00:00+00:00,-0.0039273136792677965,0.3812901041376605,0.6295701631751961,1.0,-0.016019487522970048,9,0.658268748063421,0.7898849275910179,1.0
2023-01-16 00:00:00+00:00,0.0150286248113638,0.34012775812121643,0.6295701631751961,1.0,0.0006816555812151965,9,0.5329122985475041,0.7898849275910179,1.0
2023-01-17 00:00:00+00:00,-0.002822458843075082,0.3410798832758138,0.6295701631751961,1.0,-0.004207583481144867,9,0.5329937274895374,0.7898849275910179,1.0
2023-01-18 00:00:00+00:00,-0.021218891108229276,0.3411667559802021,0.6295701631751961,1.0,-0.05401249310539829,9,0.5311576797103524,0.7898849275910179,1.0
2023-01-19 00:00:00+00:00,0.018970844959403488,0.3449007147596983,0.6295701631751961,1.0,0.031057178848555633,9,0.5475248250860532,0.7898849275910179,1.0
2023-01-20 00:00:00+00:00,0.07572349250643051,0.34015102445805534,0.6295701631751961,1.0,0.09054841280252034,9,0.5430952968822667,0.7898849275910179,1.0
2023-01-21 00:00:00+00:00,0.005338156791811821,0.407280333813825,0.6295701631751961,1.0,-0.01773836855982918,9,0.6006923008603535,0.7898849275910179,1.0
2023-01-22 00:00:00+00:00,-0.0032780410742496713,0.4060240053777108,0.6295701631751961,1.0,0.013124355780368857,10,0.6097741983517354,0.7898849275910179,1.0
2023-01-23 00:00:00+00:00,0.00897271642605868,0.4063858221075641,0.6295701631751961,1.0,0.018060524958559497,10,0.6089562734373183,0.7898849275910179,1.0
2023-01-24 00:00:00+00:00,-0.012396856495804354,0.4056084165346635,0.6295701631751961,1.0,-0.04482208709814341,10,0.6061843490181756,0.7898849275910179,1.0
2023-01-25 00:00:00+00:00,0.01892811381610926,0.41181708750814877,0.6295701631751961,1.0,0.04168813547192438,10,0.6373627810550404,0.7898849275910179,1.0
2023-01-26 00:00:00+00:00,-0.0022765313467525417,0.41260896754151655,0.6295701631751961,1.0,0.0016103394362008139,10,0.6456866896861341,0.7897643442342847,1.0
2023-01-27 00:00:00+00:00,0.0028771475385609424,0.40667903666148947,0.6295701631751961,1.0,0.027643658482773482,10,0.6406296595410935,0.7881238481846131,1.0
2023-01-28 00:00:00+00:00,-0.002101832711450924,0.40128094392096014,0.6295701631751961,1.0,-0.01572362860620661,10,0.6094233375161165,0.7866442059787702,1.0
2023-01-29 00:00:00+00:00,0.03106841652697323,0.40346810206259465,0.6295701631751961,1.0,0.03695656454952136,10,0.6121487642982388,0.7866442059787702,1.0
2023-01-30 00:00:00+00:00,-0.03858141689832362,0.4065726976467432,0.6295701631751961,1.0,-0.05583909055248398,10,0.6126392197607989,0.7866442059787702,1.0
2023-01-31 00:00:00+00:00,0.013567861210899812,0.4411624170476275,0.6295701631751961,1.0,0.022594608640671178,10,0.6628763778938287,0.7866442059787702,1.0
2023-02-01 00:00:00+00:00,0.025869111373332032,0.44062660961824945,0.6295701631751961,1.0,0.02776283183407423,10,0.6626711912961095,0.7866442059787702,1.0
2023-02-02 00:00:00+00:00,-0.010373216708378652,0.44258374835427944,0.6295701631751961,1.0,-0.005370901600495326,10,0.6621339994428774,0.7866442059787702,1.0
2023-02-03 00:00:00+00:00,-0.0024778610354223574,0.4476377859984095,0.6295701631751961,1.0,0.015191332791795098,10,0.6654367833578965,0.7866442059787702,1.0
2023-02-04 00:00:00+00:00,-0.00451561686399371,0.4502497183411159,0.6295701631751961,1.0,-0.0031370930837925303,10,0.6561456688564702,0.7847514414233577,1.0
2023-02-05 00:00:00+00:00,-0.01663522551877894,0.45160975379777824,0.6295701631751961,1.0,-0.029343261207620576,10,0.6521218926449326,0.7825673938041245,1.0
2023-02-06 00:00:00+00:00,-0.007690966166724822,0.4616321213877894,0.6291865919680181,1.0,-0.02138080182210428,10,0.6689406936884459,0.7820945540036306,1.0
2023-02-07 00:00:00+00:00,0.02113833283537514,0.46456725678818594,0.6286649564486693,1.0,0.04419273579283711,10,0.6766633369975166,0.7817028025443922,1.0
2023-02-08 00:00:00+00:00,-0.011819781676111307,0.46617174000019224,0.6282601093160978,1.0,-0.010220278215772627,10,0.6797844596255587,0.7759264159294336,1.0
2023-02-09 00:00:00+00:00,-0.050679265000435514,0.4719070908205514,0.6278135733425397,1.0,-0.07906785517314033,10,0.6802954842314723,0.7738630299481152,1.0
2023-02-10 00:00:00+00:00,-0.00815976442636246,0.5180548066691516,0.6273884575145067,1.0,-0.009514826385219133,10,0.752148127499841,0.7735510427607875,1.0
2023-02-11 00:00:00+00:00,0.010913698541448857,0.51503087385995,0.626738993400519,1.0,0.01746876019694148,10,0.7323719073610601,0.7731752059657163,1.0
2023-02-12 00:00:00+00:00,-0.0034537652903450233,0.4919115822530242,0.6257968903264405,1.0,-0.007384379407160746,10,0.7329003425960396,0.7713800290426083,1.0
2023-02-13 00:00:00+00:00,-0.00024788039311995913,0.45663716089930684,0.6255468211138949,1.0,-0.017824839805811878,10,0.7158822596275877,0.7708983712011495,1.0
2023-02-14 00:00:00+00:00,0.019169578452934655,0.4236046605981788,0.6228294323173309,1.0,0.031566813056745024,10,0.6579480456645733,0.7690052466815306,1.0
2023-02-15 00:00:00+00:00,0.09636073668276524,0.42757705290697784,0.6198848588328321,1.0,0.08304115410151039,10,0.6645565408067106,0.7689110920146557,1.0
2023-02-16 00:00:00+00:00,-0.034381587544225156,0.5292206716634194,0.6195055548646518,1.0,-0.05222951350495453,10,0.7192409529209957,0.7674901833955878,1.0
2023-02-17 00:00:00+00:00,0.04596791352823537,0.5465207976287283,0.6161864834865318,1.0,0.04554854926109022,10,0.7461078558346436,0.7668769115851106,1.0
2023-02-18 00:00:00+00:00,0.002176637156620309,0.5572630318065649,0.6161460417860192,1.0,0.01379527699967894,10,0.7306726204494232,0.7652210228731036,1.0
2023-02-19 00:00:00+00:00,-0.014460452975110338,0.5553825644764141,0.6089773250893405,1.0,-0.0018526050268683814,10,0.7256533006769382,0.765032472305253,1.0
2023-02-20 00:00:00+00:00,0.023417708483512767,0.5023113707433142,0.6043742137408593,1.0,0.02684393338252127,10,0.6626843646817236,0.7649961787734751,1.0
2023-02-21 00:00:00+00:00,-0.01569732340511165,0.5074885728846507,0.6032136266778281,1.0,-0.027037231305300856,10,0.6642383473950272,0.7636579372236798,1.0
2023-02-22 00:00:00+00:00,-0.010938458392966699,0.5112757976745808,0.5978441871606638,1.0,-0.009802984542304572,10,0.6716328024877859,0.7633666227227327,1.0
2023-02-23 00:00:00+00:00,-0.01019948320413444,0.5128257016234329,0.5971844443459997,1.0,-0.009266867510684184,10,0.6702562543988678,0.7612738060790569,1.0
2023-02-24 00:00:00+00:00,-0.03127297333422441,0.512105265592564,0.5971443524495965,1.0,-0.04117335554214393,10,0.6499710167988152,0.7603492795477885,1.0
2023-02-25 00:00:00+00:00,-0.0015565645198148959,0.5213851904799539,0.5969787717918592,1.0,-0.009987119097142094,10,0.6521425532377173,0.7546687677364622,1.0
2023-02-26 00:00:00+00:00,0.01723527379512868,0.5213482928180003,0.596385538739927,1.0,0.02278961764567966,10,0.652904665464181,0.752148127499841,1.0
2023-02-27 00:00:00+00:00,-0.0028061863460566716,0.5246091055296191,0.593590770730231,1.0,-0.013655475298113562,10,0.650527678203972,0.7462853273386616,1.0
2023-02-28 00:00:00+00:00,-0.014581293371365267,0.5246621524850853,0.5919511533906794,1.0,-0.023190978598593315,10,0.649972678805634,0.7461078558346436,1.0
2023-03-01 00:00:00+00:00,0.02105717927116424,0.5158480930478607,0.5915896459400023,1.0,0.02761056030175557,10,0.6400472780300478,0.7422103432876732,1.0
2023-03-02 00:00:00+00:00,-0.0070872771738900164,0.5018403217966126,0.5902315577192574,1.0,-0.018776068046535442,10,0.6172791130541515,0.7405774546623287,1.0
2023-03-03 00:00:00+00:00,-0.04741673200831831,0.5006171726929838,0.5897211359894676,1.0,-0.03825185853042934,10,0.6150396210490527,0.7387931067197976,1.0
2023-03-04 00:00:00+00:00,-8.499711457166104e-05,0.5202753191459392,0.5785492491134302,1.0,-0.014872676131027463,10,0.6191746104215086,0.7377867690830866,1.0
2023-03-05 00:00:00+00:00,0.0036641344321264313,0.5194161667246872,0.5766523180586137,1.0,-0.0015439282008593458,10,0.6203760328885092,0.7371824873447403,1.0
2023-03-06 00:00:00+00:00,-0.001172343394090114,0.5197341839283763,0.5760985324896938,1.0,-0.000979565318414355,10,0.6165791002760297,0.7356049285313481,1.0
2023-03-07 00:00:00+00:00,-0.00923355677142379,0.5196158573275345,0.575917967723064,1.0,-0.004641281914382178,10,0.616695538458663,0.7329003425960396,1.0
2023-03-08 00:00:00+00:00,-0.021972478097340153,0.5174655083508758,0.5749243331033841,1.0,-0.038545021356643616,10,0.6100058583790476,0.7323719073610601,1.0
2023-03-09 00:00:00+00:00,-0.06226309947634345,0.5222532177401574,0.5744287377631929,1.0,-0.05022891037629883,10,0.6195476013796,0.7306726204494232,1.0
2023-03-10 00:00:00+00:00,-0.010068366665356931,0.559324149890039,0.5739757688406185,1.0,0.0084531810747002,10,0.6159746083957237,0.7256533006769382,1.0
2023-03-11 00:00:00+00:00,0.014844362416773338,0.5590601178649538,0.5732214403214153,1.0,-0.002486603808800425,10,0.6183895947702055,0.7240710868347401,1.0
2023-03-12 00:00:00+00:00,0.07528232705939875,0.5354227290468181,0.5695071346412565,1.0,0.07366379222970994,10,0.5553311894011967,0.720942934751659,1.0
2023-03-13 00:00:00+00:00,0.09601316668864146,0.5947488989353872,0.5690840029699301,0.9568475099131789,0.040064341088914365,10,0.6138450234681629,0.7207083927374359,1.0
2023-03-14 00:00:00+00:00,0.023246649271779107,0.6738975489933362,0.5690840029699301,0.8444666460354754,0.019807888382502914,10,0.6270056452644157,0.7194797182110776,1.0
2023-03-15 00:00:00+00:00,-0.015299731220937973,0.6768829821810295,0.5690840029699301,0.8407420749983208,-0.05304648286866502,10,0.6305329561214045,0.7192409529209957,1.0
2023-03-16 00:00:00+00:00,0.029362239961794545,0.6801815150410372,0.5690840029699301,0.8366649054489459,0.025416258683563498,10,0.656019246479115,0.7189090626453127,1.0
2023-03-17 00:00:00+00:00,0.09566490287126683,0.6838839841495865,0.5690840029699301,0.8321352980324421,0.07648340727234815,10,0.6526403178867859,0.7158822596275877,1.0
2023-03-18 00:00:00+00:00,-0.01781724998904899,0.6828582538577839,0.5690840029699301,0.8333852593197928,-0.028836708948236412,10,0.6434132805241293,0.7124686648751547,1.0
2023-03-19 00:00:00+00:00,0.03932849438987307,0.673161056640777,0.5690840029699301,0.8453905604845675,0.025224172680917943,10,0.623910392185982,0.7088894730639976,1.0
2023-03-20 00:00:00+00:00,-0.00911499772929647,0.6686992243075967,0.5690840029699301,0.851031349048127,-0.02652917338926457,10,0.6095570010992702,0.7059954826673648,1.0
2023-03-21 00:00:00+00:00,0.014160952724648235,0.6703189997821025,0.5690840029699301,0.8489748957659258,0.06556947524928947,10,0.6133063773688819,0.7015894722977588,1.0
2023-03-22 00:00:00+00:00,-0.030424447734001325,0.667813059913215,0.5690840029699301,0.8521606376549222,-0.04491247370980735,10,0.6554786952109183,0.7011658333676468,1.0
2023-03-23 00:00:00+00:00,0.038634878924227456,0.675763611918433,0.5690840029699301,0.8421347242334506,0.043765425013881566,10,0.6664050084811777,0.7005344591566729,1.0
2023-03-24 00:00:00+00:00,-0.029855018180147685,0.6828024889774424,0.5690840029699301,0.8334533223834378,-0.039064989616194604,10,0.6789696580520722,0.6995874680485299,1.0
2023-03-25 00:00:00+00:00,0.00039701040240092134,0.6917146286729029,0.5690840029699301,0.8227150032402131,-0.004875331991867571,10,0.6920083584223622,0.6976151368281311,1.0
2023-03-26 00:00:00+00:00,0.018142364587619086,0.6899046713989375,0.5690840029699301,0.8248733869506693,0.01706980742316124,10,0.6915661193164153,0.6972833912155463,1.0
2023-03-27 00:00:00+00:00,-0.030006007638282983,0.6786446393175085,0.5690840029699301,0.8385596378426269,-0.029944638120256783,10,0.6785503759522423,0.6963974260720651,1.0
2023-03-28 00:00:00+00:00,0.0051575466446454055,0.6902158708561299,0.5690840029699301,0.8245014741026597,0.027464734708180626,10,0.686181976325386,0.6961277652487508,1.0
2023-03-29 00:00:00+00:00,0.03979798424365111,0.6888987183357386,0.5690840029699301,0.8260778947952461,0.035934226805315064,10,0.6882684303573705,0.6960803341667929,1.0
2023-03-30 00:00:00+00:00,-0.011304995008871166,0.6984143961362116,0.5690840029699301,0.8148228417372739,-0.01416849133688095,10,0.6972249811197897,0.6955506205040406,0.9975985361094493
2023-03-31 00:00:00+00:00,0.015376492161913502,0.697255709395231,0.5690840029699301,0.8161768993810443,0.02814322600565413,10,0.693803307740833,0.6955506205040406,1.0
2023-04-01 00:00:00+00:00,-0.00015459860580158136,0.6960702563596096,0.5690840029699301,0.817566901861592,-0.001983703366377154,10,0.6940442628285023,0.6955506205040406,1.0
2023-04-02 00:00:00+00:00,-0.01001180753714459,0.6948180137120611,0.5690840029699301,0.8190403699086646,-0.020204942072946142,10,0.6901493661265792,0.6955506205040406,1.0
2023-04-03 00:00:00+00:00,-0.013155139058978027,0.6689485746761045,0.5690840029699301,0.8507141273833682,0.016817324979740277,10,0.6790579389253611,0.6955506205040406,1.0
2023-04-04 00:00:00+00:00,0.013262160577535154,0.6724436132485028,0.5690840029699301,0.8462925243958322,0.016044328357242087,10,0.6774509381627891,0.6955506205040406,1.0
2023-04-05 00:00:00+00:00,8.519822787689257e-05,0.6726191547782673,0.5695071346412565,0.8467007378477018,0.004976901563605718,10,0.6783540272903974,0.6955506205040406,1.0
2023-04-06 00:00:00+00:00,-0.004870083771120304,0.6724271433380008,0.5732214403214153,0.8524662426264983,-0.019015734601847956,10,0.6780453187527204,0.6955506205040406,1.0
2023-04-07 00:00:00+00:00,-0.004426641174540169,0.6712100260677463,0.5739757688406185,0.8551358688773315,-0.003768116821766232,10,0.6825056582949914,0.6955506205040406,1.0
2023-04-08 00:00:00+00:00,0.0010641080302535855,0.6640361365514066,0.5739757688406185,0.8643742971903517,-0.009844444252964569,10,0.6648888805026593,0.6955506205040406,1.0
2023-04-09 00:00:00+00:00,0.01378290933558568,0.6110503513650635,0.5739757688406185,0.939326468855436,0.01059483079804997,10,0.6350565872510936,0.6955506205040406,1.0
2023-04-10 00:00:00+00:00,0.04640694780321608,0.6065413013199887,0.5744287377631929,0.9470562623074296,0.02586019729243496,10,0.6351602562959657,0.6955506205040406,1.0
2023-04-11 00:00:00+00:00,0.01876180836707153,0.617997327437183,0.5749243331033841,0.9303022967551957,0.011934464094249652,10,0.6373807573547154,0.6955506205040406,1.0
2023-04-12 00:00:00+00:00,-0.009968174698056997,0.5792598459406367,0.575917967723064,0.9942307787411953,0.009253201044468307,10,0.5957075437449926,0.6955506205040406,1.0
2023-04-13 00:00:00+00:00,0.016163183933152858,0.5037063625952063,0.5766523180586137,1.0,0.027045832551216287,10,0.5836795858111229,0.6955506205040406,1.0
2023-04-14 00:00:00+00:00,0.002890220980107383,0.5015407620781434,0.5766523180586137,1.0,0.02013318454651991,10,0.5864222974692394,0.6955506205040406,1.0
2023-04-15 00:00:00+00:00,-0.005655466239525175,0.4952948062169543,0.5766523180586137,1.0,0.007823938094953298,10,0.5471329215325261,0.6955506205040406,1.0
2023-04-16 00:00:00+00:00,0.0004621407680780454,0.4911802815047474,0.5766523180586137,1.0,0.020540682237415266,10,0.5435336393280453,0.6955506205040406,1.0
2023-04-17 00:00:00+00:00,-0.02912781528187458,0.3838995130893559,0.5766523180586137,1.0,-0.014393445915327163,10,0.4905845997590729,0.6955506205040406,1.0
2023-04-18 00:00:00+00:00,0.032584536958368604,0.3939984909178034,0.5766523180586137,1.0,0.026772908863471036,10,0.48005913481269236,0.6955506205040406,1.0
2023-04-19 00:00:00+00:00,-0.05179733937163877,0.38719229346668416,0.5766523180586137,1.0,-0.07680420292715687,10,0.4808413791835672,0.6955506205040406,1.0
2023-04-20 00:00:00+00:00,-0.0193405067684832,0.43210964917741573,0.5766523180586137,1.0,-0.028075174028741268,10,0.5560541402278101,0.6955506205040406,1.0
2023-04-21 00:00:00+00:00,-0.03496290633140786,0.4354934832203258,0.5766523180586137,1.0,-0.046801753993883345,10,0.5240969907441183,0.6955506205040406,1.0
2023-04-22 00:00:00+00:00,0.01998899688245004,0.4399914875994969,0.5766523180586137,1.0,0.023662331024011673,10,0.5263738148661594,0.6955506205040406,1.0
2023-04-23 00:00:00+00:00,-0.007864077669902936,0.42462809501123505,0.5766523180586137,1.0,-0.013493153882835184,10,0.5110728718946312,0.6955506205040406,1.0
2023-04-24 00:00:00+00:00,-0.002736369797726068,0.4118842464308704,0.5766523180586137,1.0,-0.0052172419924382705,10,0.4929546754348248,0.6955506205040406,1.0
2023-04-25 00:00:00+00:00,0.02833281242050023,0.4120073269216882,0.5766523180586137,1.0,0.02614493988913049,10,0.4930098624166817,0.6955506205040406,1.0
2023-04-26 00:00:00+00:00,0.004301052467892141,0.4188664424095516,0.5766523180586137,1.0,-0.01632918561401773,10,0.49752349114400884,0.6955506205040406,1.0
2023-04-27 00:00:00+00:00,0.03741409221912151,0.403917264307144,0.5766523180586137,1.0,0.02360911208436023,10,0.488561804107661,0.6955506205040406,1.0
2023-04-28 00:00:00+00:00,-0.005871717723360925,0.4220728103823783,0.5766523180586137,1.0,-0.0004938948808073218,10,0.48630072859310053,0.6955506205040406,1.0
2023-04-29 00:00:00+00:00,-0.002586395152044507,0.4018828265624062,0.5766523180586137,1.0,0.0031407498613348793,10,0.47110914334738324,0.6955506205040406,1.0
2023-04-30 00:00:00+00:00,0.0004960419275163996,0.39961281902080853,0.5766523180586137,1.0,-0.01014962531846747,10,0.4680652876066605,0.6955506205040406,1.0
2023-05-01 00:00:00+00:00,-0.039961156948495336,0.3964736067218947,0.5766523180586137,1.0,-0.025520416277198654,10,0.45966006541963156,0.6955506205040406,1.0
2023-05-02 00:00:00+00:00,0.021095408374054436,0.4223253696168832,0.5766523180586137,1.0,0.0069697897203334965,10,0.4684013041143144,0.6953544232911144,1.0
2023-05-03 00:00:00+00:00,0.012797572332967189,0.4272191577246461,0.5766523180586137,1.0,0.013703476584645347,10,0.46369050562274755,0.6951865917982064,1.0
2023-05-04 00:00:00+00:00,-0.0067639239024122055,0.42623930357558726,0.5766523180586137,1.0,-0.015331166465967527,10,0.4624320332392252,0.6951628372547259,1.0
2023-05-05 00:00:00+00:00,0.02291955617198327,0.4250130587329473,0.5766523180586137,1.0,0.026824021865643567,10,0.46178304097176354,0.6941943054683395,1.0
2023-05-06 00:00:00+00:00,-0.022206026914341814,0.4317868072657243,0.5766523180586137,1.0,-0.03655329308580829,10,0.47130265773986924,0.6940442628285023,1.0
2023-05-07 00:00:00+00:00,-0.01435212629871141,0.4393598373617017,0.575917967723064,1.0,-0.010214279464997356,10,0.484409606175182,0.693803307740833,1.0
2023-05-08 00:00:00+00:00,-0.026765710346477012,0.44228640648627926,0.575917967723064,1.0,-0.040239214880955484,10,0.4854171042458055,0.6931256158571544,1.0
2023-05-09 00:00:00+00:00,-0.0014021950858122967,0.45273771550036757,0.575917967723064,1.0,-0.0025654109864446384,10,0.5043002018522336,0.692566273153889,1.0
2023-05-10 00:00:00+00:00,-0.001176168297016833,0.44991052909816326,0.5749243331033841,1.0,0.008286785458114943,10,0.5022045455000292,0.6920083584223622,1.0
2023-05-11 00:00:00+00:00,-0.02275395295583993,0.41792491821151023,0.5744287377631929,1.0,-0.028050475748273553,10,0.4935532418505856,0.6915661193164153,1.0
2023-05-12 00:00:00+00:00,-0.006551335478799825,0.41685044180723996,0.5739757688406185,1.0,0.018862352065010256,10,0.49807665477912205,0.6901493661265792,1.0
2023-05-13 00:00:00+00:00,-0.0010001903347279795,0.41637282602629894,0.5732214403214153,1.0,-0.0073629766165336456,10,0.5024482273054058,0.6887078794929223,1.0
2023-05-14 00:00:00+00:00,0.005521497603490744,0.41043458246254383,0.5690840029699301,1.0,0.005383982667401177,10,0.489961778881872,0.6885597567997275,1.0
2023-05-15 00:00:00+00:00,0.009336488841168222,0.411106557034683,0.5638277967201094,1.0,0.0036019719081114123,10,0.483082235522029,0.6882684303573705,1.0
2023-05-16 00:00:00+00:00,-0.004770458494066432,0.41370582566177205,0.562872590459365,1.0,0.002208585819421094,10,0.4818101059532627,0.6868663046575191,1.0
2023-05-17 00:00:00+00:00,0.01355519720685261,0.4134571032883417,0.5621052307531388,1.0,0.015822552628184973,10,0.47342097058044785,0.686181976325386,1.0
2023-05-18 00:00:00+00:00,-0.021314328877795607,0.4069098737650144,0.5596589643044229,1.0,-0.017729718141552164,10,0.47876347486033144,0.6850201752239423,1.0
2023-05-19 00:00:00+00:00,0.002416107382550381,0.39251862386448133,0.559324149890039,1.0,0.0016620176152495557,10,0.4662605884891366,0.6825056582949914,1.0
2023-05-20 00:00:00+00:00,0.008197940843897022,0.35080352161122813,0.5590601178649538,1.0,0.0008350608742821453,10,0.385710279746696,0.6817323615550409,1.0
2023-05-21 00:00:00+00:00,-0.013189351120818094,0.346968087545766,0.5572630318065649,1.0,-0.018968826480668242,10,0.3760602804029963,0.6817155841399952,1.0
2023-05-22 00:00:00+00:00,0.003824627911932499,0.3274627705827213,0.5553825644764141,1.0,0.009702431940653667,10,0.3452741277504338,0.6802954842314723,1.0
2023-05-23 00:00:00+00:00,0.01407448789571708,0.3195641185847212,0.5541802345775512,1.0,0.010713528522846637,10,0.33554672938338326,0.6797844596255587,1.0
2023-05-24 00:00:00+00:00,-0.03306167570763818,0.3228610609738765,0.5538407641606073,1.0,-0.03135367000255977,10,0.3364544611376887,0.679508233698323,1.0
2023-05-25 00:00:00+00:00,0.005423945122437601,0.34296920431082584,0.5491185412242723,1.0,-0.0020588366946313495,10,0.3520676049977584,0.6790579389253611,1.0
2023-05-26 00:00:00+00:00,0.008798473772690496,0.3272984192696412,0.5465207976287283,1.0,0.011778509861239784,10,0.33649329605633266,0.6789696580520722,1.0
2023-05-27 00:00:00+00:00,0.005463723720574798,0.32878538163614085,0.545472869501974,1.0,0.016660271884594135,10,0.3375765852915194,0.6785503759522423,1.0
2023-05-28 00:00:00+00:00,0.04568089298417455,0.2990806933947087,0.5453020628929743,1.0,0.02873355961377424,10,0.3316891590653654,0.6783540272903974,1.0
2023-05-29 00:00:00+00:00,-0.012309533477229406,0.3420800173909229,0.5452964226356496,1.0,-0.008230797309072446,10,0.3493742334719366,0.6780453187527204,1.0
2023-05-30 00:00:00+00:00,-0.0012657680074432687,0.34419775125840135,0.5450929029026662,1.0,0.005576047126848638,10,0.34944444987060436,0.6774509381627891,1.0
2023-05-31 00:00:00+00:00,-0.017642109976132914,0.3441074193018435,0.5443622592022828,1.0,-0.015992032526341026,10,0.3494446666842395,0.6766633369975166,1.0
2023-06-01 00:00:00+00:00,-0.014478157793174518,0.31983443373253007,0.5442372219376027,1.0,-0.012845640104904143,10,0.3426887415265247,0.6748246111939734,1.0
2023-06-02 00:00:00+00:00,0.015865675093053255,0.3130831721619238,0.5439406192542849,1.0,0.026201072926921642,10,0.3433644324480323,0.6737092209385633,1.0
2023-06-03 00:00:00+00:00,-0.006145825684705231,0.31507232085588643,0.5429731913705542,1.0,-0.0029084107097065437,10,0.35307655052241266,0.6716328024877859,1.0
2023-06-04 00:00:00+00:00,0.0016955664078373012,0.31496407409968896,0.541815910645089,1.0,0.009598736946280247,11,0.3497526367224749,0.6713680140976049,1.0
2023-06-05 00:00:00+00:00,-0.05135987313997015,0.30245161479360894,0.5403910020001479,1.0,-0.07442439515669044,11,0.33744308263922285,0.6702562543988678,1.0
2023-06-06 00:00:00+00:00,0.0586655159813092,0.3429207569189572,0.5388180979106899,1.0,0.03359070637075949,11,0.4109369731088698,0.6689406936884459,1.0
2023-06-07 00:00:00+00:00,-0.032670042485376194,0.4007449284137463,0.5360938735390472,1.0,-0.05828600178423571,11,0.4292757706238111,0.6671729253066048,1.0
2023-06-08 00:00:00+00:00,0.0060433052932065134,0.40618079532311147,0.5360765410620687,1.0,0.0026955997407431317,11,0.4553222867960727,0.6664050084811777,1.0
2023-06-09 00:00:00+00:00,-0.0005433470176285926,0.40706055207585556,0.5354227290468181,1.0,-0.012957134634096323,11,0.4557051189440623,0.6654367833578965,1.0
2023-06-10 00:00:00+00:00,-0.024543189368770757,0.4070707489725799,0.5354194778189453,1.0,-0.09880952098830144,11,0.4554434696709246,0.6648888805026593,1.0
2023-06-11 00:00:00+00:00,0.003336184442233936,0.4083454599418207,0.5333777160273836,1.0,-0.0016189521385369615,11,0.5700870741187396,0.6645565408067106,1.0
2023-06-12 00:00:00+00:00,-0.0008486311964542859,0.4082371469199534,0.5325205415488591,1.0,0.004426654398305585,11,0.5635100304330127,0.6643983850713823,1.0
2023-06-13 00:00:00+00:00,0.0013396597187100845,0.40823796031696225,0.531839984509035,1.0,0.013403170160073318,11,0.5647500476997132,0.6642383473950272,1.0
2023-06-14 00:00:00+00:00,-0.031214336386909625,0.40764800318630856,0.5302931580830479,1.0,-0.03810998822650214,11,0.5674360764353448,0.6638634070253001,1.0
2023-06-15 00:00:00+00:00,0.018617275303256964,0.41924553159826194,0.5292206716634194,1.0,0.007749995439949405,11,0.5778764324856049,0.6628763778938287,1.0
2023-06-16 00:00:00+00:00,0.029150224653252454,0.42550747281249596,0.5283253451600849,1.0,0.021239403470214236,11,0.5793180036071297,0.6626843646817236,1.0
2023-06-17 00:00:00+00:00,0.006537312412921326,0.4356270624642343,0.5246621524850853,1.0,0.016166370443137724,11,0.582226223992254,0.6626711912961095,1.0
2023-06-18 00:00:00+00:00,-0.00612145602395775,0.4301909589329975,0.5246091055296191,1.0,-0.012779714820195414,11,0.586096649527641,0.6621339994428774,1.0
2023-06-19 00:00:00+00:00,0.018822815073431753,0.43052556448218093,0.5222532177401574,1.0,0.01776844770918654,11,0.5860040990337412,0.6616550969557932,1.0
2023-06-20 00:00:00+00:00,0.05392781316348194,0.43476468953281777,0.5213851904799539,1.0,0.031738012165620465,11,0.5914144763033732,0.6612050640537631,1.0
2023-06-21 00:00:00+00:00,0.06063304918218204,0.46929305633649443,0.5213482928180003,1.0,0.03904278024820025,11,0.6028727288381885,0.6590331492316597,1.0
2023-06-22 00:00:00+00:00,-0.004011942526590873,0.5097035181854624,0.5202753191459392,1.0,-0.013032963009390497,11,0.6190417451214507,0.658268748063421,1.0
2023-06-23 00:00:00+00:00,0.026871863499498216,0.5090058661655348,0.5197341839283763,1.0,0.0304785461727349,11,0.6180205685217123,0.6579480456645733,1.0
2023-06-24 00:00:00+00:00,-0.005053236547508999,0.4974796853317918,0.5196158573275345,1.0,-0.01736892328037163,11,0.6202729036562831,0.6563149694702654,1.0
2023-06-25 00:00:00+00:00,-0.0020237015400433878,0.49874166587904084,0.5194161667246872,1.0,0.006676892154687586,11,0.6227332480553349,0.6561456688564702,1.0
2023-06-26 00:00:00+00:00,-0.006641226133093481,0.4990730601412875,0.5182946793331972,1.0,-0.015625194250038308,11,0.6215615887552233,0.656019246479115,1.0
2023-06-27 00:00:00+00:00,0.013747815775304595,0.500540372996328,0.5180548066691516,1.0,0.01064638836762253,11,0.6194115956582961,0.6554786952109183,1.0
2023-06-28 00:00:00+00:00,-0.01982398232654825,0.4800989380063379,0.5174655083508758,1.0,-0.051014897941979734,11,0.6109959038420394,0.652904665464181,1.0
2023-06-29 00:00:00+00:00,0.012519239271716609,0.4838970131044964,0.5172486668215338,1.0,0.026190204023704523,11,0.6337822405701535,0.6526403178867859,1.0
2023-06-30 00:00:00+00:00,0.0005515737910519736,0.4848394673317676,0.5158480930478607,1.0,0.031782541750526576,11,0.6421354604115314,0.6521425532377173,1.0
2023-07-01 00:00:00+00:00,0.0038982644847762593,0.47904052996515845,0.51503087385995,1.0,0.015601039479022038,11,0.6528375801711748,0.6521218926449326,0.9989037280512336
2023-07-02 00:00:00+00:00,0.0008825288701341805,0.4744380125645472,0.5133549953524276,1.0,0.005669381689702274,11,0.655047616640311,0.6521218926449326,0.9955335705053258
2023-07-03 00:00:00+00:00,0.017514181490419833,0.4727946846512657,0.5128257016234329,1.0,0.0073256570015005325,11,0.6478677932005279,0.6521218926449326,1.0
2023-07-04 00:00:00+00:00,-0.012510751928928143,0.47361097955526876,0.512105265592564,1.0,-0.013749115577599835,11,0.6488567941012751,0.650527678203972,1.0
2023-07-05 00:00:00+00:00,-0.008775522143567582,0.4773527445315766,0.5112757976745808,1.0,-0.02263925467047313,11,0.6484618326327233,0.649972678805634,1.0
2023-07-06 00:00:00+00:00,-0.019824640789050996,0.4340400069771937,0.5097035181854624,1.0,-0.02233943566888861,11,0.5960230450930493,0.6499710167988152,1.0
2023-07-07 00:00:00+00:00,0.015231092436974736,0.40130370218558686,0.5090058661655348,1.0,0.024127484122812758,11,0.5868583307348983,0.6488567941012751,1.0
2023-07-08 00:00:00+00:00,-0.002089092892141431,0.3811498110482687,0.5074885728846507,1.0,0.013129732709718693,11,0.5572149530122317,0.6484618326327233,1.0
2023-07-09 00:00:00+00:00,-0.003995416827639042,0.38185010319014817,0.5037063625952063,1.0,-0.010290488018499815,11,0.5591627913589868,0.6478677932005279,1.0
2023-07-10 00:00:00+00:00,0.008291423134429765,0.3826091834000605,0.5023113707433142,1.0,0.007648246505427129,11,0.5584679834611516,0.6460838304585478,1.0
2023-07-11 00:00:00+00:00,0.006806120905641588,0.36797607302827134,0.5018403217966126,1.0,0.005634417737428868,11,0.4144324382789735,0.6456866896861341,1.0
2023-07-12 00:00:00+00:00,-0.0077235082035740366,0.3679246040462402,0.5015407620781434,1.0,-0.006588985359449729,11,0.4140740553071057,0.6434132805241293,1.0
2023-07-13 00:00:00+00:00,0.03532087295083319,0.3702171325560594,0.5006171726929838,1.0,0.162223290175364,11,0.41563395859824337,0.6421354604115314,1.0
2023-07-14 00:00:00+00:00,-0.036693952157673015,0.3837532674233516,0.500540372996328,1.0,-0.027244238562439235,11,0.6598749910552187,0.6406296595410935,0.9708348827050566
2023-07-15 00:00:00+00:00,-0.0001946989096861529,0.3912855913372005,0.4990730601412875,1.0,0.00827597084874545,11,0.6509499387508717,0.6406296595410935,0.9841458173733266
2023-07-16 00:00:00+00:00,-0.0021949150584374966,0.3893663695646397,0.49874166587904084,1.0,-0.018154571361313397,11,0.6509463957917644,0.6406296595410935,0.9841511738641362
2023-07-17 00:00:00+00:00,-0.0029704804371699645,0.3811188762944584,0.4974796853317918,1.0,0.015326151804829536,11,0.6557490455362629,0.6406296595410935,0.9769433351095388
2023-07-18 00:00:00+00:00,-0.009409110513917907,0.38195240799566504,0.4952948062169543,1.0,-0.01135522331863149,11,0.6556123685824938,0.6406296595410935,0.9771470006372903
2023-07-19 00:00:00+00:00,0.0018956774534955034,0.3832621574518839,0.4950946644449612,1.0,0.010792998254763502,11,0.6550815883295854,0.6406296595410935,0.9779387345851936
2023-07-20 00:00:00+00:00,-0.0035501771745670707,0.3797324191786566,0.4919115822530242,1.0,0.012851125933006998,11,0.6541244583146796,0.6406296595410935,0.9793696771278745
2023-07-21 00:00:00+00:00,0.0029958601439892263,0.3367554175120744,0.4911802815047474,1.0,-0.004421187818115332,11,0.6485930310393886,0.6406296595410935,0.9877220828513474
2023-07-22 00:00:00+00:00,-0.0034050125262985453,0.2665249944990155,0.489739342788461,1.0,-0.021326705110634333,11,0.6390350968925805,0.6406296595410935,1.0
2023-07-23 00:00:00+00:00,0.009615610515752548,0.26642142446495937,0.4848394673317676,1.0,0.00654328088569045,11,0.6426776144154714,0.6400472780300478,0.9959072226472117
2023-07-24 00:00:00+00:00,-0.030084635892798972,0.2512315020938349,0.4838970131044964,1.0,-0.03254988785116366,11,0.6361247700219818,0.6400472780300478,1.0
2023-07-25 00:00:00+00:00,0.0016451427161305876,0.2717272389769336,0.48287093448372975,1.0,0.006732883772401292,11,0.6449246708736768,0.6390350968925805,0.990867811006334
2023-07-26 00:00:00+00:00,0.00432851550737734,0.27194265937733264,0.4800989380063379,1.0,0.011074139297184683,11,0.644928453206366,0.6390350968925805,0.9908619998319415
2023-07-27 00:00:00+00:00,-0.0042553481447158426,0.2719643011346302,0.47904052996515845,1.0,0.0017508531163810933,11,0.6417805947141894,0.6390350968925805,0.9957220616450214
2023-07-28 00:00:00+00:00,0.002911751019626152,0.26692116717804965,0.4773527445315766,1.0,-0.0013749377430374702,11,0.6413945033702406,0.6390350968925805,0.9963214426296726
2023-07-29 00:00:00+00:00,0.0012930078638078157,0.25889540272306655,0.4744380125645472,1.0,0.009701280412455599,11,0.609047654691304,0.6390350968925805,1.0
2023-07-30 00:00:00+00:00,-0.002241953838920119,0.2545678862740814,0.47361097955526876,1.0,-0.014256403542105363,11,0.6048393462337056,0.6373807573547154,1.0
2023-07-31 00:00:00+00:00,-0.0016903659386141578,0.2545075697201563,0.4727946846512657,1.0,-0.008606582679218504,11,0.6007702035559407,0.6373627810550404,1.0
2023-08-01 00:00:00+00:00,0.016224203926237024,0.25381039103120623,0.4719070908205514,1.0,0.015143636036974894,11,0.6005749649951049,0.6361247700219818,1.0
2023-08-02 00:00:00+00:00,-0.017766019038386593,0.2610616569640223,0.46929305633649443,1.0,-0.03151999508909724,11,0.6020578276972248,0.6351602562959657,1.0
2023-08-03 00:00:00+00:00,0.0005483094932934307,0.2588147810989763,0.46617174000019224,1.0,-0.016941967472291555,11,0.6139850754315391,0.6350565872510936,1.0
2023-08-04 00:00:00+00:00,-0.002596192707369993,0.2562109573806906,0.46456725678818594,1.0,-0.0044035268804644145,11,0.6151169326074049,0.6337822405701535,1.0
2023-08-05 00:00:00+00:00,-0.0016826460811516508,0.25496731889498225,0.4616321213877894,1.0,0.004284017123334513,11,0.6092303021338266,0.6305329561214045,1.0
2023-08-06 00:00:00+00:00,0.0005847591136427521,0.24610410311590086,0.4608920134537241,1.0,-0.002588889161837052,11,0.6026749295821533,0.6270056452644157,1.0
2023-08-07 00:00:00+00:00,0.004218118313577657,0.2393060811717701,0.45663716089930684,1.0,-0.0011193128560014096,11,0.5982259955981529,0.623910392185982,1.0
2023-08-08 00:00:00+00:00,0.01923557503038187,0.24008905069227546,0.45273771550036757,1.0,0.021361646386941106,11,0.5970196816586236,0.6227332480553349,1.0
2023-08-09 00:00:00+00:00,-0.006347948168499373,0.24996994996089045,0.45160975379777824,1.0,0.0034385067848742793,11,0.599132735150727,0.6217647457257051,1.0
2023-08-10 00:00:00+00:00,-0.0042184394478171905,0.2487723316514509,0.4502497183411159,1.0,-0.004238283533768639,11,0.598880790071854,0.6215615887552233,1.0
2023-08-11 00:00:00+00:00,-0.0008350418878735333,0.24744131252482454,0.44991052909816326,1.0,-0.004196153542292302,11,0.5992418568875646,0.6210740350745716,1.0
2023-08-12 00:00:00+00:00,-0.00010531679972813901,0.2463405792999276,0.4476377859984095,1.0,0.001525091653293852,11,0.5988520833161809,0.620655212864725,1.0
2023-08-13 00:00:00+00:00,-0.0042097180270387335,0.20995967842440347,0.44258374835427944,1.0,-0.010241591443744237,11,0.2714501971063129,0.6203760328885092,1.0
2023-08-14 00:00:00+00:00,0.004227514671762078,0.16765344437161855,0.44228640648627926,1.0,0.007162278157386338,11,0.2577429610474122,0.6202729036562831,1.0
2023-08-15 00:00:00+00:00,-0.007682140806404059,0.16866143162498673,0.4411624170476275,1.0,-0.036645954533415764,11,0.25721639005156277,0.6195476013796,1.0
2023-08-16 00:00:00+00:00,-0.016048182210382844,0.17025741062234132,0.44062660961824945,1.0,-0.03614932404287982,11,0.2798809132746564,0.6194115956582961,1.0
2023-08-17 00:00:00+00:00,-0.07387662638192438,0.17808764521184858,0.4399914875994969,1.0,-0.08130145010871359,11,0.29630875547438074,0.6191746104215086,1.0
2023-08-18 00:00:00+00:00,-0.020812276199458135,0.3164377557094661,0.4393598373617017,1.0,0.007237028480587907,11,0.4076658959572153,0.6190417451214507,1.0
2023-08-19 00:00:00+00:00,0.0016270020951487663,0.32128266856993015,0.4356270624642343,1.0,0.024458564370697176,11,0.40592979241282945,0.6183895947702055,1.0
2023-08-20 00:00:00+00:00,0.0032870288783493073,0.32200163320022007,0.4354934832203258,1.0,0.0028559989150916147,11,0.4147669198916638,0.6180205685217123,1.0
2023-08-21 00:00:00+00:00,-0.002386552824914845,0.32208734956718377,0.43476468953281777,1.0,-0.025709090675579308,11,0.41602845994970067,0.6172791130541515,1.0
2023-08-22 00:00:00+00:00,-0.0026984716315993085,0.32214712284402625,0.4340400069771937,1.0,-0.0021770422130809345,11,0.4183763677164892,0.616695538458663,1.0
2023-08-23 00:00:00+00:00,0.014403923946667563,0.31827910063921977,0.43210964917741573,1.0,0.03745444158340963,11,0.41605301097453845,0.6165791002760297,1.0
2023-08-24 00:00:00+00:00,-0.00962517072949265,0.3109586493491468,0.4317868072657243,1.0,-0.01850746275632317,11,0.4316120544041535,0.6159746083957237,1.0
2023-08-25 00:00:00+00:00,-0.00440856805583667,0.31120151893744463,0.43052556448218093,1.0,-0.008507141871623965,11,0.43240067423546724,0.6151169326074049,1.0
2023-08-26 00:00:00+00:00,-0.0015463779071329675,0.3098670711037435,0.4301909589329975,1.0,0.0026097866630786708,11,0.4284529650954843,0.6150396210490527,1.0
2023-08-27 00:00:00+00:00,0.003139819988778214,0.30997873692399075,0.42757705290697784,1.0,0.004999911797029067,11,0.42865830724728365,0.6139850754315391,1.0
2023-08-28 00:00:00+00:00,0.0005363512027676265,0.3100423439951996,0.4272191577246461,1.0,-0.002990931329761097,11,0.43008813282898073,0.6138450234681629,1.0
2023-08-29 00:00:00+00:00,0.06142141114935895,0.30989524961963083,0.42623930357558726,1.0,0.03675446947627943,11,0.4266337025440108,0.6133063773688819,1.0
2023-08-30 00:00:00+00:00,-0.015273949870853287,0.3809798046596024,0.42550747281249596,1.0,-0.025449916024363115,11,0.45010473211862906,0.6126392197607989,1.0
2023-08-31 00:00:00+00:00,-0.049635491079605853,0.38390361241014326,0.4250130587329473,1.0,-0.036977313764870394,11,0.4560229719648138,0.6121487642982388,1.0
2023-09-01 00:00:00+00:00,-0.005173058464811864,0.4135272665952045,0.42462809501123505,1.0,-0.010711641322089592,11,0.4637848629852136,0.6111069468204642,1.0
2023-09-02 00:00:00+00:00,0.0026038538587020987,0.41070670025008926,0.4236046605981788,1.0,0.0019178978527820488,11,0.45508957622669016,0.6109959038420394,1.0
2023-09-03 00:00:00+00:00,0.0037410483437745334,0.41106090392374267,0.4223253696168832,1.0,0.0007676426588100395,11,0.45414824460216763,0.6100058583790476,1.0
2023-09-04 00:00:00+00:00,-0.005648412322548646,0.41193021870056323,0.4220728103823783,1.0,-0.0003664018241609022,11,0.4546605561314877,0.6097741983517354,1.0
2023-09-05 00:00:00+00:00,-0.0013242879048371847,0.41190508229241124,0.41924553159826194,1.0,0.008578498432280817,11,0.45371670114797363,0.6095570010992702,1.0
2023-09-06 00:00:00+00:00,-0.0011476871776976427,0.4116944381806611,0.4188664424095516,1.0,-0.002498580842856318,11,0.4562579788019423,0.6094233375161165,1.0
2023-09-07 00:00:00+00:00,0.019047877832726323,0.4107711516217086,0.41792491821151023,1.0,0.010259955072012949,11,0.45613207362712105,0.6092303021338266,1.0
2023-09-08 00:00:00+00:00,-0.01292087109221729,0.41064047376051804,0.41685044180723996,1.0,-0.009399398985075691,11,0.44975736581814446,0.609047654691304,1.0
2023-09-09 00:00:00+00:00,-0.00033959919576742603,0.4117335032629229,0.41637282602629894,1.0,-0.003572404720265321,11,0.4487798521730265,0.6089562734373183,1.0
2023-09-10 00:00:00+00:00,-0.0025478592191969796,0.411979264238866,0.41370582566177205,1.0,-0.02520037773916213,11,0.4488174562620871,0.6061843490181756,1.0
2023-09-11 00:00:00+00:00,-0.026008104311075475,0.4118417728602434,0.4135272665952045,1.0,-0.033562008947801064,11,0.45393034949978006,0.6048393462337056,1.0
2023-09-12 00:00:00+00:00,0.02694497756903136,0.41856241930256155,0.4134571032883417,0.9878027367513627,0.010258356252074245,11,0.46283559523597245,0.6042556569895203,1.0
2023-09-13 00:00:00+00:00,0.014657060384921872,0.4330330062524397,0.4134571032883417,0.9547935083897829,0.01428109573018617,11,0.4669545074356793,0.6038725665804375,1.0
2023-09-14 00:00:00+00:00,0.01157762269763185,0.4370400227440485,0.4134571032883417,0.9460394512437638,0.012348363552615493,11,0.4702961136848519,0.6028727288381885,1.0
2023-09-15 00:00:00+00:00,0.0027934224514261086,0.440034324122193,0.4134571032883417,0.9396019369923717,0.01139895747352948,11,0.4616285576212579,0.6026749295821533,1.0
2023-09-16 00:00:00+00:00,-0.0015074791264891862,0.4379660810369649,0.4134571032883417,0.9440390961542188,0.0012997785180106738,11,0.4505872165174509,0.6020578276972248,1.0
2023-09-17 00:00:00+00:00,-0.0012273819115531381,0.3467121761526134,0.4134571032883417,1.0,-0.018777847676235512,11,0.3424995535214502,0.6007702035559407,1.0
2023-09-18 00:00:00+00:00,0.008753015681544074,0.3384225462983641,0.41260896754151655,1.0,0.019235393127540888,11,0.3469670277405663,0.6006923008603535,1.0
2023-09-19 00:00:00+00:00,0.016700174139206547,0.33959617485728144,0.4120073269216882,1.0,0.01641379646288945,11,0.34261456400904,0.6005749649951049,1.0
2023-09-20 00:00:00+00:00,-0.0032013702305647707,0.3439349741116819,0.411979264238866,1.0,-0.0037551420829655376,11,0.3480693199638724,0.6003672643935131,1.0
2023-09-21 00:00:00+00:00,-0.02051622418879062,0.34405624496485493,0.41193021870056323,1.0,-0.022510666071367737,11,0.33666658228020924,0.6001866000748443,1.0
2023-09-22 00:00:00+00:00,0.0006437380475539101,0.35230646608165167,0.41190508229241124,1.0,0.007156806411495641,11,0.34541808862664697,0.5999545164532508,1.0
2023-09-23 00:00:00+00:00,-0.00012791235746245633,0.3488466617399182,0.4118842464308704,1.0,0.002623141834266747,11,0.3187460724791709,0.5992418568875646,1.0
2023-09-24 00:00:00+00:00,-0.012634842515981681,0.3470350236009913,0.4118417728602434,1.0,-0.013815317058195387,11,0.31357458075957223,0.599132735150727,1.0
2023-09-25 00:00:00+00:00,0.002240725568279256,0.34971345812757176,0.41181708750814877,1.0,0.0134038769692175,11,0.3156279616222762,0.598880790071854,1.0
2023-09-26 00:00:00+00:00,-0.002851678497963861,0.34972054648481143,0.4117335032629229,1.0,-0.004971324585043679,11,0.31967489320897774,0.5988520833161809,1.0
2023-09-27 00:00:00+00:00,0.005643405413856106,0.34974576537765867,0.4116944381806611,1.0,0.001955878771664628,11,0.3190591541957355,0.5986393361837339,1.0
2023-09-28 00:00:00+00:00,0.024585470911869356,0.3502657822881522,0.411106557034683,1.0,0.025622694420914218,11,0.3192793165655949,0.5982259955981529,1.0
2023-09-29 00:00:00+00:00,-0.004144816943419505,0.29181505388986984,0.41106090392374267,1.0,0.013209815841971319,11,0.3051605989058904,0.5970196816586236,1.0
2023-09-30 00:00:00+00:00,0.0019844145419680714,0.28736583887574724,0.4107711516217086,1.0,0.008301852825177853,11,0.29694672648711196,0.5960230450930493,1.0
2023-10-01 00:00:00+00:00,0.038645407983503466,0.22241453968865518,0.41070670025008926,1.0,0.03963773015046815,11,0.2664804039452781,0.5957075437449926,1.0
2023-10-02 00:00:00+00:00,-0.018153836265537238,0.25504816310943895,0.41064047376051804,1.0,-0.036625375966477504,11,0.2939545443989331,0.5914144763033732,1.0
2023-10-03 00:00:00+00:00,-0.002593038437339712,0.2654046668307922,0.41043458246254383,1.0,-0.0008497065038873516,11,0.32521616697667366,0.591155390764675,1.0
2023-10-04 00:00:00+00:00,0.012703552181554167,0.26581018564778536,0.4083454599418207,1.0,0.006054700102621092,11,0.3252952585604853,0.5868583307348983,1.0
2023-10-05 00:00:00+00:00,-0.01303026593408163,0.26698493324249845,0.40823796031696225,1.0,-0.013667744383373572,11,0.325674797708825,0.5864222974692394,1.0
2023-10-06 00:00:00+00:00,0.0187911089709214,0.2721862632913208,0.4082371469199534,1.0,0.0207023455380167,11,0.32880347069733695,0.586096649527641,1.0
2023-10-07 00:00:00+00:00,0.0010634869481147557,0.2779499587852581,0.40764800318630856,1.0,-0.00823920529109417,11,0.3357242390145463,0.5860040990337412,1.0
2023-10-08 00:00:00+00:00,-0.0014558227544738678,0.27177615125477955,0.407280333813825,1.0,-0.004537363031511795,11,0.3358326991348891,0.5836795858111229,1.0
2023-10-09 00:00:00+00:00,-0.011645651239432508,0.26663592012571885,0.4070707489725799,1.0,-0.036947781736169485,11,0.3343812067985503,0.582226223992254,1.0
2023-10-10 00:00:00+00:00,-0.007281386254163524,0.27106580270300495,0.40706055207585556,1.0,-0.001503561656064356,11,0.3603347857612768,0.5793180036071297,1.0
2023-10-11 00:00:00+00:00,-0.01876597298284044,0.2725972411296285,0.4069098737650144,1.0,-0.008900596663543965,11,0.3486017677366514,0.5779353795670833,1.0
2023-10-12 00:00:00+00:00,-0.004312397678225999,0.2640080979124385,0.40667903666148947,1.0,-0.014675953731698803,11,0.32739318148170143,0.5778764324856049,1.0
2023-10-13 00:00:00+00:00,0.003979805755583765,0.24968327342999405,0.4065726976467432,1.0,0.007144658712226379,11,0.3306023080988049,0.5776525316435157,1.0
2023-10-14 00:00:00+00:00,-0.0005397035724654664,0.2452298793501192,0.4063858221075641,1.0,0.0054215682428132165,11,0.3278716120979341,0.574669081634631,1.0
2023-10-15 00:00:00+00:00,0.011127621303361757,0.24219386406261603,0.4063858221075641,1.0,0.003793694794189168,11,0.3256133262736076,0.574669081634631,1.0
2023-10-16 00:00:00+00:00,0.04944955784154481,0.24492406456450874,0.4063858221075641,1.0,0.0257213805059146,11,0.3234178287675966,0.574669081634631,1.0
2023-10-17 00:00:00+00:00,-0.003383227753698259,0.29561017232050185,0.4063858221075641,1.0,-0.022188698891101533,11,0.33539726435270467,0.574669081634631,1.0
2023-10-18 00:00:00+00:00,-0.0025530776029947244,0.2960343733297352,0.4063858221075641,1.0,-0.007395410074754507,11,0.33817921827508163,0.574669081634631,1.0
2023-10-19 00:00:00+00:00,0.013603016459191153,0.2955559237351614,0.4063858221075641,1.0,0.012600093710214018,11,0.33258136530297416,0.574669081634631,1.0
2023-10-20 00:00:00+00:00,0.033127945412557924,0.2938367368546139,0.4063858221075641,1.0,0.02503678295757454,11,0.3304800642635265,0.574669081634631,1.0
2023-10-21 00:00:00+00:00,0.008479147702370016,0.31213274263442836,0.4063858221075641,1.0,0.04206684678228451,11,0.3415719712345903,0.574669081634631,1.0
2023-10-22 00:00:00+00:00,0.0029185123276223024,0.30060978406874816,0.4063858221075641,1.0,0.027448346460426213,11,0.35901576256947776,0.574669081634631,1.0
2023-10-23 00:00:00+00:00,0.1032840218934794,0.3003989551547837,0.4063858221075641,1.0,0.06309225836413326,11,0.3687276205341085,0.574669081634631,1.0
2023-10-24 00:00:00+00:00,0.025007326660281493,0.44472473386404154,0.4063858221075641,0.9137918158422055,-0.001087233711000249,11,0.4202292549263699,0.574669081634631,1.0
2023-10-25 00:00:00+00:00,0.017004657195071715,0.4426598461969278,0.4065726976467432,0.9184765709828346,0.018343838096219353,11,0.4151956779978652,0.574669081634631,1.0
2023-10-26 00:00:00+00:00,-0.0100513290187203,0.44296946689144884,0.40667903666148947,0.9180746463528773,0.015446363241035897,11,0.41665604268213574,0.574669081634631,1.0
2023-10-27 00:00:00+00:00,-0.007755569283378394,0.4461304020237609,0.4069098737650144,0.9120872998548581,-0.012068574533325237,11,0.41599943976581055,0.574669081634631,1.0
2023-10-28 00:00:00+00:00,0.005727150410726356,0.4497720989417087,0.40706055207585556,0.9050373578833563,0.012020984401460781,11,0.42084971990587594,0.574669081634631,1.0
2023-10-29 00:00:00+00:00,0.012888253880705136,0.44614499166553856,0.4070707489725799,0.9124180626861066,0.016086324711057046,11,0.4157331189336408,0.574669081634631,1.0
2023-10-30 00:00:00+00:00,-0.001387416508808248,0.44437254194426334,0.407280333813825,0.916529027720415,0.020009447856985794,11,0.41649015371905385,0.574669081634631,1.0
2023-10-31 00:00:00+00:00,0.0048003434203389705,0.44513119391334144,0.40764800318630856,0.9157929364655353,0.004484558790852239,11,0.41930215481189165,0.574669081634631,1.0
2023-11-01 00:00:00+00:00,0.02240331156797226,0.43209659897609554,0.4082371469199534,0.9447821341045498,0.045556477606757066,11,0.4023329408566547,0.574669081634631,1.0
2023-11-02 00:00:00+00:00,-0.01341679301378118,0.42514768816507514,0.40823796031696225,0.9602262265117922,-0.010475456573964466,11,0.395243042787664,0.574669081634631,1.0
2023-11-03 00:00:00+00:00,-0.0065563730750848315,0.43038353170968835,0.4083454599418207,0.9487943423849841,0.0033447036780029915,11,0.3993085041842643,0.574669081634631,1.0
2023-11-04 00:00:00+00:00,0.010194734113037951,0.4330326782218975,0.41043458246254383,0.9478143408203161,0.026778288040738542,11,0.3995355468900539,0.574669081634631,1.0
2023-11-05 00:00:00+00:00,-0.001368773151514624,0.42669308570344605,0.41064047376051804,0.9623790202354376,0.02775644219649275,11,0.3974387852008137,0.574669081634631,1.0
2023-11-06 00:00:00+00:00,0.0008966330572046655,0.42625287027464626,0.41070670025008926,0.963528292455743,0.03993756193028211,11,0.40073298104584654,0.5700870741187396,1.0
2023-11-07 00:00:00+00:00,0.01005954130089326,0.4262851656466966,0.4107711516217086,0.9636064886249268,-0.02199046394926163,11,0.4092386894755892,0.5695447956263092,1.0
2023-11-08 00:00:00+00:00,0.006123619149302595,0.42511442577220326,0.41106090392374267,0.9669417902652141,0.031086620510713425,11,0.4218614530967556,0.5674360764353448,1.0
2023-11-09 00:00:00+00:00,0.030552459665307063,0.4192592244098586,0.411106557034683,0.9805545903333407,0.011339492327109452,11,0.39115330167473517,0.5674036849559861,1.0
2023-11-10 00:00:00+00:00,0.016298455419651914,0.42178410509326364,0.411106557034683,0.9746848021780725,0.061603194610481034,11,0.38806604093949787,0.5659349774809816,1.0
2023-11-11 00:00:00+00:00,-0.004449531324968614,0.40930399703449,0.411106557034683,1.0,0.020007432191284678,11,0.4133181606621612,0.5647500476997132,1.0
2023-11-12 00:00:00+00:00,-0.0018954640790710409,0.40936887960176777,0.41106090392374267,1.0,0.016114372078528224,11,0.39946384837974047,0.5635100304330127,1.0
2023-11-13 00:00:00+00:00,-0.016314683484889847,0.41113206831757176,0.4107711516217086,0.9991221392742723,-0.051833395518150145,11,0.39817242642667416,0.5591627913589868,1.0
2023-11-14 00:00:00+00:00,-0.025330375334900013,0.42026543145726225,0.4107711516217086,0.9774088489680618,-0.009479391858283644,11,0.4652599778209773,0.5588139126407123,1.0
2023-11-15 00:00:00+00:00,0.06548235347078424,0.4384417265080659,0.4107711516217086,0.9368888196232201,0.08537500239124554,11,0.47134475941429665,0.5584679834611516,1.0
2023-11-16 00:00:00+00:00,-0.045096620526118514,0.45828254523491413,0.4107711516217086,0.8963272895570322,-0.035901132978142895,11,0.5266681635559403,0.558369206075826,1.0
2023-11-17 00:00:00+00:00,0.01241634865328245,0.49610279678425173,0.4107711516217086,0.8279960409099393,0.016660872155613547,11,0.5416647853147956,0.5572149530122317,1.0
2023-11-18 00:00:00+00:00,-0.0008931741826225803,0.49481093876665405,0.4107711516217086,0.8301577823755883,-0.009820213887944103,11,0.5354079681760894,0.5560541402278101,1.0
2023-11-19 00:00:00+00:00,0.021690455816699927,0.49554503535352534,0.4107711516217086,0.828927993050443,0.037819553367783094,11,0.5429497937458614,0.5553311894011967,1.0
2023-11-20 00:00:00+00:00,0.002012217801170557,0.49010429090972646,0.4107711516217086,0.8381300862704945,-0.02094705367936286,11,0.5473379435973252,0.5544267844102997,1.0
2023-11-21 00:00:00+00:00,-0.04568869519239249,0.49049546057179255,0.4107711516217086,0.8374616783259405,-0.07830653482861519,11,0.5540923740403528,0.5538008862124011,0.9994739364019283
2023-11-22 00:00:00+00:00,0.047025408551600645,0.5256747349474766,0.4107711516217086,0.7814169567475051,0.06898994444552692,11,0.6434539432507965,0.5538008862124011,0.8606690378095146
2023-11-23 00:00:00+00:00,-0.003105581762056775,0.4334159928375158,0.4107711516217086,0.9477526404423738,0.005679890369616116,11,0.6492454746854819,0.5538008862124011,0.8529915229377338
2023-11-24 00:00:00+00:00,0.011061573231314403,0.42758590955539005,0.4107711516217086,0.9606751355507348,0.013070441820996875,11,0.6481837652553669,0.5538008862124011,0.8543887025529225
2023-11-25 00:00:00+00:00,0.001763322364495945,0.42570681274981365,0.4107711516217086,0.9649156163801337,0.01761229860893039,11,0.6476630890329279,0.5538008862124011,0.8550755718367721
2023-11-26 00:00:00+00:00,-0.00871903735898405,0.42312676734188215,0.4107711516217086,0.9707992576366827,-0.01442660133339866,11,0.6479125430060058,0.5538008862124011,0.8547463576535015
2023-11-27 00:00:00+00:00,-0.005449933244325744,0.4234623057801785,0.4107711516217086,0.9700300263205529,-0.02653629674474691,11,0.6490118246069071,0.5538008862124011,0.8532986075374308
2023-11-28 00:00:00+00:00,0.015454049975970552,0.4244639680073093,0.4107711516217086,0.9677409216855718,0.023218729310331945,11,0.6618041931445,0.5538008862124011,0.8368047406606304
2023-11-29 00:00:00+00:00,0.0008910275901272691,0.42529381987570103,0.4107711516217086,0.9658526233505181,-0.0034837708350419117,11,0.6631743378141548,0.5538008862124011,0.8350758686437532
2023-11-30 00:00:00+00:00,-0.0033152644814978816,0.4250693668526032,0.4107711516217086,0.9663626307942047,0.006557182530267683,11,0.6634895111490691,0.5538008862124011,0.834679187698532
2023-12-01 00:00:00+00:00,0.02518705423048684,0.4256085722656717,0.4107711516217086,0.9651383416340087,0.01704168581459865,11,0.6633716221103487,0.5538008862124011,0.8348275201321153
2023-12-02 00:00:00+00:00,0.019984488107549048,0.4272637276451918,0.4107711516217086,0.9613995409477422,0.03338057876422356,11,0.6513909409975815,0.5538008862124011,0.8501820509881135
2023-12-03 00:00:00+00:00,0.013570577649354876,0.42691885763887716,0.4107711516217086,0.9621761706510804,-0.005276341616077687,11,0.6537305310765146,0.5538008862124011,0.8471393944236368
2023-12-04 00:00:00+00:00,0.0501395404667353,0.4263686301971361,0.4107711516217086,0.9634178561208505,0.02989469381729962,11,0.6553748961415166,0.5538008862124011,0.8450138836151234
2023-12-05 00:00:00+00:00,0.049972138478903805,0.45319578334442345,0.4107711516217086,0.906387849839122,0.024670592996427185,11,0.656485600120216,0.5538008862124011,0.8435842097846302
2023-12-06 00:00:00+00:00,-0.007495707828422016,0.47608361201873606,0.4107711516217086,0.8628130463888828,0.005516416984633363,11,0.6555028717869122,0.5538008862124011,0.8448489092087884
2023-12-07 00:00:00+00:00,-0.010630372885693906,0.4784932494008929,0.4107711516217086,0.8584680183806623,0.02767076311485631,11,0.6463254515704588,0.5538008862124011,0.8568452392935493
2023-12-08 00:00:00+00:00,0.020477547683168673,0.48250068513995614,0.4107711516217086,0.8513379654633207,0.07200802346926344,11,0.6405459440883245,0.5538008862124011,0.8645763685235945
2023-12-09 00:00:00+00:00,-0.010497297590917776,0.4848023354534897,0.4107711516217086,0.8472961485168352,-0.005746374806910385,11,0.670514888503131,0.5538008862124011,0.8259337647948665
2023-12-10 00:00:00+00:00,0.0015805485029392052,0.4813410132859085,0.4107711516217086,0.853389053256755,0.032355018812606134,11,0.67293396044139,0.5538008862124011,0.8229646871279207
2023-12-11 00:00:00+00:00,-0.058038599528182355,0.4800840597205698,0.4107711516217086,0.8556233919968007,-0.05815253286493411,11,0.6537300176357997,0.5538008862124011,0.8471400597684191
2023-12-12 00:00:00+00:00,0.006238074803560201,0.5304503803798861,0.41106090392374267,0.7749280971942338,0.008773725049924453,11,0.6951498968665817,0.5540923740403528,0.7970833003614735
2023-12-13 00:00:00+00:00,0.033011276021588154,0.5301673672938638,0.411106557034683,0.775427878809472,0.03049009484374303,11,0.6943590990210741,0.5544267844102997,0.798472699777313
2023-12-14 00:00:00+00:00,0.0035405991029549,0.5341408853963652,0.41113206831757176,0.7697071681986797,0.013097810047150977,11,0.6647478520303383,0.5553311894011967,0.8354012543328265
2023-12-15 00:00:00+00:00,-0.025084890728607756,0.5223561776645201,0.4116944381806611,0.7881488834330761,-0.04228884948224092,11,0.6614856307626902,0.5560541402278101,0.8406140879986795
2023-12-16 00:00:00+00:00,0.008026872261399198,0.49119831615657955,0.4117335032629229,0.8382225462101837,0.024828796940620557,11,0.6330207985170255,0.5572149530122317,0.8802474647240915
2023-12-17 00:00:00+00:00,-0.02136540903855666,0.45760805123751375,0.41181708750814877,0.8999340951158267,-0.031384709372266784,11,0.6175141271527792,0.558369206075826,0.9042209425237648
2023-12-18 00:00:00+00:00,0.030630813510907462,0.46618568952564204,0.4118417728602434,0.8834286039095383,0.01844655858088243,11,0.6316462418140764,0.558369206075826,0.8839903875184943
2023-12-19 00:00:00+00:00,-0.008521035279993705,0.4745309895614864,0.4118842464308704,0.8679817661887418,0.0022085393516414575,11,0.6303765894992337,0.558369206075826,0.8857708477394285
2023-12-20 00:00:00+00:00,0.03307634093274059,0.47306883937996624,0.41190508229241124,0.8707085481095731,0.04967796019726466,11,0.6210280596293339,0.558369206075826,0.89910463370865
2023-12-21 00:00:00+00:00,0.0044502845526595,0.48323528059804816,0.41193021870056323,0.8524423510443229,0.0648380800980978,11,0.6304490822955341,0.558369206075826,0.8856689965234664
2023-12-22 00:00:00+00:00,0.0024568680629943884,0.44555651961738646,0.411979264238866,0.924639739516427,0.0016202953880005597,11,0.5703478136499092,0.558369206075826,0.9789977145745037
2023-12-23 00:00:00+00:00,-0.00634310034375507,0.4227471366576625,0.4120073269216882,0.974595192244504,0.033477511006244194,11,0.5372898703418763,0.558369206075826,1.0
2023-12-24 00:00:00+00:00,-0.01643260162266802,0.42372161715297313,0.41260896754151655,0.9737737015021241,-0.01808670171134995,11,0.5424427887917156,0.5572149530122317,1.0
2023-12-25 00:00:00+00:00,0.014004038373856664,0.4299063650468677,0.4134571032883417,0.9617375710249539,0.0486605460379967,11,0.5523241305556678,0.5572149530122317,1.0
2023-12-26 00:00:00+00:00,-0.02448061005377422,0.4310668876165758,0.4135272665952045,0.9593111381893652,-0.009608165328786621,11,0.5667791287163433,0.5572149530122317,0.9831253918510147
2023-12-27 00:00:00+00:00,0.020934799223940148,0.44090970411736025,0.41370582566177205,0.9383005676637429,0.01508372815846541,11,0.5641978659882536,0.558369206075826,0.9896691209524195
2023-12-28 00:00:00+00:00,-0.01918102306467917,0.4431138403303691,0.41637282602629894,0.9396520445307394,-0.03282740928207873,11,0.5467169301180459,0.5584679834611516,1.0
2023-12-29 00:00:00+00:00,-0.011953968999530273,0.4495184135475866,0.41685044180723996,0.9273267328861304,-0.008990806944614526,11,0.5688804055942036,0.5584679834611516,0.9816966412788007
2023-12-30 00:00:00+00:00,0.0020679327802999303,0.45287027592655266,0.41792491821151023,0.9228358327480297,-0.007600831944902222,11,0.5710163271982052,0.5584679834611516,0.9780245447645528
2023-12-31 00:00:00+00:00,0.0033137245599885734,0.4522355442720707,0.41856241930256155,0.9255407377947034,-0.011671831851065078,11,0.5745684240734761,0.5584679834611516,0.9719782014852497
2024-01-01 00:00:00+00:00,0.04544691555332814,0.44573523804424553,0.4188664424095516,0.9397202793465775,0.04759438085187537,11,0.5792994686561103,0.5591627913589868,0.9652396068240188
2024-01-02 00:00:00+00:00,0.016664405246494818,0.4653048954753905,0.41924553159826194,0.9010125095931543,-0.001384900203271099,11,0.5880673436326934,0.5635100304330127,0.9582406446037596
2024-01-03 00:00:00+00:00,-0.04684264261993154,0.4662232078449111,0.4192592244098586,0.8992671693626305,-0.06251751834040567,11,0.5869354039055468,0.5641978659882536,0.961260578649721
2024-01-04 00:00:00+00:00,0.030253669692656082,0.4709470038863516,0.42026543145726225,0.8923837034510156,0.029572585975324115,11,0.6376506775314631,0.5647500476997132,0.885673092806911
2024-01-05 00:00:00+00:00,0.00016988542926643646,0.45079274322149776,0.42178410509326364,0.9356497224845949,-0.02502291421239289,11,0.6394899012579662,0.5667791287163433,0.886298794713426
2024-01-06 00:00:00+00:00,-0.004153559401108398,0.44996555824565937,0.4220728103823783,0.9380113714213367,-0.03418592008065868,11,0.6495427052614883,0.5674036849559861,0.8735433103317892
2024-01-07 00:00:00+00:00,-0.0008255347213537156,0.448533836430614,0.4223253696168832,0.9415685848312023,-0.031752500815527024,11,0.6602405166082718,0.5674360764353448,0.8594384351786322
2024-01-08 00:00:00+00:00,0.06907445510661159,0.4428394080483536,0.4227471366576625,0.9546285379631407,0.0626185117560215,11,0.6281334337817638,0.5688804055942036,0.9056680873826136
2024-01-09 00:00:00+00:00,-0.01807749627421751,0.4987096922583929,0.42312676734188215,0.848443039929231,-0.027700530504516898,11,0.6613457655616402,0.5695447956263092,0.8611906589325933
2024-01-10 00:00:00+00:00,0.01154140530648795,0.5038817609755514,0.4234623057801785,0.8404001465747143,0.06864447602392584,11,0.6615010469155225,0.5700870741187396,0.861808271924841
2024-01-11 00:00:00+00:00,-0.006803391835929706,0.45312740403912366,0.4236046605981788,0.9348467049713113,0.032497419200560596,11,0.6617932769828434,0.5703478136499092,0.8618217100212323
2024-01-12 00:00:00+00:00,-0.07686497265613212,0.4546439262128579,0.42372161715297313,0.9319856545374646,-0.04664736679605416,11,0.6682811528613858,0.5710163271982052,0.8544552315343312
2024-01-13 00:00:00+00:00,0.0016855955225347774,0.5282248625261956,0.4244639680073093,0.8035668105006311,0.02024669668650637,11,0.6878772275259945,0.5710163271982052,0.8301137242933759
2024-01-14 00:00:00+00:00,-0.02580152778653,0.5281050331109601,0.42462809501123505,0.8040599282113194,-0.019030399931060794,11,0.6895486933670663,0.5710163271982052,0.8281015288564068
2024-01-15 00:00:00+00:00,0.01869154400490647,0.5285538569961677,0.4250130587329473,0.8041054910626239,0.02253181992899065,11,0.6739330337742552,0.5710163271982052,0.8472894168732443
2024-01-16 00:00:00+00:00,0.01455516097928089,0.5318629067999382,0.4250693668526032,0.7992085205003671,0.0002505302483670757,11,0.6731362530281122,0.5710163271982052,0.8482923399675486
2024-01-17 00:00:00+00:00,-0.008340306769371364,0.5281297203636212,0.42511442577220326,0.8049431974392748,0.004436812245391265,11,0.6605691551098439,0.5745684240734761,0.8698081338326082
2024-01-18 00:00:00+00:00,-0.034018153300249265,0.5187201350987554,0.42514768816507514,0.8196089941334828,-0.049425138812554434,11,0.6589444156383693,0.5778764324856049,0.8769729567034458
2024-01-19 00:00:00+00:00,0.008232344742140185,0.5319855689740994,0.42529381987570103,0.7994461592179151,0.005981284568421195,11,0.6869733509060619,0.5792994686561103,0.8432633782548645
2024-01-20 00:00:00+00:00,0.0007080283211329252,0.5194319652049226,0.42550747281249596,0.819178451300408,0.006070564759534976,11,0.6674366818834356,0.5793180036071297,0.8679744750803262
2024-01-21 00:00:00+00:00,-0.0025950664955808334,0.5190508207365322,0.4256085722656717,0.8199747602011955,-0.01577705267430416,11,0.6304511584462625,0.582226223992254,0.9235072633178149
2024-01-22 00:00:00+00:00,-0.04833803440075224,0.5188409649721624,0.42570681274981365,0.8204957616880817,-0.053927765335771545,11,0.6328080390578376,0.582226223992254,0.9200676793852164
2024-01-23 00:00:00+00:00,0.008260035728634207,0.544764361934497,0.42623930357558726,0.7824287588526923,0.0027637831521652697,11,0.6485996306106115,0.582226223992254,0.8976665981818837
2024-01-24 00:00:00+00:00,0.004784101446006606,0.5440327525816213,0.42625287027464626,0.7835058978562057,0.014569755238095268,11,0.6467755724884334,0.582226223992254,0.9001982275740109
2024-01-25 00:00:00+00:00,-0.0032423884930126157,0.5414964910297976,0.4262851656466966,0.7872353241588022,-0.019673522235291438,11,0.624214142020766,0.582226223992254,0.9327347536654894
2024-01-26 00:00:00+00:00,0.04649446125127921,0.5356635853363213,0.4263686301971361,0.7959634402428842,0.061191847555844954,11,0.6263856976794463,0.582226223992254,0.929501146257348
2024-01-27 00:00:00+00:00,0.007089570082731589,0.5554803939344745,0.42669308570344605,0.7681514781848081,0.0035402068801720418,11,0.6618121805316867,0.582226223992254,0.8797454037858673
2024-01-28 00:00:00+00:00,-0.0019445136935076768,0.5522684141166747,0.42691885763887716,0.7730278370558493,-0.0007384161644326183,11,0.6528735780281264,0.582226223992254,0.8917901468010874
2024-01-29 00:00:00+00:00,0.03018560016747318,0.5507062312052838,0.4272191577246461,0.7757659774243482,0.049929250236867055,11,0.6523356256007519,0.582226223992254,0.8925255668139658
2024-01-30 00:00:00+00:00,-0.008386925448268578,0.5604040310676561,0.4272637276451918,0.7624208677285716,-0.009124642256655829,11,0.6747722160517162,0.582226223992254,0.862848543763442
2024-01-31 00:00:00+00:00,-0.008546351732441004,0.5612613760570367,0.42757705290697784,0.7618144970366292,-0.027359505467737376,11,0.6742442981959699,0.582226223992254,0.8635241344273545
2024-02-01 00:00:00+00:00,0.011997566664239567,0.5390483571111823,0.42757705290697784,0.793207227637997,0.019328232849252044,11,0.6601924704650032,0.582226223992254,0.8819037629771299
2024-02-02 00:00:00+00:00,0.002643543973578577,0.5373734770234654,0.42757705290697784,0.7956794877100102,0.014162194294216583,11,0.6642622789550711,0.582226223992254,0.8765005065591482
2024-02-03 00:00:00+00:00,-0.00419444444444439,0.5105091141063539,0.42757705290697784,0.8375502828298206,-0.010214003735818246,11,0.6253630151008551,0.582226223992254,0.9310211987806086
2024-02-04 00:00:00+00:00,-0.009963085906626978,0.4994069658960248,0.42757705290697784,0.8561695813349913,-0.00920001891662512,11,0.6184365799689333,0.582226223992254,0.9414485540643499
2024-02-05 00:00:00+00:00,0.00289503219050391,0.5004039262464544,0.42757705290697784,0.8544638250827623,0.01187169364890859,11,0.6126239038647598,0.582226223992254,0.9503811723951008
2024-02-06 00:00:00+00:00,0.009214885223641112,0.5004836478355121,0.42757705290697784,0.854327718310398,-0.0031765505465523136,11,0.6001486946818871,0.582226223992254,0.9701366163944869
2024-02-07 00:00:00+00:00,0.02891403040334417,0.5017328550818186,0.42757705290697784,0.8522006254448933,0.025802916552593317,11,0.5875754470636539,0.582226223992254,0.9908961085795328
2024-02-08 00:00:00+00:00,0.021024270914358434,0.45230965303206905,0.42757705290697784,0.945319318393283,0.009557684976652688,11,0.5561156885033771,0.582226223992254,1.0
2024-02-09 00:00:00+00:00,0.041114251645099964,0.4550628471416891,0.42757705290697784,0.939600003807489,0.041578627117755194,11,0.5458962014007298,0.5793180036071297,1.0
2024-02-10 00:00:00+00:00,0.01298255065442988,0.4753427084170562,0.42757705290697784,0.8995132255859287,0.012306796807511212,11,0.5150007248608713,0.5792994686561103,1.0
2024-02-11 00:00:00+00:00,0.011595477386934672,0.4765715626279573,0.42757705290697784,0.897193803485023,0.0025510854439419525,11,0.5052282376500258,0.5778764324856049,1.0
2024-02-12 00:00:00+00:00,0.03380193650675367,0.37741845830728454,0.42757705290697784,1.0,0.034498746664947226,11,0.4726233304934701,0.5745684240734761,1.0
2024-02-13 00:00:00+00:00,-0.005185507008443002,0.3907370419582473,0.4272637276451918,1.0,-0.011129729272509185,11,0.4811726009834449,0.5710163271982052,1.0
2024-02-14 00:00:00+00:00,0.042378526764061286,0.3762139541534372,0.4272191577246461,1.0,0.04043209288729759,11,0.4771274167303552,0.5703478136499092,1.0
2024-02-15 00:00:00+00:00,0.001986731951437948,0.3941057406662809,0.4272191577246461,1.0,0.010473555092577757,11,0.4891269235469413,0.5700870741187396,1.0
2024-02-16 00:00:00+00:00,0.0044974131203452394,0.3933687081720946,0.42691885763887716,1.0,-0.012107374041885777,11,0.48924685139122503,0.5688804055942036,1.0
2024-02-17 00:00:00+00:00,-0.009125281268523522,0.3899302076240241,0.42669308570344605,1.0,-0.007389217404254648,11,0.49292717613438863,0.5674360764353448,1.0
2024-02-18 00:00:00+00:00,0.009879157938754268,0.3654246079386041,0.4263686301971361,1.0,0.019233855968237748,11,0.45348967042511545,0.5667791287163433,1.0
2024-02-19 00:00:00+00:00,-0.007288481630227439,0.36551175391402163,0.4262851656466966,1.0,0.004401880357130506,11,0.4557920506368699,0.5647500476997132,1.0
2024-02-20 00:00:00+00:00,0.009518328914361884,0.3684453481938718,0.42625287027464626,1.0,-0.014961523715620923,11,0.45584343462187515,0.5641978659882536,1.0
2024-02-21 00:00:00+00:00,-0.008062788366630214,0.366797241256777,0.42623930357558726,1.0,-0.016802322243940113,11,0.45534420557305344,0.5635100304330127,1.0
2024-02-22 00:00:00+00:00,-0.011005540374539269,0.3095013312644094,0.42570681274981365,1.0,-0.009220884156451493,11,0.40682291432829876,0.5591627913589868,1.0
2024-02-23 00:00:00+00:00,-0.010320756556498112,0.31733152929564995,0.4256085722656717,1.0,-0.01298050254361004,11,0.41077564677496575,0.5584679834611516,1.0
2024-02-24 00:00:00+00:00,0.016122327147492843,0.3238215726743238,0.42550747281249596,1.0,0.03541780217446793,11,0.415861857738936,0.5572149530122317,1.0
2024-02-25 00:00:00+00:00,0.0032710280373831058,0.32246686214007536,0.42529381987570103,1.0,0.003376165993863761,11,0.4162731562330038,0.5561156885033771,1.0
2024-02-26 00:00:00+00:00,0.05309541249297012,0.2939464268116332,0.42514768816507514,1.0,0.04154021714804479,11,0.37306475510040227,0.5560541402278101,1.0
2024-02-27 00:00:00+00:00,0.046931547072857516,0.33263577536305317,0.42511442577220326,1.0,0.011580936731503672,11,0.39170238508323785,0.5553311894011967,1.0
2024-02-28 00:00:00+00:00,0.09442339952986378,0.3546595002075939,0.4250693668526032,1.0,0.04418578448621437,11,0.39078863985025375,0.5540923740403528,1.0
2024-02-29 00:00:00+00:00,-0.02013809805250033,0.4473076823767421,0.4250130587329473,0.9501581919511561,0.01038544973127099,11,0.38398757592140537,0.5523241305556678,1.0
2024-03-01 00:00:00+00:00,0.019862169522333772,0.45607025528374406,0.4250130587329473,0.931902604497909,0.047631639965593046,11,0.37918359582954,0.5473379435973252,1.0
2024-03-02 00:00:00+00:00,-0.006117800925443562,0.45079629750058126,0.4250130587329473,0.9428051230442932,0.029561598733165027,11,0.37864202454925455,0.5471329215325261,1.0
2024-03-03 00:00:00+00:00,0.018316400580551617,0.4555834032091792,0.4250130587329473,0.9328984676331686,-0.004552510450591221,11,0.3829733483571824,0.5467169301180459,1.0
2024-03-04 00:00:00+00:00,0.08172198309309553,0.4547257346245839,0.4250130587329473,0.9346580287210553,0.03389187930273039,11,0.386704813356597,0.5458962014007298,1.0
2024-03-05 00:00:00+00:00,-0.06731014168552774,0.5049617587961068,0.4250130587329473,0.8416737531694135,-0.07244374653903494,11,0.38704531062125846,0.5435336393280453,1.0
2024-03-06 00:00:00+00:00,0.037254055581280365,0.5800813783310382,0.4250130587329473,0.7326783355048553,0.08510857593313413,11,0.48789073245454934,0.5429497937458614,1.0
2024-03-07 00:00:00+00:00,0.011470614495043163,0.5842684172331557,0.4250130587329473,0.7274277475849655,0.028250827917086097,11,0.5485738634933983,0.5424427887917156,0.9888236113499117
2024-03-08 00:00:00+00:00,0.019329771588527223,0.5840618507529705,0.4250130587329473,0.727685018607228,0.003797132636561663,11,0.5483405021674549,0.5424427887917156,0.9892444323327803
2024-03-09 00:00:00+00:00,0.0028811760717080137,0.5821711029683255,0.4250130587329473,0.7300483596075554,0.022702209984211463,11,0.5474385656674867,0.5424427887917156,0.9908742693900642
2024-03-10 00:00:00+00:00,0.009066534754318178,0.5830108475826893,0.4250130587329473,0.7289968282668481,-0.0008634911499079841,11,0.5484203022307477,0.5424427887917156,0.9891004884124128
2024-03-11 00:00:00+00:00,0.04596092400471674,0.575217534089577,0.4250130587329473,0.7388736148414441,0.06767053777894116,11,0.540981919361073,0.5424427887917156,1.0
2024-03-12 00:00:00+00:00,-0.009043687583718762,0.5861301017668638,0.4250130587329473,0.7251172691041867,0.016105320160199235,11,0.5728273180423405,0.5416647853147956,0.9455987315094466
2024-03-13 00:00:00+00:00,0.022784771158786743,0.5914929870291928,0.4250130587329473,0.7185428535131069,0.025605360870676604,11,0.5715743751594801,0.5416647853147956,0.947671569712447
2024-03-14 00:00:00+00:00,-0.023096697755042528,0.5880597910685327,0.4250130587329473,0.7227378324246219,0.0073492223928671415,11,0.5685212201352805,0.5416647853147956,0.9527608928755651
2024-03-15 00:00:00+00:00,-0.026433908227072478,0.5983419121474406,0.4250130587329473,0.7103180474314118,-0.02821720847917081,11,0.5620560366828337,0.5416647853147956,0.9637202520083512
2024-03-16 00:00:00+00:00,-0.06030898916811711,0.6034781017896482,0.4250130587329473,0.7042725452216861,-0.06020917573383475,11,0.5732751479825563,0.5416647853147956,0.9448600505725697
2024-03-17 00:00:00+00:00,0.04720893386095559,0.6534212644853464,0.4250130587329473,0.6504426498389212,0.06019890075609225,11,0.6285803947877792,0.5416647853147956,0.8617271391317765
2024-03-18 00:00:00+00:00,-0.011409417556908164,0.6668729303989979,0.4250130587329473,0.6373224033530002,-0.03157457433080702,11,0.6461500541751715,0.5416647853147956,0.8382956587479448
2024-03-19 00:00:00+00:00,-0.08412060702757285,0.6677148394859779,0.4250130587329473,0.6365188155173128,-0.08434964064032588,11,0.6609047154566582,0.5416647853147956,0.8195807544519141
2024-03-20 00:00:00+00:00,0.09548426677860467,0.7482595615992531,0.4250130587329473,0.5680021753742353,0.09654712303052809,11,0.7446751602683598,0.5416647853147956,0.7273839846082619
2024-03-21 00:00:00+00:00,-0.03453337499189424,0.8035097346191437,0.4250130587329473,0.5289457494057613,-0.011794002677458065,11,0.8011225433585153,0.5416647853147956,0.6761322469393947
2024-03-22 00:00:00+00:00,-0.02600824301633342,0.8181234539528246,0.4250130587329473,0.5194974629800245,-0.0219706838525068,11,0.7999225464602071,0.5416647853147956,0.6771465408891825
2024-03-23 00:00:00+00:00,0.0028163407317784994,0.8249596504920484,0.4250130587329473,0.5151925412102855,0.0014581659783177664,11,0.8023941393109344,0.5416647853147956,0.6750607448104702
2024-03-24 00:00:00+00:00,0.05062521586787083,0.8225695297825625,0.4250130587329473,0.5166895239181726,0.043986174108737446,11,0.7999918933803771,0.5416647853147956,0.6770878427604851
2024-03-25 00:00:00+00:00,0.039641384480819886,0.8326881538781556,0.4250130587329473,0.5104108383834868,0.02948148365814954,11,0.8030898444599593,0.5416647853147956,0.6744759494238655
2024-03-26 00:00:00+00:00,0.001686934200981094,0.8387828200269309,0.4250130587329473,0.5067021505272382,0.015392874635004524,11,0.8013202299591164,0.5416647853147956,0.6759654443547887
2024-03-27 00:00:00+00:00,-0.007360587361444404,0.8389636750199411,0.4250130587329473,0.5065929209901076,-0.008521274936313798,11,0.8007416045667333,0.5416647853147956,0.6764539050120676
2024-03-28 00:00:00+00:00,0.018753048881393175,0.8272802995751123,0.4250130587329473,0.5137473465175374,0.02009353637444201,11,0.7974227495483134,0.5416647853147956,0.6792692905006942
2024-03-29 00:00:00+00:00,-0.013078440983164241,0.8170178909288186,0.4250130587329473,0.520200430678177,-0.008203044302562882,11,0.7980298696776893,0.5416647853147956,0.6787525202954681
2024-03-30 00:00:00+00:00,-0.003722627737226314,0.7625497120095923,0.4250130587329473,0.5573578378423163,-0.013754742530570933,11,0.7922399346751873,0.5416647853147956,0.6837130540975245
2024-03-31 00:00:00+00:00,0.024712002172105008,0.7581316896290196,0.4250130587329473,0.5606058479641197,0.03173863476698829,11,0.7964135723525417,0.5416647853147956,0.6801300280641392
2024-04-01 00:00:00+00:00,-0.02316553600794069,0.7595209803569628,0.4250130587329473,0.5595804062360435,-0.04194602350097552,11,0.7890319989305066,0.5416647853147956,0.6864927988332477
2024-04-02 00:00:00+00:00,-0.060212951920054714,0.7649381573232834,0.4250130587329473,0.5556175419725145,-0.06683544661002988,11,0.8048119428529474,0.5416647853147956,0.6730327378029065
2024-04-03 00:00:00+00:00,0.007365360357471262,0.7966637560956391,0.4250130587329473,0.5334911441382614,-0.0030902976538516942,11,0.845814130434865,0.5416647853147956,0.6404064035159891
2024-04-04 00:00:00+00:00,0.03842066566107527,0.746811693417913,0.4250130587329473,0.5691033797124968,0.019012980903348877,11,0.8392533615737693,0.5416647853147956,0.645412708623609
2024-04-05 00:00:00+00:00,-0.00973154313426916,0.7161063519205423,0.4250130587329473,0.5935055003954299,-0.012787880783657496,11,0.7925369173341478,0.5416647853147956,0.683456850359464
2024-04-06 00:00:00+00:00,0.015942257597044485,0.706464228607749,0.4250130587329473,0.6016059150942911,0.018098256977775964,11,0.7455051959522243,0.5416647853147956,0.7265741248428644
2024-04-07 00:00:00+00:00,0.006515395342290509,0.7074589291474148,0.4250130587329473,0.6007600458801847,0.014605741255511395,11,0.7420416630250731,0.5416647853147956,0.7299654619210957
2024-04-08 00:00:00+00:00,0.033033604516548465,0.7047501495627524,0.4250130587329473,0.60306912882053,0.030739030305093718,11,0.7432870107758033,0.5416647853147956,0.728742433894324
2024-04-09 00:00:00+00:00,-0.034916403829514,0.713476969392929,0.4250130587329473,0.5956927510842783,-0.04126860073027596,11,0.7464309286577506,0.5416647853147956,0.7256730187866541
2024-04-10 00:00:00+00:00,0.02173180568630584,0.7244764098298457,0.4250130587329473,0.5866485822951337,0.00866478358050164,11,0.762639931765097,0.5416647853147956,0.7102497033706797
2024-04-11 00:00:00+00:00,-0.009126047874952636,0.7107015211451779,0.4250130587329473,0.5980190643860014,-0.013330355657383042,11,0.7274372760072008,0.5416647853147956,0.7446206060375626
2024-04-12 00:00:00+00:00,-0.041208339939523,0.7107139477749667,0.4250130587329473,0.5980086081939666,-0.1080898337702739,11,0.7262582546220085,0.5416647853147956,0.7458294372113027
2024-04-13 00:00:00+00:00,-0.047375720855536985,0.7198252269792921,0.4250130587329473,0.5904392383085708,-0.1045834593398887,11,0.818865720834339,0.5416647853147956,0.6614818175108069
2024-04-14 00:00:00+00:00,0.02684181718664469,0.7340706490991779,0.4250130587329473,0.5789811365629539,0.06729327239037838,11,0.8940349811226999,0.5416647853147956,0.6058653148387892
2024-04-15 00:00:00+00:00,-0.03393470136183507,0.7364774998659499,0.4250130587329473,0.5770889929567518,-0.03562823467397141,11,0.9287303482346828,0.5416647853147956,0.5832314905444665
2024-04-16 00:00:00+00:00,0.005668955688819199,0.7139354576884954,0.4250130587329473,0.5953101980801031,-0.0007067261519837901,11,0.9136906615341278,0.5416647853147956,0.5928316968954416
2024-04-17 00:00:00+00:00,-0.039383754906509805,0.6940025516236716,0.4250693668526032,0.612489631137697,-0.026348491875459918,12,0.8838771216706338,0.5424427887917156,0.6137083713247761
2024-04-18 00:00:00+00:00,0.035998459540081296,0.7058851680834758,0.42511442577220326,0.6022430346941793,0.03365848067219674,12,0.8822365927319025,0.5429497937458614,0.6154242503868291
2024-04-19 00:00:00+00:00,0.005164885707805267,0.64857900027183,0.42514768816507514,0.6555064039799143,0.00918972592574871,12,0.8440334153389638,0.5458962014007298,0.6467708404429674
2024-04-20 00:00:00+00:00,0.017460036386828692,0.5612371190811474,0.42514768816507514,0.7575188342159608,0.0684166872831015,12,0.7717119153093113,0.5458962014007298,0.7073834037950912
2024-04-21 00:00:00+00:00,0.00014477463671580537,0.5520505527529818,0.42514768816507514,0.7701245584212103,-0.00882418410314135,12,0.8120248773157792,0.5467169301180459,0.673276084749112
2024-04-22 00:00:00+00:00,0.028946116212566153,0.5439882788884332,0.42514768816507514,0.7815383247481127,0.03841020787047469,12,0.8095956561818436,0.5473379435973252,0.6760633402835198
2024-04-23 00:00:00+00:00,-0.0059669907329806815,0.5526436300111988,0.42529381987570103,0.7695625114996492,-0.020067743556172624,12,0.822209315113286,0.5474385656674867,0.6658141127871549
2024-04-24 00:00:00+00:00,-0.03207520750870607,0.5252567793062883,0.42550747281249596,0.8100942045421436,-0.03352378631653357,12,0.8077058732388006,0.5483405021674549,0.6788863623941191
2024-04-25 00:00:00+00:00,0.0033287446432876955,0.5170904476365948,0.4256085722656717,0.8230834164718209,-0.0043111105576471576,12,0.8047180750226854,0.5484203022307477,0.6815061314675793
2024-04-26 00:00:00+00:00,-0.01128483392116586,0.5173001549783918,0.42570681274981365,0.8229396582484997,-0.023417088545465425,12,0.8009058273708523,0.5485738634933983,0.6849417806013617
2024-04-27 00:00:00+00:00,-0.005064712283573747,0.5179331813147316,0.42623930357558726,0.8229619552344825,0.014614502704397986,12,0.8029530043451264,0.5523241305556678,0.6878660738135391
2024-04-28 00:00:00+00:00,-0.005147230329889174,0.51214777433231,0.42625287027464626,0.8322849217305583,0.004480765375195299,12,0.8008352107129402,0.5540923740403528,0.691893121865951
2024-04-29 00:00:00+00:00,0.011958811881188192,0.5110361175938744,0.4262851656466966,0.8341585867820596,0.0004915021507697256,12,0.802002135683379,0.5561156885033771,0.6934092364099702
2024-04-30 00:00:00+00:00,-0.050017298085939355,0.5137991409292784,0.4263686301971361,0.8298352337179626,-0.06341898328523855,12,0.8021371556775385,0.5572149530122317,0.6946629377136517
2024-05-01 00:00:00+00:00,-0.03877082893904249,0.5308138038648441,0.42669308570344605,0.8038470035946742,0.0008761458126842666,12,0.8149165431340955,0.5584679834611516,0.6853069656842824
2024-05-02 00:00:00+00:00,0.012435712816293076,0.5405887155807982,0.42691885763887716,0.7897295029183206,0.004861459224242591,12,0.807146271409385,0.5591627913589868,0.6927651296494427
2024-05-03 00:00:00+00:00,0.06443731014233611,0.5043770317137748,0.42691885763887716,0.8464280306109303,0.051495743493124975,12,0.7782480856768175,0.5620560366828337,0.7222067706007032
2024-05-04 00:00:00+00:00,0.016435767360398534,0.5534436583646436,0.4272637276451918,0.7720094379754976,0.015028217184374951,12,0.8028705270522494,0.5635100304330127,0.7018691201705309
2024-05-05 00:00:00+00:00,0.0017825814095069337,0.5391645215168379,0.42758590955539005,0.7930527556829177,0.01073043072432813,12,0.8015485859148771,0.5641978659882536,0.7038847998768353
2024-05-06 00:00:00+00:00,-0.01316669270426496,0.5386588012429406,0.42758590955539005,0.7937973139374074,-0.006861089950614435,12,0.8027320269869488,0.5647500476997132,0.7035349639897888
2024-05-07 00:00:00+00:00,-0.013244215352271382,0.5361403298406741,0.42758590955539005,0.7975261060522283,-0.028114449411963765,12,0.7988897502216598,0.5667791287163433,0.7094585060818278
2024-05-08 00:00:00+00:00,-0.018135554607207394,0.5362271028360578,0.42758590955539005,0.7973970492985639,-0.023039086403974608,12,0.7999426128555537,0.5674360764353448,0.7093459797194317
2024-05-09 00:00:00+00:00,0.030477024584887102,0.5223237118054355,0.42758590955539005,0.818622436414805,0.03826408538116336,12,0.7909998693324418,0.5685212201352805,0.7187374387496165
2024-05-10 00:00:00+00:00,-0.035742261208206005,0.5245379617387055,0.42758590955539005,0.8151667576891006,-0.03625974109860933,12,0.7964739943326163,0.5688804055942036,0.7142485625922808
2024-05-11 00:00:00+00:00,0.0001644431215908071,0.5292576131953858,0.4299063650468677,0.812281872435077,-0.007954391657407031,12,0.8022795840552811,0.5700870741187396,0.7105840475674596
2024-05-12 00:00:00+00:00,0.010696910457356212,0.5293338998715285,0.4301909589329975,0.8127024530970086,-0.0006721907583873236,12,0.8019407172368549,0.5703478136499092,0.711209446522536
2024-05-13 00:00:00+00:00,0.023809252682933213,0.514187774382015,0.43038353170968835,0.8370162675045159,0.005342079232266743,12,0.7014273808532954,0.5710163271982052,0.8140776120024806
2024-05-14 00:00:00+00:00,-0.021777851927767267,0.49482366236200037,0.43052556448218093,0.8700585627354648,-0.03352472716442586,12,0.5843335819778022,0.5715743751594801,0.9781645155920428
2024-05-15 00:00:00+00:00,0.07565024876187576,0.49039478133233,0.4310668876165758,0.8790201364815321,0.07637897768349204,12,0.5487216923589041,0.5728273180423405,1.0
2024-05-16 00:00:00+00:00,-0.014807700729210671,0.5416499066477903,0.43209659897609554,0.7977414814862468,-0.002223051902732346,12,0.5949770329267863,0.5728273180423405,0.9627721514299673
2024-05-17 00:00:00+00:00,0.027062446257531736,0.5443792776634857,0.4330326782218975,0.7954613556939646,0.04092018666257378,12,0.595067239110643,0.5732751479825563,0.9633787752109224
2024-05-18 00:00:00+00:00,-0.0014505882194925102,0.530910758182456,0.4330330062524397,0.815641799640498,0.0007965687278524055,12,0.6010725980492164,0.5745684240734761,0.9559052033618572
2024-05-19 00:00:00+00:00,-0.009533687739220364,0.5180174890910696,0.4334159928375158,0.8366821622142558,-0.02270872373614515,12,0.5915631988076934,0.5778764324856049,0.9768633911817464
2024-05-20 00:00:00+00:00,0.07860913022353277,0.519346952705093,0.4340400069771937,0.8357418960801332,0.10359179699429939,12,0.5975754132309274,0.5792994686561103,0.9694165051470172
2024-05-21 00:00:00+00:00,-0.01876421690556207,0.5785697085913698,0.43476468953281777,0.7514473763089485,-0.0007459711811332407,12,0.6501422370304778,0.5793180036071297,0.8910634790521571
2024-05-22 00:00:00+00:00,-0.013664002965476318,0.5836488413251888,0.4356270624642343,0.7463855517559712,-0.01718947193724336,12,0.6489758504289871,0.582226223992254,0.8971462090729414
2024-05-23 00:00:00+00:00,-0.017646183044458086,0.5785884539754184,0.4370400227440485,0.7553555895234239,0.00403625291754961,12,0.6400058415300555,0.5843335819778022,0.9130128884149585
2024-05-24 00:00:00+00:00,0.008850625282329716,0.5818844653750637,0.4379660810369649,0.752668454131468,-0.0012965170322023305,12,0.6354791766770916,0.5860040990337412,0.9221452417968207
2024-05-25 00:00:00+00:00,0.0107521863167781,0.5698006022429231,0.4384417265080659,0.7694651862111319,0.01435242616411699,12,0.622372489649413,0.586096649527641,0.9417136188937166
2024-05-26 00:00:00+00:00,-0.011326118326118295,0.570571971993203,0.440034324122193,0.7712161580334952,-0.01641757168427883,12,0.6230631365545509,0.5868583307348983,0.9418922358015595
2024-05-27 00:00:00+00:00,0.013065732955217069,0.5705846467284958,0.44090970411736025,0.7727332073257844,0.023312397961944915,12,0.6196377071899698,0.5869354039055468,0.9472235099559603
2024-05-28 00:00:00+00:00,-0.01448920405184817,0.5710866673018615,0.4426598461969278,0.7751185092243614,-0.01994427845052722,12,0.622226501257033,0.5875754470636539,0.9443111887337224
2024-05-29 00:00:00+00:00,-0.011063583443218783,0.5737239133000651,0.4428394080483536,0.7718684854900631,-0.01352504020904959,12,0.6278696047168648,0.5880673436326934,0.936607440804337
2024-05-30 00:00:00+00:00,0.010616753242529642,0.5746886752415243,0.44296946689144884,0.7707990186256621,-0.011234079542075392,12,0.6305406516231662,0.5914144763033732,0.9379482112389222
2024-05-31 00:00:00+00:00,-0.01180703858643184,0.5421730258184332,0.4431138403303691,0.817292301957424,0.0033773181964878627,12,0.5833401253382462,0.5915631988076934,1.0
2024-06-01 00:00:00+00:00,0.0031128439226273397,0.522455336398877,0.44437254194426334,0.8505464696890376,0.007217033837275798,12,0.5832113248009091,0.5915631988076934,1.0
2024-06-02 00:00:00+00:00,-3.2463172744079394e-05,0.5217879337900172,0.44472473386404154,0.8523093484239362,-0.016024953441097157,12,0.5832833033217323,0.5915631988076934,1.0
2024-06-03 00:00:00+00:00,0.015318688032063044,0.4782864841282377,0.44513119391334144,0.9306790149520372,0.010467357924082385,12,0.5636172177719918,0.5915631988076934,1.0
2024-06-04 00:00:00+00:00,0.025268512462757187,0.47790243330158727,0.44555651961738646,0.9323169094144611,0.02592294033995,12,0.5625786929849769,0.5915631988076934,1.0
2024-06-05 00:00:00+00:00,0.008099955205007836,0.4842768523342232,0.44573523804424553,0.9204140893701477,0.01594209059233408,12,0.5677657156690434,0.5915631988076934,1.0
2024-06-06 00:00:00+00:00,-0.004487098361808384,0.48083534546092527,0.4461304020237609,0.9278236432392539,-0.012029450696146379,12,0.5684284290001955,0.5915631988076934,1.0
2024-06-07 00:00:00+00:00,-0.02042208658975997,0.4778163600141374,0.44614499166553856,0.9337164421334134,-0.050829586618479757,12,0.5595968648261589,0.5915631988076934,1.0
2024-06-08 00:00:00+00:00,-0.0005883192670234072,0.47926805554105284,0.4473076823767421,0.933314201113967,-0.018489833418044933,12,0.5858092289385303,0.5915631988076934,1.0
2024-06-09 00:00:00+00:00,0.004788679152725406,0.4702935816202803,0.448533836430614,0.9537315710014616,0.009458411777143507,12,0.5769635608533986,0.5915631988076934,1.0
2024-06-10 00:00:00+00:00,-0.001466086167383529,0.4481264440444169,0.4495184135475866,1.0,-0.02568917370508327,12,0.5607925581019011,0.5915631988076934,1.0
2024-06-11 00:00:00+00:00,-0.03206397551880902,0.4483620861345727,0.4495184135475866,1.0,-0.04340697817656745,12,0.5686275144119969,0.5915631988076934,1.0
2024-06-12 00:00:00+00:00,0.014326379376431886,0.4658816136032507,0.4495184135475866,0.9648769138384603,0.04118065005380437,12,0.5913685522856869,0.5915631988076934,1.0
2024-06-13 00:00:00+00:00,-0.021985039627264946,0.46183957746700716,0.4497720989417087,0.9738708436563982,-0.044738410044859005,12,0.6072091994929367,0.5915631988076934,0.9742329320795717
2024-06-14 00:00:00+00:00,-0.010929616445044199,0.46198291744698733,0.44996555824565937,0.9739874381768522,-0.02127251495003905,12,0.6171981975638732,0.5949770329267863,0.9639967117130357
2024-06-15 00:00:00+00:00,0.002625566109301758,0.38829988170416246,0.45079274322149776,1.0,0.0183818083733559,12,0.5642456009634506,0.595067239110643,1.0
2024-06-16 00:00:00+00:00,0.007034521711421604,0.384672588429238,0.45079274322149776,1.0,0.009523945458235455,12,0.5684795623467344,0.595067239110643,1.0
2024-06-17 00:00:00+00:00,-0.002969312604132135,0.37376377949204315,0.45079274322149776,1.0,-0.045842049124663296,12,0.5503659528288766,0.595067239110643,1.0
2024-06-18 00:00:00+00:00,-0.019643794531324144,0.373867564464111,0.45079274322149776,1.0,-0.04730225054918776,12,0.5720528900939503,0.595067239110643,1.0
2024-06-19 00:00:00+00:00,-0.0031912559586732003,0.37878322570336054,0.45079274322149776,1.0,0.019964401594203308,12,0.5895568295899482,0.595067239110643,1.0
2024-06-20 00:00:00+00:00,-0.0012651973754079782,0.26042566174403153,0.45079274322149776,1.0,0.00579948220846684,12,0.4677403816822696,0.595067239110643,1.0
2024-06-21 00:00:00+00:00,-0.01133493301524624,0.2541872098900108,0.44996555824565937,1.0,0.0009073652941027818,12,0.4694034247805847,0.5949770329267863,1.0
2024-06-22 00:00:00+00:00,0.0017754596866212946,0.2530138962253371,0.4497720989417087,1.0,-0.014989551360756831,12,0.46858850327440377,0.5915631988076934,1.0
2024-06-23 00:00:00+00:00,-0.016532770674521524,0.24727572175528956,0.4495184135475866,1.0,-0.018955106703250412,12,0.4680594354028651,0.5913685522856869,1.0
2024-06-24 00:00:00+00:00,-0.046255130229511554,0.24939573670961435,0.448533836430614,1.0,-0.001013478912537354,12,0.4695128970629397,0.5895568295899482,1.0
2024-06-25 00:00:00+00:00,0.02510770517067762,0.28915326945544884,0.4483620861345727,1.0,0.02072776488465754,12,0.46360273655905765,0.5880673436326934,1.0
2024-06-26 00:00:00+00:00,-0.015032252426618875,0.30561543105359784,0.4481264440444169,1.0,-0.017505905719980185,12,0.4729208638757117,0.5875754470636539,1.0
2024-06-27 00:00:00+00:00,0.013758340192787655,0.30232195038094145,0.4473076823767421,1.0,0.03071361347667782,12,0.4618235382541189,0.5869354039055468,1.0
2024-06-28 00:00:00+00:00,-0.02060539072287426,0.3063458397077325,0.44614499166553856,1.0,-0.031614770973868445,12,0.4784495182170773,0.5868583307348983,1.0
2024-06-29 00:00:00+00:00,0.009286639781965755,0.3112358351075512,0.4461304020237609,1.0,-0.006497739694997108,12,0.486240726514334,0.5858092289385303,1.0
2024-06-30 00:00:00+00:00,0.029146397648220024,0.3105061448855597,0.44573523804424553,1.0,0.03543626345061381,12,0.4860005822488019,0.5843335819778022,1.0
2024-07-01 00:00:00+00:00,0.002158681404114793,0.3289743052874042,0.44555651961738646,1.0,-0.006625737529697556,12,0.5063140737513306,0.5833401253382462,1.0
2024-07-02 00:00:00+00:00,-0.012326465337578862,0.32878860736375576,0.44513119391334144,1.0,0.008858025627916951,12,0.5041277305978075,0.5832833033217323,1.0
2024-07-03 00:00:00+00:00,-0.030838613936285064,0.3304555788505061,0.44472473386404154,1.0,-0.06042007604459234,12,0.5055078711053217,0.5832113248009091,1.0
2024-07-04 00:00:00+00:00,-0.052291912664683804,0.3381463504600758,0.44437254194426334,1.0,-0.08971489712582799,12,0.5392846626868213,0.5792994686561103,1.0
2024-07-05 00:00:00+00:00,-0.007801602377631167,0.36250841256080807,0.4431138403303691,1.0,-0.02226319702710683,12,0.6033487481871305,0.5769635608533986,0.9562687626136445
2024-07-06 00:00:00+00:00,0.028489932885906066,0.3583719635183643,0.4431138403303691,1.0,0.06706801997513202,12,0.5959722938724301,0.5769635608533986,0.9681046699410822
2024-07-07 00:00:00+00:00,-0.040578296535819014,0.3793355524019199,0.4431138403303691,1.0,-0.06485420924165987,12,0.6552825909600046,0.5769635608533986,0.8804805267421086
2024-07-08 00:00:00+00:00,0.015195963493890297,0.39565843799945527,0.4431138403303691,1.0,0.039992285894686654,12,0.6690821664555426,0.5792994686561103,0.8658121493880856
2024-07-09 00:00:00+00:00,0.023360737388287145,0.40266975742816086,0.4431138403303691,1.0,0.02492089872272483,12,0.6909312320596173,0.5832113248009091,0.8440946041220301
2024-07-10 00:00:00+00:00,-0.0055767941961369916,0.41413425254207514,0.4431138403303691,1.0,0.004973253401802084,12,0.6980713644868372,0.5832833033217323,0.835564002472029
2024-07-11 00:00:00+00:00,-0.006481244066222636,0.4138068065769021,0.4431138403303691,1.0,-0.003690775573846302,12,0.6967300175386426,0.5833401253382462,0.8372541883569592
2024-07-12 00:00:00+00:00,0.00969025028641779,0.4027317319891506,0.4431138403303691,1.0,0.022876175454233382,12,0.6840495380782958,0.5843335819778022,0.854226995926894
2024-07-13 00:00:00+00:00,0.02250699457704397,0.40023999517847136,0.4431138403303691,1.0,0.02371354792795206,12,0.6715192864948941,0.5858092289385303,0.8723639673794901
2024-07-14 00:00:00+00:00,0.02676454095248393,0.40685093129190014,0.4431138403303691,1.0,0.025036290140342598,12,0.6643887637706382,0.5858092289385303,0.881726574684765
2024-07-15 00:00:00+00:00,0.06514579748576232,0.41949508449174716,0.4431138403303691,1.0,0.06800618528120826,12,0.6690906328115281,0.5858092289385303,0.8755304591202416
2024-07-16 00:00:00+00:00,0.0045884169884169435,0.4782187623972526,0.4431138403303691,0.9265923363380668,0.008673542631223516,12,0.7075576341047698,0.5858092289385303,0.8279314655119502
2024-07-17 00:00:00+00:00,-0.014661683610798892,0.47779735529036205,0.44437254194426334,0.9300439548775106,-0.008433436010995657,12,0.7074003654479611,0.5858092289385303,0.828115530541982
2024-07-18 00:00:00+00:00,-0.0016819204473471627,0.48022985117876243,0.44472473386404154,0.9260664091839131,-0.01673303035781652,12,0.6887541322567262,0.5858092289385303,0.8505346124299923
2024-07-19 00:00:00+00:00,0.04192349528643957,0.4755229512171658,0.44513119391334144,0.9360877172678364,0.0419717035666479,12,0.6694209164880496,0.5858092289385303,0.8750984836443904
2024-07-20 00:00:00+00:00,0.007015349169992691,0.49707693503382044,0.44555651961738646,0.89635323672194,0.013459871788740382,12,0.6810386841326854,0.5858092289385303,0.8601702701874688
2024-07-21 00:00:00+00:00,0.015407576881484975,0.49746665789546823,0.44573523804424553,0.8960102772111956,0.031101408143505222,12,0.6821385502447163,0.5858092289385303,0.8587833494066155
2024-07-22 00:00:00+00:00,-0.009492417507943274,0.49771318611247106,0.4461304020237609,0.8963604229745007,-0.026436185896061382,12,0.6894580554489017,0.5858092289385303,0.8496662332230112
2024-07-23 00:00:00+00:00,-0.023430500080713235,0.49934621787150857,0.44614499166553856,0.8934582373873918,-0.025322138135724825,12,0.6944748058452735,0.5858092289385303,0.8435284102574723
2024-07-24 00:00:00+00:00,-0.008547034470208215,0.5031848271382285,0.4473076823767421,0.8889530412129526,-0.024350420394968042,12,0.6973878915017168,0.5858092289385303,0.8400048754461178
2024-07-25 00:00:00+00:00,0.006462477859321414,0.47316254200967606,0.4481264440444169,0.9470877431275041,-0.03020083720954374,12,0.703620785108818,0.5858092289385303,0.8325638487895612
2024-07-26 00:00:00+00:00,0.032071477312275665,0.466662979168953,0.4483620861345727,0.9607834907603533,0.04655286850618547,12,0.7087937692651889,0.5858092289385303,0.8264875544064707
2024-07-27 00:00:00+00:00,-7.068157655265583e-05,0.47334107564197936,0.448533836430614,0.9475911969445712,-0.00530694240149555,12,0.7233648575310051,0.5858092289385303,0.8098392157700599
2024-07-28 00:00:00+00:00,0.0049141894459057145,0.4721068904720214,0.4495184135475866,0.9521538927299907,-0.013772121418426866,12,0.7163929925282955,0.5858092289385303,0.8177204900777871
2024-07-29 00:00:00+00:00,-0.021275192668133158,0.46409707472579104,0.4497720989417087,0.9691336649933721,-0.007813215550714755,12,0.7086647692913256,0.5858092289385303,0.8266380019488586
2024-07-30 00:00:00+00:00,-0.008859468791222236,0.47209080871207193,0.44996555824565937,0.9531334860621979,-0.012762583783146394,12,0.7088631233208055,0.5858092289385303,0.8264066921610965
2024-07-31 00:00:00+00:00,-0.023574074409779655,0.4644886238101283,0.45079274322149776,0.9705140666820097,-0.02381495199702412,12,0.6998713468004415,0.5858092289385303,0.8370241639647602
2024-08-01 00:00:00+00:00,0.011116251077201156,0.47300137172189016,0.45079629750058126,0.9530549475142648,-0.011113018672574368,12,0.7044777110485655,0.5858092289385303,0.8315511190078597
2024-08-02 00:00:00+00:00,-0.05910768496303187,0.4717705478065933,0.4522355442720707,0.9585921511519809,-0.07264898336549404,12,0.7044423307737435,0.5858092289385303,0.8315928832599976
2024-08-03 00:00:00+00:00,-0.012676713714431576,0.5077669640515364,0.45230965303206905,0.890781963093923,-0.03593027854382968,12,0.719964292548407,0.5858092289385303,0.8136642816895578
2024-08-04 00:00:00+00:00,-0.0418571861534609,0.471322313149373,0.45287027592655266,0.9608504908254313,-0.059648113438124255,12,0.6523578656807199,0.5858092289385303,0.8979875307048721
2024-08-05 00:00:00+00:00,-0.07152140278494068,0.4956682923655279,0.45312740403912366,0.9141746829853045,-0.08921753744008913,12,0.682662319641046,0.5858092289385303,0.8581244519934211
2024-08-06 00:00:00+00:00,0.0371156238890864,0.5504474787261876,0.45319578334442345,0.823322480090529,0.061520782315295765,12,0.7118093682429578,0.5858092289385303,0.8229861182981499
2024-08-07 00:00:00+00:00,-0.015606756858082327,0.5481661608383285,0.4546439262128579,0.8293907188972701,-0.0065243804342729845,12,0.7138778487943621,0.5858092289385303,0.8206014935578664
2024-08-08 00:00:00+00:00,0.11891730141458101,0.548092877877149,0.4547257346245839,0.8296508730159186,0.1420768292386185,12,0.697899969992935,0.5858092289385303,0.8393885286231787
2024-08-09 00:00:00+00:00,-0.013859646563614825,0.6718394168261846,0.4550628471416891,0.6773387147950282,-0.02700464062968057,12,0.8411803842006037,0.5858092289385303,0.6964133257758269
2024-08-10 00:00:00+00:00,0.0012737911311264671,0.6736654872092745,0.4555834032091792,0.6762754094713657,0.009704059811197735,12,0.846132094035142,0.5858092289385303,0.6923377957983474
2024-08-11 00:00:00+00:00,-0.03597862753305592,0.6730114766164979,0.45607025528374406,0.6776559852687721,-0.054065919117122795,12,0.8469738610276969,0.5858092289385303,0.6916497142281628
2024-08-12 00:00:00+00:00,0.010572523698356928,0.6856538364498036,0.45760805123751375,0.6674039098314226,0.061162298080378576,12,0.8632511109743014,0.5858092289385303,0.6786081378770094
2024-08-13 00:00:00+00:00,0.020949104106920746,0.6821728843395488,0.45828254523491413,0.6717982431661793,0.0006339481088875795,12,0.886227409111128,0.5869354039055468,0.6622853207555763
2024-08-14 00:00:00+00:00,-0.03146790247541342,0.6796965992151969,0.46183957746700716,0.6794790175502782,-0.018400497023088908,12,0.8808977009091999,0.5875754470636539,0.6670189358619059
2024-08-15 00:00:00+00:00,-0.019718770661086515,0.6485902240379767,0.46198291744698733,0.712287821069497,-0.02953077426468272,12,0.8461396893611259,0.5880673436326934,0.6950003067185172
2024-08-16 00:00:00+00:00,0.023713669865109033,0.6504803983893407,0.46409707472579104,0.7134681934689273,-0.006014412738702309,12,0.8484137522994797,0.5895568295899482,0.6948930613065332
2024-08-17 00:00:00+00:00,0.010303571610501994,0.6562149398862834,0.4644886238101283,0.7078300044351631,0.017284497459244763,12,0.8484158135769476,0.5913685522856869,0.6970267913706825
2024-08-18 00:00:00+00:00,-0.017869207885846783,0.6577937963675414,0.4653048954753905,0.7073719728657976,-0.010094753028543882,12,0.8518557510298764,0.5915631988076934,0.6944405764620423
2024-08-19 00:00:00+00:00,0.017064881459653014,0.6406918046967384,0.4658816136032507,0.7271540078833514,0.026705062711736827,12,0.8346621381237199,0.5949770329267863,0.7128357759994551
2024-08-20 00:00:00+00:00,-0.007152591994346591,0.6438410586345483,0.46618568952564204,0.7240695250382508,0.0036363493741591126,12,0.84002710521633,0.595067239110643,0.7083905214670387
2024-08-21 00:00:00+00:00,0.03644935678104111,0.6401000072865175,0.4662232078449111,0.7283599477233301,0.03335167617755902,12,0.8298576026606119,0.5959722938724301,0.7181621183702835
2024-08-22 00:00:00+00:00,-0.012732448531443508,0.6552429346825889,0.466662979168953,0.7121984144628933,0.014239941180757545,12,0.8391377699031781,0.5975754132309274,0.712130277844456
2024-08-23 00:00:00+00:00,0.060781715799933744,0.6520660253244391,0.4702935816202803,0.7212361376844976,0.0697603792685609,12,0.8390812114221993,0.6001486946818871,0.7152450639011045
2024-08-24 00:00:00+00:00,0.0017314597970334855,0.6864141244351019,0.4709470038863516,0.6860974841884654,0.014693453953926452,12,0.872735833583159,0.6010725980492164,0.6887222627051018
2024-08-25 00:00:00+00:00,0.0009522933749370743,0.6859951446166971,0.471322313149373,0.687063628435339,-0.016732819660863475,12,0.8682426556826697,0.6033487481871305,0.6949079779001849
2024-08-26 00:00:00+00:00,-0.02151754850362808,0.6760302572565622,0.4717705478065933,0.6978541903155531,-0.03844702668027336,12,0.8538624487118744,0.6072091994929367,0.7111323380117774
2024-08-27 00:00:00+00:00,-0.054659365596171794,0.6795286031602008,0.47209080871207193,0.6947327993502801,-0.06075076779571259,12,0.8633994437109531,0.6126239038647598,0.7095486432463497
2024-08-28 00:00:00+00:00,-0.006145916273463947,0.7040465155415933,0.4721068904720214,0.6705620723211015,-0.009105018736918491,12,0.8871426259512155,0.6171981975638732,0.6957147357248205
2024-08-29 00:00:00+00:00,0.005248965958787322,0.7014449243885761,0.47300137172189016,0.6743243200942514,-0.008011158045108843,12,0.8872021323493707,0.6175141271527792,0.6960241692809737
2024-08-30 00:00:00+00:00,-0.0037539953597381936,0.7019627101501216,0.47306883937996624,0.6739230340010453,0.0023246428385063356,12,0.8868460609156116,0.6184365799689333,0.6973437750069469
2024-08-31 00:00:00+00:00,-0.0025385904649799507,0.6981674064180896,0.47316254200967606,0.6777207553088321,-0.013498637374678796,12,0.8845202664936359,0.6196377071899698,0.7005353417692755
2024-09-01 00:00:00+00:00,-0.028594100771145325,0.6963384152121851,0.47334107564197936,0.6797572348464288,-0.046673272371484505,12,0.8847981305450554,0.6210280596293339,0.7018867221687808
2024-09-02 00:00:00+00:00,0.03239787190962584,0.6716259616529257,0.4745309895614864,0.7065405696849887,0.04011767860332658,12,0.8618118559177332,0.622226501257033,0.7219980753159069
2024-09-03 00:00:00+00:00,-0.028079239993981098,0.6809125604590258,0.4753427084170562,0.6980965486913795,-0.03711118760348912,12,0.8657083493037654,0.622372489649413,0.7189170465433861
2024-09-04 00:00:00+00:00,0.008487269096355554,0.6716155732730147,0.4755229512171658,0.7080284766176255,0.016074531844386925,12,0.8486092990028731,0.6230631365545509,0.734216720564644
2024-09-05 00:00:00+00:00,-0.030944906337323608,0.6169361613666997,0.47608361201873606,0.7716902360919601,-0.019795080050629188,12,0.7801696775226452,0.624214142020766,0.8001004909635796
2024-09-06 00:00:00+00:00,-0.03957992168031321,0.615168044761225,0.4765715626279573,0.774701427823574,-0.031792757304267,12,0.7571605562906757,0.6253630151008551,0.8259318448447767
2024-09-07 00:00:00+00:00,0.0038086306721722973,0.6290076530283749,0.47779735529036205,0.7596049952492523,0.02703606393754639,12,0.7656322044547641,0.6263856976794463,0.8181287229493167
2024-09-08 00:00:00+00:00,0.013252858559245517,0.4795927900454024,0.4778163600141374,0.996295961765612,0.028152866247889503,12,0.606947169771846,0.6278696047168648,1.0
2024-09-09 00:00:00+00:00,0.03927681820418116,0.4820737450900563,0.47790243330158727,0.9913471500347114,0.03482029387456228,12,0.6101161353650058,0.6278696047168648,1.0
2024-09-10 00:00:00+00:00,0.010684629842623528,0.5036829757754028,0.4782187623972526,0.9494439665367905,-1.4018065598170315e-05,12,0.6217637116291088,0.6278696047168648,1.0
2024-09-11 00:00:00+00:00,-0.005235529433806341,0.48979121052468516,0.4782864841282377,0.9765109578342104,-0.010171674803502543,12,0.5895720324748135,0.6278696047168648,1.0
2024-09-12 00:00:00+00:00,0.013691343987388027,0.4883641684179003,0.4784932494008929,0.9797877902283758,0.03787113817751745,12,0.5516198509429983,0.6278696047168648,1.0
2024-09-13 00:00:00+00:00,0.040737752439018005,0.4849636107302837,0.47926805554105284,0.9882557060711128,0.026449270885244448,12,0.5677311584351689,0.6278696047168648,1.0
2024-09-14 00:00:00+00:00,-0.008316266061005773,0.4926719631423613,0.4795927900454024,0.973452572755435,-0.004745366912970515,12,0.5708114185396816,0.6278696047168648,1.0
2024-09-15 00:00:00+00:00,-0.014381725807096846,0.4881191079712268,0.4800840597205698,0.9835387549484527,-0.03113485185950718,12,0.5600447248544117,0.6278696047168648,1.0
2024-09-16 00:00:00+00:00,-0.015550481988838127,0.4844787036512042,0.48022985117876243,0.9912300531676194,-0.01826646698362718,12,0.5717939273252165,0.6278696047168648,1.0
2024-09-17 00:00:00+00:00,0.03621168002336361,0.4861011688056415,0.48083534546092527,0.9891672275595336,0.03137501432144455,12,0.5729179205003734,0.6278696047168648,1.0
2024-09-18 00:00:00+00:00,0.02402915196689559,0.4979030167656464,0.4813410132859085,0.9667364869822965,0.03467726762825437,12,0.5814150058902106,0.6278696047168648,1.0
2024-09-19 00:00:00+00:00,0.01942436026538097,0.501197648316646,0.4820737450900563,0.9618435894685051,0.032293512669804646,12,0.5861727030919193,0.6278696047168648,1.0
2024-09-20 00:00:00+00:00,0.003819424592965248,0.5040455348070293,0.48250068513995614,0.9572561441788757,0.01899858090701891,12,0.5954191699394333,0.6278696047168648,1.0
2024-09-21 00:00:00+00:00,0.0022433833638411116,0.4893128898933544,0.48323528059804816,0.987579298602514,0.023071071251095254,12,0.5884933621915726,0.6278696047168648,1.0
2024-09-22 00:00:00+00:00,0.0037758544212382894,0.48673621601756795,0.4842768523342232,0.9949472350681708,-0.014439215560709004,12,0.5914593872169749,0.6278696047168648,1.0
2024-09-23 00:00:00+00:00,-0.0038355630131579055,0.4406978765622066,0.4844787036512042,1.0,0.02346209709378082,12,0.545673790736683,0.6278696047168648,1.0
2024-09-24 00:00:00+00:00,0.014727240580186152,0.44081291450334315,0.4844787036512042,1.0,0.03918742822248663,12,0.5494112974772397,0.6278696047168648,1.0
2024-09-25 00:00:00+00:00,-0.017393171235615235,0.4439179655505729,0.4844787036512042,1.0,-0.026216104551381975,12,0.5615985900467775,0.6278696047168648,1.0
2024-09-26 00:00:00+00:00,0.031760557693860436,0.44155653510652726,0.4844787036512042,1.0,0.04558358947586508,12,0.5515729405650874,0.6278696047168648,1.0
2024-09-27 00:00:00+00:00,0.009409800494428966,0.40487824562196933,0.4844787036512042,1.0,0.016810873772865203,12,0.5181634222778889,0.6278696047168648,1.0
2024-09-28 00:00:00+00:00,0.001184263134450969,0.404035579910709,0.4844787036512042,1.0,0.0030899285917456907,12,0.5165026037349288,0.6278696047168648,1.0
2024-09-29 00:00:00+00:00,-0.003841645256706938,0.40407671869397416,0.4844787036512042,1.0,0.0027754072824700735,12,0.5139195809313722,0.6278696047168648,1.0
2024-09-30 00:00:00+00:00,-0.034657842028406716,0.40409664575673965,0.4844787036512042,1.0,-0.037796839446003365,12,0.5138681738307386,0.6278696047168648,1.0
2024-10-01 00:00:00+00:00,-0.039731251134919154,0.4257668125789412,0.4844787036512042,1.0,-0.060479922842515965,12,0.5335669187081208,0.6278696047168648,1.0
2024-10-02 00:00:00+00:00,-0.002700022856466422,0.43818394145805023,0.4844787036512042,1.0,-0.025992705504465353,12,0.5542406134616924,0.6278696047168648,1.0
2024-10-03 00:00:00+00:00,0.0017790572480507194,0.4248909647162448,0.4844787036512042,1.0,-0.01743712319918463,12,0.5517171945570416,0.6278696047168648,1.0
2024-10-04 00:00:00+00:00,0.021985582145561233,0.4115109450780165,0.4844787036512042,1.0,0.039760806108980286,12,0.5368638398832237,0.6278696047168648,1.0
2024-10-05 00:00:00+00:00,-0.0004460992884958159,0.4167771091458571,0.4844787036512042,1.0,-0.00451960882385007,12,0.5489874599125243,0.6278696047168648,1.0
2024-10-06 00:00:00+00:00,0.012235342642763047,0.39885029373751635,0.4844787036512042,1.0,0.02448580097670916,12,0.5426840496865717,0.6278696047168648,1.0
2024-10-07 00:00:00+00:00,-0.009617114069923827,0.36723909298046026,0.4844787036512042,1.0,-0.0008748807485973453,12,0.5285112970715793,0.6278696047168648,1.0
2024-10-08 00:00:00+00:00,-0.0010366225070835844,0.37081182448519434,0.4844787036512042,1.0,-0.007439281234849123,12,0.5246898716273406,0.6278696047168648,1.0
2024-10-09 00:00:00+00:00,-0.024291791083196124,0.3700024662132071,0.4844787036512042,1.0,-0.027640919938224855,12,0.5212160166138028,0.6278696047168648,1.0
2024-10-10 00:00:00+00:00,-0.005434737801932155,0.36160225944995383,0.4844787036512042,1.0,-0.003362785728231371,12,0.5232084701213848,0.6278696047168648,1.0
2024-10-11 00:00:00+00:00,0.03683851896553736,0.3611484184458621,0.4844787036512042,1.0,0.04404783307354715,12,0.5236137478585573,0.6278696047168648,1.0
2024-10-12 00:00:00+00:00,0.010729253445433518,0.37981287297554206,0.4844787036512042,1.0,0.01867368694637191,12,0.5391189242963317,0.6278696047168648,1.0
2024-10-13 00:00:00+00:00,-0.00525863664624282,0.3789106789862341,0.4844787036512042,1.0,-0.0016100295421771678,12,0.5289576489496888,0.6278696047168648,1.0
2024-10-14 00:00:00+00:00,0.05121036166920323,0.35521519267732155,0.4844787036512042,1.0,0.045492621438593984,12,0.5234707792356585,0.6278696047168648,1.0
2024-10-15 00:00:00+00:00,0.01490365049419129,0.391635424609385,0.4844787036512042,1.0,-0.005991019058711383,12,0.5415540047492414,0.6278696047168648,1.0
2024-10-16 00:00:00+00:00,0.008031841152005725,0.3882666707495741,0.4844787036512042,1.0,-0.0007812025295752626,12,0.5268267959738234,0.6278696047168648,1.0
2024-10-17 00:00:00+00:00,-0.002698833808032375,0.3817371216153494,0.4844787036512042,1.0,-0.017345437244004096,12,0.5200746518524857,0.6278696047168648,1.0
2024-10-18 00:00:00+00:00,0.01479701005200229,0.36617998557180687,0.4844787036512042,1.0,0.028632793951739084,12,0.5190060840299013,0.6278696047168648,1.0
2024-10-19 00:00:00+00:00,-0.0008781773655262004,0.3612761779570039,0.4844787036512042,1.0,0.0022567302101178985,12,0.5152588369648777,0.6278696047168648,1.0
2024-10-20 00:00:00+00:00,0.009842476501635833,0.3569774816490341,0.4844787036512042,1.0,0.029506393166558575,12,0.5059959759319795,0.6278696047168648,1.0
2024-10-21 00:00:00+00:00,-0.024205613025904515,0.3578109653934391,0.4844787036512042,1.0,-0.02523239823509879,12,0.5110688892801564,0.6278696047168648,1.0
2024-10-22 00:00:00+00:00,0.0007049705619135427,0.37041343012065786,0.4844787036512042,1.0,-0.00824916382197613,12,0.516647920060925,0.6278696047168648,1.0
2024-10-23 00:00:00+00:00,-0.011332390079820454,0.3703892115903152,0.4844787036512042,1.0,-0.018236188585584984,12,0.5145007277376914,0.6278696047168648,1.0
2024-10-24 00:00:00+00:00,0.023109082972183614,0.37280639171759467,0.4844787036512042,1.0,0.0105196900334657,12,0.5141464488203008,0.6278696047168648,1.0
2024-10-25 00:00:00+00:00,-0.022104729145223323,0.3774692825743356,0.4844787036512042,1.0,-0.06857750662603407,12,0.4977466209834062,0.6278696047168648,1.0
2024-10-26 00:00:00+00:00,0.0060724192218306605,0.38095417436678836,0.4844787036512042,1.0,0.023115059069502425,12,0.549573905692488,0.6278696047168648,1.0
2024-10-27 00:00:00+00:00,0.01383308494783897,0.3662901344873804,0.4844787036512042,1.0,0.012693838786901002,12,0.5318051610723855,0.6278696047168648,1.0
2024-10-28 00:00:00+00:00,0.02857197456348981,0.3678649642392627,0.4844787036512042,1.0,0.022336261440045274,12,0.5302187017370968,0.6278696047168648,1.0
2024-10-29 00:00:00+00:00,0.039721659694820444,0.3797748561795265,0.4844787036512042,1.0,0.04629878998613254,12,0.5365837764065217,0.6278696047168648,1.0
2024-10-30 00:00:00+00:00,-0.005609521754250557,0.40024346066959626,0.4844787036512042,1.0,-0.006166383690379251,12,0.5605603144027349,0.6278696047168648,1.0
2024-10-31 00:00:00+00:00,-0.028183713189352866,0.37681914142259865,0.4844787036512042,1.0,-0.045800162990516056,12,0.5435827007255126,0.6278696047168648,1.0
2024-11-01 00:00:00+00:00,-0.011485783942091765,0.3608288494693413,0.4844787036512042,1.0,-0.0058433352785801545,12,0.5230570675443217,0.6278696047168648,1.0
2024-11-02 00:00:00+00:00,-0.0016389243821299804,0.36445703483907177,0.4844787036512042,1.0,-0.016047252739790463,12,0.514030563306897,0.6278696047168648,1.0
2024-11-03 00:00:00+00:00,-0.008734140544716329,0.36497753414784906,0.4844787036512042,1.0,-0.02465664118282687,12,0.5133617028319726,0.6278696047168648,1.0
2024-11-04 00:00:00+00:00,-0.01334895873469133,0.3622611116754932,0.4844787036512042,1.0,-0.01952774663003487,12,0.5044620490592296,0.6278696047168648,1.0
2024-11-05 00:00:00+00:00,0.02244513607667664,0.36680689795641436,0.4844787036512042,1.0,0.045073403500359176,12,0.5090621177053716,0.6278696047168648,1.0
2024-11-06 00:00:00+00:00,0.08959541321295617,0.3716093865773271,0.4844787036512042,1.0,0.11319794933401778,12,0.5255183674571795,0.6278696047168648,1.0
2024-11-07 00:00:00+00:00,0.00341013410372204,0.4667027525652015,0.4844787036512042,1.0,0.029713463807725753,12,0.6439694272787884,0.6278696047168648,0.9749990886524593
2024-11-08 00:00:00+00:00,0.008510862687196807,0.46605769898255206,0.4844787036512042,1.0,0.027088694047704105,12,0.6484168409839999,0.6281334337817638,0.9687185681799146
2024-11-09 00:00:00+00:00,0.0024365503466592386,0.45223583336666007,0.4844787036512042,1.0,0.059391409649126224,12,0.6410740858652331,0.6285803947877792,0.9805113147560914
2024-11-10 00:00:00+00:00,0.04813530148132683,0.4501730127757668,0.4844787036512042,1.0,0.07681130625054748,12,0.6634781536433696,0.6303765894992337,0.9501090368049578
2024-11-11 00:00:00+00:00,0.10351781675404403,0.46018391308082385,0.4844787036512042,1.0,0.09056383791261656,12,0.6915323637229565,0.6304490822955341,0.9116696706737304
2024-11-12 00:00:00+00:00,-0.00847011446435797,0.5574282146902545,0.4844787036512042,0.8691320081822804,-0.022690184393997132,12,0.7409809525348253,0.6304511584462625,0.8508331506897028
2024-11-13 00:00:00+00:00,0.027686563091253058,0.558750276551758,0.4848023354534897,0.8676547570506332,-0.006212832800602697,12,0.7497716219708438,0.6305406516231662,0.8409769497086753
2024-11-14 00:00:00+00:00,-0.033572387972180984,0.5443839143090381,0.4849636107302837,0.8908485316760804,-0.014118684433691566,12,0.742743939166375,0.6316462418140764,0.8504226133746845
2024-11-15 00:00:00+00:00,0.04236548848646926,0.5657938262742198,0.4861011688056415,0.8591489447784215,0.06690377433058832,12,0.7455274880282019,0.6328080390578376,0.8488057774120592
2024-11-16 00:00:00+00:00,-0.0052125205930807494,0.5771452316883047,0.48673621601756795,0.8433513599232795,0.04815293994352667,12,0.7685240215632293,0.6330207985170255,0.823683815672305
2024-11-17 00:00:00+00:00,-0.007898391837077079,0.5779063215103377,0.48673621601756795,0.842240684866537,-0.017701901155430678,12,0.7703311650801528,0.6354791766770916,0.8249428369043984
2024-11-18 00:00:00+00:00,0.006820609837524971,0.5808913937375428,0.48673621601756795,0.8379125965110857,0.03558402769334595,12,0.7764638950046725,0.6376506775314631,0.8212238606762596
2024-11-19 00:00:00+00:00,0.020218208988548092,0.579851587887903,0.48673621601756795,0.8394151644742307,-0.012758786366181468,12,0.7793598217214651,0.6394899012579662,0.8205322925750118
2024-11-20 00:00:00+00:00,0.021634394017037373,0.5810488081410973,0.48673621601756795,0.837685594046297,-0.014924608862384328,12,0.7826466899508181,0.6400058415300555,0.8177455418233146
2024-11-21 00:00:00+00:00,0.04283714567492769,0.5690015876650512,0.48673621601756795,0.8554215428729004,0.07691223668921149,12,0.77708547361384,0.6405459440883245,0.8242927783857062
2024-11-22 00:00:00+00:00,0.005704785002821788,0.5775423614098943,0.48673621601756795,0.8427714545983246,0.07021592934726782,12,0.8019043031868719,0.6405459440883245,0.7987810285375845
2024-11-23 00:00:00+00:00,-0.012208352923927746,0.5716597636582186,0.4881191079712268,0.8538629775998391,0.01825858224209781,12,0.8125402898728887,0.6405459440883245,0.7883251477764008
2024-11-24 00:00:00+00:00,0.0022202409406697488,0.5772646151978665,0.4883641684179003,0.8459970619375411,0.010684780498008806,12,0.8120549183711115,0.6405459440883245,0.7887963358108658
2024-11-25 00:00:00+00:00,-0.04979011122572996,0.5651071739232532,0.4893128898933544,0.8658762664368648,-0.03931779508853694,12,0.7459726211338316,0.6405459440883245,0.858672189757762
2024-11-26 00:00:00+00:00,-0.011372174288782233,0.6072458601835568,0.48979121052468516,0.8065780973403958,0.00036668081694538984,12,0.7759805029857694,0.6405459440883245,0.8254665440995899
2024-11-27 00:00:00+00:00,0.04231425337669226,0.6120911673864972,0.49039478133233,0.8011793135754832,0.056827785037045275,12,0.7784480913258941,0.6405459440883245,0.8228499128276012
2024-11-28 00:00:00+00:00,-0.002177994742771361,0.6187501362315179,0.49119831615657955,0.7938556897105681,-0.003668800132061445,12,0.7887874287388448,0.6405459440883245,0.8120640881821144
2024-11-29 00:00:00+00:00,0.018886839948483836,0.6115324734742132,0.4926719631423613,0.8056349981602996,0.0312140426065453,12,0.7874014573205952,0.6405459440883245,0.8134934703677116
2024-11-30 00:00:00+00:00,-0.010628332575803423,0.6100341670616166,0.49482366236200037,0.8111408984605621,0.016951964379869733,12,0.7835307346522606,0.6405459440883245,0.8175122120418233
2024-12-01 00:00:00+00:00,0.007958104324380377,0.598898680994323,0.4956682923655279,0.8276329671366005,0.02328374156623379,12,0.7462935379897864,0.6405459440883245,0.8583029484801609
2024-12-02 00:00:00+00:00,-0.014035354855171045,0.5936893209143849,0.49707693503382044,0.8372677720869822,0.0584542619359134,12,0.7397094769603546,0.6405459440883245,0.8659425950854152
2024-12-03 00:00:00+00:00,0.00028173952242016576,0.5986645464233268,0.49746665789546823,0.8309606120281263,0.0024307066494728136,12,0.735450720477675,0.6405459440883245,0.8709569876718458
2024-12-04 00:00:00+00:00,0.028875383109987274,0.5957714232842257,0.49771318611247106,0.8354096330582579,0.012822355017740825,12,0.7180504462501208,0.6405459440883245,0.8920625945342023
2024-12-05 00:00:00+00:00,-0.017199948898996342,0.5919951277878237,0.4979030167656464,0.8410593151775048,-0.004536369472458464,12,0.7008331219669777,0.6405459440883245,0.9139778415303069
2024-12-06 00:00:00+00:00,0.029028657262116342,0.5998310798303043,0.4987096922583929,0.8314168922348618,0.04932199886744936,12,0.7063716803229272,0.6405459440883245,0.9068114732395423
2024-12-07 00:00:00+00:00,0.0010807494265410167,0.5404705014700368,0.49934621787150857,0.9239102162159203,0.004049905656011747,12,0.6477680001193316,0.6405459440883245,0.9888508601386969
2024-12-08 00:00:00+00:00,0.012933961187100218,0.5408470031098283,0.4994069658960248,0.9233793716605131,0.009814120215105027,12,0.6508376803455483,0.6410740858652331,0.9849984185378887
2024-12-09 00:00:00+00:00,-0.03821645975229593,0.5409923892725869,0.5004039262464544,0.9249740590977493,-0.12187337253782086,12,0.6521435201125403,0.6410740858652331,0.9830260764602906
2024-12-10 00:00:00+00:00,-0.006969608190831589,0.566294508013538,0.5004836478355121,0.8837868648790559,-0.006705575610000421,12,0.8275856787942183,0.6410740858652331,0.7746316813979548
2024-12-11 00:00:00+00:00,0.04689264659451453,0.5504921474834918,0.501197648316646,0.9104537650678768,0.07172203409589599,12,0.8035532439563976,0.6410740858652331,0.7977991386218821
2024-12-12 00:00:00+00:00,-0.01108261133535171,0.4629390763494224,0.501197648316646,1.0,0.03301075315009295,12,0.785534346390411,0.6410740858652331,0.8160993708435746
2024-12-13 00:00:00+00:00,0.014119503332646666,0.4639531690661638,0.5004836478355121,1.0,0.007404594566024898,12,0.7778742883716283,0.6410740858652331,0.8241358474609471
2024-12-14 00:00:00+00:00,-6.40882169375967e-05,0.45792837547213566,0.5004039262464544,1.0,-0.026032748198257526,12,0.7748020437202695,0.6410740858652331,0.8274037104846398
2024-12-15 00:00:00+00:00,0.03048526763968673,0.4373077464026843,0.4994069658960248,1.0,0.02821483583672189,12,0.7816487669016734,0.6410740858652331,0.8201562044373777
2024-12-16 00:00:00+00:00,0.01502565834735936,0.42696640993941876,0.4994069658960248,1.0,-0.01093316723377293,12,0.7620192134352547,0.6439694272787884,0.845082926945783
2024-12-17 00:00:00+00:00,0.00040253322548844395,0.4269147989040289,0.4994069658960248,1.0,-0.013433370945381154,12,0.7563456092735612,0.6461500541751715,0.854305288816011
2024-12-18 00:00:00+00:00,-0.05575715999393149,0.42465648271159623,0.4994069658960248,1.0,-0.08108000502903535,12,0.7544008611114824,0.6467755724884334,0.8573367367787978
2024-12-19 00:00:00+00:00,-0.027471984623352874,0.4779199853190559,0.4994069658960248,1.0,-0.07412947516504668,12,0.8195840435335372,0.6477680001193316,0.7903618978800007
2024-12-20 00:00:00+00:00,0.0035268970796635823,0.48607960377479803,0.4994069658960248,1.0,0.032197999390612554,12,0.8685585509513128,0.6484168409839999,0.7465436155959818
2024-12-21 00:00:00+00:00,-0.005200685517021464,0.4809821164952203,0.4994069658960248,1.0,-0.041237875778297094,12,0.8701644488860876,0.6485996306106115,0.745375924563334
2024-12-22 00:00:00+00:00,-0.021552902672732688,0.4583114138800024,0.4994069658960248,1.0,-0.013789471994411662,12,0.8511338365577982,0.6489758504289871,0.7624839038870909
2024-12-23 00:00:00+00:00,-0.003183127533107677,0.4637374950014759,0.4994069658960248,1.0,0.05851863360746263,12,0.8197395979497415,0.6495427052614883,0.7923768802752309
2024-12-24 00:00:00+00:00,0.03972645184135981,0.4621021923498736,0.4994069658960248,1.0,0.02315480330609949,12,0.8413076195540945,0.6501422370304778,0.772775881163495
2024-12-25 00:00:00+00:00,0.00784747795114149,0.4826081484519552,0.4994069658960248,1.0,-0.013395141596226503,12,0.8440785961017142,0.6508376803455483,0.7710628883985116
2024-12-26 00:00:00+00:00,-0.036672999423715824,0.44611602675200174,0.4994069658960248,1.0,-0.05770438282713879,12,0.8324543397391154,0.6521435201125403,0.7833985469003825
2024-12-27 00:00:00+00:00,-0.01542329227206718,0.4648732162558405,0.4994069658960248,1.0,-0.004207319281164745,12,0.8602549447085851,0.6523356256007519,0.7583049997134667
2024-12-28 00:00:00+00:00,0.010602673837618815,0.4450926780326974,0.4994069658960248,1.0,0.03153224820760566,12,0.8375070910471235,0.6523578656807199,0.7789281698678943
2024-12-29 00:00:00+00:00,-0.016434380518391745,0.44671593590092284,0.4994069658960248,1.0,-0.03529509798606897,12,0.8449671007249165,0.6528735780281264,0.7726615361331953
2024-12-30 00:00:00+00:00,-0.010059739705568616,0.44494188252558015,0.4994069658960248,1.0,0.004559169697362799,12,0.8463462823044353,0.6552825909600046,0.7742487970477029
2024-12-31 00:00:00+00:00,0.00842807418343261,0.4447938296009504,0.4994069658960248,1.0,-0.0048007670529355935,12,0.8439354406518627,0.6589444156383693,0.7807995539675348
2025-01-01 00:00:00+00:00,0.010909487267990237,0.4449182255068919,0.4994069658960248,1.0,0.04630686917292409,12,0.8388174239611409,0.6601924704650032,0.7870514507762386
2025-01-02 00:00:00+00:00,0.025475687103594158,0.444356640068884,0.4994069658960248,1.0,0.030191893354845966,12,0.8292567622403644,0.6602405166082718,0.7961834580938848
2025-01-03 00:00:00+00:00,0.012217297185857179,0.4532414257491902,0.4994069658960248,1.0,0.06730085702513987,12,0.8373731637505677,0.6605691551098439,0.7888587593984691
2025-01-04 00:00:00+00:00,0.00026070520758647575,0.44400027477551895,0.4994069658960248,1.0,0.007428878185823329,12,0.8692072775903386,0.6609047154566582,0.7603534076346582
2025-01-05 00:00:00+00:00,0.0015139359483937742,0.4396401423400002,0.4994069658960248,1.0,-0.002523836985683916,12,0.8696590116915659,0.6613457655616402,0.7604656039558108
2025-01-06 00:00:00+00:00,0.03917677735476954,0.4277832049462783,0.4994069658960248,1.0,0.013458211748305296,12,0.8513989373993486,0.6615010469155225,0.7769578018691436
2025-01-07 00:00:00+00:00,-0.051644781571324794,0.44879942410744916,0.4994069658960248,1.0,-0.0853967347232718,12,0.8529450481294977,0.6617932769828434,0.7758920441992732
2025-01-08 00:00:00+00:00,-0.019536020795510756,0.48395013575424145,0.4994069658960248,1.0,-0.02069867284989595,12,0.9036583720879585,0.6618121805316867,0.7323698877514173
2025-01-09 00:00:00+00:00,-0.026251418988512465,0.46960220433299127,0.4994069658960248,1.0,-0.03825301406634329,12,0.7874476576420422,0.6634781536433696,0.8425679436651183
2025-01-10 00:00:00+00:00,0.023485520485679423,0.4777810603468506,0.49934621787150857,1.0,0.027866658355513774,12,0.7978506104429628,0.6642622789550711,0.8325647311171146
2025-01-11 00:00:00+00:00,-0.0011981597954577872,0.45563043722946867,0.49934621787150857,1.0,0.014804770375949303,12,0.762684987872249,0.6643887637706382,0.8711181868469192
2025-01-12 00:00:00+00:00,-0.0006880508502343785,0.4544868529019248,0.49934621787150857,1.0,-0.01728880624064069,12,0.7543109022351626,0.6643887637706382,0.8807890245281242
2025-01-13 00:00:00+00:00,-0.00010682178741416859,0.45090442116250157,0.4979030167656464,1.0,-0.01899736668489251,12,0.7541150084521654,0.6643887637706382,0.8810178239713171
2025-01-14 00:00:00+00:00,0.021388852748945197,0.4509017320514828,0.49771318611247106,1.0,0.03644950330909633,12,0.7520724013347135,0.6643887637706382,0.8834106431661872
2025-01-15 00:00:00+00:00,0.04089393343137049,0.4438965071340825,0.49746665789546823,1.0,0.077484377306488,12,0.7570430233049987,0.6643887637706382,0.8776103118553781
2025-01-16 00:00:00+00:00,-0.005086020606740793,0.4646151156055096,0.49707693503382044,1.0,-0.007713889647627588,13,0.8064000686352815,0.6643887637706382,0.8238947262182437
2025-01-17 00:00:00+00:00,0.041005164020656126,0.4646835960758414,0.4956682923655279,1.0,0.04680463335934309,13,0.8056623932229688,0.6674366818834356,0.8284322161462997
2025-01-18 00:00:00+00:00,0.004423626874517916,0.4423796633690188,0.49482366236200037,1.0,-0.019592310167402746,13,0.7655546821412537,0.6690821664555426,0.8739835077281772
2025-01-19 00:00:00+00:00,-0.03092751954369044,0.4297773374559327,0.4926719631423613,1.0,-0.06810357882658115,13,0.715621198513086,0.6690821664555426,0.934966945984493
2025-01-20 00:00:00+00:00,0.00930750798406721,0.44556339357016417,0.49039478133233,1.0,0.004610868560610352,13,0.7534616419764916,0.6690906328115281,0.8880221573806463
2025-01-21 00:00:00+00:00,0.038056163152599076,0.4458091871469303,0.48979121052468516,1.0,0.024697473080601662,13,0.7376801984472368,0.6694209164880496,0.907467650476632
2025-01-22 00:00:00+00:00,-0.023020499821499008,0.45429315687170724,0.4893128898933544,1.0,-0.015829028460298527,13,0.7393651948961136,0.6715192864948941,0.9082376221256231
2025-01-23 00:00:00+00:00,0.0020025453633891743,0.46341315235043695,0.4883641684179003,1.0,-0.009751116792975066,13,0.7162427370188433,0.6742442981959699,0.9413628416007679
2025-01-24 00:00:00+00:00,0.009072827991536414,0.44484466544973694,0.4881191079712268,1.0,-0.012818020843338367,13,0.7126683258852877,0.6747722160517162,0.9468250398437501
2025-01-25 00:00:00+00:00,-0.0010432102650365094,0.44507389518804735,0.48673621601756795,1.0,0.004619256550214292,13,0.7125340816809773,0.6810386841326854,0.9557980476190143
2025-01-26 00:00:00+00:00,-0.020500347463516255,0.4223252020188603,0.4861011688056415,1.0,-0.024235852928119028,13,0.679771116551117,0.6821385502447163,1.0
2025-01-27 00:00:00+00:00,-0.0052226064109711645,0.4255527586554911,0.48607960377479803,1.0,-0.021962645429592517,13,0.6857583486078906,0.6821385502447163,0.9947214665770783
2025-01-28 00:00:00+00:00,-0.007178006126825509,0.42550376995436984,0.4849636107302837,1.0,-0.06337283107482704,13,0.68180296059193,0.682662319641046,1.0
2025-01-29 00:00:00+00:00,0.02372635505165621,0.4215143931457486,0.4844787036512042,1.0,0.01864768836128306,13,0.708386929075023,0.682662319641046,0.9636856520382625
2025-01-30 00:00:00+00:00,0.009588664787103296,0.42501757751480845,0.4842768523342232,1.0,0.03227815426224886,13,0.7115395107761673,0.6840495380782958,0.9613655007465648
2025-01-31 00:00:00+00:00,-0.0220426704397364,0.4251957026590544,0.48395013575424145,1.0,-0.0008971572400612219,13,0.7204726674299645,0.6857583486078906,0.9518172994044242
2025-02-01 00:00:00+00:00,-0.01756847125208072,0.43386116959386484,0.4826081484519552,1.0,-0.0680348420952277,13,0.7018786664693265,0.6887541322567262,0.9813008503611872
2025-02-02 00:00:00+00:00,-0.029135311261910712,0.4316427299382137,0.4820737450900563,1.0,-0.09587442429971915,13,0.732380612833006,0.6894580554489017,0.9413930999373801
2025-02-03 00:00:00+00:00,0.03742301838551754,0.4427380642035396,0.4809821164952203,1.0,0.042414561346501935,13,0.7613973566839598,0.6909312320596173,0.90745157701724
2025-02-04 00:00:00+00:00,-0.035500827757399045,0.4610867597758505,0.48083534546092527,1.0,-0.06193566396058019,13,0.7804122809066354,0.6915323637229565,0.8861115856859355
2025-02-05 00:00:00+00:00,-0.011677589686568735,0.4789732116394453,0.48022985117876243,1.0,-0.033973694844265746,13,0.8029952121682513,0.6944748058452735,0.864855475252523
2025-02-06 00:00:00+00:00,-0.0006458403842750648,0.4596161435235667,0.4795927900454024,1.0,-0.03804311494518334,13,0.8019995035259713,0.6967300175386426,0.8687412080375189
2025-02-07 00:00:00+00:00,-0.0006742208399486138,0.4209395389852513,0.47926805554105284,1.0,-0.003980658730251287,13,0.7595675875761337,0.6973878915017168,0.9181380339400218
2025-02-08 00:00:00+00:00,-0.0004280200806708878,0.41498008288605126,0.47926805554105284,1.0,0.01995455025007964,13,0.7590917961516886,0.697899969992935,0.9193881076452501
2025-02-09 00:00:00+00:00,0.00016070586161665013,0.40334357627673484,0.47926805554105284,1.0,-0.012601995471288964,13,0.7589671696234331,0.6980713644868372,0.9197649021277036
2025-02-10 00:00:00+00:00,0.009876120872855498,0.39557316352536503,0.47926805554105284,1.0,0.020718079081962548,13,0.7478369122070998,0.6998713468004415,0.9358609282001112
2025-02-11 00:00:00+00:00,-0.01677313260321278,0.3968079936624199,0.47926805554105284,1.0,0.0037023149288400235,13,0.7505074560051476,0.7008331219669777,0.9338123377180291
2025-02-12 00:00:00+00:00,0.02194632280857811,0.4016701444601936,0.47926805554105284,1.0,0.046923695823748265,13,0.7513705216210067,0.7014273808532954,0.9335306092925179
2025-02-13 00:00:00+00:00,-0.013023339442493231,0.408452451640682,0.47926805554105284,1.0,-0.017775966585612167,13,0.7741327792113522,0.7018786664693265,0.906664444805406
2025-02-14 00:00:00+00:00,0.00920185072093238,0.40480420197487077,0.47926805554105284,1.0,0.02843508279415618,13,0.759476451926031,0.703620785108818,0.9264550379731155
2025-02-15 00:00:00+00:00,0.0009292307692307933,0.3798895152019683,0.47926805554105284,1.0,-0.023171204860950607,13,0.7110747381043705,0.7044423307737435,0.9906727001041999
2025-02-16 00:00:00+00:00,-0.015135679051056172,0.3796554243009434,0.47926805554105284,1.0,-0.017532449885288577,13,0.712518170310481,0.7044777110485655,0.9887154326767388
2025-02-17 00:00:00+00:00,-0.0034282384888699724,0.3525843425541277,0.47926805554105284,1.0,-0.005396463940821144,13,0.6830685003487292,0.7063716803229272,1.0
2025-02-18 00:00:00+00:00,-0.001270567109329268,0.35166384423303804,0.47926805554105284,1.0,-0.04594203288931797,13,0.6830504601022852,0.7063716803229272,1.0
2025-02-19 00:00:00+00:00,0.010233916600374426,0.3363064841613274,0.47926805554105284,1.0,0.015215417926024356,13,0.6624357534450968,0.7063716803229272,1.0
2025-02-20 00:00:00+00:00,0.01715829567690008,0.33670540949885197,0.47926805554105284,1.0,0.03604902229767804,13,0.666648632681633,0.7063716803229272,1.0
2025-02-21 00:00:00+00:00,-0.021984852415322664,0.31355372589693553,0.47926805554105284,1.0,-0.038448092768824875,13,0.675098138776983,0.7063716803229272,1.0
2025-02-22 00:00:00+00:00,0.0041783512103386045,0.31269293240209767,0.47926805554105284,1.0,0.032211105789655706,13,0.6821715402954472,0.7063716803229272,1.0
2025-02-23 00:00:00+00:00,-0.0028174820618582785,0.31317960510603593,0.47926805554105284,1.0,-0.012258563595364206,13,0.6986843732943735,0.7063716803229272,1.0
2025-02-24 00:00:00+00:00,-0.04900896558673118,0.31042357220518246,0.47926805554105284,1.0,-0.12350800941692666,13,0.6986594203242581,0.7063716803229272,1.0
2025-02-25 00:00:00+00:00,-0.0313893704103001,0.3515421864885863,0.47926805554105284,1.0,0.014229207907532144,13,0.8147838950567322,0.7063716803229272,0.8669435964658379
2025-02-26 00:00:00+00:00,-0.049967071283904096,0.3600931410800921,0.47926805554105284,1.0,-0.026046910305073147,13,0.8200608086801895,0.7074003654479611,0.8626194032933427
2025-02-27 00:00:00+00:00,0.005412752016428213,0.39479945742769723,0.47926805554105284,1.0,-0.0003858735987801304,13,0.820754653825265,0.7075576341047698,0.8620817814520801
2025-02-28 00:00:00+00:00,-0.004120352059880927,0.39691761023374994,0.47926805554105284,1.0,0.003067568042326176,13,0.8000832429841973,0.708386929075023,0.8853915330520359
2025-03-01 00:00:00+00:00,0.02020568447882387,0.38258002849362516,0.47926805554105284,1.0,0.005928997460212941,13,0.794628896011614,0.7086647692913256,0.8918185241541581
2025-03-02 00:00:00+00:00,0.09559024319955767,0.38990846209078295,0.47926805554105284,1.0,0.18920662354920406,13,0.7817562180765243,0.7087937692651889,0.9066685404935362
2025-03-03 00:00:00+00:00,-0.08543736894522991,0.5137988402903331,0.47926805554105284,0.9327931827760298,-0.17024776863962476,13,1.0160353574026162,0.7088631233208055,0.6976756450020961
2025-03-04 00:00:00+00:00,0.0122118388733099,0.5943859660596713,0.4795927900454024,0.8068709852366456,0.0007944751082342118,13,1.1756703401831297,0.7110747381043705,0.6048249358690202
2025-03-05 00:00:00+00:00,0.03815386660067266,0.5906115199808868,0.48022985117876243,0.8131061364910449,0.03647108545597517,13,1.1303681564251504,0.7115395107761673,0.6294758983891132
2025-03-06 00:00:00+00:00,-0.007473714531033182,0.5912241103218026,0.48022985117876243,0.8122636455359946,-0.007457369915548726,13,1.1274213466776701,0.7118093682429578,0.631360555962991
2025-03-07 00:00:00+00:00,-0.035012459178261346,0.5797925895230769,0.48022985117876243,0.8282786980319767,-0.03839545341670037,13,1.108986353188459,0.712518170310481,0.6424949849580314
2025-03-08 00:00:00+00:00,-0.006286807958527207,0.5903368766487428,0.48022985117876243,0.8134844191082182,-0.016378979421293943,13,1.1106005643957473,0.7125340816809773,0.6415754723379337
2025-03-09 00:00:00+00:00,-0.06383400607379697,0.5903132406206443,0.48022985117876243,0.813516990867184,-0.09682560776098377,13,1.1050057272898335,0.7126683258852877,0.6449453684128833
2025-03-10 00:00:00+00:00,-0.026475735839661674,0.6286881125595913,0.48022985117876243,0.7638602378269765,-0.06255290432140401,13,1.1552606660023796,0.7138778487943621,0.617936600632858
2025-03-11 00:00:00+00:00,0.055312684485882224,0.6325075881218597,0.48022985117876243,0.7592475729891809,0.06246510548859008,13,1.166767351208915,0.715621198513086,0.6133366671355812
2025-03-12 00:00:00+00:00,0.00901690534118127,0.6667503179991392,0.48022985117876243,0.7202544014075483,0.022904547758889598,13,1.1933196261624215,0.7162427370188433,0.6002103051989495
2025-03-13 00:00:00+00:00,-0.030710186505058523,0.6665181009021698,0.48022985117876243,0.7205053404082264,-0.021739817476221352,13,1.194004153928668,0.7163929925282955,0.599992043722064
2025-03-14 00:00:00+00:00,0.03533077997433498,0.671554732318415,0.48022985117876243,0.7151015815507102,0.04372772495291765,13,1.1940005922664276,0.7180504462501208,0.6013819849847244
2025-03-15 00:00:00+00:00,0.004238700766776127,0.6796839599205182,0.48022985117876243,0.7065487483843523,0.02140766304409218,13,1.192260220192066,0.719964292548407,0.603865062639115
2025-03-16 00:00:00+00:00,-0.020961775585696674,0.6798045769631079,0.48022985117876243,0.706423386150317,-0.04630469017968635,13,1.1966525246767,0.7204726674299645,0.6020734110970224
2025-03-17 00:00:00+00:00,0.017173270683976005,0.6803551368332645,0.48022985117876243,0.7058517312208564,0.03933224301512644,13,1.196690408346467,0.7233648575310051,0.6044711752394826
2025-03-18 00:00:00+00:00,-0.015320123675353403,0.6845851646516573,0.48022985117876243,0.7014902980305182,-0.022032311463181332,13,1.2080066453252063,0.7262582546220085,0.6012038571414425
2025-03-19 00:00:00+00:00,0.050057250085542515,0.6846207719512947,0.48022985117876243,0.7014538133425595,0.06169467283517026,13,1.2085363973359675,0.7274372760072008,0.6019159022522815
2025-03-20 00:00:00+00:00,-0.03021276399754047,0.7099495786641372,0.48022985117876243,0.6764281092783766,-0.039319477357399234,13,1.2321815742401963,0.732380612833006,0.5943771828308795
2025-03-21 00:00:00+00:00,-0.0016159385444680652,0.7162920670028721,0.48022985117876243,0.670438600818452,-0.010610999420158248,13,1.2295727933213445,0.732380612833006,0.5956382711223515
2025-03-22 00:00:00+00:00,-0.0028173067546385377,0.7144810602040816,0.48022985117876243,0.672137972476963,0.003737353177282222,13,1.2271380622951444,0.732380612833006,0.5968200607054904
2025-03-23 00:00:00+00:00,0.026603299920692214,0.7102532479622101,0.48022985117876243,0.6761389019432033,0.014889333406555884,13,1.2181572734096309,0.732380612833006,0.6012200795575989
2025-03-24 00:00:00+00:00,0.016562269113348682,0.7158197601874169,0.48022985117876243,0.670880964578329,0.049343913817084105,13,1.2155758307428912,0.732380612833006,0.602496853187198
2025-03-25 00:00:00+00:00,-0.000983922410689786,0.7187827773207511,0.48022985117876243,0.6681154116808556,0.015219511110939563,13,1.223450709916326,0.732380612833006,0.598618813898187
2025-03-26 00:00:00+00:00,-0.005740052710567767,0.7188259173968041,0.48022985117876243,0.6680753149773638,-0.012643115272681471,13,1.2254447988264872,0.732380612833006,0.597644719316896
2025-03-27 00:00:00+00:00,0.0034434358425661227,0.6986519778857172,0.48022985117876243,0.6873663374317629,0.012256455428603959,13,1.1378679901867366,0.732380612833006,0.6436428646813541
2025-03-28 00:00:00+00:00,-0.03197952723224362,0.6902728441769219,0.48022985117876243,0.6957101894271768,-0.06964175057945877,13,1.1375568587909435,0.732380612833006,0.6438189064337579
2025-03-29 00:00:00+00:00,-0.02106501194493371,0.6758817872337063,0.48022985117876243,0.7105234380471753,-0.048003405183827556,13,1.161227143822266,0.732380612833006,0.6306953955815401
2025-03-30 00:00:00+00:00,-0.0029909038772859553,0.6796353842427961,0.48022985117876243,0.7065992476448267,-0.0019711365406853954,13,1.172350780582592,0.732380612833006,0.6247111572434442
2025-03-31 00:00:00+00:00,0.0018591465886117486,0.6795773632882626,0.48022985117876243,0.7066595756737396,-0.013992820461606138,13,1.17207477834102,0.732380612833006,0.624858265331529
2025-04-01 00:00:00+00:00,0.03156622244617635,0.675527990214378,0.48022985117876243,0.7108955633746014,0.029909619863615622,13,1.1718842941177225,0.732380612833006,0.6249598330732763
2025-04-02 00:00:00+00:00,-0.03110637768222202,0.5999800911740204,0.48022985117876243,0.8004096439917951,-0.06747118506406803,13,0.9891423569081571,0.732380612833006,0.7404198270532746
2025-04-03 00:00:00+00:00,0.00860465257200338,0.5250564530401688,0.48022985117876243,0.9146251767750829,0.007267906449105039,13,0.7908358455476557,0.732380612833006,0.9260842398030538
2025-04-04 00:00:00+00:00,0.008128713644583563,0.5240387984630686,0.48022985117876243,0.9164013286558332,0.011347625968510099,13,0.7918738041128464,0.732380612833006,0.9248703632184274
2025-04-05 00:00:00+00:00,-0.004330154946364795,0.5062227907368227,0.48022985117876243,0.9486531621379062,-0.009569815490683885,13,0.7801021602808936,0.732380612833006,0.9388265410895614
2025-04-06 00:00:00+00:00,-0.0612521203255576,0.5059547425518179,0.48022985117876243,0.9491557461378656,-0.11233029405922079,13,0.7801606121707138,0.732380612833006,0.9387562014893767
2025-04-07 00:00:00+00:00,0.009693967985167085,0.5369012076094409,0.48022985117876243,0.8944473291781027,0.01257980660643811,13,0.866893799271086,0.732380612833006,0.8448331427088493
2025-04-08 00:00:00+00:00,-0.03596989647651372,0.5386870337579693,0.48022985117876243,0.8914821057202733,-0.04712073963573985,13,0.8698638349621063,0.732380612833006,0.8419485710253842
2025-04-09 00:00:00+00:00,0.08257087460042967,0.5040352345598026,0.48022985117876243,0.9527703982801311,0.12553949758355393,13,0.8159800241537362,0.732380612833006,0.8975472329639047
2025-04-10 00:00:00+00:00,-0.03665283875558489,0.569632368385542,0.48022985117876243,0.8430522523497653,-0.04273706551108974,13,0.8981134725639842,0.732380612833006,0.8154655677774939
2025-04-11 00:00:00+00:00,0.04793608521970705,0.55307849736663,0.48022985117876243,0.8682851592771705,0.04521798895128151,13,0.8820432518033319,0.732380612833006,0.8303227889739629
2025-04-12 00:00:00+00:00,0.022184795377718114,0.5772163120106231,0.48022985117876243,0.8319755370494871,0.06087115088092379,13,0.8934415887666055,0.735450720477675,0.823165979426773
2025-04-13 00:00:00+00:00,-0.017680922499228924,0.57092276472774,0.48022985117876243,0.8411467905081226,-0.03938935523769057,13,0.9167382762087792,0.7376801984472368,0.8046791735346245
2025-04-14 00:00:00+00:00,0.009728406852503868,0.5619845715104382,0.48022985117876243,0.8545249736804255,-0.00047084829585085044,13,0.9128019274429565,0.7376801984472368,0.8081492559001376
2025-04-15 00:00:00+00:00,-0.010999067154252806,0.5628328985996665,0.48022985117876243,0.8532369951606931,-0.03545235819806507,13,0.908540307474997,0.7376801984472368,0.8119399793030511
2025-04-16 00:00:00+00:00,0.004596555153880022,0.5591110838578695,0.48022985117876243,0.8589167073297383,-0.0010632588975173923,13,0.9026121566011314,0.7376801984472368,0.8172726159871799
2025-04-17 00:00:00+00:00,0.010897956900829397,0.5561390488089891,0.48022985117876243,0.8635068014145175,0.0181638686355804,13,0.8896464702055834,0.7376801984472368,0.8291835275609765
2025-04-18 00:00:00+00:00,-0.00567510968229501,0.5544990170007914,0.48022985117876243,0.8660607800105028,0.0015746382575487772,13,0.8910017741957225,0.7376801984472368,0.8279222553884542
2025-04-19 00:00:00+00:00,0.00738506271028716,0.5270911596315825,0.48022985117876243,0.9110944898306123,0.027817286060274816,13,0.8612403213226224,0.7376801984472368,0.8565323524499734
2025-04-20 00:00:00+00:00,0.0011928321949523646,0.5166627322645673,0.48022985117876243,0.929484209309781,-0.002981417317743339,13,0.8595871589580204,0.7376801984472368,0.8581796397952739
2025-04-21 00:00:00+00:00,0.027137174254722396,0.5166215860554414,0.48022985117876243,0.9295582378689582,0.01334718067118624,13,0.8592028813886275,0.7376801984472368,0.8585634597209589
2025-04-22 00:00:00+00:00,0.06806696760185127,0.5245275416869128,0.48022985117876243,0.9155474460584352,0.11777994929484151,13,0.8608231216416663,0.7376801984472368,0.8569474726008927
2025-04-23 00:00:00+00:00,0.0023795970948372602,0.5647610452481455,0.48022985117876243,0.8503239648332303,0.021697153545106714,13,0.9474186952420636,0.7376801984472368,0.778621112452041
2025-04-24 00:00:00+00:00,0.002951423728379421,0.5625982979678692,0.48022985117876243,0.8535927906525396,0.023418280632607355,13,0.9349192646134218,0.7376801984472368,0.7890309103345505
2025-04-25 00:00:00+00:00,0.006830558928736741,0.5624788703214015,0.48022985117876243,0.853774028710373,0.01874608699407395,13,0.9370423615466955,0.7376801984472368,0.7872431692731706
2025-04-26 00:00:00+00:00,-0.00021035518314105328,0.5618913884586257,0.48022985117876243,0.8546666865568516,0.014028023756851252,13,0.9382066037703429,0.7376801984472368,0.7862662610588578
2025-04-27 00:00:00+00:00,-0.009240658899156262,0.561985267042209,0.48022985117876243,0.8545239160917253,0.006422963518802449,13,0.938496316874984,0.7376801984472368,0.7860235412575436
2025-04-28 00:00:00+00:00,0.01336065223886962,0.5493733528346099,0.48022985117876243,0.8741411440888301,0.008268004962920137,13,0.9009253438238981,0.7376801984472368,0.8188028048097951
2025-04-29 00:00:00+00:00,-0.008045492839090174,0.5429531921750795,0.48022985117876243,0.8844774431750805,-0.01888505735063171,13,0.8808124987049676,0.7376801984472368,0.8374996943524599
2025-04-30 00:00:00+00:00,-0.0008896343793791672,0.5441395059766603,0.48022985117876243,0.8825491365799875,-0.008877922716979078,13,0.8845904642229926,0.7376801984472368,0.8339228471055258
2025-05-01 00:00:00+00:00,0.02476937102734822,0.5443891285490169,0.48022985117876243,0.8821444551230094,0.01786629773561206,13,0.883390560725427,0.7376801984472368,0.8350555589381269
2025-05-02 00:00:00+00:00,0.004082191297892113,0.5407830036778651,0.48022985117876243,0.8880268941751484,0.001833811441831641,13,0.8802147244916734,0.7376801984472368,0.8380684597991124
2025-05-03 00:00:00+00:00,-0.010708716709522226,0.5251944753301748,0.48022985117876243,0.9143848112203686,-0.031035864365613248,13,0.8385503901331073,0.7376801984472368,0.8797088488983246
2025-05-04 00:00:00+00:00,-0.01636743215031311,0.528019137395517,0.48022985117876243,0.9094932686484096,-0.022555730563265507,13,0.849169263043352,0.7376801984472368,0.8687080780614365
2025-05-05 00:00:00+00:00,0.004903854317004797,0.5329708837880388,0.48022985117876243,0.901043313596374,0.005161361114504561,13,0.8545957758236161,0.7376801984472368,0.8631919549757872
2025-05-06 00:00:00+00:00,0.022048892169628242,0.5321530018212314,0.48022985117876243,0.9024281541872957,0.008893941603377984,13,0.8530901749867643,0.7376801984472368,0.8647153842308427
2025-05-07 00:00:00+00:00,0.0020871649686924343,0.4763530326990853,0.48022985117876243,1.0,0.0005734401931366795,13,0.726146152132956,0.7376801984472368,1.0
2025-05-08 00:00:00+00:00,0.06444465066402705,0.4765569166347983,0.4795927900454024,1.0,0.1607102547040055,13,0.7266548209117712,0.735450720477675,1.0
2025-05-09 00:00:00+00:00,-0.002788807186772657,0.4881862197243546,0.47926805554105284,0.9817320444064619,0.029741194633205972,13,0.8474766622746578,0.732380612833006,0.8641897121594714
2025-05-10 00:00:00+00:00,0.017888955590395827,0.4209208554995127,0.47926805554105284,1.0,0.11024829708045925,13,0.7642693078305232,0.732380612833006,0.9582755781623139
2025-05-11 00:00:00+00:00,-0.006888206451514445,0.39006790379636574,0.4789732116394453,1.0,-0.03711550105681808,13,0.8013863470310839,0.732380612833006,0.9138920516256296
2025-05-12 00:00:00+00:00,-0.012741913785482284,0.36924479759604734,0.4782864841282377,1.0,0.001253221075934482,13,0.8176937543385733,0.732380612833006,0.8956661451149563
2025-05-13 00:00:00+00:00,0.013121471676075691,0.37188013137464176,0.4782187623972526,1.0,0.052550308955707885,13,0.8028545854701092,0.732380612833006,0.9122207509148903
2025-05-14 00:00:00+00:00,-0.006128462331428941,0.3622164982552226,0.4779199853190559,1.0,-0.022984251755157725,13,0.7902919025329883,0.735450720477675,0.9306064229184936
2025-05-15 00:00:00+00:00,0.0026457174563219166,0.36507075907255404,0.47790243330158727,1.0,-0.033349525069308564,13,0.8001065935369132,0.7376801984472368,0.921977402018752
2025-05-16 00:00:00+00:00,-0.003011842015196109,0.3597647696115017,0.4778163600141374,1.0,-0.018432070374605224,13,0.7983911555746768,0.7393651948961136,0.926068869542929
2025-05-17 00:00:00+00:00,-0.0030799282478254364,0.3614254474503909,0.47779735529036205,1.0,-0.026001765502100725,13,0.8051624093115307,0.7397094769603546,0.9187084101366048
2025-05-18 00:00:00+00:00,0.032417331923602966,0.3627840502363103,0.4777810603468506,1.0,0.04682413053793107,13,0.817476215454668,0.7409809525348253,0.9064250904507392
2025-05-19 00:00:00+00:00,-0.008460562784798231,0.37056146852221467,0.4765569166347983,1.0,-0.02234353067123457,13,0.8242131791302519,0.742743939166375,0.9011551355562561
2025-05-20 00:00:00+00:00,0.011882370220164917,0.3748503359571917,0.4763530326990853,1.0,0.0021050291795772394,13,0.8327312814576697,0.7455274880282019,0.8952797914870925
2025-05-21 00:00:00+00:00,0.02641295645130337,0.37454648150626907,0.4755229512171658,1.0,0.032217238425049796,13,0.83170626664387,0.7459726211338316,0.8969183605457323
2025-05-22 00:00:00+00:00,0.018582398724193316,0.37409816240987437,0.47334107564197936,1.0,0.0386609413984177,13,0.8342750226761072,0.7462935379897864,0.8945413894759761
2025-05-23 00:00:00+00:00,-0.03917385233134396,0.312505454044645,0.47316254200967606,1.0,-0.07122222603869928,13,0.7621776850212967,0.7478369122070998,0.9811844756202799
2025-05-24 00:00:00+00:00,0.004210779483613258,0.35107252221443647,0.47300137172189016,1.0,0.004922130259569728,13,0.8165325196069868,0.7497716219708438,0.9182385317999626
2025-05-25 00:00:00+00:00,0.011494188852994691,0.3510292720867101,0.4721068904720214,1.0,0.0047421282684525674,13,0.8147365485008143,0.7505074560051476,0.921165814134822
2025-05-26 00:00:00+00:00,0.003943569421322124,0.3517715109516751,0.47209080871207193,1.0,-0.006584160008492157,13,0.8137654786582884,0.7513705216210067,0.9233256279927767
2025-05-27 00:00:00+00:00,-0.004537813128759893,0.3513384866643248,0.4717705478065933,1.0,0.025257886636072244,13,0.8146790436379223,0.7520724013347135,0.9231517702681526
2025-05-28 00:00:00+00:00,-0.010788324586415432,0.3493235056167061,0.471322313149373,1.0,-0.010193032262442427,13,0.8173006128772363,0.7534616419764916,0.9218904649098388
2025-05-29 00:00:00+00:00,-0.020166040510319783,0.35225907887715935,0.4702935816202803,1.0,-0.03305470226576274,13,0.8194360119108115,0.7541150084521654,0.9202854127605076
2025-05-30 00:00:00+00:00,-0.01505849449162655,0.36017495198053345,0.46960220433299127,1.0,-0.07821720741964329,13,0.8266211622703615,0.7543109022351626,0.9125230960255183
2025-05-31 00:00:00+00:00,0.005684933483392385,0.3659122728099489,0.4667027525652015,1.0,0.007736667010355153,13,0.8797828959443983,0.7544008611114824,0.8574852552704776
2025-06-01 00:00:00+00:00,0.009909134385461593,0.3580261489545689,0.466662979168953,1.0,0.01443490670948286,13,0.8784115028612623,0.7563456092735612,0.8610379153846527
2025-06-02 00:00:00+00:00,0.0021631655711931153,0.3588755082153762,0.46605769898255206,1.0,0.010021472636930694,13,0.8792903652139546,0.7570430233049987,0.8609704521449978
2025-06-03 00:00:00+00:00,-0.004488046995493988,0.3555040090191925,0.4658816136032507,1.0,-0.006876228729428988,13,0.8704242185404056,0.7571605562906757,0.8698753322378148
2025-06-04 00:00:00+00:00,-0.006607208122309305,0.3494968226481769,0.4648732162558405,1.0,-0.0230449577410764,13,0.8658360266621633,0.7589671696234331,0.876571482650457
2025-06-05 00:00:00+00:00,-0.030443362463984824,0.3513138781860692,0.4646835960758414,1.0,-0.06578885924680437,13,0.8715695171176162,0.7590917961516886,0.8709480784299286
2025-06-06 00:00:00+00:00,0.02737098576945285,0.3643058328042715,0.4646151156055096,1.0,0.040093296963113145,13,0.9071202595393849,0.759476451926031,0.8372389922276412
2025-06-07 00:00:00+00:00,0.012165802591840746,0.3749593106556416,0.4644886238101283,1.0,0.027265293189445636,13,0.9164853121353533,0.7595675875761337,0.8287831539890027
2025-06-08 00:00:00+00:00,0.0016786268434327845,0.30874958314180123,0.46409707472579104,1.0,0.003004309418428595,13,0.7567672883616786,0.7613973566839598,1.0
2025-06-09 00:00:00+00:00,0.04295987887963659,0.30850223749445593,0.4639531690661638,1.0,0.05765553973303493,13,0.749031530840671,0.7613973566839598,1.0
2025-06-10 00:00:00+00:00,0.00015786608600976137,0.3357107148948828,0.4637374950014759,1.0,0.0367591469128815,13,0.6779770529048027,0.7613973566839598,1.0
2025-06-11 00:00:00+00:00,-0.01488605500492568,0.3343349899295808,0.4637374950014759,1.0,-0.0337303884506676,13,0.6798944402976516,0.7613973566839598,1.0
2025-06-12 00:00:00+00:00,-0.027490782383209678,0.33562528861398816,0.4637374950014759,1.0,-0.05937534580821765,13,0.6896403085344086,0.7613973566839598,1.0
2025-06-13 00:00:00+00:00,0.003768546836977249,0.3485490592339495,0.46341315235043695,1.0,-0.023481578845841712,13,0.6915049357112547,0.7613973566839598,1.0
2025-06-14 00:00:00+00:00,-0.006090048958107386,0.34788926606376197,0.46341315235043695,1.0,-0.020381717544377932,13,0.6916674390349178,0.7613973566839598,1.0
2025-06-15 00:00:00+00:00,0.0016761038463071198,0.34864884785103833,0.46341315235043695,1.0,0.010903465928389507,13,0.6864342742791598,0.7613973566839598,1.0
2025-06-16 00:00:00+00:00,0.01160318362706092,0.3484334067149185,0.46341315235043695,1.0,0.005554355814405998,13,0.6870622089520215,0.7613973566839598,1.0
2025-06-17 00:00:00+00:00,-0.021056604904622023,0.3501735480332507,0.46341315235043695,1.0,-0.036264669239346285,13,0.6833241514609705,0.7613973566839598,1.0
2025-06-18 00:00:00+00:00,0.0030397114331228714,0.34042113743786256,0.46341315235043695,1.0,0.0032895260627520727,13,0.6690404097716591,0.7613973566839598,1.0
2025-06-19 00:00:00+00:00,-0.0022330499016541827,0.3394320072605304,0.46341315235043695,1.0,-0.003456367699192365,13,0.6671674439640156,0.7613973566839598,1.0
2025-06-20 00:00:00+00:00,-0.012906297412717538,0.33668910034549776,0.46341315235043695,1.0,-0.0374547929509018,13,0.666663672998623,0.7613973566839598,1.0
2025-06-21 00:00:00+00:00,-0.011429528881812256,0.32497763803584595,0.46341315235043695,1.0,-0.04038227945198526,13,0.6620281431484587,0.7613973566839598,1.0
2025-06-22 00:00:00+00:00,-0.011480356618007281,0.31801243022998604,0.46341315235043695,1.0,-0.026007156336577388,13,0.6505311783910349,0.7613973566839598,1.0
2025-06-23 00:00:00+00:00,0.043508209264387254,0.2907057134755269,0.46341315235043695,1.0,0.09809415770138696,13,0.6122754435363171,0.7613973566839598,1.0
2025-06-24 00:00:00+00:00,0.00714610673001026,0.32934919196630763,0.46341315235043695,1.0,0.01390313451275278,13,0.7081467368827294,0.7613973566839598,1.0
2025-06-25 00:00:00+00:00,0.011670069454595255,0.3276807486723783,0.46341315235043695,1.0,-0.019638200808650343,13,0.7105808722791601,0.7613973566839598,1.0
2025-06-26 00:00:00+00:00,-0.0033809355133391783,0.3301881622669647,0.46341315235043695,1.0,-0.02280608044421828,13,0.712290325366436,0.7613973566839598,1.0
2025-06-27 00:00:00+00:00,0.0008146635701344884,0.3300404187514915,0.46341315235043695,1.0,0.023732938335654017,13,0.7055795075167189,0.7613973566839598,1.0
2025-06-28 00:00:00+00:00,0.0021700447840422576,0.32798886610194006,0.46341315235043695,1.0,0.041788648275110814,13,0.713815036980163,0.7613973566839598,1.0
2025-06-29 00:00:00+00:00,0.010017289195837886,0.3198837970334118,0.46341315235043695,1.0,0.03208286439000403,13,0.725591727047937,0.7613973566839598,1.0
2025-06-30 00:00:00+00:00,-0.01132779607935841,0.3163526053754228,0.46341315235043695,1.0,-0.016200014640396315,13,0.679653347376192,0.7613973566839598,1.0
2025-07-01 00:00:00+00:00,-0.013413097825122566,0.3190183678072171,0.46341315235043695,1.0,-0.037815299038259566,13,0.6812329516313959,0.7613973566839598,1.0
2025-07-02 00:00:00+00:00,0.029837494415290378,0.32106734213146415,0.46341315235043695,1.0,0.0638489406953801,13,0.6909975192824492,0.7613973566839598,1.0
2025-07-03 00:00:00+00:00,0.006902713106331282,0.3370178464465613,0.46341315235043695,1.0,0.01733422117423411,13,0.7260383635973963,0.7613973566839598,1.0
2025-07-04 00:00:00+00:00,-0.014668348717649216,0.3370492821943206,0.46341315235043695,1.0,-0.037610672995970866,13,0.7285120445641586,0.7613973566839598,1.0
2025-07-05 00:00:00+00:00,0.0019075076499488475,0.3406427044023552,0.46341315235043695,1.0,0.0024997222699376055,13,0.7363039732646944,0.7613973566839598,1.0
2025-07-06 00:00:00+00:00,0.009192974799302478,0.32054068005168707,0.46341315235043695,1.0,0.01788733298816699,13,0.695289234514257,0.7613973566839598,1.0
2025-07-07 00:00:00+00:00,-0.00854025031610206,0.30894281699903353,0.46341315235043695,1.0,-0.014711392481365274,13,0.6844938363187866,0.7613973566839598,1.0
2025-07-08 00:00:00+00:00,0.006177808130309659,0.30846351178068104,0.46341315235043695,1.0,0.015649894566447865,13,0.6798801292392781,0.7613973566839598,1.0
2025-07-09 00:00:00+00:00,0.021310011903187487,0.3090113976495224,0.46341315235043695,1.0,0.05054917143161979,13,0.6821273566940279,0.7613973566839598,1.0
2025-07-10 00:00:00+00:00,0.043115650736609945,0.28134668201462054,0.46341315235043695,1.0,0.08367690857372564,13,0.6754988351961301,0.7613973566839598,1.0
2025-07-11 00:00:00+00:00,0.013069754209305673,0.31706241011091113,0.46341315235043695,1.0,0.025066454900451188,13,0.7217071452187962,0.7613973566839598,1.0
2025-07-12 00:00:00+00:00,-0.0009386515075441304,0.31352213466371626,0.46341315235043695,1.0,-0.006493339992370399,13,0.7146877874765802,0.7613973566839598,1.0
2025-07-13 00:00:00+00:00,0.014065743487789995,0.2940065623906001,0.46341315235043695,1.0,0.041313353991679236,13,0.6773373454708054,0.7613973566839598,1.0
2025-07-14 00:00:00+00:00,0.0066367072658546356,0.2962557105592932,0.46341315235043695,1.0,0.01388247312856783,13,0.6802900132985039,0.7613973566839598,1.0
2025-07-15 00:00:00+00:00,-0.01735812970783579,0.29418013574418733,0.46341315235043695,1.0,0.030628741822418856,13,0.6733031762581845,0.7613973566839598,1.0
2025-07-16 00:00:00+00:00,0.007651161388554151,0.30378266253655767,0.46341315235043695,1.0,0.026054084204991453,13,0.6776551075807606,0.7613973566839598,1.0
2025-07-17 00:00:00+00:00,0.004669608944479764,0.30280924993432795,0.4629390763494224,1.0,0.037334869407552755,13,0.6801061046353798,0.7613973566839598,1.0
2025-07-18 00:00:00+00:00,-0.01029568426791927,0.2892828734779821,0.4621021923498736,1.0,0.0017633958849792787,13,0.6652571322030105,0.7613973566839598,1.0
2025-07-19 00:00:00+00:00,-0.000996714909024421,0.29380135693986775,0.4610867597758505,1.0,0.012492768428314456,13,0.6655255030265698,0.7613973566839598,1.0
2025-07-20 00:00:00+00:00,-0.0047874777297022275,0.2935053521491107,0.46018391308082385,1.0,0.03179665516692655,13,0.663237725159076,0.7613973566839598,1.0
2025-07-21 00:00:00+00:00,0.0009053268511247659,0.2888984025368607,0.4596161435235667,1.0,0.03319133326616716,13,0.6405124191677802,0.7613973566839598,1.0
2025-07-22 00:00:00+00:00,0.022417659538769064,0.28357881527395834,0.4583114138800024,1.0,0.019416174779284163,13,0.6105195020384777,0.7613973566839598,1.0
2025-07-23 00:00:00+00:00,-0.010456166072440043,0.28370159167326076,0.45792837547213566,1.0,-0.06665143496856268,13,0.5900233215394657,0.7613973566839598,1.0
2025-07-24 00:00:00+00:00,-0.003565150923319327,0.256138789956321,0.45563043722946867,1.0,-0.021054907637582845,13,0.6024982563689618,0.7613973566839598,1.0
2025-07-25 00:00:00+00:00,-0.006218883405863074,0.257223416737339,0.4544868529019248,1.0,0.02356681199024835,13,0.6143853127239464,0.7613973566839598,1.0
2025-07-26 00:00:00+00:00,0.002370159790256121,0.2578213204636496,0.45429315687170724,1.0,0.01801810477974439,13,0.6045478877510856,0.7613973566839598,1.0
2025-07-27 00:00:00+00:00,0.013264579163415613,0.25678666321756743,0.4532414257491902,1.0,0.032861400481944046,13,0.5900744234735104,0.7613973566839598,1.0
2025-07-28 00:00:00+00:00,-0.011491395473416266,0.25891540970934673,0.45223583336666007,1.0,-0.04921508832335698,13,0.5925097469351991,0.7613973566839598,1.0
2025-07-29 00:00:00+00:00,-0.0013403997151545388,0.2642912509277825,0.45090442116250157,1.0,-0.012486692383314782,13,0.6272109392653776,0.7613973566839598,1.0
2025-07-30 00:00:00+00:00,-0.0012379091883385485,0.263598458270157,0.4509017320514828,1.0,-0.02157175963185983,13,0.6288608278053901,0.7613973566839598,1.0
2025-07-31 00:00:00+00:00,-0.017727437883505837,0.2590382397479256,0.4501730127757668,1.0,-0.03785535667960741,13,0.6320977586949952,0.7613973566839598,1.0
2025-08-01 00:00:00+00:00,-0.021231286720031606,0.26301117909324095,0.44879942410744916,1.0,-0.041704710949862986,13,0.6321383963118087,0.7613973566839598,1.0
2025-08-02 00:00:00+00:00,-0.006603973509933692,0.25862772699325237,0.44671593590092284,1.0,-0.02992314442259473,13,0.6301871262693635,0.7613973566839598,1.0
2025-08-03 00:00:00+00:00,0.014669948383185583,0.25927444115663445,0.44611602675200174,1.0,0.03936779698870723,13,0.6422071377741445,0.7613973566839598,1.0
2025-08-04 00:00:00+00:00,0.007433039136243158,0.2571541992541103,0.4458091871469303,1.0,0.04372562130289318,13,0.6322861094084031,0.7613973566839598,1.0
2025-08-05 00:00:00+00:00,-0.008045147433500599,0.2578797678794327,0.44556339357016417,1.0,-0.04014487996219177,13,0.6434398528347665,0.7613973566839598,1.0
2025-08-06 00:00:00+00:00,0.0076107290065026145,0.2589071793284274,0.4450926780326974,1.0,0.02374389677318942,13,0.6659375040407044,0.7613973566839598,1.0
2025-08-07 00:00:00+00:00,0.021617483296213935,0.2571411052352616,0.44507389518804735,1.0,0.063419634128989,13,0.6632907519412243,0.7613973566839598,1.0
2025-08-08 00:00:00+00:00,-0.006880765195590888,0.2655795167044956,0.44494188252558015,1.0,0.019235059967908173,13,0.6882287424384924,0.7613973566839598,1.0
2025-08-09 00:00:00+00:00,-0.0014637183075403293,0.2588112148875132,0.4449182255068919,1.0,0.03093885983941463,13,0.6745094864602399,0.7613973566839598,1.0
2025-08-10 00:00:00+00:00,0.024524667647344067,0.21337269200645387,0.44484466544973694,1.0,0.0009806668365367648,13,0.6291247065453306,0.7595675875761337,1.0
2025-08-11 00:00:00+00:00,-0.005416324409501572,0.2251756914547746,0.4447938296009504,1.0,-0.038199980881186604,13,0.6263628007829953,0.759476451926031,1.0
2025-08-12 00:00:00+00:00,0.012204638807751245,0.22608178972209655,0.444356640068884,1.0,0.06321525393815558,13,0.6449041267953001,0.7590917961516886,1.0
2025-08-13 00:00:00+00:00,0.027089785859393256,0.22477681605287828,0.44400027477551895,1.0,0.040944554309413246,13,0.6629108741040549,0.7589671696234331,1.0
2025-08-14 00:00:00+00:00,-0.04135481271739927,0.24217173364303562,0.4439179655505729,1.0,-0.06176069407979587,13,0.6729508911173296,0.7571605562906757,1.0
2025-08-15 00:00:00+00:00,-0.008244538944242374,0.27853685172778997,0.4438965071340825,1.0,-0.011053609870466287,13,0.7112024337407725,0.7570430233049987,1.0
2025-08-16 00:00:00+00:00,0.0003453124054120238,0.2786838276087606,0.4427380642035396,1.0,0.012559577358434989,13,0.7086703347377673,0.7567672883616786,1.0
2025-08-17 00:00:00+00:00,0.00018154605644449262,0.27810607918325864,0.4423796633690188,1.0,0.0200363908364827,13,0.6990918632064628,0.7563456092735612,1.0
2025-08-18 00:00:00+00:00,-0.009895446748060643,0.2758442017480478,0.44155653510652726,1.0,-0.03580961227784028,13,0.7018504756714025,0.7544008611114824,1.0
2025-08-19 00:00:00+00:00,-0.028915778792054314,0.2779348614247281,0.44081291450334315,1.0,-0.05544560194321403,13,0.7138613377341588,0.7543109022351626,1.0
2025-08-20 00:00:00+00:00,0.012443042877490207,0.2953726522533421,0.4406978765622066,1.0,0.05659465157849318,13,0.732885531329305,0.7541150084521654,1.0
2025-08-21 00:00:00+00:00,-0.015348857568064478,0.29913001948146506,0.4396401423400002,1.0,-0.035765473034099375,13,0.750162790137612,0.7534616419764916,1.0
2025-08-22 00:00:00+00:00,0.03946772976091939,0.29127616729608513,0.43818394145805023,1.0,0.11076290677701581,13,0.7561597132308743,0.7520724013347135,0.9945946447230087
2025-08-23 00:00:00+00:00,-0.013085474259702856,0.3224635310395802,0.4373077464026843,1.0,-0.004570904461977763,13,0.8071835183117008,0.7520724013347135,0.9317241795369444
2025-08-24 00:00:00+00:00,-0.01683739795122463,0.3253293262277703,0.43386116959386484,1.0,-0.013401850510685568,13,0.8030237085980556,0.7520724013347135,0.9365506812341886
2025-08-25 00:00:00+00:00,-0.029699444303404654,0.3296973540670852,0.4316427299382137,1.0,-0.08655119288216061,13,0.8017365760644076,0.7520724013347135,0.9380542484746208
2025-08-26 00:00:00+00:00,0.014874538946527016,0.34443905269277947,0.4297773374559327,1.0,0.036636857451546906,13,0.8617416171724754,0.7520724013347135,0.87273538418905
2025-08-27 00:00:00+00:00,-0.004548331278930617,0.3453797033893174,0.4277832049462783,1.0,-0.008035853925740773,13,0.8636394876477671,0.7520724013347135,0.8708175252420187
2025-08-28 00:00:00+00:00,0.011841385859399756,0.34386227135961916,0.42696640993941876,1.0,0.023306160622366748,13,0.8458207558577391,0.7520724013347135,0.8891628588282204
2025-08-29 00:00:00+00:00,-0.03718716672591538,0.34720687467099426,0.4269147989040289,1.0,-0.04476814730675807,13,0.8482884267155634,0.7520724013347135,0.8865762842558363
2025-08-30 00:00:00+00:00,0.0038989917451035527,0.36959119826294007,0.4257668125789412,1.0,0.003359896590346907,13,0.8605072137915251,0.7520724013347135,0.8739873289626111
2025-08-31 00:00:00+00:00,-0.005134330224599415,0.3661861269676228,0.4255527586554911,1.0,-0.013192225101333128,13,0.8489677184430221,0.7520724013347135,0.8858669004682401
2025-09-01 00:00:00+00:00,0.009083204482082774,0.35967419353274027,0.42550376995436984,1.0,-0.014347925266386662,13,0.8357410658903632,0.7520724013347135,0.899886857340781
2025-09-02 00:00:00+00:00,0.018345430815377872,0.3610246269937719,0.4251957026590544,1.0,0.04084441954624004,13,0.8296203465456792,0.7520724013347135,0.9065259844049692
2025-09-03 00:00:00+00:00,0.004222672920479731,0.36320001890252274,0.42501757751480845,1.0,0.012140413791361805,13,0.8303959281744948,0.7520724013347135,0.9056792980524794
2025-09-04 00:00:00+00:00,-0.008785992566387568,0.36245368684635193,0.4248909647162448,1.0,-0.034954175819209864,13,0.8188464569003489,0.7520724013347135,0.9184535085876772
2025-09-05 00:00:00+00:00,-0.000421056436019307,0.36264703786412106,0.42465648271159623,1.0,0.014961299547981925,13,0.8154687591174384,0.7520724013347135,0.9222577725094739
2025-09-06 00:00:00+00:00,-0.004412107669528487,0.36133283050854664,0.4223252020188603,1.0,-0.006374263706713448,13,0.8132280119226626,0.7520724013347135,0.9247989374549915
2025-09-07 00:00:00+00:00,0.008531922756000787,0.35205407890355483,0.4215143931457486,1.0,0.025307105328935816,13,0.784902114803255,0.7520724013347135,0.9581734934211884
2025-09-08 00:00:00+00:00,0.008499356313974804,0.35352386222646814,0.4209395389852513,1.0,0.032276870984321714,13,0.7869945878987126,0.7520724013347135,0.9556258872665925
2025-09-09 00:00:00+00:00,-0.004669572614933948,0.35527157571376256,0.4209208554995127,1.0,0.0064965408379981954,13,0.7876368102362404,0.7534616419764916,0.9566104988801901
2025-09-10 00:00:00+00:00,0.02152376681614343,0.34324090138933333,0.4167771091458571,1.0,0.034468290716548965,13,0.7879414684115509,0.7541150084521654,0.9570698315604865
2025-09-11 00:00:00+00:00,0.013503084726149917,0.3526593808536826,0.41498008288605126,1.0,0.024162543296383506,13,0.783163880874542,0.7543109022351626,0.9631584405971839
2025-09-12 00:00:00+00:00,0.004622398709609232,0.3533045927866809,0.4115109450780165,1.0,0.02697411405741851,13,0.7584573340943309,0.7544008611114824,0.9946516794017263
2025-09-13 00:00:00+00:00,-0.0007156930797652672,0.33934976808857326,0.408452451640682,1.0,0.016837179046596557,13,0.7512326078400781,0.7561597132308743,1.0
2025-09-14 00:00:00+00:00,-0.005713250236218492,0.306827660185249,0.40487824562196933,1.0,-0.03003591590840651,13,0.7154066251236202,0.7561597132308743,1.0
2025-09-15 00:00:00+00:00,0.0007663174411420837,0.3061607144059712,0.40480420197487077,1.0,-0.020579883499919946,13,0.7236258691811911,0.7561597132308743,1.0
2025-09-16 00:00:00+00:00,0.012425128799710805,0.3061804146057115,0.40409664575673965,1.0,0.0177017797424008,13,0.7275031563058469,0.7561597132308743,1.0
2025-09-17 00:00:00+00:00,-0.002942247157326716,0.3094828839509806,0.40407671869397416,1.0,0.036534330791088254,13,0.7268398412332004,0.7561597132308743,1.0
2025-09-18 00:00:00+00:00,0.00529277344421164,0.30765843176747887,0.404035579910709,1.0,0.026986663558212127,13,0.7225334805625875,0.7561597132308743,1.0
2025-09-19 00:00:00+00:00,-0.012382488136653436,0.28915541392971716,0.40334357627673484,1.0,-0.03794455936443532,13,0.6913366121822131,0.7561597132308743,1.0
2025-09-20 00:00:00+00:00,0.00045080474270808857,0.2900720475547381,0.4016701444601936,1.0,0.0050408663029011085,13,0.6868577754436052,0.7561597132308743,1.0
2025-09-21 00:00:00+00:00,-0.0039014661417431373,0.28437795677452515,0.40024346066959626,1.0,-0.012653621946551294,13,0.6711903255388364,0.7561597132308743,1.0
2025-09-22 00:00:00+00:00,-0.02224670731887335,0.24985793435081974,0.39885029373751635,1.0,-0.04836832085238701,13,0.5690364259881737,0.7561597132308743,1.0
2025-09-23 00:00:00+00:00,-0.0059346469537757685,0.2578018732374303,0.39691761023374994,1.0,-0.012025306644252626,13,0.5960533302644652,0.7561597132308743,1.0
2025-09-24 00:00:00+00:00,0.011720397064183485,0.2518985631918105,0.3968079936624199,1.0,0.017651240655071083,13,0.595676953704539,0.7561597132308743,1.0
2025-09-25 00:00:00+00:00,-0.038091504376019825,0.23120415237526643,0.39557316352536503,1.0,-0.07848926801078217,13,0.5006189862364093,0.7561597132308743,1.0
2025-09-26 00:00:00+00:00,0.0059152043884866945,0.2641397351076073,0.39479945742769723,1.0,0.0357967026898998,13,0.568594254839165,0.7561597132308743,1.0
2025-09-27 00:00:00+00:00,-2.0075923492401948e-05,0.26480293783985887,0.391635424609385,1.0,-0.005080136631912176,13,0.5810404749427095,0.7561597132308743,1.0
2025-09-28 00:00:00+00:00,0.02317264363242799,0.2610995817049541,0.39006790379636574,1.0,0.028039113650824975,13,0.5759507413357648,0.7561597132308743,1.0
2025-09-29 00:00:00+00:00,0.018951829762640537,0.23770055341574978,0.38990846209078295,1.0,-0.0009818549153536732,13,0.5588645891454499,0.7561597132308743,1.0
2025-09-30 00:00:00+00:00,-0.002164627207954739,0.24540889983705885,0.3882666707495741,1.0,-0.01713769167579253,13,0.5589991959748573,0.7561597132308743,1.0
2025-10-01 00:00:00+00:00,0.0400162457992943,0.24459003586101524,0.38258002849362516,1.0,0.053885686964421496,13,0.5605942701468544,0.7561597132308743,1.0
2025-10-02 00:00:00+00:00,0.01617233395608153,0.27652550042139473,0.3817371216153494,1.0,0.045660049039011226,13,0.5834835561144165,0.7561597132308743,1.0
2025-10-03 00:00:00+00:00,0.014202604793078333,0.2751218104403669,0.38095417436678836,1.0,0.010429901050853122,13,0.58722275722135,0.7561597132308743,1.0
2025-10-04 00:00:00+00:00,0.001338090990187224,0.2779652954567569,0.3798895152019683,1.0,-0.01948800500775283,13,0.5869868415356508,0.7561597132308743,1.0
2025-10-05 00:00:00+00:00,0.008842483807032897,0.27476348775459286,0.37981287297554206,1.0,0.003778796634732812,13,0.5757719646821501,0.7561597132308743,1.0
2025-10-06 00:00:00+00:00,0.009626165801429831,0.2750564130377774,0.3797748561795265,1.0,0.029971005777029356,13,0.5747348648120546,0.7561597132308743,1.0
2025-10-07 00:00:00+00:00,-0.026807336710997887,0.274218598439228,0.3796554243009434,1.0,-0.043886118336392874,13,0.5795306975802011,0.7561597132308743,1.0
2025-10-08 00:00:00+00:00,0.016110413928553058,0.2945244235227596,0.3796554243009434,1.0,0.02026343072684699,13,0.6016047965176219,0.7561597132308743,1.0
2025-10-09 00:00:00+00:00,-0.013235612732349411,0.2974555865030497,0.3796554243009434,1.0,-0.03298741204512439,13,0.5960955632712803,0.7561597132308743,1.0
2025-10-10 00:00:00+00:00,-0.07260004966917366,0.30182613313603096,0.3796554243009434,1.0,-0.18766885292930063,13,0.6096251450999141,0.7561597132308743,1.0
2025-10-11 00:00:00+00:00,-0.0191716152624537,0.4000070524088764,0.3796554243009434,0.9491218267643688,-0.021947497057129114,13,0.9426165489054129,0.7561597132308743,0.8021922743759842
2025-10-12 00:00:00+00:00,0.03885041676460488,0.4021623020018593,0.3797748561795265,0.9443323113307888,0.1017344751767095,13,0.9378836973074498,0.7563456092735612,0.806438593020582
2025-10-13 00:00:00+00:00,0.0017726700745097634,0.4248297217120168,0.3797748561795265,0.8939460606689096,0.03650800740210924,13,1.0001137713468031,0.7567672883616786,0.7566811997224856
2025-10-14 00:00:00+00:00,-0.01853014938961095,0.42488809101542324,0.3798895152019683,0.8940931111862547,-0.044087023778591514,13,1.0076129081130984,0.7570430233049987,0.7513232683001965
2025-10-15 00:00:00+00:00,-0.020071338797330474,0.42939064715769576,0.38095417436678836,0.8871971871964904,-0.04392215885046414,13,1.0135971741982974,0.7584573340943309,0.7482828024794279
2025-10-16 00:00:00+00:00,-0.02325083570956954,0.43475285171858824,0.38095417436678836,0.8762545728242324,-0.03859737620287972,13,1.0217553159800312,0.7589671696234331,0.7428071650358471
2025-10-17 00:00:00+00:00,-0.016314022272958972,0.43851017608555415,0.38095417436678836,0.868746485583184,-0.0307556247907478,13,1.02458940138875,0.7590917961516886,0.7408741444356146
2025-10-18 00:00:00+00:00,0.006982784634489647,0.44118365349883626,0.38095417436678836,0.8634820699851546,0.016402005207128558,13,1.0152724156705408,0.759476451926031,0.7480518924809275
2025-10-19 00:00:00+00:00,0.01372122701265055,0.44161919467783817,0.38258002849362516,0.8663120469043875,0.022401560253350647,13,1.0111972470549875,0.7595675875761337,0.7511567004244717
2025-10-20 00:00:00+00:00,0.017490802433038466,0.4439152770850651,0.38990846209078295,0.8783398144147827,0.012749422690638484,13,1.0120388681451713,0.7613973566839598,0.7523400342117509
2025-10-21 00:00:00+00:00,-0.02031717528994159,0.44900544630942474,0.39006790379636574,0.8687375776897744,-0.03481369096590666,13,1.0136608915263283,0.7620192134352547,0.7517496431058299
2025-10-22 00:00:00+00:00,-0.006582411795681975,0.45383613436198944,0.39479945742769723,0.8699163145806207,-0.02624596143399948,13,1.018047814943886,0.7621776850212967,0.7486659013784213
2025-10-23 00:00:00+00:00,0.02305578417286247,0.4481820151874412,0.39557316352536503,0.8826172182744241,0.024281614498538343,13,1.0096014910842672,0.762684987872249,0.7554317169769225
2025-10-24 00:00:00+00:00,0.008651964326782169,0.45577095393689315,0.3968079936624199,0.8706302809225589,0.023820437912827806,13,1.0156318745432746,0.7642693078305232,0.7525062249293937
2025-10-25 00:00:00+00:00,0.005607350297175184,0.45486712758055375,0.39691761023374994,0.8726012194922981,0.006440435811779674,13,1.0176755918701341,0.7655546821412537,0.7522580754191325
2025-10-26 00:00:00+00:00,0.026210817529800368,0.4338765207141772,0.4000070524088764,0.9219375405482869,0.036907366267724825,13,0.9816726051626328,0.7685240215632293,0.7828720262962912
2025-10-27 00:00:00+00:00,-0.00391325003231191,0.44234282417263077,0.40024346066959626,0.9048263898441707,-0.020458758384426158,13,0.9822144380065675,0.7703311650801528,0.7842800261046479
2025-10-28 00:00:00+00:00,-0.010623328186932679,0.4427167914351898,0.4016701444601936,0.9072846393697152,-0.029620179611917628,13,0.9839900013230991,0.7741327792113522,0.7867282982250151
2025-10-29 00:00:00+00:00,-0.025481928885249805,0.4375892217874032,0.4021623020018593,0.9190406938250513,0.0021920959571398893,13,0.9810371465513463,0.7748020437202695,0.789778497627681
2025-10-30 00:00:00+00:00,-0.015567457466832746,0.44140873719469426,0.40334357627673484,0.9137643691425849,-0.05946370273096275,13,0.9813103210607959,0.7759805029857694,0.7907595449999292
2025-10-31 00:00:00+00:00,0.011881471628748974,0.4442653529687964,0.40480420197487077,0.911176618365067,0.016146942926359525,13,0.9994935639272712,0.7764638950046725,0.7768573235766953
2025-11-01 00:00:00+00:00,0.004590711044452966,0.4221934994557865,0.408452451640682,0.9674531989885754,0.009648914713402132,13,0.9798379329126925,0.77708547361384,0.7930755153598257
2025-11-02 00:00:00+00:00,0.004077230209486249,0.41767977057129835,0.41498008288605126,0.9935364653127575,0.0007518736288754016,13,0.963289824420649,0.7778742883716283,0.8075184317860566
2025-11-03 00:00:00+00:00,-0.035885425103779234,0.4139530568174496,0.41767977057129835,1.0,-0.10449103042867278,13,0.9613220736467043,0.7784480913258941,0.8097682479846829
2025-11-04 00:00:00+00:00,-0.04784593780741486,0.4293547331771052,0.41767977057129835,0.9728081194786992,-0.051401938148571795,13,1.0226269381474167,0.7793598217214651,0.7621154818524022
2025-11-05 00:00:00+00:00,0.023600995303461048,0.45332461881438657,0.4209208554995127,0.9285197362551766,0.04263114309924693,13,1.0297733978614003,0.7801021602808936,0.7575474001377237
2025-11-06 00:00:00+00:00,-0.02431272536752238,0.46193225909603275,0.4209395389852513,0.9112581567890471,-0.02264795808786623,13,1.0372971692854616,0.7801606121707138,0.75210907276275
2025-11-07 00:00:00+00:00,0.01954671983890388,0.4605454717774035,0.4215143931457486,0.9152503259210855,0.09161190602892509,13,1.0320777280101632,0.7804122809066354,0.7561564984172883
2025-11-08 00:00:00+00:00,-0.009849331275620599,0.46271899694215307,0.4215143931457486,0.910951130019078,-0.011685282202113196,13,1.0856905206089744,0.7816487669016734,0.7199554127664659
2025-11-09 00:00:00+00:00,0.023372696880478827,0.4621799219863773,0.4215143931457486,0.9120136403462648,0.02807114903496002,13,1.082840322681816,0.7817562180765243,0.7219496741129737
2025-11-10 00:00:00+00:00,0.01242891212621533,0.3988363704736838,0.4215143931457486,1.0,0.01386173061286364,13,0.8249278681059788,0.7826466899508181,0.9487456057797663
2025-11-11 00:00:00+00:00,-0.027766138165345455,0.39729092150728723,0.4209395389852513,1.0,-0.06192458455326027,13,0.8240244592157864,0.783163880874542,0.9504133913935869
2025-11-12 00:00:00+00:00,-0.013686941783903617,0.38118569281673226,0.4209208554995127,1.0,-0.011169841945006186,13,0.7703826889945121,0.7835307346522606,1.0
2025-11-13 00:00:00+00:00,-0.019375461947348516,0.3822646306776062,0.41767977057129835,1.0,-0.03270198280702444,13,0.7545052017619187,0.7835307346522606,1.0
2025-11-14 00:00:00+00:00,-0.05124689881090971,0.382688811422382,0.41498008288605126,1.0,-0.04754720959699486,13,0.748463428079684,0.7835307346522606,1.0
2025-11-15 00:00:00+00:00,0.010833253995959247,0.4150428759365365,0.4139530568174496,0.9973742011192753,0.018223597684992914,13,0.7509028284028859,0.7835307346522606,1.0
2025-11-16 00:00:00+00:00,-0.013946635048573186,0.41329163068567343,0.4139530568174496,1.0,-0.02913147782074843,13,0.7480304980641673,0.7835307346522606,1.0
2025-11-17 00:00:00+00:00,-0.021802208345184315,0.4124736346164749,0.41329163068567343,1.0,-0.03219086293653349,13,0.7473621581922574,0.7835307346522606,1.0
2025-11-18 00:00:00+00:00,0.008163167881992006,0.4151338758444241,0.4124736346164749,0.9935918473949205,0.03437544192210847,13,0.7479802319045271,0.7835307346522606,1.0
2025-11-19 00:00:00+00:00,-0.015086765853264739,0.4124614852212454,0.4124736346164749,1.0,-0.02309775672761616,13,0.755015055455094,0.7835307346522606,1.0
2025-11-20 00:00:00+00:00,-0.05381848458161331,0.40564827114261115,0.4124614852212454,1.0,-0.05822039355727594,13,0.7531171105943595,0.7835307346522606,1.0
2025-11-21 00:00:00+00:00,-0.017421309057902845,0.4379037767496387,0.408452451640682,0.932744756559168,-0.05592347175115063,13,0.7686276746273569,0.7835307346522606,1.0
2025-11-22 00:00:00+00:00,-0.004542436226663504,0.43931061715261777,0.408452451640682,0.9297577515609746,-0.012149031244374693,13,0.7844959800685671,0.7835307346522606,0.9987695980083644
2025-11-23 00:00:00+00:00,0.024839433293978752,0.4254758905081084,0.408452451640682,0.9599896510067896,0.01691417205443431,13,0.77429459060633,0.7835307346522606,1.0
2025-11-24 00:00:00+00:00,0.016564923926229325,0.4371031528846401,0.408452451640682,0.934453226761511,0.0617200634604196,13,0.7707180259407193,0.783163880874542,1.0
2025-11-25 00:00:00+00:00,-0.010536956408414233,0.4429970394055738,0.408452451640682,0.9220207254404122,0.002514589131229543,13,0.8087693185977312,0.7817562180765243,0.966599746182208
2025-11-26 00:00:00+00:00,0.0356629100238226,0.42602125663415613,0.408452451640682,0.9587607314895997,0.022846440835751602,13,0.7925728637558673,0.783163880874542,0.9881285578757545
2025-11-27 00:00:00+00:00,0.009526042346321484,0.452751123178112,0.408452451640682,0.9021566832866742,-0.003314367116311697,13,0.8007530867991209,0.7835307346522606,0.9784923062667122
2025-11-28 00:00:00+00:00,-0.004789280424856934,0.4565487804439912,0.408452451640682,0.894652377000031,-0.010203483195654176,13,0.7978676288393473,0.7844959800685671,0.983240767907539
2025-11-29 00:00:00+00:00,-0.0009598238855255126,0.45154633898028257,0.408452451640682,0.9045637543271449,-0.01411481913099069,13,0.7967730547618039,0.7844959800685671,0.9845915036661135
2025-11-30 00:00:00+00:00,-0.004917212778803637,0.4506409174428035,0.408452451640682,0.9063811913895365,-0.010719363859561652,13,0.7751053220919075,0.7844959800685671,1.0
2025-12-01 00:00:00+00:00,-0.045080356302558244,0.4461313501681321,0.408452451640682,0.9155430379119285,-0.07076839099042019,13,0.7701689176422871,0.7844959800685671,1.0
2025-12-02 00:00:00+00:00,0.05799292712621029,0.4650354074905219,0.408452451640682,0.8783254889016313,0.1107524950764102,13,0.7986403476821551,0.7844959800685671,0.9822894402284604
2025-12-03 00:00:00+00:00,0.02335210298246726,0.5153620298144658,0.408452451640682,0.792554414200301,0.03841824705221408,13,0.8963056915326267,0.784902114803255,0.8757080560998352
2025-12-04 00:00:00+00:00,-0.014362147586032492,0.5134021907161695,0.408452451640682,0.7955798768036263,-0.02705564587792973,13,0.8307575200850033,0.785534346390411,0.9455639309891952
2025-12-05 00:00:00+00:00,-0.029904505070282084,0.4891652364231048,0.408452451640682,0.8349989353850771,-0.050661239642341656,13,0.8164162499589548,0.7869945878987126,0.9639624247291484
2025-12-06 00:00:00+00:00,-0.0010886609022893179,0.48830880400983023,0.408452451640682,0.8364634188173666,0.010273937648716851,13,0.8177344668655536,0.7874476576420422,0.9629625380233716
2025-12-07 00:00:00+00:00,0.012880829898594959,0.48330393242494385,0.408452451640682,0.8451254464065712,-0.00024148556166332552,13,0.8171605100699469,0.7876368102362404,0.9638703786222129
2025-12-08 00:00:00+00:00,0.0029788920425612986,0.47980048305334416,0.408452451640682,0.8512964577304736,0.02174432543846155,13,0.7466464393035193,0.7879414684115509,1.0
2025-12-09 00:00:00+00:00,0.022329967429945752,0.4800669536171545,0.408452451640682,0.850823928960576,0.04636798123410356,13,0.7533010527176421,0.7879414684115509,1.0
2025-12-10 00:00:00+00:00,-0.006997891563988778,0.47935420915144344,0.408452451640682,0.8520890060895214,-0.02642095403907356,13,0.7657825205684644,0.7879414684115509,1.0
2025-12-11 00:00:00+00:00,0.005438156462784782,0.4757499094619688,0.408452451640682,0.8585444653107883,-0.021819123010557048,13,0.7657359083248746,0.7876368102362404,1.0
2025-12-12 00:00:00+00:00,-0.02443990531996676,0.46929967035892245,0.408452451640682,0.8703446378479145,-0.02630345424284597,13,0.7402365187122216,0.7874476576420422,1.0
2025-12-13 00:00:00+00:00,-0.0001729112377893971,0.4738296181893387,0.408452451640682,0.8620238920511455,0.01348414587836427,13,0.7435939092563075,0.7874476576420422,1.0
2025-12-14 00:00:00+00:00,-0.023164135554814003,0.47060943963503044,0.408452451640682,0.867922351828402,-0.03341462949235333,13,0.7401631674003961,0.7874476576420422,1.0
2025-12-15 00:00:00+00:00,-0.019562024908471587,0.442303737246251,0.408452451640682,0.9234659742729634,-0.02718924724586965,13,0.7308927703411234,0.7874476576420422,1.0
2025-12-16 00:00:00+00:00,0.01660823072800488,0.4437244517789886,0.408452451640682,0.9205092259466581,0.00855907081052044,13,0.7306328577460047,0.7874476576420422,1.0
2025-12-17 00:00:00+00:00,-0.018493447817666042,0.4472303853505244,0.408452451640682,0.9132931594541602,-0.04795815425592904,13,0.7271397515594104,0.7874476576420422,1.0
2025-12-18 00:00:00+00:00,-0.008622819788518754,0.4455101284465085,0.408452451640682,0.9168196760530531,-0.03460909230801709,13,0.7373280005595257,0.7874476576420422,1.0
2025-12-19 00:00:00+00:00,0.03096016532058954,0.4444433050234304,0.408452451640682,0.9190203722815647,0.0671329293277266,13,0.7307475490923089,0.7874476576420422,1.0
2025-12-20 00:00:00+00:00,0.002474348497230494,0.4567898112874947,0.408452451640682,0.8941803025103157,-0.0037332746722430563,13,0.7703819548745663,0.7869945878987126,1.0
2025-12-21 00:00:00+00:00,0.0034204388487579784,0.4131086081386739,0.408452451640682,0.9887289773046102,-0.008450847893363974,13,0.7439026381402067,0.784902114803255,1.0
2025-12-22 00:00:00+00:00,-0.0005404850373658121,0.407903553872671,0.408452451640682,1.0,0.0055997216254777445,13,0.717509684252244,0.7844959800685671,1.0
2025-12-23 00:00:00+00:00,-0.012802536121441221,0.40741160129042464,0.407903553872671,1.0,-0.01874363077719478,13,0.7166818798043862,0.783163880874542,1.0
2025-12-24 00:00:00+00:00,0.0021488480390476905,0.4016395975111645,0.40741160129042464,1.0,-0.004082680124416585,13,0.7167477965079583,0.7817562180765243,1.0
2025-12-25 00:00:00+00:00,-0.005131798320440306,0.397463604442892,0.40564827114261115,1.0,-0.02441421435447139,13,0.6815839361902232,0.7804122809066354,1.0
2025-12-26 00:00:00+00:00,0.001693041096393344,0.39612820171096585,0.40480420197487077,1.0,0.0182187791639903,13,0.6850706357943558,0.7801606121707138,1.0
2025-12-27 00:00:00+00:00,0.005789666544521843,0.37548616006710417,0.40334357627673484,1.0,0.026231369416664006,13,0.6829845418264523,0.7801021602808936,1.0
2025-12-28 00:00:00+00:00,0.0009039820751965966,0.3743844820280809,0.4021623020018593,1.0,-0.0012948146667693607,13,0.6913080239680975,0.7751053220919075,1.0
2025-12-29 00:00:00+00:00,-0.008163752801064628,0.37423906614065977,0.4016701444601936,1.0,-0.019053084902247015,13,0.6909582990165128,0.77429459060633,1.0
2025-12-30 00:00:00+00:00,0.014390683901540635,0.37505663335793,0.4016395975111645,1.0,0.008518807826719262,13,0.6921609386562457,0.7741327792113522,1.0
2025-12-31 00:00:00+00:00,-0.009689078926988226,0.378712013656778,0.4000070524088764,1.0,-0.01871613307447911,13,0.6929248121027876,0.7707180259407193,1.0
2026-01-01 00:00:00+00:00,0.013835564673473133,0.3433904312767713,0.3988363704736838,1.0,0.049294455877525824,13,0.6478542701435197,0.7703826889945121,1.0
2026-01-02 00:00:00+00:00,0.012897922414278451,0.2829961768744267,0.397463604442892,1.0,0.06160993441602491,13,0.5540099855957815,0.7703819548745663,1.0
2026-01-03 00:00:00+00:00,0.007087239189597749,0.2741704247211429,0.39729092150728723,1.0,0.009313837580961663,13,0.5792591257407139,0.7701689176422871,1.0
2026-01-04 00:00:00+00:00,0.009943932909362019,0.271374637522232,0.39691761023374994,1.0,0.024105831468081353,13,0.5733782169750522,0.7686276746273569,1.0
2026-01-05 00:00:00+00:00,0.025457788776100276,0.25125831138838045,0.3968079936624199,1.0,0.04262811782910696,13,0.549207360715011,0.7657825205684644,1.0
2026-01-06 00:00:00+00:00,-0.0011181247055463972,0.2650368591272693,0.39612820171096585,1.0,0.006987138007989164,13,0.5663221400828902,0.7657359083248746,1.0
2026-01-07 00:00:00+00:00,-0.025423394217871875,0.2621230788443748,0.39557316352536503,1.0,-0.04374692171412624,13,0.5664489951749535,0.7655546821412537,1.0
2026-01-08 00:00:00+00:00,-0.0030077608331946504,0.27835677530344055,0.39479945742769723,1.0,-0.012794125655006653,13,0.5855487833914226,0.7642693078305232,1.0
2026-01-09 00:00:00+00:00,-0.004954110505986931,0.2671365756583867,0.39006790379636574,1.0,-0.0036578724249719616,13,0.5642517382817306,0.762684987872249,1.0
2026-01-10 00:00:00+00:00,-0.0014668129432723331,0.2666073139596156,0.38990846209078295,1.0,-0.004736521177259141,13,0.5569114246392677,0.7621776850212967,1.0
2026-01-11 00:00:00+00:00,0.005419374235258179,0.2657618320969864,0.382688811422382,1.0,0.004969476759388721,13,0.5518001285858157,0.7613973566839598,1.0
2026-01-12 00:00:00+00:00,0.0031683560167981017,0.2519231131324751,0.38258002849362516,1.0,-0.011078185791862465,13,0.5436175534356946,0.7595675875761337,1.0
2026-01-13 00:00:00+00:00,0.045413599093481416,0.25211746790596273,0.3822646306776062,1.0,0.07879468092511453,13,0.5432797525022922,0.7595675875761337,1.0
2026-01-14 00:00:00+00:00,0.01593807589979268,0.2808703374866609,0.38118569281673226,1.0,-0.009083196936755923,13,0.5895875822817531,0.7595675875761337,1.0
2026-01-15 00:00:00+00:00,-0.013874070573474007,0.2724388835523483,0.3798895152019683,1.0,-0.03577472443829463,13,0.5806875867156364,0.7595675875761337,1.0
2026-01-16 00:00:00+00:00,-0.0007240765930731641,0.27534021021588945,0.3796554243009434,1.0,0.0010434913209608722,13,0.5975937116063815,0.7595675875761337,1.0
2026-01-17 00:00:00+00:00,-0.004050227851494448,0.26462425821642005,0.378712013656778,1.0,-0.001524596923754054,13,0.5674592563249489,0.759476451926031,1.0
2026-01-18 00:00:00+00:00,-0.01565279559265731,0.2624593152012145,0.37548616006710417,1.0,-0.04467830316342037,13,0.549607893077439,0.7590917961516886,1.0
2026-01-19 00:00:00+00:00,-0.011077145896617457,0.25213940305598354,0.37505663335793,1.0,-0.027481015900185743,13,0.534752045020346,0.7589671696234331,1.0
2026-01-20 00:00:00+00:00,-0.04537084139322445,0.2562722729166539,0.3749593106556416,1.0,-0.05770826366341833,13,0.5445473941439654,0.7589671696234331,1.0
2026-01-21 00:00:00+00:00,0.011468842243173016,0.30593240369135727,0.3748503359571917,1.0,0.023776362386517345,13,0.5835655300345299,0.7589671696234331,1.0
2026-01-22 00:00:00+00:00,0.0013210143063278057,0.30853629825499423,0.37454648150626907,1.0,-0.011118995287287855,13,0.5892320833630849,0.7589671696234331,1.0
2026-01-23 00:00:00+00:00,0.00041220253554818953,0.3048471413000008,0.3743844820280809,1.0,0.000765161697024179,13,0.5866999115685098,0.7589671696234331,1.0
2026-01-24 00:00:00+00:00,-0.004198490330072802,0.30480948903478755,0.37423906614065977,1.0,-0.003225494362638133,13,0.5864806757770188,0.7589671696234331,1.0
2026-01-25 00:00:00+00:00,-0.02860618972863882,0.30459969822175464,0.37409816240987437,1.0,-0.04902962814294111,13,0.5795908157532627,0.7589671696234331,1.0
2026-01-26 00:00:00+00:00,0.019316879240068863,0.3217695439970823,0.37188013137464176,1.0,0.03351964680527289,13,0.6031608609383992,0.7589671696234331,1.0
2026-01-27 00:00:00+00:00,0.010269268184407432,0.32823573194109645,0.37056146852221467,1.0,0.023155898671570675,13,0.6076266822756056,0.7589671696234331,1.0
2026-01-28 00:00:00+00:00,0.0006187709549809739,0.33009733574539973,0.36959119826294007,1.0,-0.007722880173888771,13,0.613211577166396,0.7589671696234331,1.0
2026-01-29 00:00:00+00:00,-0.052210122075678655,0.3286068613571548,0.36924479759604734,1.0,-0.06586506866853815,13,0.6099763641281342,0.7589671696234331,1.0
2026-01-30 00:00:00+00:00,-0.004622723802004236,0.37550553456272473,0.3661861269676228,0.9751817037638224,-0.025449555490517528,13,0.6541217855049493,0.7589671696234331,1.0
2026-01-31 00:00:00+00:00,-0.06546637264925592,0.3745142632441691,0.3661861269676228,0.9777628328373794,-0.08706657614245954,13,0.6567731906194072,0.7589671696234331,1.0
2026-02-01 00:00:00+00:00,-0.022277114496134787,0.4360172160597116,0.3661861269676228,0.8398432756322044,-0.03340170622113432,13,0.7000818527676209,0.7589671696234331,1.0
2026-02-02 00:00:00+00:00,0.022771695621887522,0.4362628965222525,0.3661861269676228,0.839370319792815,0.03163860468415269,13,0.6628370322423633,0.7589671696234331,1.0
2026-02-03 00:00:00+00:00,-0.03753688121516785,0.4449754957804149,0.3661861269676228,0.8229354884483958,-0.030686359727898595,13,0.6751881053541348,0.7589671696234331,1.0
2026-02-04 00:00:00+00:00,-0.034510756556581645,0.4566582992202419,0.3661861269676228,0.8018821241021938,-0.029490021605333983,13,0.6683089943632148,0.7584573340943309,1.0
2026-02-05 00:00:00+00:00,-0.14025475007008026,0.45280764014953623,0.3661861269676228,0.8087012994009833,-0.15482932563740437,13,0.6430371179226377,0.7567672883616786,1.0
2026-02-06 00:00:00+00:00,0.12175698544381097,0.6720543306675095,0.3661861269676228,0.5448757790220815,0.12742194660351186,13,0.8342310717245577,0.7561597132308743,0.9064151874224835
2026-02-07 00:00:00+00:00,-0.01799120644161467,0.8051484930971374,0.3661861269676228,0.45480570367712797,-0.011418748686728781,13,0.9598081838410059,0.7561597132308743,0.7878237818361149
2026-02-08 00:00:00+00:00,0.01501732601790362,0.8055545682559001,0.3661861269676228,0.4545764388878702,-0.012320085802108135,13,0.959841100818771,0.7561597132308743,0.7877967640538096
2026-02-09 00:00:00+00:00,-0.0026273077847686066,0.8098151576727906,0.3661861269676228,0.4521848269918183,-0.00450807994282506,13,0.9591452142921363,0.7561597132308743,0.7883683325146251
2026-02-10 00:00:00+00:00,-0.01870059929772916,0.809698976897271,0.3661861269676228,0.4522497093559771,-0.03219533200451492,13,0.9591741692161575,0.7561597132308743,0.7883445337657625
2026-02-11 00:00:00+00:00,-0.0254737356149769,0.8088814790760362,0.3661861269676228,0.45270677650563523,-0.023154391765588422,13,0.9586855489405853,0.7567672883616786,0.7893800936062502
2026-02-12 00:00:00+00:00,-0.012057895796514617,0.8095714962236281,0.3661861269676228,0.45232092369328075,0.015656041425995176,13,0.9589401657366159,0.7584573340943309,0.7909329082192705
2026-02-13 00:00:00+00:00,0.038825234364385564,0.7851567055358559,0.3661861269676228,0.46638604037356735,0.04070022375391409,13,0.9080332669048963,0.759476451926031,0.8363971669394525
2026-02-14 00:00:00+00:00,0.014174255866098884,0.7988705622452381,0.3661861269676228,0.4583797980219111,0.06665866403603819,13,0.9298445902373959,0.759476451926031,0.8167778356726594
2026-02-15 00:00:00+00:00,-0.014238368369243193,0.803715488613312,0.3661861269676228,0.45561661079771015,-0.044475151878890444,13,0.9682107509799315,0.7621776850212967,0.7872022534865394
2026-02-16 00:00:00+00:00,0.0009796995781767848,0.803038570469581,0.3661861269676228,0.45600067099329183,0.01072424532948125,13,0.9733572257309557,0.7642693078305232,0.7851889189568453
2026-02-17 00:00:00+00:00,-0.02008887081784383,0.8037732491120635,0.3661861269676228,0.4555838694210741,-0.01351801865848624,13,0.9763229473567947,0.7657359083248746,0.7843059618725098
2026-02-18 00:00:00+00:00,-0.01559707530756993,0.8042819744465115,0.36924479759604734,0.4590986859430154,-0.02930580577849971,13,0.9696264558618195,0.7657825205684644,0.7897706543988887
2026-02-19 00:00:00+00:00,0.008156186914874741,0.8044567184549096,0.36959119826294007,0.45942956256590195,-0.0025212962321034837,13,0.9700110309046893,0.7686276746273569,0.79239065344493
2026-02-20 00:00:00+00:00,0.015178460771182234,0.7967412865756295,0.37056146852221467,0.4650963553236671,0.028689609669688407,13,0.9559716449778564,0.7701689176422871,0.8056399179707123
2026-02-21 00:00:00+00:00,-0.000631008554652035,0.798036942969398,0.37188013137464176,0.4659936293060835,-0.006398131429304821,13,0.958299353072737,0.7703819548745663,0.8039053270821656
2026-02-22 00:00:00+00:00,-0.004765724462236998,0.7977443834170092,0.37409816240987437,0.46894490288666824,-0.023915125844263918,13,0.9584320663942746,0.7703826889945121,0.8037947769138979
2026-02-23 00:00:00+00:00,-0.04429182619857819,0.7971631679392366,0.37423906614065977,0.4694635693067871,-0.038373770612480845,13,0.958583497410739,0.7707180259407193,0.8040176239446336
2026-02-24 00:00:00+00:00,-0.00923021692944026,0.8066477251724643,0.3743844820280809,0.46412389243152713,0.0010961334066611483,13,0.9627726564735587,0.77429459060633,0.8042340893253183
2026-02-25 00:00:00+00:00,0.06150883516950345,0.8039492222410919,0.3745142632441691,0.4658431812399441,0.11328177990989599,13,0.9542921052510754,0.7751053220919075,0.8122306763587616
2026-02-26 00:00:00+00:00,-0.007622873033038435,0.8343682924611426,0.37454648150626907,0.4488982681753958,-0.0249281896340038,13,1.0298046793216713,0.7751053220919075,0.7526721694471875
2026-02-27 00:00:00+00:00,-0.023815242466833753,0.831585885279006,0.3748503359571917,0.4507656305775625,-0.034002849969678686,13,1.0249057799439811,0.7751053220919075,0.7562698320759523
2026-02-28 00:00:00+00:00,0.016647403409064898,0.832337522183743,0.3748503359571917,0.45035856965059595,0.02172217113191211,13,1.028341511610024,0.7751053220919075,0.7537431031820966
2026-03-01 00:00:00+00:00,-0.017901586836813754,0.8221148170116882,0.3748503359571917,0.45595861818880506,-0.018061961560451693,13,1.0132734961811452,0.7751053220919075,0.7649517381172479
2026-03-02 00:00:00+00:00,0.046540989566458135,0.82279671036831,0.3748503359571917,0.45558074216096067,0.04123828225709063,13,1.0119653809783016,0.7751053220919075,0.765940551585457
2026-03-03 00:00:00+00:00,-0.007343076621196376,0.8145466463566003,0.3748503359571917,0.460195051607991,-0.011103223407368553,13,0.9793985218556257,0.7751053220919075,0.7914095281901669
2026-03-04 00:00:00+00:00,0.06369638461774985,0.8120316086959098,0.3748503359571917,0.46162037529448674,0.047305750071997256,13,0.9736985349395391,0.7751053220919075,0.7960424035556724
2026-03-05 00:00:00+00:00,-0.024676368722158837,0.8392182977311685,0.3748503359571917,0.44666606646995394,-0.019401504117913877,13,0.9816986834246813,0.7751053220919075,0.7895552221664722
2026-03-06 00:00:00+00:00,-0.0391648483171918,0.8333900242432166,0.3748503359571917,0.4497898043567118,-0.03813971290943747,13,0.978238216374812,0.7751053220919075,0.7923482328919011
2026-03-07 00:00:00+00:00,-0.012474128522303451,0.8359570313083554,0.3748503359571917,0.4484086166133609,-0.014137758149892838,13,0.9819575218296475,0.7751053220919075,0.7893470999108807
2026-03-08 00:00:00+00:00,-0.019118607359764006,0.6431534664033229,0.3748503359571917,0.582831867568793,-0.013591808876209348,13,0.7805459623702328,0.7751053220919075,0.9930296990304017
2026-03-09 00:00:00+00:00,0.037080846314359484,0.5021636576108028,0.3748503359571917,0.7464704589349552,0.04072501061950065,13,0.6579636100212037,0.7751053220919075,1.0
2026-03-10 00:00:00+00:00,0.02230375097239823,0.5162699115987978,0.3748503359571917,0.7260743412226865,0.023886369614331524,13,0.6724440493186121,0.77429459060633,1.0
2026-03-11 00:00:00+00:00,0.003412817949191238,0.5195354595665033,0.3748503359571917,0.7215105899989275,0.0029412119797944327,13,0.6756842393810452,0.7707180259407193,1.0
2026-03-12 00:00:00+00:00,0.004677020448600633,0.519604435070568,0.3748503359571917,0.7214148122240006,0.01137066178605001,13,0.6753648411307857,0.7703826889945121,1.0
2026-03-13 00:00:00+00:00,0.0059222810572137075,0.5153006697813945,0.3748503359571917,0.7274400324692263,0.0029110358593226193,13,0.6645482534827135,0.7703819548745663,1.0
2026-03-14 00:00:00+00:00,0.0038901505000212833,0.5064892305570855,0.3748503359571917,0.7400953728964687,-0.00043518210504702213,13,0.6576298227017435,0.7701689176422871,1.0
2026-03-15 00:00:00+00:00,0.022498763572600833,0.5039959266432377,0.3748503359571917,0.7437566776656432,0.026952726310997707,13,0.6564558870318341,0.7686276746273569,1.0
2026-03-16 00:00:00+00:00,0.028419451425713227,0.49277804284157306,0.3748503359571917,0.7606879839768047,0.056695133408783634,13,0.6487567672640325,0.7657825205684644,1.0
2026-03-17 00:00:00+00:00,-0.012983299551189598,0.4994841755065636,0.3748503359571917,0.7504748985831802,-0.020186999250814915,13,0.638295902756895,0.7657359083248746,1.0
2026-03-18 00:00:00+00:00,-0.03599537569750344,0.49896914194197595,0.3748503359571917,0.7512495351882547,-0.04424587276692241,13,0.6201950064183774,0.7642693078305232,1.0
2026-03-19 00:00:00+00:00,-0.01863179594335762,0.5172288824345693,0.3748503359571917,0.7247281594036101,-0.024303708444824587,13,0.6423694766117729,0.7621776850212967,1.0
2026-03-20 00:00:00+00:00,0.008462498282888253,0.5164801699966347,0.3748503359571917,0.7257787573134399,0.008389577088905437,13,0.6467887028044769,0.7584573340943309,1.0
2026-03-21 00:00:00+00:00,-0.022516821281510557,0.5134017327345143,0.3748503359571917,0.7301306405037611,-0.02554396515995599,13,0.6373594635834136,0.7567672883616786,1.0
2026-03-22 00:00:00+00:00,-0.015363779280672119,0.520011491588827,0.3748503359571917,0.7208501004696753,-0.021269025636829385,13,0.6448672592657768,0.7561597132308743,1.0
2026-03-23 00:00:00+00:00,0.044686123875696815,0.5204860178685151,0.3748503359571917,0.7201929025726224,0.040009698123668995,13,0.642496354545832,0.755015055455094,1.0
2026-03-24 00:00:00+00:00,-0.004772656713047829,0.5424155757903536,0.3748503359571917,0.6910759069021891,0.002361871609382308,13,0.656225122091786,0.7545052017619187,1.0
2026-03-25 00:00:00+00:00,0.011105470777241111,0.5424165750323632,0.3748503359571917,0.6910746337993567,0.013645817805204113,13,0.6495595202116375,0.7533010527176421,1.0
2026-03-26 00:00:00+00:00,-0.03516485057567986,0.516332933227713,0.3748503359571917,0.725985719357311,-0.05030021038356244,13,0.6328047627941201,0.7531171105943595,1.0
2026-03-27 00:00:00+00:00,-0.035413048059942165,0.5324860875425038,0.3748503359571917,0.7039626850856843,-0.040373754404915446,13,0.6621772508248719,0.7512326078400781,1.0
2026-03-28 00:00:00+00:00,-0.0003480850050706641,0.5069379369502374,0.3748503359571917,0.739440291670237,-0.005683628811666986,13,0.5613689632052006,0.7509028284028859,1.0
2026-03-29 00:00:00+00:00,-0.005420560747663616,0.5063344273896747,0.3748503359571917,0.7403216445100761,-0.009756867664244866,13,0.5554742288449876,0.750162790137612,1.0
2026-03-30 00:00:00+00:00,0.011894441379561194,0.49954725392804195,0.3748503359571917,0.7503801352317865,0.01282140035198638,13,0.5436377960140623,0.749031530840671,1.0
2026-03-31 00:00:00+00:00,0.022107325373098563,0.49787078257585343,0.3748503359571917,0.7529068767960513,0.017577110954187288,13,0.5399386440065133,0.748463428079684,1.0
2026-04-01 00:00:00+00:00,-0.002375397853496053,0.4992036066575346,0.3748503359571917,0.7508966901642355,0.0028902906416510108,13,0.540133397671623,0.7480304980641673,1.0
2026-04-02 00:00:00+00:00,-0.01784101141172556,0.47304158168199767,0.3748503359571917,0.792425762285703,-0.03318880142178431,13,0.5202551378838002,0.7479802319045271,1.0
2026-04-03 00:00:00+00:00,0.0009646374384015832,0.47646847563739125,0.3748503359571917,0.7867264155424746,0.011774612557305532,13,0.5314938973665959,0.7473621581922574,1.0
2026-04-04 00:00:00+00:00,0.005056104229855363,0.42001499974397094,0.3748503359571917,0.8924689265518843,0.005856211389599319,13,0.5050196307598441,0.7466464393035193,1.0
2026-04-05 00:00:00+00:00,0.025875832870008386,0.41299107090122017,0.3748503359571917,0.9076475555251144,0.01165774349838534,13,0.502411349876018,0.7439026381402067,1.0
2026-04-06 00:00:00+00:00,-0.0028272084396012698,0.3996736943185327,0.3748503359571917,0.937890937746938,-0.009608875514973735,13,0.4868166962694499,0.7435939092563075,1.0
2026-04-07 00:00:00+00:00,0.04492907579828809,0.39712254674874936,0.3748503359571917,0.943916025484071,0.060069258038852796,13,0.4854689490652571,0.7402365187122216,1.0
2026-04-08 00:00:00+00:00,-0.012000623047760617,0.41762572195397213,0.3748503359571917,0.8975748289721128,-0.03237056911993354,13,0.5243145725507701,0.7401631674003961,1.0
2026-04-09 00:00:00+00:00,0.010096886758059087,0.40261109264682937,0.3748503359571917,0.9310482070746385,0.011544412493117048,13,0.5193410611828126,0.7373280005595257,1.0
2026-04-10 00:00:00+00:00,0.016259981326384176,0.3969445406620918,0.3748503359571917,0.9443393158448593,0.01057533959315652,13,0.5139393635321647,0.7363039732646944,1.0
2026-04-11 00:00:00+00:00,0.0012190473056175044,0.40043359223621183,0.3748503359571917,0.9361111136152412,0.004601429358417572,13,0.5153387237194959,0.732885531329305,1.0
2026-04-12 00:00:00+00:00,-0.03159363799344517,0.40024858065080665,0.3748503359571917,0.9365438232102729,-0.042382943466957146,13,0.5139013074800893,0.7308927703411234,1.0
2026-04-13 00:00:00+00:00,0.052011161411949836,0.4162364201178154,0.3748503359571917,0.9005707281719619,0.06035161767389049,13,0.5344470425383755,0.7307475490923089,1.0
2026-04-14 00:00:00+00:00,-0.0038367692628267225,0.4523336170769844,0.3748503359571917,0.8287032442547698,-0.025089228505062337,13,0.575360073843514,0.7306328577460047,1.0
2026-04-15 00:00:00+00:00,0.009086357508289344,0.4463653992956135,0.3748503359571917,0.8397835866057807,0.02710682820789808,13,0.5731402583548524,0.7285120445641586,1.0
2026-04-16 00:00:00+00:00,0.004457467495125211,0.4364910063877952,0.3748503359571917,0.8587813505237732,0.03874008644088379,13,0.5452440431438339,0.7275031563058469,1.0
2026-04-17 00:00:00+00:00,0.025648843578535807,0.43417588425633624,0.3748503359571917,0.8633605631948943,0.00761514955248265,13,0.5598794405352464,0.7271397515594104,1.0
2026-04-18 00:00:00+00:00,-0.0179598120807809,0.4209413757486102,0.3748503359571917,0.8905048483070848,-0.03869256842913997,13,0.5374622012259976,0.7268398412332004,1.0
2026-04-19 00:00:00+00:00,-0.024875214145216984,0.420509384451463,0.3748503359571917,0.8914196681868785,-0.02908215070684977,13,0.548593588542297,0.7266548209117712,1.0
2026-04-20 00:00:00+00:00,0.027594695788677237,0.4309087532609091,0.3748503359571917,0.8699065245727908,0.027485829139045865,13,0.557208243846686,0.726146152132956,1.0
2026-04-21 00:00:00+00:00,0.006578860578813295,0.4307166671659761,0.3748503359571917,0.8702944755391683,0.010284302865502517,13,0.5583482105965989,0.7260383635973963,1.0
2026-04-22 00:00:00+00:00,0.024178888916556618,0.42552114224647686,0.3748503359571917,0.8809205906391019,0.006814924370361668,13,0.5535269369388562,0.725591727047937,1.0
2026-04-23 00:00:00+00:00,0.0008023340627278941,0.40742016235024137,0.3748503359571917,0.9200583834507169,0.0034094220071735435,13,0.5370970698471048,0.7236258691811911,1.0
2026-04-24 00:00:00+00:00,-0.01052171277987246,0.4064965578747262,0.3748503359571917,0.9221488563568914,-0.002002212369944151,13,0.5371543006525225,0.7225334805625875,1.0
2026-04-25 00:00:00+00:00,0.002598634392428467,0.40840297767054573,0.3748503359571917,0.9178442774714033,-0.002051088626599042,13,0.5351553062921767,0.7217071452187962,1.0
2026-04-26 00:00:00+00:00,0.013321664847224968,0.3840498005607626,0.3748503359571917,0.9760461674758365,0.012091721096106038,13,0.5018345797543063,0.717509684252244,1.0
2026-04-27 00:00:00+00:00,-0.016457330374006984,0.3568551415858884,0.3748503359571917,1.0,-0.004713279938203594,13,0.47835304168763104,0.7167477965079583,1.0
2026-04-28 00:00:00+00:00,-0.013264345460094584,0.3647051333756331,0.37454648150626907,1.0,-0.009354005228835227,13,0.47812979427489355,0.7166818798043862,1.0
2026-04-29 00:00:00+00:00,-0.0071675803616947364,0.3686110239532719,0.3745142632441691,1.0,-0.01172255486636138,13,0.47798941453553034,0.7154066251236202,1.0
2026-04-30 00:00:00+00:00,0.007363210349151883,0.37004479179599603,0.3743844820280809,1.0,0.002496655782111377,13,0.47968613109216424,0.7146877874765802,1.0
2026-05-01 00:00:00+00:00,0.02466951808870843,0.36475207807198573,0.37423906614065977,1.0,0.006266741972939168,13,0.4767343968161202,0.7138613377341588,1.0
2026-05-02 00:00:00+00:00,0.0058903720679222005,0.3709968308101826,0.37409816240987437,1.0,0.007757536238231551,13,0.4769394920817204,0.713815036980163,1.0
2026-05-03 00:00:00+00:00,-0.0015891985353946314,0.3619107013864151,0.37188013137464176,1.0,-0.005276390011836645,13,0.4590751054992645,0.712290325366436,1.0
2026-05-04 00:00:00+00:00,0.016431727598018586,0.3624153698936399,0.3709968308101826,1.0,0.010517387801902974,13,0.45916945742916926,0.7112024337407725,1.0
2026-05-05 00:00:00+00:00,0.013203226202497254,0.36442451222061456,0.37056146852221467,1.0,0.031097879660353857,13,0.4597959312718765,0.7105808722791601,1.0
2026-05-06 00:00:00+00:00,0.006434597460534874,0.35843599548365135,0.37004479179599603,1.0,0.0224940270421375,13,0.46882970949227726,0.7086703347377673,1.0
2026-05-07 00:00:00+00:00,-0.017402639205756576,0.3572483736060344,0.36959119826294007,1.0,-0.021634301284602822,13,0.4704092340382839,0.7081467368827294,1.0
2026-05-08 00:00:00+00:00,0.0021655630463919273,0.3380452148175864,0.36924479759604734,1.0,0.035551898040668314,13,0.4379836758698028,0.7055795075167189,1.0
2026-05-09 00:00:00+00:00,0.005978610746528057,0.3333804437062166,0.3686110239532719,1.0,0.004193381608923592,13,0.43323660578098094,0.7018504756714025,1.0
2026-05-10 00:00:00+00:00,0.019238115081432028,0.3327552624354363,0.3661861269676228,1.0,0.04197221704686567,13,0.4325184761253966,0.7000818527676209,1.0
2026-05-11 00:00:00+00:00,-0.005916079763648829,0.33426348588715626,0.3659122728099489,1.0,-0.010422371323185754,13,0.45081408780247406,0.6990918632064628,1.0
2026-05-12 00:00:00+00:00,-0.015134044746048292,0.33593484958188236,0.36507075907255404,1.0,-0.022159194231982052,13,0.4541818308381612,0.695289234514257,1.0
2026-05-13 00:00:00+00:00,-0.014566207889117888,0.3179613563520482,0.36475207807198573,1.0,-0.012672588766079965,13,0.4315846867981876,0.6929248121027876,1.0
2026-05-14 00:00:00+00:00,0.022346326439495412,0.2770314676381046,0.3647051333756331,1.0,0.011910081452596021,13,0.3910266591146409,0.6921609386562457,1.0
2026-05-15 00:00:00+00:00,-0.024396743153219935,0.2846681110480363,0.3647051333756331,1.0,-0.034816582530297145,13,0.37814765093414304,0.6916674390349178,1.0
2026-05-16 00:00:00+00:00,-0.012335235147137635,0.2995806383279777,0.36442451222061456,1.0,-0.02990373249392113,13,0.39378210268188746,0.6915049357112547,1.0
2026-05-17 00:00:00+00:00,-0.00885837230769615,0.303499471050888,0.36442451222061456,1.0,-0.011245703576500284,13,0.38798006816484776,0.6913366121822131,1.0
2026-05-18 00:00:00+00:00,-0.005848995672673274,0.2926931501917561,0.36442451222061456,1.0,0.005581667189921693,13,0.3889570764464014,0.6913080239680975,1.0
2026-05-19 00:00:00+00:00,-0.002107528111202628,0.2861024862786704,0.36442451222061456,1.0,-0.011061179786390532,13,0.36316136314997244,0.6909975192824492,1.0
2026-05-20 00:00:00+00:00,0.009274739583333469,0.27086479110006023,0.3643058328042715,1.0,0.021956750519311452,13,0.34915936428963307,0.6909582990165128,1.0
2026-05-21 00:00:00+00:00,0.000912113303307871,0.25609895082889184,0.36320001890252274,1.0,0.023817667447037276,13,0.3446620296894858,0.6896403085344086,1.0
2026-05-22 00:00:00+00:00,-0.0267365273320187,0.2552414207213296,0.36264703786412106,1.0,-0.02905357778904042,13,0.35202291369166605,0.6882287424384924,1.0
2026-05-23 00:00:00+00:00,0.01589883020102323,0.25851359270485175,0.36245368684635193,1.0,0.03061428385511147,13,0.36792615222670594,0.6870622089520215,1.0
2026-05-24 00:00:00+00:00,0.004180724085246501,0.26512295383266304,0.36245368684635193,1.0,-0.01224446300943761,13,0.38206377931342617,0.6868577754436052,1.0
2026-05-25 00:00:00+00:00,0.0032896316884742927,0.2631530974936222,0.36245368684635193,1.0,0.016053351655614407,13,0.3849312931277156,0.6864342742791598,1.0
2026-05-26 00:00:00+00:00,-0.017922371327311448,0.26325464851497576,0.36245368684635193,1.0,-0.020791647809377572,13,0.38815168508213627,0.6850706357943558,1.0
2026-05-27 00:00:00+00:00,-0.019553823410831783,0.2658954576472967,0.36245368684635193,1.0,-0.017739968660450245,13,0.39418850476232536,0.6844938363187866,1.0
2026-05-28 00:00:00+00:00,-0.011128267357933597,0.26841250700838953,0.36245368684635193,1.0,-0.013594397824800934,13,0.39909080070828157,0.6833241514609705,1.0
2026-05-29 00:00:00+00:00,-0.00210094311417941,0.2672919537059467,0.36245368684635193,1.0,-0.002760912005732372,13,0.40066591897212456,0.6829845418264523,1.0
2026-05-30 00:00:00+00:00,0.005700558616613671,0.26644571060642414,0.36245368684635193,1.0,0.011207548965012902,13,0.39853902201520086,0.6821273566940279,1.0
2026-05-31 00:00:00+00:00,-0.0027203791469193606,0.26585387986565806,0.36245368684635193,1.0,-0.002935497485900077,13,0.40026276265631744,0.6815839361902232,1.0
2026-06-01 00:00:00+00:00,-0.03067790373541579,0.2494853024386271,0.3624153698936399,1.0,-0.001514332934715607,13,0.39992586999156093,0.6812329516313959,1.0
2026-06-02 00:00:00+00:00,-0.06537497706251727,0.2675658019290655,0.3624153698936399,1.0,-0.0761514507507598,13,0.3990740337818345,0.6802900132985039,1.0
2026-06-03 00:00:00+00:00,-0.03904673978532014,0.3491335927368991,0.3624153698936399,1.0,-0.003898376155993456,13,0.4854156520213897,0.6801061046353798,1.0
2026-06-04 00:00:00+00:00,-0.0042032337606231485,0.3598912334154608,0.3624153698936399,1.0,-0.05887610292522554,13,0.4831920525944867,0.6798944402976516,1.0
2026-06-05 00:00:00+00:00,-0.04420825776299275,0.35251678410639176,0.3624153698936399,1.0,-0.08731453363146278,13,0.5077548557351205,0.6798801292392781,1.0
2026-06-06 00:00:00+00:00,-0.002884054456191887,0.371647769075682,0.3624153698936399,0.9751582009895989,-0.004452043799477296,13,0.5780921894988883,0.679653347376192,1.0
2026-06-07 00:00:00+00:00,0.040408090821243414,0.37121769281259737,0.3624153698936399,0.9762879757905258,0.06257457635822122,13,0.5766840214851028,0.6779770529048027,1.0
2026-06-08 00:00:00+00:00,-0.0038873444114487787,0.406811512425,0.3624153698936399,0.8908680281275349,0.005207068165532873,13,0.6076472785190558,0.6776551075807606,1.0
2026-06-09 00:00:00+00:00,-0.021624784537097708,0.4040391127603303,0.36245368684635193,0.8970757419253957,-0.017374819153457784,13,0.6079184731365196,0.6773373454708054,1.0
2026-06-10 00:00:00+00:00,-0.003612747211425793,0.3944013644099771,0.36264703786412106,0.9194872801889,-0.03243281261661325,13,0.5818061863322744,0.6756842393810452,1.0
2026-06-11 00:00:00+00:00,0.03451142166040677,0.39475138637669704,0.36320001890252274,0.9200728140215676,0.04450000140821097,13,0.5871923294653874,0.6754988351961301,1.0
2026-06-12 00:00:00+00:00,-0.0008648220274887208,0.4220320074536416,0.36442451222061456,0.863499700933572,-0.0038183303743668604,13,0.6154129304243401,0.6753648411307857,1.0
2026-06-13 00:00:00+00:00,0.013773588765837896,0.42196633232586367,0.3647051333756331,0.8642991287134003,0.01964451811212216,13,0.6154753355237897,0.6751881053541348,1.0
2026-06-14 00:00:00+00:00,0.0198798145212995,0.4155351336422392,0.36475207807198573,0.8777887801564913,0.030084887307811396,13,0.6192014975314545,0.6745094864602399,1.0
2026-06-15 00:00:00+00:00,0.009058155764966047,0.42142651473583254,0.3661861269676228,0.8689204740645313,0.01825373651067686,13,0.6247931797070403,0.6733031762581845,1.0
2026-06-16 00:00:00+00:00,-0.009715987256534775,0.42405922260790585,0.3686110239532719,0.869244210010019,-0.009396509318970804,13,0.6239304054547715,0.6729508911173296,1.0
2026-06-17 00:00:00+00:00,-0.017933333028681386,0.4241581202292242,0.36959119826294007,0.8713524052379452,-0.013912179618786717,13,0.6237056547775154,0.6724440493186121,1.0
2026-06-18 00:00:00+00:00,-0.024050974540648973,0.4264317355535238,0.37004479179599603,0.8677702922735441,-0.028129798735564863,13,0.623513373094142,0.6711903255388364,1.0
2026-06-19 00:00:00+00:00,0.009372099528295763,0.43097108854286886,0.3709968308101826,0.8608392550519763,-0.013829492179827515,13,0.6285896504796331,0.6711903255388364,1.0
2026-06-20 00:00:00+00:00,0.01182796545453102,0.4310159419723078,0.37121769281259737,0.8612620941905847,0.014809849687350825,13,0.6213350672346153,0.6711903255388364,1.0
2026-06-21 00:00:00+00:00,-0.015293713051475422,0.43504990437340896,0.371647769075682,0.854264683981385,-0.023663308932522577,13,0.6166504702139644,0.6711903255388364,1.0
2026-06-22 00:00:00+00:00,0.011300765342001862,0.42988895810157746,0.37423906614065977,0.8705482173660104,0.008859622575375595,13,0.6144192243083585,0.6711903255388364,1.0
2026-06-23 00:00:00+00:00,-0.020198768634559494,0.42729508059478954,0.3743844820280809,0.8761731623657877,-0.022144686117032183,13,0.6026123056951527,0.6711903255388364,1.0
2026-06-24 00:00:00+00:00,-0.02633752994351002,0.42849952564898985,0.3745142632441691,0.8740132504859681,-0.024695644863467016,13,0.6046212764760285,0.6711903255388364,1.0
2026-06-25 00:00:00+00:00,-0.021012285012285026,0.4323066050141668,0.37505663335793,0.867570906869765,-0.014101687493421026,13,0.6011155056626003,0.6683089943632148,1.0
2026-06-26 00:00:00+00:00,0.005101460332757712,0.4333831476387191,0.37548616006710417,0.8664069244799534,0.017762560311352458,13,0.5999174582078003,0.6659375040407044,1.0
2026-06-27 00:00:00+00:00,-0.001256823050967082,0.4335425790601021,0.37550553456272473,0.8661329998469847,-0.011296580055191895,13,0.606112650693458,0.6655255030265698,1.0
2026-06-28 00:00:00+00:00,-0.00746208951840599,0.4337579303709488,0.378712013656778,0.8730953076359995,-0.007983770283091683,13,0.6058879913346633,0.6652571322030105,1.0
2026-06-29 00:00:00+00:00,0.011461168888090345,0.4334297524692044,0.38118569281673226,0.8794636054519951,0.019283838231056984,13,0.6056115317231737,0.6645482534827135,1.0
2026-06-30 00:00:00+00:00,-0.02701912955700847,0.43598144120033117,0.3822646306776062,0.8767910616221795,-0.02493785349046141,13,0.6094024835258339,0.6632907519412243,1.0
2026-07-01 00:00:00+00:00,0.023875503378608887,0.4415371574133287,0.382688811422382,0.8667193802313267,0.02270765016600322,13,0.6121515896868123,0.663237725159076,1.0
2026-07-02 00:00:00+00:00,0.025563636606047657,0.446075514696828,0.3840498005607626,0.8609524349745564,0.03836283976668372,13,0.6212309467891195,0.6629108741040549,1.0
2026-07-03 00:00:00+00:00,0.016507115219924318,0.3992374706990975,0.3944013644099771,0.9878866423017559,0.04971433369827923,13,0.5845483246154974,0.6628370322423633,1.0
2026-07-04 00:00:00+00:00,0.009054736071389291,0.3811663263852266,0.39475138637669704,1.0,0.012530785338733478,13,0.6123637184824839,0.6621772508248719,1.0
2026-07-05 00:00:00+00:00,0.00782961788232761,0.3824759652848923,0.39475138637669704,1.0,0.006601510982312644,13,0.5763028229731638,0.6579636100212037,1.0
2026-07-06 00:00:00+00:00,0.006476612668694592,0.34735186993312334,0.39475138637669704,1.0,-0.0018909050112445847,13,0.47183081175950947,0.6576298227017435,1.0
2026-07-07 00:00:00+00:00,-0.010726975970511754,0.3474342675516718,0.39475138637669704,1.0,-0.029479002569289814,13,0.4713594587939325,0.6567731906194072,1.0
2026-07-08 00:00:00+00:00,-0.017130127394468175,0.32173042493770276,0.39475138637669704,1.0,-0.031673022829827424,13,0.43836937347556054,0.6564558870318341,1.0
2026-07-09 00:00:00+00:00,0.015149300362869988,0.3271198753757814,0.39475138637669704,1.0,0.007991129279050827,13,0.45272128074405643,0.656225122091786,1.0
2026-07-10 00:00:00+00:00,0.014889994430097753,0.32197114499520585,0.39475138637669704,1.0,0.015233553191582611,13,0.4493916794641705,0.6541217855049493,1.0
2026-07-11 00:00:00+00:00,-0.0055770544047348825,0.32517307086727365,0.39475138637669704,1.0,-0.010364660175562958,13,0.4356459279675933,0.6495595202116375,1.0
2026-07-12 00:00:00+00:00,-0.0004703661486890054,0.30396172089044976,0.39475138637669704,1.0,-0.0006349511600820534,13,0.41071787415440264,0.6487567672640325,1.0
2026-07-13 00:00:00+00:00,-0.022541141111935503,0.3039491306933564,0.39475138637669704,1.0,-0.020738844648916125,13,0.4104821349935228,0.6478542701435197,1.0
2026-07-14 00:00:00+00:00,0.04327982398564667,0.31002247013686024,0.39475138637669704,1.0,0.04313662356344976,13,0.4108674911446155,0.6467887028044769,1.0
2026-07-15 00:00:00+00:00,-0.004383940932164321,0.3380050840553152,0.39475138637669704,1.0,0.015024502894741273,13,0.42483941790118945,0.6449041267953001,1.0
2026-07-16 00:00:00+00:00,-0.014354577056778672,0.3365606989663998,0.39475138637669704,1.0,-0.02719130215067441,13,0.4232132198416589,0.6448672592657768,1.0
2026-07-17 00:00:00+00:00,0.0017603012105793514,0.3385276015193849,0.39475138637669704,1.0,0.00291622991186935,13,0.4324928336417608,0.6434398528347665,1.0
2026-07-18 00:00:00+00:00,0.013991944695672887,0.3329111716931695,0.39475138637669704,1.0,0.008537948247141073,13,0.43030734658126685,0.6430371179226377,1.0
2026-07-19 00:00:00+00:00,-0.0015801883880843803,0.3247589433008812,0.39475138637669704,1.0,-0.000560849404009262,13,0.4195653497262349,0.642496354545832,1.0
2026-07-20 00:00:00+00:00,0.008100463678516245,0.32345695038759226,0.39475138637669704,1.0,0.018073303180172598,13,0.4164019034740293,0.6423694766117729,1.0
2026-07-21 00:00:00+00:00,0.01986535651699306,0.322110488610931,0.39475138637669704,1.0,0.008118637775122527,13,0.41789501892691816,0.6422071377741445,1.0
2026-07-22 00:00:00+00:00,-0.006599538783941039,0.3235454985294492,0.39475138637669704,1.0,-0.004138938224684969,13,0.40871380410622227,0.6422071377741445,1.0
2026-07-23 00:00:00+00:00,-0.015356956937567334,0.3228913030978196,0.39475138637669704,1.0,-0.026258461064155695,13,0.4084988888735442,0.6422071377741445,1.0
2026-07-24 00:00:00+00:00,-0.014543694095226378,0.31920160011289095,0.39475138637669704,1.0,-0.02025187472587225,13,0.4118640054196801,0.6422071377741445,1.0
2026-07-25 00:00:00+00:00,0.0035028236251886113,0.30852889313777937,0.39475138637669704,1.0,0.011370266004293242,13,0.40848125418871034,0.6422071377741445,1.0
2026-07-26 00:00:00+00:00,0.016085340892666444,0.2973098608030862,0.39475138637669704,1.0,0.023721898580162697,13,0.405747567941759,0.6422071377741445,1.0
2026-07-27 00:00:00+00:00,-0.02526640695143567,0.3009146835094702,0.39475138637669704,1.0,-0.04589382322804274,13,0.40899167655446894,0.6422071377741445,1.0
2026-07-28 00:00:00+00:00,0.0027115495061778017,0.3166269798212598,0.39475138637669704,1.0,0.008485105346010649,13,0.44188527932976446,0.6422071377741445,1.0
2026-07-29 00:00:00+00:00,0.0008591522405250185,0.3147681564131466,0.39475138637669704,1.0,-0.011101239084420221,13,0.4411772050205256,0.6422071377741445,1.0
2026-07-30 00:00:00+00:00,0.012547865611968412,0.31309852784774544,0.39475138637669704,1.0,0.01787481478979281,13,0.43903680895388,0.6422071377741445,1.0
2026-07-31 00:00:00+00:00,-0.02933400867234115,0.29643198236717255,0.39475138637669704,1.0,-0.013529603665147584,13,0.43223869003553184,0.6422071377741445,1.0
2026-08-01 00:00:00+00:00,-0.0010993031913201223,0.30870357532255643,0.39475138637669704,1.0,-0.008493068607534925,13,0.4295053892753669,0.6422071377741445,1.0
2026-08-02 00:00:00+00:00,0.01205308581612341,0.2966980517811991,0.39475138637669704,1.0,0.031398713280403806,13,0.4099735225831906,0.6422071377741445,1.0
2026-08-03 00:00:00+00:00,-0.0006640889942198802,0.29415769578143813,0.39475138637669704,1.0,-0.0003757907964061929,13,0.38756815055307015,0.6422071377741445,1.0
2026-08-04 00:00:00+00:00,0.00904674545497497,0.2925751686025337,0.39475138637669704,1.0,-0.008518954831080493,13,0.38457473232812184,0.638295902756895,1.0
2026-08-05 00:00:00+00:00,0.008564561940135551,0.29299958614241356,0.39475138637669704,1.0,0.005268248955379738,13,0.38427884597601886,0.638295902756895,1.0
2026-08-06 00:00:00+00:00,-0.005093861989143855,0.2936411600638864,0.39475138637669704,1.0,-0.012596721024749992,13,0.385073671259866,0.6373594635834136,1.0
2026-08-07 00:00:00+00:00,0.009151196934255701,0.2916013725265569,0.39475138637669704,1.0,0.0025864405525413393,13,0.37363716805856745,0.6328047627941201,1.0
2026-08-08 00:00:00+00:00,0.0006534537496531989,0.28582056231508296,0.39475138637669704,1.0,0.014870614756892202,13,0.35642635085579544,0.6291247065453306,1.0
2026-08-09 00:00:00+00:00,-0.0008979121617043173,0.28154284671129204,0.39475138637669704,1.0,-0.0052783711701703305,13,0.35908537842495364,0.6285896504796331,1.0
2026-08-10 00:00:00+00:00,-0.014219185726552008,0.27709112949072,0.39475138637669704,1.0,-0.0025615657925017574,13,0.35556847874986847,0.6263628007829953,1.0
2026-08-11 00:00:00+00:00,-0.00596737646545531,0.28110214492665064,0.39475138637669704,1.0,0.00704028756867134,13,0.35381160176953125,0.6247931797070403,1.0
2026-08-12 00:00:00+00:00,-0.0016455311872208833,0.281896954653304,0.39475138637669704,1.0,-0.011876538375097074,13,0.35465965235918084,0.6239304054547715,1.0
2026-08-13 00:00:00+00:00,-7.406065094583969e-05,0.2698542908979926,0.39475138637669704,1.0,0.01976105942770808,13,0.34924685682334355,0.6237056547775154,1.0
2026-08-14 00:00:00+00:00,-0.006891302429369306,0.22387860665369072,0.39475138637669704,1.0,-0.003989321474707943,13,0.323130774426745,0.623513373094142,1.0
2026-08-15 00:00:00+00:00,0.0006029879640427893,0.22455891342131815,0.39475138637669704,1.0,0.0023644616820837415,13,0.31865835073509907,0.6213350672346153,1.0
2026-08-16 00:00:00+00:00,-0.0028339214209253116,0.21918580413177077,0.39475138637669704,1.0,-0.0024837071642044295,13,0.30387629216916967,0.6212309467891195,1.0
2026-08-17 00:00:00+00:00,0.02578293478883187,0.2192055786619173,0.39475138637669704,1.0,0.010496388893235547,13,0.30383327285156947,0.6201950064183774,1.0
2026-08-18 00:00:00+00:00,0.0031100775193797503,0.23211760534154804,0.39475138637669704,1.0,-0.005090998014846744,13,0.3045964959120285,0.6192014975314545,1.0
2026-08-19 00:00:00+00:00,0.07120799497995378,0.23233090109910315,0.39475138637669704,1.0,0.08793363168055666,13,0.3051126092797167,0.6166504702139644,1.0
2026-08-20 00:00:00+00:00,0.05322344671162549,0.33341367648203224,0.39475138637669704,1.0,0.056852431637050074,13,0.42056003223770694,0.6154753355237897,1.0
2026-08-21 00:00:00+00:00,0.0728924360860641,0.37156987091628363,0.39475138637669704,1.0,0.11626481282188,13,0.4595135766679912,0.6154129304243401,1.0
2026-08-22 00:00:00+00:00,-0.01571551696619533,0.4374128226768994,0.39475138637669704,0.9024687112757214,-0.022600051448748274,13,0.5893247095908029,0.6144192243083585,1.0
2026-08-23 00:00:00+00:00,0.008289367685995197,0.4376361514448836,0.39612820171096585,0.9051542026478466,0.036753342418032076,13,0.5867376925510839,0.613211577166396,1.0
2026-08-24 00:00:00+00:00,0.015803009815286373,0.43151274988658755,0.3969445406620918,0.9198906423191872,-0.0092066954303065,13,0.5859069086497173,0.6123637184824839,1.0
2026-08-25 00:00:00+00:00,-0.005672923474428049,0.4325670222823871,0.39712254674874936,0.9180601532067348,-0.03862828048728701,13,0.5894609009184203,0.6121515896868123,1.0
2026-08-26 00:00:00+00:00,0.006204613399468206,0.43340116727297906,0.39729092150728723,0.9166817062517331,0.02180716140036389,13,0.6101448059272593,0.6099763641281342,0.9997239314380967
2026-08-27 00:00:00+00:00,0.015427910250502608,0.41805882088893925,0.397463604442892,0.9507360796687543,0.016190532935879014,13,0.580415994979684,0.6099763641281342,1.0
2026-08-28 00:00:00+00:00,-0.029907033744369538,0.4186808577830395,0.3988363704736838,0.9526023534621707,-0.043656448097328306,13,0.5809404514649696,0.6096251450999141,1.0
2026-08-29 00:00:00+00:00,0.004904064873478831,0.43867429008504244,0.3992374706990975,0.9100999983876428,0.005754297131831236,13,0.6068663705011139,0.6094024835258339,1.0
2026-08-30 00:00:00+00:00,-0.007090003657541644,0.4381805531460802,0.3996736943185327,0.9121210228270672,-0.03181358132310967,13,0.6059116465124206,0.6079184731365196,1.0
2026-08-31 00:00:00+00:00,0.011716868323368601,0.4215242582117346,0.4000070524088764,0.9489538137279635,0.024624466111861122,13,0.6175946510411865,0.6076472785190558,0.9838933635429634
2026-09-01 00:00:00+00:00,-0.014648013555714101,0.42077052873513904,0.40024858065080665,0.9512276961363654,-0.014529065311606052,13,0.6177864737161874,0.6076472785190558,0.9835878646935386
2026-09-02 00:00:00+00:00,-0.0012338612881511724,0.4274415515752161,0.40043359223621183,0.9368148481600022,0.0023246362140171197,13,0.6170995233511649,0.6076472785190558,0.9846827870150042
2026-09-03 00:00:00+00:00,0.05077240704855379,0.42756771503217056,0.4016395975111645,0.9393590380904807,0.05568850877904074,13,0.6167850920323784,0.6076472785190558,0.9851847691661734
2026-09-04 00:00:00+00:00,-0.01980088318537654,0.4530891596316192,0.4021623020018593,0.8876008031815071,-0.018503016487269357,13,0.6357540773087953,0.6076472785190558,0.9557898253539825
2026-09-05 00:00:00+00:00,0.0021602531012818726,0.4634051255466723,0.40261109264682937,0.8688101845482933,0.029101032805805706,13,0.6428843966829004,0.6076472785190558,0.9451890287808227
2026-09-06 00:00:00+00:00,0.006364022593658758,0.4617149649416383,0.4040391127603303,0.8750834247085789,0.029543004898760862,13,0.6423092997315251,0.6076472785190558,0.9460353116061725
2026-09-07 00:00:00+00:00,-0.015262745625472474,0.4616715374645307,0.40564827114261115,0.8786512449314168,-0.014131003497483726,13,0.6454227956110186,0.6076472785190558,0.941471671981773
2026-09-08 00:00:00+00:00,-0.008268152185597177,0.4678378078137452,0.4064965578747262,0.8688835128018554,-0.0035135413146319275,13,0.6507943151965179,0.6076472785190558,0.9337009625469251
2026-09-09 00:00:00+00:00,-0.0019854451694514275,0.4700332008148425,0.406811512425,0.865495270801632,-0.019029685217903183,13,0.6503225168948639,0.6076472785190558,0.9343783472551861
2026-09-10 00:00:00+00:00,-0.022040503417875112,0.4651585355624363,0.40741160129042464,0.8758553700359637,-0.02426851562766261,13,0.6567325543415763,0.6076472785190558,0.9252583483215139
2026-09-11 00:00:00+00:00,0.008423046772929155,0.47415750577346155,0.40742016235024137,0.8592506865111077,0.00981031000324394,13,0.6669881896639461,0.6076472785190558,0.9110315413908775
2026-09-12 00:00:00+00:00,0.0008071547858579109,0.47336096699635205,0.407903553872671,0.8617177636360003,0.004526994659283583,13,0.6631971733237136,0.6076472785190558,0.9162392467292025
2026-09-13 00:00:00+00:00,-0.0058707781531969205,0.4732163395128252,0.40840297767054573,0.8630365090330469,-0.030246453028931346,13,0.6621117519930138,0.6076472785190558,0.9177412675277018
2026-09-14 00:00:00+00:00,0.017773639696067933,0.47286179971605913,0.4124614852212454,0.8722664538960803,0.02896407243629782,13,0.6746412096574416,0.6076472785190558,0.9006969479786109
2026-09-15 00:00:00+00:00,-0.03259022702614178,0.4738739954539044,0.4124736346164749,0.8704289295752204,-0.049642113210528235,13,0.6784981780136644,0.6076472785190558,0.8955768758259189
2026-09-16 00:00:00+00:00,0.007365310959223104,0.4932998831616743,0.41299107090122017,0.8372008285391511,0.022521645280877307,13,0.7082746905191616,0.6076472785190558,0.857926009008812
2026-09-17 00:00:00+00:00,0.002914605983344698,0.488397390419212,0.4131086081386739,0.8458452404589742,0.03825821094802056,13,0.7103311423990697,0.6076472785190558,0.8554422610091262
2026-09-18 00:00:00+00:00,0.05873143247619783,0.4884101042275126,0.41329163068567343,0.8461979535401928,0.0941863795636439,13,0.7169143208867249,0.6076472785190558,0.8475870279275203
2026-09-19 00:00:00+00:00,0.004384457309036138,0.4707027931347186,0.4139530568174496,0.8794361598338194,0.024267222769823755,13,0.7248062740568078,0.6076472785190558,0.8383581934493995
2026-09-20 00:00:00+00:00,-0.0010697859935590026,0.43950208219678577,0.4150428759365365,0.9443479172203382,0.023185284664870062,13,0.7073077757775548,0.6076472785190558,0.8590988242014721
2026-09-21 00:00:00+00:00,0.06710021529546739,0.36760976115765737,0.4151338758444241,1.0,0.06686306138981855,13,0.6062282548439349,0.6076472785190558,1.0
2026-09-22 00:00:00+00:00,-0.0048689731155538984,0.4241743741270539,0.4151338758444241,0.9786868353345602,0.014387574908753992,13,0.6329993871375746,0.6076266822756056,0.9599166991666381
2026-09-23 00:00:00+00:00,-0.020905793947834095,0.4249410231342657,0.4155351336422392,0.9778654237177413,-0.0488950805589784,13,0.6250531074105579,0.6076472785190558,0.9721530399814983
2026-09-24 00:00:00+00:00,3.911523704402953e-05,0.4309462553024453,0.4162364201178154,0.9658661956018013,0.02718084758394168,13,0.6537222518327576,0.6079184731365196,0.9299338846615305
2026-09-25 00:00:00+00:00,-0.003668391620658684,0.43008708642560634,0.41762572195397213,0.9710259506389767,0.04719719322490315,13,0.6373983511033003,0.6094024835258339,0.9560779102597188
2026-09-26 00:00:00+00:00,0.00397573634991244,0.4303702040516031,0.41767977057129835,0.9705127507414916,-0.005646929679769652,13,0.6498655777305148,0.6096251450999141,0.9380788365939771
