day,BTC-USDT-SWAP,ETH-USDT-SWAP,SOL-USDT-SWAP,XRP-USDT-SWAP,DOGE-USDT-SWAP,BNB-USDT-SWAP,AVAX-USDT-SWAP,LINK-USDT-SWAP,ADA-USDT-SWAP,SUI-USDT-SWAP,NEAR-USDT-SWAP,PENGU-USDT-SWAP,ETHFI-USDT-SWAP
2020-11-01 00:00:00+00:00,13754.1,395.8,,0.2393,0.002564,,3.682,11.524,0.09779,,,,
2020-11-02 00:00:00+00:00,13522.1,382.12,,0.2346,0.002509,,3.597,10.753,0.09207,,,,
2020-11-03 00:00:00+00:00,13991.7,387.48,,0.2389,0.002516,,3.32,10.38,0.0934,,,,
2020-11-04 00:00:00+00:00,14091.0,401.0,,0.2371,0.002539,,3.166,10.45,0.09525,,,,
2020-11-05 00:00:00+00:00,15582.8,416.0,,0.2453,0.002635,,3.339,10.961,0.09744,,,,
2020-11-06 00:00:00+00:00,15571.8,455.2,,0.2587,0.002755,,3.587,12.17,0.10902,,,,
2020-11-07 00:00:00+00:00,14814.0,435.92,,0.249,0.002668,,3.419,11.761,0.10131,,,,
2020-11-08 00:00:00+00:00,15465.1,454.81,,0.2538,0.002702,,3.464,12.713,0.10655,,,,
2020-11-09 00:00:00+00:00,15319.1,444.31,,0.2504,0.002661,,3.417,12.496,0.10554,,,,
2020-11-10 00:00:00+00:00,15275.5,449.71,,0.2536,0.002754,,3.572,12.974,0.10585,,,,
2020-11-11 00:00:00+00:00,15661.6,462.52,,0.2555,0.002757,,3.48,12.739,0.1058,,,,
2020-11-12 00:00:00+00:00,16268.4,461.94,,0.2546,0.002774,,3.418,12.4,0.10441,,,,
2020-11-13 00:00:00+00:00,16281.5,475.63,,0.2654,0.002811,,3.673,12.823,0.10617,,,,
2020-11-14 00:00:00+00:00,16032.5,459.95,,0.2677,0.002774,,3.477,12.515,0.10384,,,,
2020-11-15 00:00:00+00:00,15921.0,447.36,,0.2689,0.00277,,3.538,12.086,0.10021,,,,
2020-11-16 00:00:00+00:00,16679.4,459.98,,0.2876,0.002895,,3.691,12.604,0.10364,,,,
2020-11-17 00:00:00+00:00,17634.2,481.64,,0.3023,0.002942,,3.831,13.394,0.10943,,,,
2020-11-18 00:00:00+00:00,17741.8,477.15,,0.2926,0.002907,,3.741,13.523,0.10628,,,,
2020-11-19 00:00:00+00:00,17790.2,470.97,,0.3038,0.002909,,3.634,13.605,0.10589,,,,
2020-11-20 00:00:00+00:00,18636.2,509.45,,0.3297,0.002989,,3.706,14.083,0.11831,,,,
2020-11-21 00:00:00+00:00,18677.9,552.22,,0.463,0.003517,,4.026,15.429,0.13314,,,,
2020-11-22 00:00:00+00:00,18416.1,560.23,,0.4459,0.003339,,3.893,14.504,0.14581,,,,
2020-11-23 00:00:00+00:00,18369.4,608.38,,0.6158,0.003689,,4.072,15.254,0.15457,,,,
2020-11-24 00:00:00+00:00,19152.5,604.51,,0.6922,0.004256,,4.256,15.674,0.16697,,,,
2020-11-25 00:00:00+00:00,18710.0,568.54,,0.6289,0.003709,,4.042,14.219,0.15468,,,,
2020-11-26 00:00:00+00:00,17142.2,519.9,,0.5369,0.003255,,3.534,12.585,0.13863,,,,
2020-11-27 00:00:00+00:00,17141.4,518.31,,0.5627,0.003275,,3.588,12.483,0.1415,,,,
2020-11-28 00:00:00+00:00,17717.7,537.59,,0.6262,0.003397,,3.632,13.082,0.16499,,,,
2020-11-29 00:00:00+00:00,18182.1,575.86,,0.6057,0.003441,,3.707,13.388,0.16656,,,,
2020-11-30 00:00:00+00:00,19700.9,616.31,,0.6646,0.003566,,3.708,14.264,0.17218,,,,
2020-12-01 00:00:00+00:00,18762.9,585.1,,0.6109,0.003321,,3.558,13.351,0.1556,,,,
2020-12-02 00:00:00+00:00,19208.6,596.93,,0.6302,0.003369,,3.739,13.984,0.15867,,,,
2020-12-03 00:00:00+00:00,19420.8,615.63,,0.6303,0.003422,,3.813,13.97,0.16398,,,,
2020-12-04 00:00:00+00:00,18657.6,567.51,,0.5533,0.00329,,3.533,12.675,0.14788,,,,
2020-12-05 00:00:00+00:00,19148.4,596.89,,0.5854,0.003396,,3.639,13.172,0.15987,,,,
2020-12-06 00:00:00+00:00,19369.7,602.05,,0.6214,0.00339,,3.601,13.507,0.15871,,,,
2020-12-07 00:00:00+00:00,19170.7,591.59,,0.608,0.003344,,3.38,13.071,0.15412,,,,
2020-12-08 00:00:00+00:00,18332.3,555.21,,0.559,0.003173,,3.115,12.136,0.14124,,,,
2020-12-09 00:00:00+00:00,18535.2,573.5,,0.5831,0.003155,,3.254,12.618,0.14794,,,,
2020-12-10 00:00:00+00:00,18253.9,559.02,,0.5709,0.003102,,3.139,11.915,0.14177,,,,
2020-12-11 00:00:00+00:00,18035.9,544.52,,0.5244,0.003072,,3.238,11.64,0.13921,,,,
2020-12-12 00:00:00+00:00,18803.2,568.08,,0.5078,0.00316,,3.335,12.226,0.1443,,,,
2020-12-13 00:00:00+00:00,19174.3,591.07,,0.513,0.003262,,3.344,12.941,0.15408,,,,
2020-12-14 00:00:00+00:00,19274.7,586.02,,0.4977,0.003226,,3.14,12.848,0.1587,,,,
2020-12-15 00:00:00+00:00,19421.8,588.79,,0.4681,0.003205,,3.303,12.677,0.15373,,,,
2020-12-16 00:00:00+00:00,21339.2,637.19,,0.5688,0.003425,,3.346,13.481,0.1682,,,,
2020-12-17 00:00:00+00:00,22800.3,642.9,,0.5764,0.003723,,3.211,13.436,0.16344,,,,
2020-12-18 00:00:00+00:00,23104.1,654.02,,0.5837,0.003866,,3.405,13.511,0.16495,,,,
2020-12-19 00:00:00+00:00,23830.5,658.45,,0.5765,0.003927,,3.465,13.484,0.1642,,,,
2020-12-20 00:00:00+00:00,23467.2,638.28,,0.5553,0.004636,,3.308,13.072,0.16183,,,,
2020-12-21 00:00:00+00:00,22721.0,607.67,,0.5148,0.004766,,3.091,12.311,0.15253,,1.2204,,
2020-12-22 00:00:00+00:00,23806.1,636.87,,0.4457,0.004531,,3.076,12.785,0.15659,,1.1605,,
2020-12-23 00:00:00+00:00,23233.4,585.25,,0.2582,0.003755,,2.946,10.967,0.13627,,0.9615,,
2020-12-24 00:00:00+00:00,23732.8,612.35,,0.3391,0.004585,,3.111,11.574,0.15308,,1.061,,
2020-12-25 00:00:00+00:00,24693.5,626.8,,0.3181,0.004562,,2.95,11.553,0.15747,,1.0203,,
2020-12-26 00:00:00+00:00,26492.3,637.53,,0.295,0.004514,,2.921,10.975,0.15833,,1.0245,,
2020-12-27 00:00:00+00:00,26297.5,685.08,,0.2837,0.004553,,2.904,12.162,0.15467,,1.1953,,
2020-12-28 00:00:00+00:00,27073.9,730.44,,0.2472,0.004603,,2.963,12.603,0.17655,,1.2213,,
2020-12-29 00:00:00+00:00,27405.9,732.57,,0.2216,0.004496,,2.923,11.762,0.19102,,1.1689,,
2020-12-30 00:00:00+00:00,28884.0,752.41,,0.2111,0.004635,,2.922,11.259,0.18413,,1.2075,,
2020-12-31 00:00:00+00:00,28918.5,736.19,,0.2195,0.004669,,3.218,11.242,0.18121,,1.3941,,
2021-01-01 00:00:00+00:00,29333.6,729.19,,0.2374,0.00569,,3.684,11.85,0.175,,1.3582,,
2021-01-02 00:00:00+00:00,32166.9,774.93,,0.2209,0.010538,,3.504,12.222,0.1774,,1.4127,,
2021-01-03 00:00:00+00:00,33022.4,978.92,,0.2252,0.00989,,3.481,13.683,0.20628,,1.4731,,
2021-01-04 00:00:00+00:00,32003.3,1043.37,,0.2359,0.009799,,3.595,13.598,0.22531,,1.3855,,
2021-01-05 00:00:00+00:00,33980.6,1099.97,,0.2256,0.009979,,4.258,14.537,0.2586,,1.4993,,
2021-01-06 00:00:00+00:00,36768.8,1208.65,,0.2483,0.010462,,4.581,17.231,0.33235,,1.5435,,
2021-01-07 00:00:00+00:00,39485.5,1226.17,,0.3239,0.009746,,4.467,15.991,0.29931,,1.4981,,
2021-01-08 00:00:00+00:00,40547.3,1216.95,,0.3208,0.009715,,5.707,15.241,0.30382,,1.7326,,
2021-01-09 00:00:00+00:00,40163.6,1277.99,,0.3249,0.010176,,7.201,17.578,0.33064,,1.7615,,
2021-01-10 00:00:00+00:00,38175.9,1256.0,,0.315,0.009847,,6.564,16.218,0.3019,,1.7421,,
2021-01-11 00:00:00+00:00,35360.2,1085.99,,0.2871,0.008837,,6.475,14.644,0.27542,,1.4825,,
2021-01-12 00:00:00+00:00,34042.4,1049.56,,0.2927,0.008055,,7.747,13.966,0.28874,,1.4342,,
2021-01-13 00:00:00+00:00,37366.1,1129.98,,0.3058,0.008666,,8.464,15.942,0.31201,,1.6037,,
2021-01-14 00:00:00+00:00,39168.0,1232.01,,0.2965,0.009405,,9.33,17.996,0.3125,,1.7291,,
2021-01-15 00:00:00+00:00,36748.8,1168.38,,0.2797,0.009366,,9.367,20.76,0.30201,,1.8358,,
2021-01-16 00:00:00+00:00,35989.0,1227.48,,0.2795,0.009223,,12.791,20.159,0.35059,,2.083,,
2021-01-17 00:00:00+00:00,35858.9,1232.9,,0.2776,0.009104,,13.178,23.232,0.38078,,2.497,,
2021-01-18 00:00:00+00:00,36640.0,1260.0,,0.2854,0.009159,,12.682,22.024,0.37148,,2.4077,,
2021-01-19 00:00:00+00:00,35877.5,1366.25,,0.294,0.009053,,11.75,20.532,0.36717,,2.1628,,
2021-01-20 00:00:00+00:00,35498.1,1378.52,,0.2956,0.009051,,12.393,21.834,0.37539,,2.476,,
2021-01-21 00:00:00+00:00,30866.7,1110.24,,0.2677,0.008145,,11.305,18.405,0.30778,,2.1631,,
2021-01-22 00:00:00+00:00,32960.7,1233.7,3.335,0.272,0.008513,,12.715,21.533,0.34867,,2.3675,,
2021-01-23 00:00:00+00:00,32088.2,1233.92,3.508,0.2718,0.008581,,12.883,24.778,0.34576,,2.3909,,
2021-01-24 00:00:00+00:00,32245.6,1392.88,3.632,0.2735,0.008708,,12.468,24.78,0.35369,,2.566,,
2021-01-25 00:00:00+00:00,32267.9,1318.18,3.709,0.2676,0.008351,,12.16,23.349,0.34278,,2.4428,,
2021-01-26 00:00:00+00:00,32475.1,1367.54,4.048,0.2684,0.00823,,12.191,23.107,0.34348,,2.3754,,
2021-01-27 00:00:00+00:00,30374.2,1239.42,3.664,0.2506,0.007439,,11.153,20.969,0.31152,,2.0325,,
2021-01-28 00:00:00+00:00,33380.9,1329.48,3.81,0.2642,0.036127,,11.95,23.042,0.34412,,2.2493,,
2021-01-29 00:00:00+00:00,34223.2,1379.26,3.837,0.2828,0.045837,,11.602,22.74,0.34724,,2.2067,,
2021-01-30 00:00:00+00:00,34279.2,1379.82,4.236,0.4439,0.02791,,12.058,23.671,0.36441,,2.1716,,
2021-01-31 00:00:00+00:00,33115.0,1312.55,4.262,0.4956,0.036536,,13.474,22.584,0.3449,,2.1316,,
2021-02-01 00:00:00+00:00,33530.2,1375.34,4.616,0.3716,0.034905,,13.225,22.887,0.40975,,2.2691,,
2021-02-02 00:00:00+00:00,35468.4,1513.74,5.24,0.3726,0.031316,,13.473,23.715,0.42483,,2.4741,,
2021-02-03 00:00:00+00:00,37623.2,1664.8,5.728,0.3976,0.037224,,14.841,25.091,0.44265,,2.5587,,
2021-02-04 00:00:00+00:00,36985.0,1594.46,6.426,0.4454,0.053035,,15.312,24.503,0.44018,,2.4989,,
2021-02-05 00:00:00+00:00,38310.2,1716.92,6.697,0.4521,0.046726,,17.911,26.322,0.53844,,2.8703,,
2021-02-06 00:00:00+00:00,39270.0,1677.71,6.098,0.4428,0.057593,,18.093,25.054,0.63457,,2.687,,
2021-02-07 00:00:00+00:00,38798.5,1612.97,6.686,0.4182,0.07797,,23.744,24.739,0.66012,,3.411,,
2021-02-08 00:00:00+00:00,46350.0,1752.48,7.885,0.4511,0.07875,,30.129,25.433,0.67717,,3.4937,,
2021-02-09 00:00:00+00:00,46442.0,1770.0,7.84,0.4768,0.070141,,31.679,27.636,0.70578,,3.3146,,
2021-02-10 00:00:00+00:00,44788.8,1742.92,9.086,0.5051,0.072714,,55.002,26.835,0.94332,,3.253,,
2021-02-11 00:00:00+00:00,47948.7,1787.39,9.234,0.5285,0.069587,,47.206,27.883,0.92809,,3.4588,,
2021-02-12 00:00:00+00:00,47342.2,1841.68,9.232,0.6107,0.069751,,48.366,30.694,0.92419,,4.7264,,
2021-02-13 00:00:00+00:00,47205.3,1817.52,8.751,0.6348,0.066207,,43.747,34.276,0.91496,,4.8065,,
2021-02-14 00:00:00+00:00,48628.8,1801.98,8.7,0.5929,0.062539,,39.006,33.181,0.8428,,4.2985,,
2021-02-15 00:00:00+00:00,47971.8,1779.03,8.861,0.5498,0.056426,,37.888,32.547,0.86124,,4.0192,,
2021-02-16 00:00:00+00:00,49151.1,1782.69,8.288,0.5193,0.053556,,36.54,31.94,0.87146,,4.0926,,
2021-02-17 00:00:00+00:00,52138.4,1849.04,8.248,0.5347,0.049442,,36.93,32.262,0.89278,,4.2265,,
2021-02-18 00:00:00+00:00,51583.5,1938.99,8.989,0.532,0.05868,,41.035,32.493,0.91419,,4.4452,,
2021-02-19 00:00:00+00:00,55911.9,1955.85,11.5,0.5646,0.054993,,38.802,34.646,0.92451,,4.3848,,
2021-02-20 00:00:00+00:00,55818.8,1913.71,9.993,0.5115,0.054062,,35.991,33.974,1.11528,,4.0024,,
2021-02-21 00:00:00+00:00,57409.9,1933.63,11.093,0.5447,0.055948,,36.214,34.091,1.09872,,4.1114,,
2021-02-22 00:00:00+00:00,54114.8,1777.1,14.347,0.5661,0.053657,,32.485,31.461,1.09635,,3.7243,,
2021-02-23 00:00:00+00:00,48899.0,1579.33,15.227,0.4765,0.04774,,27.698,25.956,0.963,,3.3709,,
2021-02-24 00:00:00+00:00,49677.5,1624.15,17.233,0.4683,0.056889,,29.855,28.086,1.04947,,3.5893,,
2021-02-25 00:00:00+00:00,47120.0,1482.51,13.826,0.4354,0.050003,,26.821,24.708,1.07645,,3.8896,,
2021-02-26 00:00:00+00:00,46321.5,1443.86,13.61,0.4275,0.05052,,26.204,25.17,1.24175,,4.2296,,
2021-02-27 00:00:00+00:00,46123.2,1459.21,13.193,0.4358,0.050113,,25.846,26.185,1.31726,,4.0031,,
2021-02-28 00:00:00+00:00,45123.9,1419.3,13.093,0.4156,0.04816,,23.915,24.705,1.3138,,3.7979,,
2021-03-01 00:00:00+00:00,49600.0,1569.79,14.988,0.4455,0.050656,,27.48,27.708,1.29703,,4.2034,,
2021-03-02 00:00:00+00:00,48463.8,1486.2,13.948,0.4357,0.050246,,27.109,28.49,1.22344,,4.0448,,
2021-03-03 00:00:00+00:00,50336.1,1567.97,14.091,0.4483,0.05043,,27.253,29.828,1.2135,,4.185,,
2021-03-04 00:00:00+00:00,48389.8,1539.61,13.085,0.4809,0.049949,,25.762,27.702,1.11212,,4.5437,,
2021-03-05 00:00:00+00:00,48762.7,1529.32,12.549,0.4549,0.049548,,24.264,27.839,1.15708,,4.1692,,
2021-03-06 00:00:00+00:00,48867.9,1650.39,13.063,0.4624,0.050914,,24.904,28.129,1.12755,,4.0617,,
2021-03-07 00:00:00+00:00,50979.9,1726.16,13.836,0.4657,0.051919,,26.735,28.604,1.13062,,4.2821,,
2021-03-08 00:00:00+00:00,52394.3,1832.62,13.616,0.4742,0.062983,,25.638,31.898,1.12063,,4.5767,,
2021-03-09 00:00:00+00:00,54889.0,1871.55,14.885,0.4851,0.057962,,34.35,31.515,1.19736,,5.4105,,
2021-03-10 00:00:00+00:00,55908.9,1794.3,14.212,0.4618,0.055886,,29.541,29.917,1.13149,,5.3154,,
2021-03-11 00:00:00+00:00,57781.0,1827.43,16.093,0.4517,0.055976,,30.816,30.141,1.12585,,6.0459,,
2021-03-12 00:00:00+00:00,57229.9,1767.83,14.568,0.4399,0.055323,,27.989,28.394,1.03313,,6.9347,,
2021-03-13 00:00:00+00:00,61223.9,1922.26,15.319,0.4579,0.062546,,30.9,29.778,1.1015,,7.394,,
2021-03-14 00:00:00+00:00,58931.5,1848.16,14.446,0.4388,0.05823,,28.821,28.546,1.05273,,6.6165,,
2021-03-15 00:00:00+00:00,55659.8,1794.85,14.165,0.436,0.057029,,28.969,27.501,1.03084,,5.8975,,
2021-03-16 00:00:00+00:00,56875.3,1805.43,13.667,0.4602,0.058707,,32.963,27.929,1.25089,,6.3935,,
2021-03-17 00:00:00+00:00,58877.7,1825.55,14.222,0.4706,0.05791,,32.717,31.059,1.38028,,6.2329,,
2021-03-18 00:00:00+00:00,57600.0,1775.13,14.194,0.4689,0.057351,,33.19,29.371,1.23064,,6.0515,,
2021-03-19 00:00:00+00:00,58060.0,1809.87,14.148,0.4667,0.058274,,37.32,29.791,1.29375,,6.1776,,
2021-03-20 00:00:00+00:00,58120.0,1805.84,14.177,0.5258,0.058893,,34.191,29.647,1.20008,,6.2762,,
2021-03-21 00:00:00+00:00,57328.7,1782.33,14.353,0.5173,0.05751,,32.834,29.249,1.18664,,6.0558,,
2021-03-22 00:00:00+00:00,54088.5,1680.47,14.776,0.5439,0.054833,,29.135,27.248,1.09983,,5.4093,,
2021-03-23 00:00:00+00:00,54383.2,1669.18,14.173,0.5501,0.053403,,28.462,26.757,1.11645,,5.3,,
2021-03-24 00:00:00+00:00,52310.0,1581.99,13.587,0.4797,0.05155,,25.788,24.8,1.06736,,4.8519,,
2021-03-25 00:00:00+00:00,51303.0,1585.8,12.987,0.5112,0.051281,,25.842,25.535,1.09617,,4.8167,,
2021-03-26 00:00:00+00:00,54982.6,1697.61,14.761,0.5633,0.05393,,28.257,27.361,1.21506,,5.4821,,
2021-03-27 00:00:00+00:00,55818.0,1713.69,16.466,0.5476,0.054422,,27.633,26.893,1.17654,,5.3318,,
2021-03-28 00:00:00+00:00,55773.0,1686.69,18.091,0.5457,0.053691,,28.774,26.657,1.18928,,5.5993,,
2021-03-29 00:00:00+00:00,57658.0,1816.99,18.906,0.566,0.054135,,29.599,28.053,1.203,,5.8145,,
2021-03-30 00:00:00+00:00,58765.2,1841.59,19.086,0.5623,0.054027,,29.665,27.845,1.2133,,6.3601,,
2021-03-31 00:00:00+00:00,58814.7,1921.98,19.434,0.5706,0.053786,,28.811,29.469,1.19385,,6.0167,,
2021-04-01 00:00:00+00:00,58768.7,1967.1,19.047,0.571,0.062101,,28.28,30.067,1.18356,,5.9683,,
2021-04-02 00:00:00+00:00,59009.5,2135.84,19.818,0.6075,0.05764,,29.108,32.481,1.19121,,5.9811,,
2021-04-03 00:00:00+00:00,57107.1,2011.83,22.442,0.5782,0.055456,,28.123,29.229,1.16243,,5.685,,
2021-04-04 00:00:00+00:00,58230.7,2078.95,23.79,0.6352,0.057446,,29.214,30.769,1.18318,,6.0971,,
2021-04-05 00:00:00+00:00,59258.0,2109.17,22.996,0.9165,0.060003,,31.301,32.401,1.21306,,6.1394,,
2021-04-06 00:00:00+00:00,57973.5,2111.49,25.113,1.0995,0.064344,,31.506,34.706,1.2538,,6.7614,,
2021-04-07 00:00:00+00:00,56015.2,1964.02,26.6,0.9177,0.058787,,29.503,31.134,1.17279,,6.122,,
2021-04-08 00:00:00+00:00,58083.0,2080.89,26.953,1.058,0.061875,,30.788,32.793,1.2198,,6.8104,,
2021-04-09 00:00:00+00:00,58110.6,2065.59,27.631,1.01725,0.061625,,31.52,31.599,1.20206,,6.4319,,
2021-04-10 00:00:00+00:00,59806.0,2134.28,26.838,1.37359,0.063713,,31.84,31.894,1.21671,,6.5125,,
2021-04-11 00:00:00+00:00,60073.5,2153.9,27.911,1.35253,0.074516,,31.603,33.917,1.26668,,6.8002,,
2021-04-12 00:00:00+00:00,59890.1,2137.18,28.587,1.47099,0.07082,,33.807,33.143,1.3165,,6.7385,,
2021-04-13 00:00:00+00:00,63579.5,2300.38,27.463,1.79445,0.094656,,33.727,35.515,1.41363,,6.5037,,
2021-04-14 00:00:00+00:00,62970.0,2434.21,26.406,1.83721,0.122049,,38.494,41.38,1.45389,,6.3385,,
2021-04-15 00:00:00+00:00,63170.0,2516.14,27.779,1.75825,0.181917,,37.059,42.556,1.48001,,6.5507,,
2021-04-16 00:00:00+00:00,61294.7,2422.8,25.283,1.54902,0.36696,,35.477,41.914,1.41103,,5.953,,
2021-04-17 00:00:00+00:00,60022.2,2315.91,24.792,1.54033,0.281533,,33.927,39.906,1.36929,,5.883,,
2021-04-18 00:00:00+00:00,56120.1,2233.91,32.325,1.40853,0.32279,,29.272,39.073,1.2767,,5.1436,,
2021-04-19 00:00:00+00:00,55608.7,2159.28,31.58,1.30942,0.409613,,26.219,35.732,1.19432,,4.7367,,
2021-04-20 00:00:00+00:00,56432.3,2329.91,31.676,1.38501,0.317633,,27.412,38.965,1.2668,,4.935,,
2021-04-21 00:00:00+00:00,53799.0,2359.17,32.662,1.29025,0.30619,,25.818,36.247,1.20349,,4.7884,,
2021-04-22 00:00:00+00:00,51732.5,2398.77,38.841,1.15516,0.261002,,23.981,35.113,1.14289,,4.7845,,
2021-04-23 00:00:00+00:00,51091.5,2366.2,37.255,1.17097,0.250119,,23.539,35.219,1.15819,,4.6573,,
2021-04-24 00:00:00+00:00,50050.4,2212.94,40.857,1.04911,0.269837,,21.828,31.241,1.10246,,4.2208,,
2021-04-25 00:00:00+00:00,49044.9,2320.62,47.593,1.03457,0.251318,,21.623,31.648,1.09,,4.6516,,
2021-04-26 00:00:00+00:00,53999.0,2532.07,43.92,1.36288,0.272108,,26.448,35.125,1.23779,,5.0209,,
2021-04-27 00:00:00+00:00,55002.6,2668.0,43.256,1.40253,0.272387,,28.033,36.794,1.3058,,5.1503,,
2021-04-28 00:00:00+00:00,54876.0,2745.68,44.841,1.35759,0.322987,,28.24,36.229,1.33828,,4.9189,,
2021-04-29 00:00:00+00:00,53532.8,2757.6,42.449,1.39715,0.304982,,27.917,36.446,1.30565,,5.4847,,
2021-04-30 00:00:00+00:00,57661.1,2770.34,42.832,1.60158,0.337517,,32.811,38.1,1.35271,,5.5593,,
2021-05-01 00:00:00+00:00,57768.7,2946.27,49.629,1.65283,0.390734,,31.824,41.265,1.35231,,5.5134,,
2021-05-02 00:00:00+00:00,56536.8,2949.85,46.902,1.56148,0.374303,,31.264,39.464,1.32713,,5.2826,,
2021-05-03 00:00:00+00:00,57168.5,3427.35,46.007,1.55627,0.440854,,35.839,42.064,1.36162,,5.4919,,
2021-05-04 00:00:00+00:00,53166.6,3241.96,42.626,1.38656,0.538647,,30.442,45.504,1.27097,,4.8066,,
2021-05-05 00:00:00+00:00,57499.8,3526.11,44.99,1.61831,0.65383,,35.31,49.569,1.48239,,5.2557,,
2021-05-06 00:00:00+00:00,56359.9,3486.7,43.469,1.60202,0.581196,,38.229,47.118,1.64765,,5.2051,,
2021-05-07 00:00:00+00:00,57325.0,3478.39,43.19,1.57937,0.690221,,37.846,49.096,1.65107,,5.3252,,
2021-05-08 00:00:00+00:00,58885.5,3910.28,45.679,1.56298,0.637414,,38.39,48.589,1.6216,,5.234,,
2021-05-09 00:00:00+00:00,58259.2,3919.06,44.322,1.53414,0.569413,,38.985,52.256,1.7666,,5.0794,,
2021-05-10 00:00:00+00:00,55810.5,3946.52,42.827,1.38777,0.451362,,34.607,46.29,1.6396,,4.6989,,
2021-05-11 00:00:00+00:00,56687.2,4175.45,44.558,1.48056,0.494493,,36.763,48.787,1.76188,,4.9538,,
2021-05-12 00:00:00+00:00,49600.0,3835.08,43.584,1.26623,0.389142,,32.888,41.567,1.56297,,4.7509,,
2021-05-13 00:00:00+00:00,49689.7,3716.82,40.998,1.36505,0.489291,,34.972,43.268,1.92697,,5.4993,,
2021-05-14 00:00:00+00:00,49850.2,4082.3,42.741,1.39974,0.559707,,37.031,46.585,2.0094,,5.7407,,
2021-05-15 00:00:00+00:00,46779.1,3648.12,43.423,1.49196,0.508903,,34.456,41.496,2.17441,,5.9533,,
2021-05-16 00:00:00+00:00,46433.8,3582.96,46.827,1.44932,0.513655,,36.607,40.617,2.30133,,5.8689,,
2021-05-17 00:00:00+00:00,43562.8,3282.05,46.684,1.49658,0.488013,,33.65,37.176,2.03181,,5.7382,,
2021-05-18 00:00:00+00:00,42852.7,3371.79,55.913,1.5886,0.47582,,36.88,42.537,2.00133,,5.6757,,
2021-05-19 00:00:00+00:00,36715.5,2443.67,35.0,1.05786,0.329671,,23.065,26.25,1.46741,,3.606,,
2021-05-20 00:00:00+00:00,40531.2,2768.76,44.385,1.17946,0.397283,,25.041,30.621,1.80141,,4.1895,,
2021-05-21 00:00:00+00:00,37252.4,2432.02,38.913,1.00613,0.35791,,21.797,25.541,1.54846,,3.4581,,
2021-05-22 00:00:00+00:00,37450.6,2293.77,31.221,0.9052,0.342067,,18.773,23.27,1.46191,,3.168,,
2021-05-23 00:00:00+00:00,34683.0,2096.79,24.528,0.79039,0.306861,,15.575,19.819,1.31384,,2.6548,,
2021-05-24 00:00:00+00:00,38802.2,2648.42,31.377,0.99361,0.365538,,19.439,26.425,1.55191,,3.2694,,
2021-05-25 00:00:00+00:00,38317.6,2704.45,30.049,0.97445,0.345721,,19.465,27.533,1.55312,,3.3377,,
2021-05-26 00:00:00+00:00,39249.0,2884.22,35.415,1.03078,0.352739,,20.808,34.035,1.77745,,3.5424,,
2021-05-27 00:00:00+00:00,38531.7,2742.5,33.742,0.97399,0.334059,,19.119,31.739,1.65524,,3.2919,,
2021-05-28 00:00:00+00:00,35678.1,2410.97,28.989,0.899,0.31128,,16.73,27.849,1.51286,,2.9196,,
2021-05-29 00:00:00+00:00,34603.7,2278.64,27.356,0.83061,0.302898,,16.185,25.361,1.40175,,2.6899,,
2021-05-30 00:00:00+00:00,35652.6,2386.11,28.585,0.90532,0.301779,,16.51,26.828,1.57469,,3.1148,,
2021-05-31 00:00:00+00:00,37253.3,2705.27,32.736,1.04148,0.325524,,18.14,32.085,1.73889,,3.3601,,
2021-06-01 00:00:00+00:00,36689.0,2637.0,30.94,1.01054,0.370237,,17.773,30.732,1.73711,,3.2597,,
2021-06-02 00:00:00+00:00,37560.5,2706.96,33.993,1.02403,0.423757,,18.686,30.676,1.75413,,3.3142,,
2021-06-03 00:00:00+00:00,39253.5,2857.69,39.608,1.04549,0.401,,20.291,32.198,1.84537,,3.6089,,
2021-06-04 00:00:00+00:00,36830.6,2688.54,37.369,0.96834,0.376211,,18.222,28.817,1.7089,,3.172,,
2021-06-05 00:00:00+00:00,35519.9,2630.07,39.713,0.92242,0.371241,,17.23,27.128,1.6561,,3.2863,,
2021-06-06 00:00:00+00:00,35799.8,2711.86,42.225,0.94655,0.371494,,17.385,27.541,1.6776,,3.2045,,
2021-06-07 00:00:00+00:00,33563.7,2593.88,38.279,0.8618,0.331348,,15.559,24.595,1.56566,,2.9184,,
2021-06-08 00:00:00+00:00,33363.9,2507.06,41.229,0.87302,0.325837,,14.764,24.083,1.58062,,2.8961,,
2021-06-09 00:00:00+00:00,37379.9,2611.19,42.052,0.9219,0.343202,,15.398,25.599,1.62896,,3.2254,,
2021-06-10 00:00:00+00:00,36710.2,2471.19,41.079,0.86866,0.32633,,14.196,23.125,1.53277,,2.9633,,
2021-06-11 00:00:00+00:00,37327.8,2355.0,36.153,0.84734,0.318551,,13.411,21.477,1.43686,,3.0215,,
2021-06-12 00:00:00+00:00,35546.6,2370.95,36.498,0.83188,0.312232,,13.534,21.671,1.47785,,2.9125,,
2021-06-13 00:00:00+00:00,39035.7,2509.02,38.704,0.88357,0.323795,,14.747,23.328,1.55703,,3.1361,,
2021-06-14 00:00:00+00:00,40497.1,2581.93,39.649,0.89083,0.327631,,15.118,24.975,1.57683,,3.2186,,
2021-06-15 00:00:00+00:00,40141.1,2544.89,39.514,0.86646,0.320305,,14.731,24.479,1.55469,,3.2169,,
2021-06-16 00:00:00+00:00,38346.9,2367.76,39.67,0.83241,0.307824,,14.086,23.038,1.48478,,3.0752,,
2021-06-17 00:00:00+00:00,38069.7,2373.33,39.271,0.84123,0.306189,,14.851,23.384,1.48272,,3.0844,,
2021-06-18 00:00:00+00:00,35808.4,2231.97,36.795,0.79694,0.293219,,13.618,21.245,1.41525,,2.9337,,
2021-06-19 00:00:00+00:00,35500.0,2163.15,35.13,0.75786,0.2855,,13.367,20.24,1.38159,,2.8631,,
2021-06-20 00:00:00+00:00,35620.4,2243.29,35.245,0.77453,0.280466,,13.905,21.66,1.42657,,2.8825,,
2021-06-21 00:00:00+00:00,31636.3,1886.28,26.595,0.60638,0.178222,,11.179,17.359,1.1727,,2.2447,,
2021-06-22 00:00:00+00:00,32524.6,1878.87,26.971,0.54673,0.190755,,10.597,16.852,1.15669,,2.1342,,
2021-06-23 00:00:00+00:00,33665.3,1966.49,30.804,0.63852,0.234754,,11.474,18.389,1.25006,,2.1441,,
2021-06-24 00:00:00+00:00,34664.1,1988.7,31.161,0.67316,0.263472,,11.502,19.068,1.35976,,2.1728,,
2021-06-25 00:00:00+00:00,31579.6,1809.04,28.619,0.61075,0.237274,,10.237,16.868,1.25129,,1.8915,,
2021-06-26 00:00:00+00:00,32284.2,1830.3,29.671,0.61659,0.24584,,10.316,16.956,1.25135,,1.8869,,
2021-06-27 00:00:00+00:00,34711.8,1982.44,31.87,0.64795,0.264805,,10.943,18.41,1.33895,,1.9645,,
2021-06-28 00:00:00+00:00,34486.6,2085.12,33.036,0.64403,0.257029,,11.334,18.834,1.3255,,1.9796,,
2021-06-29 00:00:00+00:00,35936.9,2166.23,33.966,0.70641,0.263505,,11.925,19.539,1.37351,,2.0995,,
2021-06-30 00:00:00+00:00,35040.0,2274.64,35.495,0.7056,0.253923,,11.939,19.498,1.38599,,2.0908,,
2021-07-01 00:00:00+00:00,33520.0,2106.53,33.276,0.6595,0.2439,,11.184,18.182,1.331,,2.0682,,
2021-07-02 00:00:00+00:00,33769.0,2153.37,33.973,0.65549,0.245083,,11.126,18.27,1.39699,,2.1081,,
2021-07-03 00:00:00+00:00,34676.2,2227.7,34.493,0.67329,0.246293,,11.504,18.545,1.40439,,2.2564,,
2021-07-04 00:00:00+00:00,35277.4,2322.63,34.299,0.69623,0.246378,,12.35,19.245,1.46114,,2.2883,,
2021-07-05 00:00:00+00:00,33696.1,2195.64,32.905,0.65221,0.230922,,12.029,18.357,1.40322,,2.1686,,
2021-07-06 00:00:00+00:00,34235.0,2323.35,34.225,0.66504,0.23423,,13.37,20.076,1.41618,,2.2546,,
2021-07-07 00:00:00+00:00,33851.0,2315.87,36.699,0.65199,0.223671,,13.09,19.792,1.40419,,2.3104,,
2021-07-08 00:00:00+00:00,32865.4,2115.31,33.124,0.6218,0.206925,,12.092,18.375,1.32799,,2.0974,,
2021-07-09 00:00:00+00:00,33815.5,2146.77,33.339,0.63673,0.219768,,12.562,18.655,1.35022,,2.0881,,
2021-07-10 00:00:00+00:00,33519.4,2110.67,31.691,0.62505,0.213725,,12.024,18.211,1.33621,,2.1139,,
2021-07-11 00:00:00+00:00,34263.3,2140.31,32.17,0.63605,0.216074,,12.433,18.382,1.34873,,2.1711,,
2021-07-12 00:00:00+00:00,33081.3,2031.6,30.773,0.62874,0.207657,,12.145,17.517,1.31236,,2.0912,,
2021-07-13 00:00:00+00:00,32725.0,1940.82,29.149,0.61945,0.199928,,11.922,16.876,1.26483,,1.949,,
2021-07-14 00:00:00+00:00,32804.2,1994.52,31.352,0.61997,0.19763,,11.786,16.935,1.26371,,1.9921,,
2021-07-15 00:00:00+00:00,31870.8,1919.51,28.571,0.5974,0.185283,,11.404,15.761,1.22568,,1.933,,
2021-07-16 00:00:00+00:00,31378.0,1876.77,26.274,0.58927,0.172093,,10.804,15.242,1.17118,,1.8394,,
2021-07-17 00:00:00+00:00,31513.1,1899.22,26.769,0.58216,0.187407,,10.965,15.348,1.17156,,1.9396,,
2021-07-18 00:00:00+00:00,31760.6,1891.0,26.684,0.58689,0.181502,,10.689,15.474,1.18121,,1.9081,,
2021-07-19 00:00:00+00:00,30829.6,1818.74,24.523,0.55718,0.173673,,10.176,14.53,1.12145,,1.7295,,
2021-07-20 00:00:00+00:00,29764.2,1785.91,23.466,0.52833,0.170413,,9.623,13.735,1.05461,,1.679,,
2021-07-21 00:00:00+00:00,32119.1,1996.44,26.671,0.57184,0.190474,,10.441,15.295,1.17175,,1.8306,,
2021-07-22 00:00:00+00:00,32289.4,2023.72,27.682,0.59251,0.191182,,10.841,16.077,1.1854,,1.9359,,
2021-07-23 00:00:00+00:00,33640.5,2124.18,28.509,0.60949,0.194948,,11.093,16.505,1.2081,,1.9359,,
2021-07-24 00:00:00+00:00,34236.5,2183.66,28.612,0.60845,0.196956,,11.152,16.675,1.23296,,2.1389,,
2021-07-25 00:00:00+00:00,35391.1,2190.83,28.225,0.60682,0.197961,,11.248,16.741,1.22828,,2.1602,,
2021-07-26 00:00:00+00:00,37238.0,2227.65,28.173,0.62316,0.203711,,11.458,18.027,1.25571,,2.145,,
2021-07-27 00:00:00+00:00,39451.4,2300.17,28.125,0.64534,0.205775,,11.932,19.485,1.27978,,2.2353,,
2021-07-28 00:00:00+00:00,40015.6,2300.53,27.894,0.7327,0.205657,,12.323,19.11,1.28783,,2.2194,,
2021-07-29 00:00:00+00:00,40027.9,2383.47,31.247,0.74901,0.204936,,12.435,19.37,1.28471,,2.2556,,
2021-07-30 00:00:00+00:00,42205.4,2462.36,32.384,0.75223,0.208846,,12.983,22.271,1.31022,,2.3254,,
2021-07-31 00:00:00+00:00,41449.0,2531.17,36.729,0.74618,0.207617,,13.534,22.737,1.31913,,2.394,,
2021-08-01 00:00:00+00:00,39840.7,2553.71,34.153,0.72385,0.204102,,12.862,22.062,1.31422,,2.3931,,
2021-08-02 00:00:00+00:00,39157.5,2607.52,33.194,0.73867,0.203401,,12.989,23.479,1.30808,,2.3512,,
2021-08-03 00:00:00+00:00,38208.1,2507.72,34.129,0.71383,0.196158,,12.567,23.939,1.37023,,2.3417,,
2021-08-04 00:00:00+00:00,39739.9,2726.18,35.77,0.73139,0.201513,,13.712,24.2,1.37516,,2.4597,,
2021-08-05 00:00:00+00:00,40876.2,2828.01,37.366,0.73304,0.201001,,13.831,24.049,1.38671,,2.5183,,
2021-08-06 00:00:00+00:00,42834.0,2890.08,39.501,0.74732,0.204873,,14.783,23.873,1.40221,,2.5256,,
2021-08-07 00:00:00+00:00,44591.3,3160.53,39.453,0.81691,0.261822,,15.852,24.696,1.47419,,2.7818,,
2021-08-08 00:00:00+00:00,43808.3,3011.39,37.667,0.77885,0.23998,,14.825,23.023,1.42487,,2.5658,,
2021-08-09 00:00:00+00:00,46266.6,3162.33,38.661,0.81734,0.256173,,16.162,24.208,1.47618,,2.6896,,
2021-08-10 00:00:00+00:00,45575.0,3141.11,40.636,0.8514,0.257442,,16.424,24.539,1.67808,,2.8562,,
2021-08-11 00:00:00+00:00,45513.6,3160.34,41.612,1.01152,0.2646,,16.671,25.904,1.7946,,2.9717,,
2021-08-12 00:00:00+00:00,44406.5,3045.49,41.095,0.96572,0.263985,,16.579,24.934,1.83156,,3.341,,
2021-08-13 00:00:00+00:00,47794.7,3322.74,44.86,1.09077,0.28692,,18.032,27.755,2.13966,,3.4158,,
2021-08-14 00:00:00+00:00,47080.3,3264.96,44.13,1.28032,0.294029,,18.095,27.155,2.18911,,3.2443,,
2021-08-15 00:00:00+00:00,46990.7,3310.62,53.49,1.28347,0.340093,,18.763,27.906,2.16803,,3.2343,,
2021-08-16 00:00:00+00:00,45906.7,3147.62,62.1,1.18594,0.319592,,19.084,27.956,2.07196,,3.4579,,
2021-08-17 00:00:00+00:00,44691.0,3014.95,64.116,1.09778,0.299376,,23.491,26.146,1.9233,,3.7301,,
2021-08-18 00:00:00+00:00,44730.0,3015.37,72.799,1.14343,0.303232,,30.015,25.34,2.10574,,4.4297,,
2021-08-19 00:00:00+00:00,46772.6,3185.86,72.76,1.23578,0.318027,,30.69,27.112,2.44499,,4.4897,,
2021-08-20 00:00:00+00:00,49307.0,3285.04,78.748,1.26275,0.327351,,39.163,28.695,2.45558,,4.416,,
2021-08-21 00:00:00+00:00,48827.1,3224.68,73.899,1.21748,0.316976,,43.748,27.862,2.43701,,6.189,,
2021-08-22 00:00:00+00:00,49264.5,3239.54,72.747,1.22602,0.31468,,43.788,27.992,2.70615,,5.4642,,
2021-08-23 00:00:00+00:00,49500.0,3323.45,75.711,1.246,0.318077,,46.448,28.571,2.91626,,5.4942,,
2021-08-24 00:00:00+00:00,47680.3,3171.09,70.459,1.13528,0.288669,,55.518,25.724,2.71863,,5.0377,,
2021-08-25 00:00:00+00:00,48993.9,3227.0,72.031,1.17438,0.292682,,46.314,26.64,2.73828,,5.5957,,
2021-08-26 00:00:00+00:00,46836.7,3091.5,74.918,1.07168,0.268214,,41.377,24.386,2.52615,,4.8738,,
2021-08-27 00:00:00+00:00,49091.3,3273.21,88.024,1.19113,0.294363,,50.126,26.046,2.9492,,5.325,,
2021-08-28 00:00:00+00:00,48890.0,3243.94,96.25,1.14587,0.286,,50.174,25.724,2.84733,,5.7193,,
2021-08-29 00:00:00+00:00,48767.2,3224.72,94.19,1.14115,0.281071,,47.405,25.775,2.8506,,5.5468,,
2021-08-30 00:00:00+00:00,46996.9,3227.87,110.245,1.10018,0.272017,,41.401,25.045,2.73271,,5.3321,,
2021-08-31 00:00:00+00:00,47145.5,3428.05,108.268,1.18577,0.278242,,39.509,26.719,2.76889,,5.2813,,
2021-09-01 00:00:00+00:00,48847.5,3829.83,110.869,1.23654,0.294303,,42.508,29.737,2.86994,,5.4969,,
2021-09-02 00:00:00+00:00,49272.9,3785.35,128.254,1.25327,0.294579,,47.593,29.96,2.95959,,5.4919,,
2021-09-03 00:00:00+00:00,50001.3,3938.78,146.225,1.29072,0.296017,,45.916,30.768,2.96449,,6.1773,,
2021-09-04 00:00:00+00:00,49909.9,3887.56,139.061,1.25495,0.299438,,47.278,29.887,2.83167,,6.079,,
2021-09-05 00:00:00+00:00,51805.0,3951.08,141.993,1.30866,0.314482,,48.178,33.577,2.91169,,6.1453,,
2021-09-06 00:00:00+00:00,52659.8,3927.45,164.121,1.38977,0.309164,,47.1,34.827,2.83393,,6.0991,,
2021-09-07 00:00:00+00:00,46851.0,3434.18,173.439,1.12948,0.255529,,37.932,28.25,2.51149,,8.6721,,
2021-09-08 00:00:00+00:00,46074.6,3498.4,191.111,1.09937,0.256563,,37.012,27.176,2.46893,,10.4097,,
2021-09-09 00:00:00+00:00,46393.0,3425.11,187.871,1.08656,0.252603,,40.815,28.016,2.518,,9.7415,,
2021-09-10 00:00:00+00:00,44858.0,3209.54,179.699,1.05568,0.239628,,49.349,26.385,2.3828,,9.9305,,
2021-09-11 00:00:00+00:00,45174.9,3268.0,179.225,1.07884,0.241055,,57.024,26.998,2.63849,,9.0558,,
2021-09-12 00:00:00+00:00,46018.1,3405.01,174.287,1.11916,0.250323,,59.24,29.419,2.57872,,8.9447,,
2021-09-13 00:00:00+00:00,44960.2,3283.66,169.521,1.06441,0.235798,,53.124,26.944,2.40117,,8.2087,,
2021-09-14 00:00:00+00:00,47095.1,3436.49,158.712,1.09652,0.240593,,51.511,30.823,2.39698,,8.6206,,
2021-09-15 00:00:00+00:00,48124.1,3613.88,158.942,1.12146,0.247698,,57.973,30.676,2.50613,,9.2572,,
2021-09-16 00:00:00+00:00,47752.9,3567.94,152.155,1.09018,0.242015,,67.506,29.801,2.41701,,8.7227,,
2021-09-17 00:00:00+00:00,47300.0,3399.44,147.572,1.06634,0.240066,,70.117,27.736,2.3515,,8.3148,,
2021-09-18 00:00:00+00:00,48294.5,3435.57,169.314,1.07522,0.241412,,69.016,28.39,2.37105,,9.0732,,
2021-09-19 00:00:00+00:00,47243.0,3329.3,152.921,1.04813,0.233053,,70.061,27.368,2.28186,,10.0593,,
2021-09-20 00:00:00+00:00,43023.7,2978.97,132.899,0.92193,0.208645,,57.346,23.565,2.08029,,7.6761,,
2021-09-21 00:00:00+00:00,40730.0,2764.16,124.257,0.87405,0.200858,,59.068,21.402,1.98528,,6.7019,,
2021-09-22 00:00:00+00:00,43540.0,3076.91,147.983,1.00354,0.224503,,74.004,24.469,2.25758,,7.7885,,
2021-09-23 00:00:00+00:00,44858.3,3152.59,149.977,1.00164,0.224609,,76.443,25.423,2.3271,,9.1808,,
2021-09-24 00:00:00+00:00,42802.8,2927.65,139.201,0.94416,0.209118,,72.297,23.266,2.27757,,7.9754,,
2021-09-25 00:00:00+00:00,42661.4,2922.22,136.109,0.94017,0.208371,,68.253,24.496,2.29965,,7.6173,,
2021-09-26 00:00:00+00:00,43178.4,3058.62,135.604,0.94368,0.204982,,66.798,24.618,2.20688,,7.2976,,
2021-09-27 00:00:00+00:00,42145.6,2924.68,136.345,0.92119,0.199634,,66.305,23.02,2.12881,,6.8879,,
2021-09-28 00:00:00+00:00,41006.6,2804.99,132.083,0.89323,0.196526,,61.501,22.088,2.03681,,6.4151,,
2021-09-29 00:00:00+00:00,41523.8,2850.11,135.316,0.92637,0.198701,,65.424,22.853,2.0662,,6.6431,,
2021-09-30 00:00:00+00:00,43810.0,2999.67,141.371,0.9533,0.204261,,66.63,23.993,2.11568,,6.922,,
2021-10-01 00:00:00+00:00,48137.8,3308.97,161.557,1.0423,0.222848,,67.716,26.317,2.25613,,7.8381,,
2021-10-02 00:00:00+00:00,47648.7,3387.85,168.932,1.03557,0.218451,,69.079,26.88,2.24781,,7.8024,,
2021-10-03 00:00:00+00:00,48206.6,3418.16,172.917,1.0555,0.22177,,68.736,27.576,2.25201,,8.0353,,
2021-10-04 00:00:00+00:00,49210.8,3385.9,167.123,1.04341,0.241459,,65.295,26.619,2.19158,,7.6291,,
2021-10-05 00:00:00+00:00,51479.5,3516.19,164.619,1.08443,0.251881,,64.648,27.236,2.23374,,7.9919,,
2021-10-06 00:00:00+00:00,55304.9,3574.68,153.94,1.0767,0.254188,,60.025,26.808,2.21091,,7.7947,,
2021-10-07 00:00:00+00:00,53773.1,3588.19,154.113,1.06727,0.243037,,61.526,26.842,2.27748,,8.2766,,
2021-10-08 00:00:00+00:00,53955.2,3562.69,158.823,1.06331,0.2441,,60.526,26.391,2.23719,,8.1097,,
2021-10-09 00:00:00+00:00,54952.5,3575.75,156.896,1.16056,0.246805,,60.659,27.463,2.26952,,8.0376,,
2021-10-10 00:00:00+00:00,54672.0,3414.44,147.575,1.1354,0.22888,,56.482,25.538,2.18742,,7.3775,,
2021-10-11 00:00:00+00:00,57478.1,3541.0,144.764,1.13595,0.231178,,55.303,25.217,2.17008,,7.416,,
2021-10-12 00:00:00+00:00,55999.7,3492.9,152.34,1.10213,0.226207,,54.39,24.651,2.1196,,7.2752,,
2021-10-13 00:00:00+00:00,57360.1,3608.51,148.049,1.1277,0.232613,,55.017,25.686,2.19047,,7.2494,,
2021-10-14 00:00:00+00:00,57343.4,3791.45,150.105,1.13409,0.232683,,56.233,26.733,2.17416,,8.0471,,
2021-10-15 00:00:00+00:00,61688.5,3869.89,163.177,1.14153,0.234264,,56.408,27.024,2.21863,,7.8741,,
2021-10-16 00:00:00+00:00,60895.3,3830.59,157.582,1.13471,0.237261,,57.619,27.238,2.17854,,7.8718,,
2021-10-17 00:00:00+00:00,61529.0,3847.88,160.172,1.09396,0.237867,,56.052,26.538,2.16003,,7.7909,,
2021-10-18 00:00:00+00:00,61982.9,3746.8,157.186,1.0835,0.247354,,55.522,25.711,2.12925,,7.8518,,
2021-10-19 00:00:00+00:00,64249.9,3878.73,155.949,1.09128,0.24551,,56.831,25.925,2.11061,,8.1872,,
2021-10-20 00:00:00+00:00,66026.2,4162.1,176.776,1.14523,0.254902,,59.664,27.509,2.19174,,8.7459,,
2021-10-21 00:00:00+00:00,62215.8,4053.13,190.559,1.08846,0.24243,,61.478,28.29,2.13655,,9.4795,,
2021-10-22 00:00:00+00:00,60700.2,3973.57,196.366,1.08908,0.244632,,65.544,28.674,2.1578,,9.1144,,
2021-10-23 00:00:00+00:00,61315.3,4168.52,197.764,1.09433,0.251408,,65.5,31.379,2.1674,,9.3134,,
2021-10-24 00:00:00+00:00,60875.6,4082.38,202.234,1.0822,0.275765,,64.54,29.71,2.12035,,9.601,,
2021-10-25 00:00:00+00:00,63106.6,4220.78,209.801,1.09544,0.265202,,69.789,32.403,2.14619,,12.3329,,
2021-10-26 00:00:00+00:00,60280.0,4128.57,199.797,1.10613,0.255723,,68.639,32.521,2.13834,,12.3131,,
2021-10-27 00:00:00+00:00,58420.0,3921.87,184.391,0.99499,0.237924,,61.626,28.892,1.91219,,10.8575,,
2021-10-28 00:00:00+00:00,60619.0,4287.11,195.431,1.05863,0.299904,,64.331,30.198,1.98599,,11.354,,
2021-10-29 00:00:00+00:00,62285.2,4419.53,200.464,1.08269,0.288203,,64.927,30.982,2.01646,,11.5948,,
2021-10-30 00:00:00+00:00,61886.9,4321.83,195.831,1.08454,0.268771,,62.361,29.794,1.95644,,10.4902,,
2021-10-31 00:00:00+00:00,61308.1,4286.0,202.656,1.11321,0.28013,,64.495,30.004,1.96504,,10.165,,
2021-11-01 00:00:00+00:00,60879.7,4317.69,203.94,1.09176,0.271716,,64.932,31.677,1.94821,,10.1513,,
2021-11-02 00:00:00+00:00,63256.0,4590.59,220.957,1.13483,0.274134,,67.793,32.271,1.97087,,10.4695,,
2021-11-03 00:00:00+00:00,62936.0,4604.32,243.249,1.21027,0.269083,,75.623,31.962,2.06381,,10.9717,,
2021-11-04 00:00:00+00:00,61428.4,4533.96,246.831,1.20076,0.263101,,78.921,30.992,1.98182,,10.6021,,
2021-11-05 00:00:00+00:00,60943.2,4474.8,236.155,1.15851,0.260929,,74.157,32.876,1.98177,,10.3673,,
2021-11-06 00:00:00+00:00,61472.6,4519.0,258.35,1.15114,0.261933,,78.773,32.048,2.00553,,10.1942,,
2021-11-07 00:00:00+00:00,63280.0,4613.83,249.678,1.2209,0.26663,,87.561,32.355,2.02101,,10.3424,,
2021-11-08 00:00:00+00:00,67589.7,4812.01,248.344,1.28179,0.282042,,91.204,34.486,2.12599,,10.7203,,
2021-11-09 00:00:00+00:00,66974.8,4732.35,239.069,1.25706,0.273711,,88.287,33.84,2.2691,,11.3833,,
2021-11-10 00:00:00+00:00,64876.1,4628.21,233.02,1.18925,0.255354,,85.14,34.223,2.0958,,10.7679,,
2021-11-11 00:00:00+00:00,64786.6,4722.0,233.4,1.21401,0.260679,,87.96,34.68,2.0787,,12.0408,,
2021-11-12 00:00:00+00:00,64108.7,4666.11,228.496,1.1881,0.259417,,84.766,34.267,2.04629,,11.3931,,
2021-11-13 00:00:00+00:00,64414.3,4644.35,241.56,1.18925,0.261326,,97.608,34.007,2.0496,,11.1577,,
2021-11-14 00:00:00+00:00,65542.0,4627.46,238.697,1.1884,0.26292,,95.29,33.758,2.0398,,11.8668,,
2021-11-15 00:00:00+00:00,63625.1,4563.95,238.183,1.17203,0.256893,,93.872,32.053,2.01918,,11.0794,,
2021-11-16 00:00:00+00:00,60094.5,4207.47,219.103,1.08788,0.236799,,97.911,29.151,1.87366,,9.6772,,
2021-11-17 00:00:00+00:00,60337.8,4289.18,218.986,1.09532,0.237825,,107.599,29.211,1.87632,,9.4115,,
2021-11-18 00:00:00+00:00,56891.1,3995.94,195.185,1.04129,0.22133,,100.575,26.546,1.78683,,8.799,,
2021-11-19 00:00:00+00:00,58071.1,4293.03,215.31,1.08983,0.233046,,111.961,28.273,1.86271,,9.4274,,
2021-11-20 00:00:00+00:00,59709.7,4412.46,217.701,1.09698,0.233335,,125.926,28.384,1.92121,,9.8033,,
2021-11-21 00:00:00+00:00,58630.3,4256.63,230.53,1.05744,0.225744,,128.617,28.982,1.83458,,9.6661,,
2021-11-22 00:00:00+00:00,56254.9,4084.71,215.661,1.03616,0.219617,,134.815,26.768,1.77673,,9.2773,,
2021-11-23 00:00:00+00:00,57537.7,4339.07,221.826,1.06656,0.227025,,123.93,26.949,1.75098,,9.9791,,
2021-11-24 00:00:00+00:00,57143.0,4270.34,205.617,1.03228,0.217392,,115.263,25.593,1.66448,,9.2984,,
2021-11-25 00:00:00+00:00,58968.3,4527.96,210.12,1.04435,0.221567,,119.274,26.436,1.67594,,9.2855,,
2021-11-26 00:00:00+00:00,53760.1,4043.09,192.457,0.93975,0.202398,,104.366,23.97,1.53368,,8.2754,,
2021-11-27 00:00:00+00:00,54736.0,4095.69,192.796,0.94557,0.205067,,113.526,24.102,1.54404,,8.3148,,
2021-11-28 00:00:00+00:00,57300.1,4296.93,200.652,0.96873,0.207603,,110.593,24.762,1.59392,,8.3935,,
2021-11-29 00:00:00+00:00,57803.9,4443.42,204.311,0.98932,0.214923,,120.462,24.994,1.60181,,8.4273,,
2021-11-30 00:00:00+00:00,56947.0,4628.79,208.518,0.99846,0.214673,,120.376,25.332,1.55406,,8.7469,,
2021-12-01 00:00:00+00:00,57164.9,4584.06,229.792,0.9901,0.209164,,119.686,25.335,1.54647,,8.5095,,
2021-12-02 00:00:00+00:00,56487.8,4513.36,233.751,0.97216,0.209469,,107.786,24.543,1.7202,,8.2336,,
2021-12-03 00:00:00+00:00,53595.5,4214.68,211.542,0.92084,0.199867,,108.308,23.298,1.55617,,9.1383,,
2021-12-04 00:00:00+00:00,49160.0,4115.45,200.748,0.84497,0.178412,,92.985,20.647,1.41935,,7.9679,,
2021-12-05 00:00:00+00:00,49390.0,4197.42,196.356,0.80462,0.171549,,86.419,19.483,1.37855,,7.3443,,
2021-12-06 00:00:00+00:00,50425.7,4346.47,193.646,0.82561,0.177671,,92.863,19.786,1.41905,,7.2539,,
2021-12-07 00:00:00+00:00,50595.6,4307.35,190.3,0.81558,0.176493,,89.58,21.095,1.37835,,7.5895,,
2021-12-08 00:00:00+00:00,50455.5,4437.86,194.58,0.86231,0.17913,,93.241,22.934,1.39707,,9.3318,,
2021-12-09 00:00:00+00:00,47568.0,4104.06,181.195,0.85889,0.168976,,85.445,20.268,1.28829,,9.7366,,
2021-12-10 00:00:00+00:00,47160.0,3898.1,167.402,0.79892,0.164075,,80.569,18.547,1.21052,,9.9875,,
2021-12-11 00:00:00+00:00,49387.6,4090.84,172.122,0.83888,0.168971,,86.567,19.975,1.35402,,11.6108,,
2021-12-12 00:00:00+00:00,50075.7,4131.23,172.798,0.83948,0.169677,,87.981,20.409,1.3454,,10.5571,,
2021-12-13 00:00:00+00:00,46687.4,3782.4,155.247,0.78144,0.15729,,79.03,17.776,1.22379,,9.0997,,
2021-12-14 00:00:00+00:00,48360.0,3859.33,161.305,0.81051,0.190887,,87.214,18.436,1.26641,,9.3372,,
2021-12-15 00:00:00+00:00,48864.4,4019.65,178.489,0.82611,0.180877,,101.147,19.681,1.31119,,9.8648,,
2021-12-16 00:00:00+00:00,47637.0,3960.17,176.972,0.80516,0.173049,,98.297,18.765,1.23956,,9.2367,,
2021-12-17 00:00:00+00:00,46150.4,3873.8,175.467,0.79686,0.168529,,110.76,18.263,1.21723,,8.4081,,
2021-12-18 00:00:00+00:00,46836.9,3958.81,182.73,0.82632,0.172288,,115.928,19.539,1.24219,,8.4389,,
2021-12-19 00:00:00+00:00,46684.9,3924.03,179.896,0.83509,0.169406,,107.575,18.87,1.24388,,9.0219,,
2021-12-20 00:00:00+00:00,46905.6,3944.41,173.942,0.87929,0.167271,,113.514,18.788,1.23828,,8.533,,
2021-12-21 00:00:00+00:00,48883.0,4014.27,179.725,0.9471,0.170903,,123.163,19.429,1.2801,,9.2521,,
2021-12-22 00:00:00+00:00,48594.8,3979.38,178.376,0.95377,0.172998,,116.642,19.927,1.32732,,10.8187,,
2021-12-23 00:00:00+00:00,50845.2,4112.99,190.146,0.99367,0.185047,,121.473,22.176,1.47322,,13.7297,,
2021-12-24 00:00:00+00:00,50825.0,4046.09,190.38,0.91431,0.186232,,114.913,21.491,1.39326,,14.9827,,
2021-12-25 00:00:00+00:00,50398.7,4095.24,192.951,0.92583,0.190845,,114.98,22.117,1.45272,,15.2348,,
2021-12-26 00:00:00+00:00,50769.0,4063.88,197.927,0.91994,0.189836,,115.095,22.976,1.4545,,16.2501,,
2021-12-27 00:00:00+00:00,50713.8,4038.75,195.8,0.92738,0.187815,,113.844,23.024,1.51608,,14.7629,,
2021-12-28 00:00:00+00:00,47549.9,3792.34,177.218,0.85112,0.173758,,107.012,20.376,1.39951,,13.3258,,
2021-12-29 00:00:00+00:00,46453.3,3629.59,170.656,0.81728,0.167886,,103.132,19.741,1.33186,,14.9043,,
2021-12-30 00:00:00+00:00,47132.8,3708.74,172.566,0.83861,0.17108,,101.75,19.935,1.35822,,15.4413,,
2021-12-31 00:00:00+00:00,46213.9,3677.98,169.993,0.82968,0.170282,,109.339,19.501,1.30772,,14.6136,,
2022-01-01 00:00:00+00:00,47723.2,3763.87,179.124,0.85096,0.173226,,114.179,20.744,1.37898,,15.1857,,
2022-01-02 00:00:00+00:00,47301.1,3827.41,176.31,0.85847,0.174397,,113.1,21.879,1.37681,,14.3812,,
2022-01-03 00:00:00+00:00,46446.9,3765.49,170.17,0.83253,0.170195,,108.092,23.706,1.31969,,16.4781,,
2022-01-04 00:00:00+00:00,45843.3,3787.09,167.817,0.82256,0.16841,,103.329,23.422,1.30963,,16.0464,,
2022-01-05 00:00:00+00:00,43435.1,3538.66,154.413,0.77155,0.158961,,97.409,25.236,1.22952,,15.2923,,
2022-01-06 00:00:00+00:00,43093.1,3406.51,150.207,0.77918,0.16,,95.127,25.383,1.27907,,15.9153,,
2022-01-07 00:00:00+00:00,41569.6,3198.45,136.481,0.76336,0.155167,,86.755,25.989,1.20986,,15.0519,,
2022-01-08 00:00:00+00:00,41688.0,3080.61,142.15,0.74515,0.151057,,83.904,25.319,1.18228,,13.8184,,
2022-01-09 00:00:00+00:00,41849.9,3151.18,140.761,0.75312,0.150508,,89.285,27.526,1.17027,,13.5173,,
2022-01-10 00:00:00+00:00,41824.7,3081.92,135.759,0.73994,0.143048,,84.427,27.989,1.12281,,15.4698,,
2022-01-11 00:00:00+00:00,42716.2,3238.39,140.25,0.77024,0.153774,,89.596,26.588,1.18687,,18.047,,
2022-01-12 00:00:00+00:00,43900.0,3371.04,151.454,0.79841,0.162826,,95.996,26.766,1.31323,,17.5774,,
2022-01-13 00:00:00+00:00,42565.6,3242.13,146.125,0.76795,0.171712,,89.675,24.875,1.23238,,19.6222,,
2022-01-14 00:00:00+00:00,43063.1,3307.05,146.135,0.77304,0.183196,,90.368,25.714,1.29259,,20.1943,,
2022-01-15 00:00:00+00:00,43079.5,3326.44,147.637,0.77896,0.184612,,93.026,25.18,1.29205,,19.285,,
2022-01-16 00:00:00+00:00,43069.0,3346.47,147.968,0.77834,0.17657,,92.289,25.501,1.41147,,20.1485,,
2022-01-17 00:00:00+00:00,42201.4,3210.2,139.82,0.76161,0.17088,,86.701,23.791,1.60096,,17.6911,,
2022-01-18 00:00:00+00:00,42350.0,3160.15,141.24,0.75064,0.165068,,85.992,22.958,1.4582,,17.6816,,
2022-01-19 00:00:00+00:00,41666.3,3084.17,135.228,0.73783,0.161603,,82.614,21.546,1.33609,,16.2127,,
2022-01-20 00:00:00+00:00,40668.5,3001.41,127.544,0.71954,0.155221,,79.254,20.17,1.25834,,15.2448,,
2022-01-21 00:00:00+00:00,36454.8,2568.8,112.287,0.63654,0.141996,,66.038,17.417,1.12062,,13.2259,,
2022-01-22 00:00:00+00:00,35062.8,2411.71,94.55,0.5967,0.133233,,59.798,15.854,1.0709,,11.3978,,
2022-01-23 00:00:00+00:00,36258.6,2541.02,99.783,0.62879,0.14185,,64.855,16.648,1.12491,,11.6999,,
2022-01-24 00:00:00+00:00,36664.6,2439.26,91.899,0.61178,0.137266,,63.003,15.578,1.06632,,10.7115,,
2022-01-25 00:00:00+00:00,36962.5,2458.4,94.66,0.61783,0.142725,,67.98,15.497,1.04215,,12.1278,,
2022-01-26 00:00:00+00:00,36812.3,2462.87,92.039,0.61925,0.14318,,65.876,15.231,1.07766,,11.2858,,
2022-01-27 00:00:00+00:00,37157.5,2424.25,89.499,0.60888,0.141491,,64.706,15.223,1.04265,,10.5488,,
2022-01-28 00:00:00+00:00,37702.5,2544.53,91.341,0.61093,0.141398,,66.994,16.139,1.04812,,10.7667,,
2022-01-29 00:00:00+00:00,38172.0,2601.49,96.17,0.61782,0.142961,,71.914,16.236,1.0596,,11.0444,,
2022-01-30 00:00:00+00:00,37896.3,2602.7,93.26,0.60156,0.139125,,67.953,17.77,1.03518,,10.3563,,
2022-01-31 00:00:00+00:00,38460.6,2686.34,99.479,0.61761,0.141571,,69.87,17.156,1.05151,,11.1229,,
2022-02-01 00:00:00+00:00,38700.2,2788.55,109.987,0.62854,0.142326,,73.347,16.987,1.09576,,11.2085,,
2022-02-02 00:00:00+00:00,36904.5,2678.14,101.88,0.60045,0.136922,,67.799,15.781,1.02626,,10.8586,,
2022-02-03 00:00:00+00:00,37321.5,2696.05,101.9,0.60985,0.13794,,68.449,16.305,1.06033,,10.9602,,
2022-02-04 00:00:00+00:00,41580.3,2994.91,112.7,0.65579,0.147813,,77.812,17.522,1.13864,,12.9893,,
2022-02-05 00:00:00+00:00,41383.4,3013.86,113.697,0.66581,0.146879,,77.015,17.758,1.12494,,12.8265,,
2022-02-06 00:00:00+00:00,42371.1,3054.65,115.254,0.6828,0.154018,,78.931,18.067,1.14286,,13.4927,,
2022-02-07 00:00:00+00:00,43844.1,3139.22,117.558,0.83196,0.165348,,83.223,18.88,1.19845,,13.5044,,
2022-02-08 00:00:00+00:00,44038.0,3115.07,113.379,0.87609,0.158164,,86.306,18.381,1.17479,,12.7765,,
2022-02-09 00:00:00+00:00,44387.0,3243.6,113.981,0.86955,0.159362,,90.021,18.673,1.19435,,12.9985,,
2022-02-10 00:00:00+00:00,43487.1,3071.72,106.153,0.82523,0.151433,,91.181,17.498,1.1502,,11.7909,,
2022-02-11 00:00:00+00:00,42381.5,2928.65,96.485,0.75906,0.144622,,81.769,16.203,1.08001,,10.85,,
2022-02-12 00:00:00+00:00,42217.7,2918.95,95.955,0.82253,0.14432,,81.31,15.964,1.05847,,10.797,,
2022-02-13 00:00:00+00:00,42063.5,2872.28,92.847,0.80577,0.148122,,77.877,15.615,1.04264,,10.373,,
2022-02-14 00:00:00+00:00,42533.4,2929.85,96.328,0.8009,0.14581,,81.807,15.902,1.04905,,10.556,,
2022-02-15 00:00:00+00:00,44556.7,3186.23,105.507,0.852,0.151762,,93.015,17.351,1.10804,,11.518,,
2022-02-16 00:00:00+00:00,43874.8,3122.39,101.841,0.83703,0.148736,,95.3,17.124,1.08275,,11.215,,
2022-02-17 00:00:00+00:00,40500.6,2891.74,93.502,0.76823,0.138329,,88.243,15.589,1.01943,,10.445,,
2022-02-18 00:00:00+00:00,39991.2,2779.0,89.873,0.78404,0.138559,,83.661,15.186,0.99545,,10.273,,
2022-02-19 00:00:00+00:00,40074.5,2762.99,91.24,0.82127,0.140861,,85.032,15.512,0.99637,,10.044,,
2022-02-20 00:00:00+00:00,38389.5,2622.06,90.69,0.77666,0.136649,,77.333,14.608,0.93179,,9.293,,
2022-02-21 00:00:00+00:00,37007.5,2567.53,82.919,0.70179,0.128279,,70.003,13.501,0.85695,,8.547,,
2022-02-22 00:00:00+00:00,38230.0,2637.5,86.4,0.72074,0.131346,,74.444,13.991,0.88819,,8.964,,
2022-02-23 00:00:00+00:00,37257.3,2579.39,84.589,0.69647,0.127347,,73.431,13.347,0.8663,,8.554,,
2022-02-24 00:00:00+00:00,38333.7,2596.56,89.327,0.69628,0.12406,,76.413,13.275,0.853,,8.484,,
2022-02-25 00:00:00+00:00,39223.3,2766.81,92.72,0.77,0.127662,,80.993,14.362,0.89877,,8.937,,
2022-02-26 00:00:00+00:00,39105.2,2779.19,90.233,0.75068,0.127677,,81.722,14.715,0.88699,,9.122,,
2022-02-27 00:00:00+00:00,37689.3,2616.64,85.624,0.72131,0.122929,,75.012,13.643,0.85672,,8.506,,
2022-02-28 00:00:00+00:00,43175.3,2921.57,99.706,0.78115,0.133489,,84.598,15.132,0.96254,,9.765,,
2022-03-01 00:00:00+00:00,44417.6,2976.45,98.688,0.78417,0.134178,,86.924,15.353,0.96412,,11.811,,
2022-03-02 00:00:00+00:00,43911.4,2947.23,100.71,0.7688,0.133066,,83.362,15.281,0.93896,,11.084,,
2022-03-03 00:00:00+00:00,42456.0,2834.0,95.618,0.75146,0.129642,,78.427,14.893,0.90175,,11.028,,
2022-03-04 00:00:00+00:00,39150.0,2621.29,88.327,0.71253,0.122514,,75.767,13.732,0.84442,,10.422,,
2022-03-05 00:00:00+00:00,39395.3,2664.3,89.623,0.75402,0.12498,,76.68,14.023,0.86492,,10.502,,
2022-03-06 00:00:00+00:00,38415.3,2549.93,84.54,0.7249,0.120608,,72.492,13.317,0.82266,,10.087,,
2022-03-07 00:00:00+00:00,37989.0,2491.88,81.641,0.71969,0.116687,,71.677,12.672,0.79205,,9.656,,
2022-03-08 00:00:00+00:00,38725.3,2576.27,82.283,0.7207,0.117025,,73.007,13.09,0.80194,,9.735,,
2022-03-09 00:00:00+00:00,41953.9,2727.49,88.107,0.76619,0.12149,,77.63,14.008,0.84932,,11.603,,
2022-03-10 00:00:00+00:00,39419.9,2606.31,82.845,0.73605,0.116872,,73.91,13.174,0.80663,,11.043,,
2022-03-11 00:00:00+00:00,38733.0,2556.59,80.667,0.80271,0.115458,,71.211,13.045,0.78822,,10.243,,
2022-03-12 00:00:00+00:00,38801.9,2568.54,81.398,0.78543,0.114788,,70.914,13.145,0.78947,,10.325,,
2022-03-13 00:00:00+00:00,37760.8,2515.4,78.737,0.76006,0.1114,,67.916,12.703,0.78652,,9.852,,
2022-03-14 00:00:00+00:00,39673.8,2589.48,81.25,0.7743,0.113861,,68.949,13.405,0.80277,,10.125,,
2022-03-15 00:00:00+00:00,39283.9,2618.5,82.857,0.76594,0.112588,,69.81,13.696,0.79906,,10.115,,
2022-03-16 00:00:00+00:00,41128.0,2773.75,87.791,0.79182,0.117029,,74.1,14.667,0.83855,,10.819,,
2022-03-17 00:00:00+00:00,40909.0,2811.7,87.844,0.79337,0.11631,,79.408,14.409,0.83601,,10.727,,
2022-03-18 00:00:00+00:00,41755.9,2938.54,89.801,0.79667,0.119082,,85.706,15.011,0.85154,,11.369,,
2022-03-19 00:00:00+00:00,42207.1,2951.05,92.37,0.81995,0.123579,,89.536,15.011,0.90282,,11.298,,
2022-03-20 00:00:00+00:00,41263.0,2860.62,88.6,0.80561,0.119103,,84.802,14.551,0.87826,,10.651,,
2022-03-21 00:00:00+00:00,41003.6,2889.74,88.584,0.83743,0.119242,,86.247,14.992,0.91736,,10.856,,
2022-03-22 00:00:00+00:00,42372.7,2970.01,90.454,0.8365,0.122399,,83.921,15.435,0.97501,,11.064,,
2022-03-23 00:00:00+00:00,42880.5,3036.46,94.88,0.83789,0.129879,,85.974,15.834,1.10763,,12.503,,
2022-03-24 00:00:00+00:00,44000.9,3111.08,102.351,0.84283,0.136764,,87.573,16.164,1.13094,,12.902,,
2022-03-25 00:00:00+00:00,44318.0,3102.79,98.572,0.82409,0.130883,,83.564,15.593,1.09587,,12.227,,
2022-03-26 00:00:00+00:00,44503.5,3144.2,101.739,0.83258,0.136067,,85.882,15.832,1.15225,,12.711,,
2022-03-27 00:00:00+00:00,46821.9,3296.17,106.995,0.85789,0.144758,,89.862,16.866,1.18345,,13.199,,
2022-03-28 00:00:00+00:00,47140.7,3333.7,105.755,0.86406,0.14242,,89.566,16.494,1.16926,,12.639,,
2022-03-29 00:00:00+00:00,47443.8,3400.52,111.607,0.85763,0.144372,,92.77,16.983,1.19033,,14.095,,
2022-03-30 00:00:00+00:00,47049.9,3385.56,120.714,0.86142,0.1431,,95.547,17.215,1.18992,,14.035,,
2022-03-31 00:00:00+00:00,45518.9,3282.54,122.806,0.81447,0.138072,,97.433,16.916,1.14133,,13.307,,
2022-04-01 00:00:00+00:00,46287.6,3455.99,134.482,0.82752,0.141365,,96.871,17.348,1.16561,,14.748,,
2022-04-02 00:00:00+00:00,45816.3,3444.2,132.537,0.82419,0.138707,,96.203,17.409,1.15578,,14.828,,
2022-04-03 00:00:00+00:00,46406.2,3522.16,136.844,0.8431,0.146531,,98.015,18.073,1.18603,,16.81,,
2022-04-04 00:00:00+00:00,46594.9,3519.59,132.156,0.82637,0.14848,,96.108,17.498,1.21217,,17.118,,
2022-04-05 00:00:00+00:00,45501.5,3405.47,126.852,0.81648,0.172634,,91.042,16.737,1.17026,,16.136,,
2022-04-06 00:00:00+00:00,43176.0,3167.49,112.959,0.75952,0.143319,,82.95,15.407,1.05228,,15.256,,
2022-04-07 00:00:00+00:00,43444.3,3226.65,118.33,0.78704,0.145969,,87.584,15.745,1.08882,,17.433,,
2022-04-08 00:00:00+00:00,42255.0,3192.7,109.867,0.7551,0.142368,,83.658,15.117,1.02485,,17.526,,
2022-04-09 00:00:00+00:00,42738.4,3257.75,112.971,0.76258,0.144167,,84.559,15.425,1.04441,,17.55,,
2022-04-10 00:00:00+00:00,42147.3,3201.81,111.061,0.75357,0.148219,,80.934,15.233,1.02647,,15.796,,
2022-04-11 00:00:00+00:00,39529.3,2979.87,99.651,0.69467,0.134147,,74.321,13.762,0.92012,,16.04,,
2022-04-12 00:00:00+00:00,40070.3,3028.46,103.181,0.715,0.138067,,76.334,13.979,0.95444,,16.52,,
2022-04-13 00:00:00+00:00,41149.3,3116.7,104.942,0.72311,0.140031,,80.16,14.187,0.97409,,16.842,,
2022-04-14 00:00:00+00:00,39938.8,3021.26,100.731,0.72584,0.144129,,76.829,13.646,0.93213,,16.377,,
2022-04-15 00:00:00+00:00,40541.0,3039.31,101.404,0.78567,0.145913,,77.414,14.107,0.95537,,16.028,,
2022-04-16 00:00:00+00:00,40380.2,3059.46,102.08,0.78036,0.143566,,77.758,14.147,0.95096,,15.946,,
2022-04-17 00:00:00+00:00,39673.2,2987.32,100.123,0.75183,0.139102,,75.389,13.728,0.91437,,15.674,,
2022-04-18 00:00:00+00:00,40785.4,3055.07,102.388,0.76972,0.14014,,77.738,14.052,0.93671,,16.171,,
2022-04-19 00:00:00+00:00,41491.4,3102.34,108.48,0.77464,0.142582,,80.293,14.244,0.95268,,17.43,,
2022-04-20 00:00:00+00:00,41358.7,3075.42,105.541,0.75179,0.140734,,78.217,14.022,0.93642,,16.656,,
2022-04-21 00:00:00+00:00,40476.5,2982.6,101.736,0.73243,0.136321,,74.973,13.575,0.90916,,15.636,,
2022-04-22 00:00:00+00:00,39692.5,2962.01,100.544,0.71764,0.136359,,74.035,13.581,0.90598,,15.575,,
2022-04-23 00:00:00+00:00,39443.9,2932.35,100.64,0.70521,0.13385,,72.82,13.314,0.88709,,15.325,,
2022-04-24 00:00:00+00:00,39454.3,2921.12,99.17,0.69792,0.1318,,71.46,13.27,0.88564,,15.005,,
2022-04-25 00:00:00+00:00,40432.4,3008.05,100.97,0.69289,0.15814,,72.86,13.439,0.89737,,14.273,,
2022-04-26 00:00:00+00:00,38107.0,2809.35,95.71,0.64209,0.13756,,68.72,12.373,0.82586,,12.683,,
2022-04-27 00:00:00+00:00,39220.4,2889.03,98.37,0.65217,0.13995,,69.85,12.742,0.84025,,12.882,,
2022-04-28 00:00:00+00:00,39751.1,2936.04,98.22,0.6429,0.1375,,67.26,12.666,0.84325,,12.409,,
2022-04-29 00:00:00+00:00,38583.9,2816.93,93.98,0.61166,0.13493,,63.38,11.978,0.80501,,11.295,,
2022-04-30 00:00:00+00:00,37633.6,2727.35,84.55,0.58448,0.12726,,56.93,10.957,0.7554,,10.328,,
2022-05-01 00:00:00+00:00,38469.6,2824.61,89.68,0.60681,0.1326,,58.76,11.3,0.78942,,11.839,,
2022-05-02 00:00:00+00:00,38540.3,2855.77,87.5,0.61439,0.1307,,60.37,11.164,0.78083,,11.848,,
2022-05-03 00:00:00+00:00,37729.3,2781.46,85.87,0.60466,0.12944,,59.6,11.125,0.77136,,11.989,,
2022-05-04 00:00:00+00:00,39709.9,2940.51,92.77,0.64617,0.13598,,67.26,12.2,0.8989,,12.98,,
2022-05-05 00:00:00+00:00,36535.8,2747.25,84.49,0.59822,0.12812,,59.0,10.915,0.78852,,11.215,,
2022-05-06 00:00:00+00:00,36015.5,2693.84,81.67,0.60246,0.12777,,56.99,10.789,0.78303,,10.779,,
2022-05-07 00:00:00+00:00,35480.7,2637.18,78.81,0.58078,0.12746,,55.05,10.21,0.76021,,10.436,,
2022-05-08 00:00:00+00:00,34050.4,2519.97,75.31,0.56618,0.12413,,51.6,9.993,0.74032,,11.141,,
2022-05-09 00:00:00+00:00,30081.9,2229.24,62.14,0.48708,0.10169,,41.18,8.091,0.60155,,9.387,,
2022-05-10 00:00:00+00:00,31018.9,2341.93,66.88,0.51344,0.10805,,44.54,8.583,0.62801,,9.565,,
2022-05-11 00:00:00+00:00,29079.3,2083.91,50.93,0.41638,0.08515,,31.14,6.943,0.51795,,6.512,,
2022-05-12 00:00:00+00:00,29042.8,1959.85,44.65,0.3857,0.08262,,30.32,6.564,0.47389,,6.419,,
2022-05-13 00:00:00+00:00,29289.3,2009.69,48.86,0.42286,0.08812,,32.25,7.151,0.52913,,6.521,,
2022-05-14 00:00:00+00:00,30090.2,2055.86,52.41,0.4262,0.08945,,33.92,7.25,0.53681,,6.684,,
2022-05-15 00:00:00+00:00,31320.9,2144.58,58.83,0.44795,0.0932,,36.56,7.968,0.59831,,7.347,,
2022-05-16 00:00:00+00:00,29878.9,2023.74,53.77,0.42294,0.08795,,32.53,7.422,0.55679,,6.542,,
2022-05-17 00:00:00+00:00,30452.0,2091.15,57.05,0.43769,0.09017,,34.39,7.717,0.57762,,6.676,,
2022-05-18 00:00:00+00:00,28714.5,1914.56,49.92,0.40538,0.08332,,29.57,6.804,0.50597,,5.919,,
2022-05-19 00:00:00+00:00,30319.9,2019.89,52.15,0.42049,0.08665,,30.36,7.218,0.53334,,6.105,,
2022-05-20 00:00:00+00:00,29194.5,1959.79,49.4,0.4102,0.0839,,28.76,6.865,0.51616,,5.747,,
2022-05-21 00:00:00+00:00,29443.1,1974.53,50.33,0.41444,0.08444,,29.9,7.053,0.52853,,6.14,,
2022-05-22 00:00:00+00:00,30298.5,2043.44,52.48,0.42199,0.08586,,31.74,7.322,0.54167,,6.239,,
2022-05-23 00:00:00+00:00,29117.9,1973.51,49.13,0.40483,0.08332,,29.05,7.03,0.51313,,5.843,,
2022-05-24 00:00:00+00:00,29663.1,1979.51,49.69,0.40847,0.08364,,29.06,7.232,0.52182,,5.971,,
2022-05-25 00:00:00+00:00,29545.0,1943.4,47.97,0.40596,0.08293,,27.22,6.957,0.51436,,5.755,,
2022-05-26 00:00:00+00:00,29197.8,1792.18,43.44,0.39212,0.07784,,23.42,6.574,0.47892,,5.231,,
2022-05-27 00:00:00+00:00,28633.5,1726.83,41.16,0.38199,0.08152,,22.56,6.29,0.45663,,4.803,,
2022-05-28 00:00:00+00:00,29031.5,1792.14,44.26,0.38632,0.08184,,24.75,6.566,0.46442,,4.993,,
2022-05-29 00:00:00+00:00,29467.0,1813.52,44.98,0.38904,0.08277,,26.16,6.712,0.48194,,5.183,,
2022-05-30 00:00:00+00:00,31742.3,1998.58,47.21,0.41866,0.08798,,27.7,7.453,0.56979,,5.76,,
2022-05-31 00:00:00+00:00,31804.9,1942.56,45.77,0.42158,0.08593,,26.41,7.584,0.62658,,5.957,,
2022-06-01 00:00:00+00:00,29803.2,1817.84,40.1,0.39801,0.08104,,23.68,6.933,0.55153,,5.341,,
2022-06-02 00:00:00+00:00,30450.6,1834.01,40.84,0.40521,0.08275,,24.63,7.196,0.58696,,5.602,,
2022-06-03 00:00:00+00:00,29698.0,1775.6,38.28,0.39036,0.08028,,22.99,6.858,0.55957,,5.251,,
2022-06-04 00:00:00+00:00,29858.3,1803.8,38.98,0.39236,0.08186,,24.57,7.407,0.56644,,5.327,,
2022-06-05 00:00:00+00:00,29923.9,1806.72,38.52,0.39527,0.08107,,24.17,7.649,0.56721,,5.328,,
2022-06-06 00:00:00+00:00,31371.1,1859.69,42.39,0.40274,0.08251,,26.0,7.982,0.60896,,5.486,,
2022-06-07 00:00:00+00:00,31130.6,1813.43,39.3,0.4075,0.08035,,24.59,8.71,0.61383,,5.195,,
2022-06-08 00:00:00+00:00,30202.5,1791.6,38.8,0.40052,0.07928,,24.5,8.705,0.64086,,5.061,,
2022-06-09 00:00:00+00:00,30109.0,1788.65,39.96,0.40001,0.07933,,24.41,9.276,0.63228,,5.084,,
2022-06-10 00:00:00+00:00,29095.4,1662.94,37.16,0.38132,0.07536,,22.08,8.036,0.57391,,4.491,,
2022-06-11 00:00:00+00:00,28427.8,1533.38,33.94,0.35976,0.06993,,19.9,7.042,0.55398,,4.096,,
2022-06-12 00:00:00+00:00,26580.8,1435.5,30.58,0.34299,0.06346,,17.28,6.264,0.48991,,3.69,,
2022-06-13 00:00:00+00:00,22478.0,1209.65,28.59,0.3114,0.05416,,16.11,5.921,0.4641,,3.519,,
2022-06-14 00:00:00+00:00,22139.1,1209.4,29.57,0.32115,0.05554,,16.55,6.735,0.48286,,3.38,,
2022-06-15 00:00:00+00:00,22586.4,1237.4,34.72,0.34349,0.06285,,18.3,7.32,0.53497,,3.814,,
2022-06-16 00:00:00+00:00,20397.2,1068.35,30.11,0.31292,0.05519,,15.78,6.358,0.47599,,3.22,,
2022-06-17 00:00:00+00:00,20469.8,1086.62,30.71,0.32102,0.05689,,15.98,6.365,0.48677,,3.373,,
2022-06-18 00:00:00+00:00,18972.5,994.68,31.99,0.3073,0.0529,,14.83,5.923,0.45458,,3.093,,
2022-06-19 00:00:00+00:00,20571.1,1127.96,34.19,0.3261,0.06047,,16.17,6.602,0.48489,,3.287,,
2022-06-20 00:00:00+00:00,20580.8,1128.34,35.25,0.32256,0.06001,,17.1,6.987,0.49164,,3.408,,
2022-06-21 00:00:00+00:00,20723.4,1125.92,36.43,0.32929,0.06586,,16.9,6.86,0.48098,,3.519,,
2022-06-22 00:00:00+00:00,19993.4,1050.31,34.13,0.32227,0.0617,,16.07,6.622,0.45909,,3.278,,
2022-06-23 00:00:00+00:00,21106.9,1144.1,38.16,0.33569,0.06399,,18.29,6.993,0.48019,,3.553,,
2022-06-24 00:00:00+00:00,21237.8,1224.91,41.93,0.36711,0.06696,,20.49,7.258,0.49789,,3.996,,
2022-06-25 00:00:00+00:00,21489.6,1241.99,42.23,0.3676,0.06851,,21.36,7.259,0.4986,,4.173,,
2022-06-26 00:00:00+00:00,21038.1,1197.57,39.39,0.35891,0.07295,,19.73,6.699,0.48993,,3.791,,
2022-06-27 00:00:00+00:00,20740.4,1192.32,38.51,0.35375,0.07217,,19.33,6.557,0.48556,,3.737,,
2022-06-28 00:00:00+00:00,20280.9,1144.46,35.35,0.33749,0.06609,,18.1,6.316,0.46915,,3.417,,
2022-06-29 00:00:00+00:00,20117.0,1099.99,34.05,0.3295,0.06956,,17.79,6.238,0.46599,,3.43,,
2022-06-30 00:00:00+00:00,19941.6,1071.54,33.75,0.3322,0.06644,,16.98,6.276,0.45982,,3.337,,
2022-07-01 00:00:00+00:00,19281.3,1059.63,32.83,0.31379,0.0665,,16.13,6.073,0.44859,,3.351,,
2022-07-02 00:00:00+00:00,19248.5,1067.0,33.36,0.31582,0.06667,,16.32,6.218,0.45606,,3.313,,
2022-07-03 00:00:00+00:00,19315.7,1074.0,33.38,0.32136,0.06718,,16.64,6.217,0.45598,,3.321,,
2022-07-04 00:00:00+00:00,20235.2,1150.67,36.71,0.32857,0.06937,,17.92,6.434,0.46952,,3.521,,
2022-07-05 00:00:00+00:00,20178.5,1132.04,35.39,0.32491,0.06715,,18.03,6.306,0.45717,,3.396,,
2022-07-06 00:00:00+00:00,20567.4,1186.29,37.07,0.33236,0.0684,,19.17,6.336,0.46211,,3.5,,
2022-07-07 00:00:00+00:00,21614.8,1237.5,38.46,0.34206,0.07052,,20.2,6.639,0.4775,,3.704,,
2022-07-08 00:00:00+00:00,21595.7,1213.53,38.12,0.34009,0.06906,,19.71,6.349,0.46587,,3.586,,
2022-07-09 00:00:00+00:00,21589.6,1217.0,38.05,0.34493,0.06946,,19.9,6.486,0.47805,,3.794,,
2022-07-10 00:00:00+00:00,20861.6,1168.45,36.71,0.32532,0.06726,,19.15,6.196,0.46229,,3.524,,
2022-07-11 00:00:00+00:00,19970.4,1096.72,33.41,0.31496,0.06174,,17.34,6.04,0.43469,,3.225,,
2022-07-12 00:00:00+00:00,19333.4,1038.7,32.67,0.31164,0.05981,,16.75,5.95,0.41701,,3.184,,
2022-07-13 00:00:00+00:00,20231.7,1114.66,34.95,0.32371,0.06193,,18.84,6.177,0.4382,,3.337,,
2022-07-14 00:00:00+00:00,20594.1,1193.2,37.15,0.33355,0.0625,,19.76,6.274,0.44165,,3.492,,
2022-07-15 00:00:00+00:00,20831.4,1231.35,37.37,0.33418,0.06292,,19.36,6.325,0.44201,,3.502,,
2022-07-16 00:00:00+00:00,21192.6,1355.47,39.59,0.35051,0.06439,,21.25,6.592,0.45791,,3.644,,
2022-07-17 00:00:00+00:00,20800.5,1338.63,38.61,0.34311,0.06303,,20.63,6.349,0.44778,,3.523,,
2022-07-18 00:00:00+00:00,22437.3,1581.17,43.54,0.36507,0.06757,,23.98,7.04,0.49048,,4.062,,
2022-07-19 00:00:00+00:00,23391.1,1542.28,44.87,0.37268,0.069,,24.72,7.251,0.51497,,4.532,,
2022-07-20 00:00:00+00:00,23228.8,1521.94,42.04,0.36323,0.07016,,23.59,6.87,0.49101,,4.183,,
2022-07-21 00:00:00+00:00,23147.1,1575.36,43.12,0.36665,0.06996,,25.02,6.995,0.49949,,4.375,,
2022-07-22 00:00:00+00:00,22685.3,1535.3,40.52,0.35775,0.06744,,23.63,6.785,0.48267,,4.322,,
2022-07-23 00:00:00+00:00,22450.0,1548.69,39.98,0.35926,0.06805,,23.61,6.845,0.51722,,4.307,,
2022-07-24 00:00:00+00:00,22585.1,1597.45,40.94,0.35865,0.06756,,23.79,7.093,0.51213,,4.352,,
2022-07-25 00:00:00+00:00,21313.6,1441.36,36.65,0.33595,0.0619,,20.91,6.431,0.47507,,3.787,,
2022-07-26 00:00:00+00:00,21254.0,1448.5,36.24,0.33708,0.06253,,20.7,6.343,0.46761,,3.754,,
2022-07-27 00:00:00+00:00,22951.0,1635.91,40.24,0.35932,0.06724,,23.4,6.859,0.51129,,4.149,,
2022-07-28 00:00:00+00:00,23843.6,1724.79,42.93,0.37366,0.06909,,24.2,7.215,0.51292,,4.368,,
2022-07-29 00:00:00+00:00,23770.9,1721.86,41.94,0.36795,0.06877,,24.46,7.886,0.5218,,4.367,,
2022-07-30 00:00:00+00:00,23642.6,1697.5,43.86,0.3881,0.06962,,24.23,7.825,0.52644,,4.359,,
2022-07-31 00:00:00+00:00,23299.9,1678.75,42.35,0.37922,0.06808,,23.7,7.65,0.51617,,4.229,,
2022-08-01 00:00:00+00:00,23266.1,1630.01,41.65,0.37908,0.06844,,23.56,7.57,0.5124,,4.272,,
2022-08-02 00:00:00+00:00,22982.0,1630.99,39.77,0.37136,0.06652,,22.84,7.173,0.49627,,4.311,,
2022-08-03 00:00:00+00:00,22815.0,1618.53,38.56,0.36944,0.0662,,23.05,7.283,0.50046,,4.514,,
2022-08-04 00:00:00+00:00,22619.6,1607.38,38.83,0.3711,0.06725,,23.37,7.363,0.49983,,4.422,,
2022-08-05 00:00:00+00:00,23306.3,1736.57,40.58,0.37632,0.06983,,24.97,7.88,0.51752,,5.198,,
2022-08-06 00:00:00+00:00,22953.5,1690.32,40.06,0.37139,0.06863,,26.64,7.797,0.51126,,4.903,,
2022-08-07 00:00:00+00:00,23178.3,1700.21,40.61,0.37229,0.06896,,27.88,8.347,0.5277,,4.983,,
2022-08-08 00:00:00+00:00,23815.0,1776.6,42.19,0.37871,0.07011,,27.92,8.607,0.53708,,5.491,,
2022-08-09 00:00:00+00:00,23151.4,1703.36,40.34,0.36717,0.06902,,27.41,8.743,0.51271,,5.364,,
2022-08-10 00:00:00+00:00,23953.2,1853.75,42.48,0.38147,0.07127,,29.18,9.059,0.53764,,5.906,,
2022-08-11 00:00:00+00:00,23934.2,1880.16,42.77,0.38001,0.07084,,28.52,8.962,0.53053,,5.762,,
2022-08-12 00:00:00+00:00,24400.1,1958.17,45.5,0.37947,0.07235,,29.34,9.327,0.54036,,5.97,,
2022-08-13 00:00:00+00:00,24440.4,1983.48,46.6,0.3779,0.07295,,29.18,9.15,0.55952,,5.886,,
2022-08-14 00:00:00+00:00,24305.7,1935.46,44.87,0.37568,0.08167,,28.18,8.769,0.56965,,5.617,,
2022-08-15 00:00:00+00:00,24093.7,1899.15,43.71,0.37516,0.07662,,27.88,8.647,0.55002,,5.397,,
2022-08-16 00:00:00+00:00,23858.9,1877.13,43.1,0.37687,0.0868,,27.12,8.451,0.55695,,5.269,,
2022-08-17 00:00:00+00:00,23338.8,1834.24,40.53,0.37956,0.08022,,25.56,8.061,0.53846,,4.99,,
2022-08-18 00:00:00+00:00,23200.0,1846.4,39.52,0.37035,0.07474,,24.2,7.649,0.51173,,4.853,,
2022-08-19 00:00:00+00:00,20835.2,1608.67,35.8,0.33441,0.06773,,22.44,6.899,0.44995,,4.25,,
2022-08-20 00:00:00+00:00,21141.2,1575.73,35.27,0.33676,0.06936,,22.3,6.897,0.4507,,4.149,,
2022-08-21 00:00:00+00:00,21515.4,1617.93,36.47,0.34464,0.06933,,22.97,7.079,0.46256,,4.231,,
2022-08-22 00:00:00+00:00,21399.5,1624.86,35.41,0.34377,0.0684,,22.58,7.043,0.46174,,4.12,,
2022-08-23 00:00:00+00:00,21522.8,1664.69,35.68,0.34703,0.06881,,23.51,7.241,0.46574,,4.306,,
2022-08-24 00:00:00+00:00,21366.4,1656.15,34.88,0.34542,0.06792,,23.02,7.122,0.45749,,4.268,,
2022-08-25 00:00:00+00:00,21562.1,1695.29,35.26,0.34894,0.06898,,22.98,7.13,0.46467,,4.316,,
2022-08-26 00:00:00+00:00,20236.4,1507.3,31.7,0.33931,0.0635,,20.64,6.503,0.4313,,3.935,,
2022-08-27 00:00:00+00:00,20038.5,1490.92,31.52,0.33474,0.06351,,20.05,6.531,0.44998,,3.917,,
2022-08-28 00:00:00+00:00,19558.0,1426.67,30.43,0.32238,0.06174,,18.52,6.253,0.42918,,3.765,,
2022-08-29 00:00:00+00:00,20290.0,1551.2,32.43,0.33369,0.06384,,19.33,6.701,0.45063,,4.034,,
2022-08-30 00:00:00+00:00,19812.4,1524.15,31.49,0.32658,0.06154,,19.39,6.558,0.45319,,4.199,,
2022-08-31 00:00:00+00:00,20052.6,1553.61,31.5,0.32759,0.06135,,19.15,6.624,0.44579,,4.372,,
2022-09-01 00:00:00+00:00,20133.6,1585.86,31.62,0.33318,0.06236,,19.31,6.923,0.45762,,4.346,,
2022-09-02 00:00:00+00:00,19948.6,1575.04,31.24,0.33136,0.06164,,18.85,6.929,0.45435,,4.177,,
2022-09-03 00:00:00+00:00,19831.6,1557.36,31.13,0.3297,0.06273,,18.89,6.859,0.48017,,4.173,,
2022-09-04 00:00:00+00:00,20003.6,1578.99,32.17,0.33169,0.06322,,19.02,7.157,0.50343,,4.241,,
2022-09-05 00:00:00+00:00,19790.9,1617.57,32.18,0.33284,0.06275,,19.44,7.377,0.49829,,4.233,,
2022-09-06 00:00:00+00:00,18788.4,1559.29,30.89,0.32122,0.05888,,18.2,6.657,0.46244,,4.074,,
2022-09-07 00:00:00+00:00,19296.0,1630.07,32.71,0.33689,0.06098,,19.0,7.088,0.4788,,4.382,,
2022-09-08 00:00:00+00:00,19317.9,1634.92,33.63,0.33939,0.06097,,19.13,7.408,0.47902,,4.691,,
2022-09-09 00:00:00+00:00,21358.6,1717.85,34.68,0.35671,0.06387,,20.39,7.743,0.50237,,4.815,,
2022-09-10 00:00:00+00:00,21644.2,1773.74,35.04,0.35735,0.0647,,20.45,7.902,0.51218,,4.814,,
2022-09-11 00:00:00+00:00,21830.5,1765.63,34.98,0.35498,0.0637,,20.69,8.028,0.50996,,4.895,,
2022-09-12 00:00:00+00:00,22396.4,1716.37,37.45,0.35982,0.06396,,21.37,7.759,0.50147,,5.091,,
2022-09-13 00:00:00+00:00,20166.5,1572.01,32.97,0.3324,0.05962,,18.86,7.026,0.4634,,4.418,,
2022-09-14 00:00:00+00:00,20229.9,1634.66,34.13,0.34151,0.06115,,19.1,7.454,0.481,,4.507,,
2022-09-15 00:00:00+00:00,19701.3,1471.0,33.08,0.32617,0.05861,,18.19,7.567,0.46609,,4.183,,
2022-09-16 00:00:00+00:00,19799.3,1434.21,32.27,0.35541,0.06045,,18.07,7.659,0.47463,,4.207,,
2022-09-17 00:00:00+00:00,20111.5,1468.55,33.7,0.37621,0.0622,,18.47,8.092,0.48585,,4.379,,
2022-09-18 00:00:00+00:00,19417.3,1334.56,31.09,0.35781,0.05742,,16.7,7.52,0.44778,,3.913,,
2022-09-19 00:00:00+00:00,19539.6,1375.68,32.64,0.38483,0.05851,,17.27,7.299,0.45256,,4.054,,
2022-09-20 00:00:00+00:00,18877.6,1323.03,31.42,0.41396,0.05841,,16.65,6.885,0.44216,,3.822,,
2022-09-21 00:00:00+00:00,18458.5,1245.18,30.62,0.39344,0.05715,,16.53,6.677,0.43836,,3.64,,
2022-09-22 00:00:00+00:00,19402.9,1326.22,32.42,0.48594,0.05961,,17.67,7.126,0.45838,,3.866,,
2022-09-23 00:00:00+00:00,19286.9,1327.13,33.68,0.50665,0.06333,,17.97,7.447,0.46186,,3.791,,
2022-09-24 00:00:00+00:00,18920.3,1317.03,33.39,0.48797,0.0631,,17.6,7.629,0.45082,,3.696,,
2022-09-25 00:00:00+00:00,18812.0,1294.68,32.33,0.49143,0.06116,,17.33,7.865,0.44628,,3.65,,
2022-09-26 00:00:00+00:00,19226.7,1336.12,33.88,0.46827,0.06111,,17.57,7.946,0.44731,,3.687,,
2022-09-27 00:00:00+00:00,19082.0,1327.96,32.68,0.44555,0.06052,,17.29,8.06,0.44118,,3.617,,
2022-09-28 00:00:00+00:00,19415.0,1337.1,33.23,0.44897,0.06053,,17.27,7.796,0.43622,,3.579,,
2022-09-29 00:00:00+00:00,19588.1,1335.57,33.93,0.48769,0.06087,,17.35,7.901,0.43835,,3.587,,
2022-09-30 00:00:00+00:00,19424.4,1328.73,33.23,0.47985,0.06168,,17.2,7.584,0.43477,,3.56,,
2022-10-01 00:00:00+00:00,19311.2,1312.16,32.45,0.47541,0.0606,,16.95,7.393,0.43018,,3.556,,
2022-10-02 00:00:00+00:00,19056.2,1276.77,32.06,0.44848,0.05928,,16.55,7.109,0.4195,,3.48,,
2022-10-03 00:00:00+00:00,19626.1,1323.16,32.9,0.46207,0.06033,,17.15,7.331,0.42764,,3.542,,
2022-10-04 00:00:00+00:00,20332.1,1361.2,34.1,0.47942,0.06584,,17.43,7.721,0.43555,,3.622,,
2022-10-05 00:00:00+00:00,20160.1,1352.29,34.04,0.48875,0.06477,,17.4,7.876,0.43095,,3.697,,
2022-10-06 00:00:00+00:00,19961.4,1351.95,33.36,0.49341,0.06347,,17.04,7.634,0.42868,,3.623,,
2022-10-07 00:00:00+00:00,19531.4,1331.08,32.99,0.51766,0.06235,,16.9,7.605,0.424,,3.553,,
2022-10-08 00:00:00+00:00,19415.5,1315.42,32.57,0.51713,0.06162,,16.78,7.456,0.42189,,3.494,,
2022-10-09 00:00:00+00:00,19442.4,1323.25,32.92,0.53268,0.06212,,16.9,7.633,0.42298,,3.517,,
2022-10-10 00:00:00+00:00,19132.2,1290.32,31.96,0.49385,0.05938,,16.2,7.329,0.40086,,3.217,,
2022-10-11 00:00:00+00:00,19063.6,1280.16,30.8,0.48611,0.06024,,15.96,7.136,0.39064,,3.174,,
2022-10-12 00:00:00+00:00,19155.4,1294.51,31.16,0.4881,0.05981,,15.95,7.146,0.38111,,3.154,,
2022-10-13 00:00:00+00:00,19376.0,1287.24,30.48,0.47918,0.05965,,15.67,7.028,0.37692,,3.041,,
2022-10-14 00:00:00+00:00,19180.0,1295.99,29.98,0.48815,0.05866,,15.68,6.888,0.36655,,3.005,,
2022-10-15 00:00:00+00:00,19070.1,1274.92,29.58,0.48185,0.05858,,15.42,6.884,0.36404,,2.923,,
2022-10-16 00:00:00+00:00,19261.3,1305.84,30.16,0.47649,0.05891,,15.74,7.171,0.37026,,3.001,,
2022-10-17 00:00:00+00:00,19550.0,1331.41,31.21,0.48035,0.06,,16.18,7.331,0.37236,,3.06,,
2022-10-18 00:00:00+00:00,19328.9,1310.61,30.13,0.46579,0.05976,,15.87,7.125,0.36231,,2.967,,
2022-10-19 00:00:00+00:00,19125.1,1285.25,28.85,0.4503,0.05867,,15.05,6.772,0.3497,,2.826,,
2022-10-20 00:00:00+00:00,19044.4,1283.08,28.01,0.44626,0.05947,,15.14,6.66,0.34011,,2.87,,
2022-10-21 00:00:00+00:00,19162.1,1299.56,28.09,0.4613,0.05933,,15.69,6.808,0.34919,,2.888,,
2022-10-22 00:00:00+00:00,19202.5,1313.51,28.0,0.46555,0.0597,,15.68,6.871,0.35136,,2.92,,
2022-10-23 00:00:00+00:00,19571.3,1363.79,29.28,0.46886,0.06037,,16.31,7.064,0.36208,,2.983,,
2022-10-24 00:00:00+00:00,19328.5,1343.5,28.31,0.45291,0.05942,,15.76,6.904,0.35733,,2.918,,
2022-10-25 00:00:00+00:00,20077.6,1460.3,30.88,0.46057,0.063,,16.63,7.062,0.40014,,3.0,,
2022-10-26 00:00:00+00:00,20763.5,1566.17,31.29,0.469,0.07261,,17.01,7.159,0.40303,,3.055,,
2022-10-27 00:00:00+00:00,20292.6,1514.26,30.58,0.46144,0.07689,,16.89,6.891,0.38825,,2.963,,
2022-10-28 00:00:00+00:00,20594.2,1554.58,32.06,0.47436,0.08389,,18.34,7.111,0.40453,,3.023,,
2022-10-29 00:00:00+00:00,20807.1,1619.65,32.88,0.47003,0.12176,,18.3,7.637,0.4199,,3.089,,
2022-10-30 00:00:00+00:00,20625.5,1590.7,32.95,0.45779,0.1177,,18.26,7.781,0.40562,,3.101,,
2022-10-31 00:00:00+00:00,20489.8,1572.71,32.57,0.46425,0.12683,,19.28,7.855,0.40552,,3.104,,
2022-11-01 00:00:00+00:00,20483.5,1578.66,32.21,0.46368,0.14213,,18.62,7.684,0.40117,,3.013,,
2022-11-02 00:00:00+00:00,20151.1,1518.09,30.79,0.44973,0.12762,,17.92,7.436,0.38567,,2.9,,
2022-11-03 00:00:00+00:00,20209.5,1530.9,30.83,0.45478,0.12262,,18.03,7.72,0.38933,,3.029,,
2022-11-04 00:00:00+00:00,21146.4,1644.82,33.74,0.50632,0.12612,,19.38,8.72,0.4217,,3.311,,
2022-11-05 00:00:00+00:00,21298.8,1627.1,36.89,0.49313,0.1244,,19.61,8.664,0.42643,,3.332,,
2022-11-06 00:00:00+00:00,20910.3,1568.29,32.61,0.4709,0.11475,,18.24,8.1,0.4021,,3.095,,
2022-11-07 00:00:00+00:00,20588.0,1567.74,29.59,0.46469,0.11123,,18.07,8.957,0.40397,,3.05,,
2022-11-08 00:00:00+00:00,18545.0,1334.01,23.85,0.40567,0.08823,,16.01,7.711,0.37201,,2.63,,
2022-11-09 00:00:00+00:00,15905.0,1102.05,12.69,0.33237,0.07453,,12.85,6.227,0.31709,,2.027,,
2022-11-10 00:00:00+00:00,17604.7,1298.48,18.03,0.39418,0.08986,,15.4,7.205,0.3687,,2.314,,
2022-11-11 00:00:00+00:00,17070.7,1288.28,16.55,0.3843,0.08513,,14.13,7.045,0.35557,,2.132,,
2022-11-12 00:00:00+00:00,16814.0,1257.43,14.56,0.36344,0.08817,,13.08,6.283,0.33956,,2.001,,
2022-11-13 00:00:00+00:00,16334.7,1221.39,13.08,0.34108,0.08504,,13.03,6.08,0.33002,,1.953,,
2022-11-14 00:00:00+00:00,16619.8,1244.15,13.97,0.37723,0.086,,13.13,6.292,0.3322,,1.97,,
2022-11-15 00:00:00+00:00,16898.0,1254.3,14.29,0.38876,0.087,,13.53,6.424,0.33723,,1.981,,
2022-11-16 00:00:00+00:00,16662.5,1215.95,14.25,0.37506,0.08553,,13.06,6.182,0.33187,,1.923,,
2022-11-17 00:00:00+00:00,16689.8,1200.31,13.63,0.38164,0.08465,,12.88,6.226,0.32511,,1.832,,
2022-11-18 00:00:00+00:00,16705.1,1213.03,13.26,0.38273,0.08474,,13.01,6.183,0.32596,,1.784,,
2022-11-19 00:00:00+00:00,16705.8,1217.83,12.83,0.38411,0.08454,,12.89,6.146,0.32801,,1.749,,
2022-11-20 00:00:00+00:00,16289.3,1142.35,12.25,0.36087,0.07705,,12.19,5.769,0.31207,,1.57,,
2022-11-21 00:00:00+00:00,15782.0,1107.25,11.83,0.36429,0.07465,,11.8,5.87,0.30466,,1.56,,
2022-11-22 00:00:00+00:00,16229.3,1139.13,12.44,0.37584,0.07874,,12.34,6.425,0.31263,,1.627,,
2022-11-23 00:00:00+00:00,16606.0,1184.37,14.35,0.38143,0.08201,,13.06,6.704,0.31848,,1.692,,
2022-11-24 00:00:00+00:00,16607.0,1203.07,14.61,0.40191,0.08146,,12.96,6.829,0.31635,,1.645,,
2022-11-25 00:00:00+00:00,16523.9,1198.75,14.02,0.40749,0.08953,,12.82,6.85,0.31464,,1.647,,
2022-11-26 00:00:00+00:00,16454.7,1205.66,14.13,0.39605,0.08892,,12.77,7.158,0.3138,,1.611,,
2022-11-27 00:00:00+00:00,16427.0,1193.9,14.09,0.39636,0.09873,,12.86,6.897,0.31255,,1.615,,
2022-11-28 00:00:00+00:00,16217.6,1167.85,13.34,0.38871,0.0951,,12.46,7.192,0.30653,,1.591,,
2022-11-29 00:00:00+00:00,16442.0,1216.17,13.34,0.39799,0.10143,,12.48,7.318,0.3093,,1.607,,
2022-11-30 00:00:00+00:00,17163.0,1294.7,14.17,0.40781,0.10674,,13.14,7.671,0.31875,,1.722,,
2022-12-01 00:00:00+00:00,16981.4,1276.51,13.48,0.39671,0.10175,,12.9,7.681,0.31445,,1.741,,
2022-12-02 00:00:00+00:00,17098.0,1295.21,13.71,0.39604,0.10211,,13.57,7.611,0.31917,,1.756,,
2022-12-03 00:00:00+00:00,16884.8,1240.7,13.3,0.38711,0.09972,,13.41,7.241,0.31953,,1.669,,
2022-12-04 00:00:00+00:00,17105.4,1279.37,13.71,0.38951,0.10402,,13.93,7.446,0.32231,,1.724,,
2022-12-05 00:00:00+00:00,16967.3,1259.51,13.81,0.38899,0.10149,,13.61,7.282,0.31947,,1.718,,
2022-12-06 00:00:00+00:00,17090.7,1271.42,14.28,0.39127,0.10019,,13.67,7.134,0.31829,,1.79,,
2022-12-07 00:00:00+00:00,16838.5,1231.3,13.49,0.38309,0.09574,,13.27,6.881,0.31011,,1.69,,
2022-12-08 00:00:00+00:00,17225.0,1280.32,13.68,0.39414,0.09849,,13.41,7.002,0.31456,,1.706,,
2022-12-09 00:00:00+00:00,17127.9,1263.1,13.58,0.38875,0.09669,,13.45,6.864,0.31189,,1.698,,
2022-12-10 00:00:00+00:00,17128.4,1266.79,13.57,0.38648,0.0963,,13.48,6.859,0.31253,,1.705,,
2022-12-11 00:00:00+00:00,17086.9,1263.17,13.41,0.38073,0.09268,,12.98,6.696,0.30732,,1.634,,
2022-12-12 00:00:00+00:00,17208.3,1275.32,13.31,0.38719,0.09027,,12.99,6.7,0.30691,,1.63,,
2022-12-13 00:00:00+00:00,17783.2,1321.54,13.89,0.39517,0.09108,,13.75,6.927,0.31436,,1.709,,
2022-12-14 00:00:00+00:00,17812.8,1308.52,14.12,0.38516,0.08828,,13.71,6.72,0.30791,,1.659,,
2022-12-15 00:00:00+00:00,17362.4,1267.19,14.04,0.37792,0.08487,,13.17,6.455,0.30028,,1.591,,
2022-12-16 00:00:00+00:00,16634.1,1166.86,12.23,0.35093,0.07565,,11.84,5.893,0.26337,,1.368,,
2022-12-17 00:00:00+00:00,16778.6,1186.77,12.49,0.35441,0.0792,,11.94,6.028,0.26718,,1.394,,
2022-12-18 00:00:00+00:00,16735.0,1182.6,12.36,0.34971,0.07845,,11.91,5.95,0.26599,,1.364,,
2022-12-19 00:00:00+00:00,16441.1,1168.03,11.93,0.33857,0.07133,,11.39,5.789,0.25284,,1.259,,
2022-12-20 00:00:00+00:00,16893.6,1217.0,12.25,0.34825,0.07484,,11.94,6.014,0.25871,,1.342,,
2022-12-21 00:00:00+00:00,16830.0,1213.85,12.13,0.34485,0.07372,,11.69,5.992,0.25348,,1.306,,
2022-12-22 00:00:00+00:00,16827.6,1218.06,11.81,0.34909,0.07684,,11.84,6.006,0.25679,,1.323,,
2022-12-23 00:00:00+00:00,16787.6,1220.01,11.78,0.35423,0.0772,245.91,11.77,5.939,0.25946,,1.342,,
2022-12-24 00:00:00+00:00,16837.8,1220.68,11.44,0.35163,0.07752,244.54,11.67,5.917,0.25907,,1.337,,
2022-12-25 00:00:00+00:00,16834.8,1218.64,11.37,0.34575,0.07599,243.26,11.67,5.987,0.25904,,1.332,,
2022-12-26 00:00:00+00:00,16923.9,1227.74,11.33,0.3656,0.07569,244.24,11.72,6.046,0.26519,,1.362,,
2022-12-27 00:00:00+00:00,16706.3,1211.56,11.096,0.36766,0.07373,246.42,11.65,5.902,0.2603,,1.363,,
2022-12-28 00:00:00+00:00,16550.2,1190.62,9.756,0.35573,0.07039,244.5,11.2,5.675,0.24836,,1.315,,
2022-12-29 00:00:00+00:00,16640.1,1200.5,9.605,0.34203,0.07092,246.3,10.96,5.598,0.24371,,1.297,,
2022-12-30 00:00:00+00:00,16612.3,1199.76,9.884,0.34492,0.06838,245.72,10.87,5.477,0.24572,,1.277,,
2022-12-31 00:00:00+00:00,16544.8,1196.44,9.971,0.33911,0.07025,245.99,10.9,5.574,0.24581,,1.254,,
2023-01-01 00:00:00+00:00,16614.9,1200.45,9.983,0.33872,0.07022,244.34,10.87,5.629,0.2499,,1.275,,
2023-01-02 00:00:00+00:00,16673.1,1213.87,11.262,0.34793,0.07139,245.29,11.15,5.693,0.25374,,1.313,,
2023-01-03 00:00:00+00:00,16678.2,1214.6,13.377,0.34355,0.07047,246.01,11.38,5.622,0.25281,,1.335,,
2023-01-04 00:00:00+00:00,16850.6,1257.0,13.4,0.3472,0.07308,258.52,12.08,5.809,0.2678,,1.551,,
2023-01-05 00:00:00+00:00,16834.4,1251.28,13.427,0.33786,0.07148,256.59,11.75,5.66,0.26921,,1.525,,
2023-01-06 00:00:00+00:00,16944.6,1268.41,13.51,0.34423,0.07239,259.71,11.77,5.711,0.27841,,1.59,,
2023-01-07 00:00:00+00:00,16946.8,1263.8,13.095,0.34421,0.07218,261.06,11.74,5.83,0.27675,,1.561,,
2023-01-08 00:00:00+00:00,17129.9,1290.07,14.468,0.34516,0.07363,275.0,12.09,5.965,0.29772,,1.648,,
2023-01-09 00:00:00+00:00,17180.9,1320.4,16.276,0.34898,0.07567,272.58,12.18,6.066,0.31691,,1.641,,
2023-01-10 00:00:00+00:00,17437.0,1335.16,16.2,0.35071,0.07782,276.9,12.72,6.165,0.32227,,1.644,,
2023-01-11 00:00:00+00:00,17943.0,1389.66,16.364,0.37286,0.07814,284.79,15.83,6.283,0.32301,,1.82,,
2023-01-12 00:00:00+00:00,18842.5,1415.91,16.599,0.3746,0.08025,287.53,15.44,6.388,0.3293,,1.831,,
2023-01-13 00:00:00+00:00,19928.8,1451.18,18.307,0.38569,0.08451,293.7,15.96,6.606,0.34561,,1.957,,
2023-01-14 00:00:00+00:00,20955.8,1549.73,24.288,0.39544,0.08731,305.25,16.95,6.861,0.35274,,2.252,,
2023-01-15 00:00:00+00:00,20873.5,1552.99,22.886,0.3845,0.08611,302.08,16.8,6.698,0.35072,,2.241,,
2023-01-16 00:00:00+00:00,21187.2,1576.49,23.61,0.38545,0.08369,299.19,16.75,6.673,0.35021,,2.192,,
2023-01-17 00:00:00+00:00,21127.4,1565.68,22.833,0.38693,0.08284,299.26,17.11,6.806,0.34548,,2.155,,
2023-01-18 00:00:00+00:00,20679.1,1511.32,20.817,0.37818,0.08,286.69,15.83,6.329,0.32642,,1.972,,
2023-01-19 00:00:00+00:00,21071.4,1550.94,21.395,0.39292,0.0816,294.44,16.17,6.506,0.33793,,2.096,,
2023-01-20 00:00:00+00:00,22667.0,1658.64,25.523,0.41302,0.0862,305.16,17.48,6.949,0.36494,,2.39,,
2023-01-21 00:00:00+00:00,22788.0,1627.3,24.549,0.40324,0.08468,298.87,16.87,6.853,0.36879,,2.322,,
2023-01-22 00:00:00+00:00,22713.3,1627.78,24.205,0.40022,0.08822,302.99,17.32,6.985,0.37655,,2.399,,
2023-01-23 00:00:00+00:00,22917.1,1626.35,24.331,0.42339,0.08855,305.11,17.99,7.015,0.37492,,2.543,,
2023-01-24 00:00:00+00:00,22633.0,1556.02,22.78,0.40765,0.08388,300.31,16.99,6.661,0.35872,,2.355,,
2023-01-25 00:00:00+00:00,23061.4,1611.55,24.5,0.41686,0.08653,306.84,17.78,6.955,0.3732,,2.543,,
2023-01-26 00:00:00+00:00,23008.9,1601.08,24.363,0.40933,0.08637,304.73,18.09,7.171,0.3797,,2.521,,
2023-01-27 00:00:00+00:00,23075.1,1597.38,24.428,0.41282,0.08724,308.06,21.2,7.382,0.3899,,2.56,,
2023-01-28 00:00:00+00:00,23026.6,1572.59,24.013,0.40781,0.08772,306.1,20.54,7.212,0.38198,,2.47,,
2023-01-29 00:00:00+00:00,23742.0,1645.44,26.09,0.4135,0.09013,317.17,21.0,7.375,0.39779,,2.573,,
2023-01-30 00:00:00+00:00,22826.0,1566.16,23.967,0.3934,0.08833,307.18,19.74,6.913,0.37258,,2.305,,
2023-01-31 00:00:00+00:00,23135.7,1585.4,23.923,0.40578,0.09613,312.08,19.8,6.953,0.39024,,2.328,,
2023-02-01 00:00:00+00:00,23734.2,1641.62,25.009,0.41334,0.09408,317.26,20.96,7.219,0.39712,,2.427,,
2023-02-02 00:00:00+00:00,23488.0,1643.66,24.324,0.40976,0.09096,323.6,21.2,7.101,0.39813,,2.444,,
2023-02-03 00:00:00+00:00,23429.8,1663.55,24.676,0.41157,0.09292,332.29,21.35,7.295,0.40387,,2.508,,
2023-02-04 00:00:00+00:00,23324.0,1666.59,24.334,0.41082,0.09565,330.26,21.03,7.241,0.39923,,2.502,,
2023-02-05 00:00:00+00:00,22936.0,1629.65,23.477,0.39844,0.09203,327.64,20.09,6.983,0.39236,,2.387,,
2023-02-06 00:00:00+00:00,22759.6,1614.49,22.653,0.39194,0.08952,324.33,19.56,6.832,0.38196,,2.307,,
2023-02-07 00:00:00+00:00,23240.7,1670.14,23.818,0.40365,0.0925,333.0,20.85,7.198,0.39909,,2.493,,
2023-02-08 00:00:00+00:00,22966.0,1650.03,23.218,0.39764,0.09017,328.17,20.09,7.133,0.39412,,2.641,,
2023-02-09 00:00:00+00:00,21802.1,1545.28,20.49,0.38161,0.08144,305.8,17.89,6.981,0.36208,,2.267,,
2023-02-10 00:00:00+00:00,21624.2,1513.25,20.101,0.3818,0.08089,305.56,17.77,6.887,0.35801,,2.247,,
2023-02-11 00:00:00+00:00,21860.2,1538.49,20.797,0.38335,0.08225,310.42,18.0,7.003,0.36839,,2.285,,
2023-02-12 00:00:00+00:00,21784.7,1515.23,21.51,0.37474,0.08214,312.43,17.77,6.809,0.36427,,2.238,,
2023-02-13 00:00:00+00:00,21779.3,1505.46,20.763,0.37036,0.08204,294.28,17.62,6.669,0.35932,,2.186,,
2023-02-14 00:00:00+00:00,22196.8,1555.48,21.843,0.38188,0.08359,296.05,18.14,6.806,0.38709,,2.247,,
2023-02-15 00:00:00+00:00,24335.7,1674.82,23.877,0.4012,0.08925,317.57,19.95,7.284,0.41958,,2.515,,
2023-02-16 00:00:00+00:00,23499.0,1638.28,22.252,0.38401,0.08489,304.07,18.59,7.012,0.38752,,2.309,,
2023-02-17 00:00:00+00:00,24579.2,1693.76,23.151,0.39512,0.08776,313.02,19.46,7.656,0.40332,,2.456,,
2023-02-18 00:00:00+00:00,24632.7,1691.63,23.456,0.3941,0.08883,316.26,19.55,7.989,0.40611,,2.576,,
2023-02-19 00:00:00+00:00,24276.5,1680.43,24.828,0.3861,0.08699,311.3,19.81,8.019,0.39965,,2.575,,
2023-02-20 00:00:00+00:00,24845.0,1703.85,26.277,0.39847,0.08835,315.39,20.84,8.017,0.40383,,2.703,,
2023-02-21 00:00:00+00:00,24455.0,1659.41,24.98,0.39192,0.08546,311.55,20.98,7.642,0.39256,,2.568,,
2023-02-22 00:00:00+00:00,24187.5,1642.98,24.147,0.39526,0.08549,312.56,20.3,7.716,0.38884,,2.507,,
2023-02-23 00:00:00+00:00,23940.8,1650.75,23.926,0.38822,0.08425,308.28,19.72,7.935,0.38235,,2.469,,
2023-02-24 00:00:00+00:00,23192.1,1607.69,23.078,0.37821,0.0809,302.18,18.38,7.465,0.36582,,2.313,,
2023-02-25 00:00:00+00:00,23156.0,1594.36,22.37,0.3777,0.08074,302.28,17.95,7.376,0.36208,,2.288,,
2023-02-26 00:00:00+00:00,23555.1,1641.42,23.258,0.37792,0.08217,308.74,18.43,7.498,0.36902,,2.378,,
2023-02-27 00:00:00+00:00,23489.0,1633.52,22.672,0.37848,0.08137,304.55,17.92,7.276,0.36474,,2.347,,
2023-02-28 00:00:00+00:00,23146.5,1605.59,21.894,0.37624,0.08085,301.33,17.08,7.198,0.35176,,2.23,,
2023-03-01 00:00:00+00:00,23633.9,1665.13,22.515,0.38364,0.08194,302.72,17.78,7.538,0.3601,,2.319,,
2023-03-02 00:00:00+00:00,23466.4,1648.05,21.995,0.37719,0.08058,299.95,17.47,7.275,0.35038,,2.26,,
2023-03-03 00:00:00+00:00,22353.7,1569.19,21.42,0.37736,0.07682,290.33,16.66,6.958,0.34295,,2.098,,
2023-03-04 00:00:00+00:00,22351.8,1567.0,20.988,0.37358,0.07461,289.58,16.14,6.86,0.33661,,2.052,,
2023-03-05 00:00:00+00:00,22433.7,1564.81,20.968,0.36664,0.07474,288.92,16.13,6.95,0.33697,,2.029,,
2023-03-06 00:00:00+00:00,22407.4,1566.27,20.625,0.36957,0.0748,287.68,16.5,6.858,0.33049,,2.053,,
2023-03-07 00:00:00+00:00,22200.5,1561.73,20.247,0.3801,0.07408,289.36,16.17,6.884,0.33078,,2.001,,
2023-03-08 00:00:00+00:00,21712.7,1532.88,18.426,0.38923,0.07113,286.99,15.1,6.577,0.3176,,1.84,,
2023-03-09 00:00:00+00:00,20360.8,1437.16,17.326,0.37067,0.06594,277.0,14.4,6.156,0.30987,,1.789,,
2023-03-10 00:00:00+00:00,20155.8,1426.87,18.169,0.36993,0.06575,277.26,14.8,6.214,0.31498,,1.795,,
2023-03-11 00:00:00+00:00,20455.0,1472.61,18.12,0.3642,0.06605,275.94,14.52,6.176,0.3057,,1.797,,
2023-03-12 00:00:00+00:00,21994.9,1579.87,20.237,0.37133,0.07048,288.12,16.21,6.564,0.33063,,1.941,,
2023-03-13 00:00:00+00:00,24106.7,1673.59,20.396,0.37228,0.0728,307.8,16.46,6.764,0.3433,,2.037,,
2023-03-14 00:00:00+00:00,24667.1,1699.51,20.861,0.37239,0.07456,308.44,17.15,6.96,0.34324,,2.117,,
2023-03-15 00:00:00+00:00,24289.7,1649.93,19.247,0.35907,0.06962,306.32,15.55,6.549,0.32427,,1.922,,
2023-03-16 00:00:00+00:00,25002.9,1673.3,19.682,0.36454,0.07258,328.87,15.83,6.655,0.32481,,1.962,,
2023-03-17 00:00:00+00:00,27394.8,1789.81,21.602,0.37977,0.07641,338.75,17.65,7.21,0.34952,,2.164,,
2023-03-18 00:00:00+00:00,26906.7,1758.82,21.213,0.37387,0.07298,330.72,16.99,6.924,0.33721,,2.08,,
2023-03-19 00:00:00+00:00,27964.9,1781.72,21.863,0.3859,0.07454,335.8,17.53,7.083,0.34464,,2.129,,
2023-03-20 00:00:00+00:00,27710.0,1733.14,22.145,0.37356,0.07137,332.17,16.63,7.054,0.33215,,1.991,,
2023-03-21 00:00:00+00:00,28102.4,1802.02,22.536,0.46936,0.07664,334.48,17.44,7.38,0.36978,,2.068,,
2023-03-22 00:00:00+00:00,27247.4,1734.36,21.414,0.4212,0.07384,321.57,16.75,7.171,0.35971,,1.947,,
2023-03-23 00:00:00+00:00,28300.1,1813.92,22.177,0.44378,0.07737,329.01,17.55,7.608,0.37173,,2.046,,
2023-03-24 00:00:00+00:00,27455.2,1750.0,20.66,0.42591,0.07452,322.1,16.97,7.196,0.35974,,1.965,,
2023-03-25 00:00:00+00:00,27466.1,1742.3,20.408,0.44302,0.074,322.09,16.89,7.074,0.3514,,1.924,,
2023-03-26 00:00:00+00:00,27964.4,1773.93,20.95,0.44803,0.07434,328.76,17.11,7.263,0.35589,,1.96,,
2023-03-27 00:00:00+00:00,27125.3,1715.29,19.896,0.47901,0.07289,310.29,16.48,6.869,0.34565,,1.843,,
2023-03-28 00:00:00+00:00,27265.2,1773.07,20.443,0.51474,0.07385,313.4,16.7,6.947,0.368,,1.882,,
2023-03-29 00:00:00+00:00,28350.3,1793.24,21.098,0.5425,0.07557,313.87,17.31,7.385,0.38132,,1.998,,
2023-03-30 00:00:00+00:00,28029.8,1793.26,20.549,0.53195,0.07421,316.25,17.24,7.233,0.37604,,1.926,,
2023-03-31 00:00:00+00:00,28460.8,1822.2,21.176,0.53757,0.07695,316.57,17.71,7.59,0.399,,1.99,,
2023-04-01 00:00:00+00:00,28456.4,1821.2,21.083,0.50955,0.08183,314.77,17.78,7.549,0.39206,,1.987,,
2023-04-02 00:00:00+00:00,28171.5,1794.78,20.519,0.51809,0.07905,313.55,17.26,7.253,0.38147,,1.919,,
2023-04-03 00:00:00+00:00,27800.9,1810.99,20.459,0.49593,0.09594,308.66,17.1,7.243,0.38717,,1.949,,
2023-04-04 00:00:00+00:00,28169.6,1870.58,20.915,0.50276,0.09518,310.75,17.64,7.369,0.3896,,1.996,,
2023-04-05 00:00:00+00:00,28172.0,1908.71,20.968,0.50561,0.09273,313.92,18.0,7.319,0.39232,,2.028,,
2023-04-06 00:00:00+00:00,28034.8,1873.28,20.623,0.50293,0.08541,312.07,17.97,7.201,0.38325,,1.989,,
2023-04-07 00:00:00+00:00,27910.7,1864.36,20.459,0.51259,0.08226,310.23,17.61,7.265,0.38348,,2.016,,
2023-04-08 00:00:00+00:00,27940.4,1849.2,20.036,0.50496,0.08136,310.47,17.45,7.128,0.38525,,1.971,,
2023-04-09 00:00:00+00:00,28325.5,1859.2,20.29,0.50539,0.08319,312.74,17.53,7.204,0.38946,,2.005,,
2023-04-10 00:00:00+00:00,29640.0,1910.51,20.901,0.51738,0.08475,318.52,17.93,7.343,0.39744,,2.067,,
2023-04-11 00:00:00+00:00,30196.1,1890.17,22.999,0.51654,0.08412,322.39,18.13,7.301,0.40144,,2.051,,
2023-04-12 00:00:00+00:00,29895.1,1918.01,23.812,0.50485,0.08344,319.81,18.26,7.232,0.40469,,2.226,,
2023-04-13 00:00:00+00:00,30378.3,2011.73,24.429,0.51214,0.08733,324.67,18.83,7.462,0.42534,,2.202,,
2023-04-14 00:00:00+00:00,30466.1,2099.74,24.715,0.52262,0.08863,328.9,19.21,7.741,0.43781,,2.219,,
2023-04-15 00:00:00+00:00,30293.8,2090.97,24.053,0.51931,0.08889,333.04,19.08,8.011,0.45243,,2.317,,
2023-04-16 00:00:00+00:00,30307.8,2118.6,25.368,0.52077,0.09036,347.72,20.18,8.142,0.45109,,2.323,,
2023-04-17 00:00:00+00:00,29425.0,2075.05,24.586,0.51077,0.09136,339.83,20.53,8.162,0.43425,,2.288,,
2023-04-18 00:00:00+00:00,30383.8,2104.34,24.827,0.53263,0.0941,342.93,21.19,8.573,0.44357,,2.346,,
2023-04-19 00:00:00+00:00,28810.0,1934.51,22.676,0.49116,0.08788,322.36,18.98,7.755,0.41639,,2.149,,
2023-04-20 00:00:00+00:00,28252.8,1942.81,22.197,0.47505,0.0839,318.05,18.31,7.513,0.40067,,2.044,,
2023-04-21 00:00:00+00:00,27265.0,1848.69,21.256,0.44868,0.07841,321.25,16.93,7.112,0.3825,,1.927,,
2023-04-22 00:00:00+00:00,27810.0,1873.91,21.795,0.47175,0.0803,331.69,17.23,7.172,0.39555,,1.945,,
2023-04-23 00:00:00+00:00,27591.3,1862.21,21.474,0.4647,0.07879,330.66,16.85,7.082,0.38856,,1.912,,
2023-04-24 00:00:00+00:00,27515.8,1842.14,21.382,0.46088,0.07874,330.58,16.91,7.07,0.3835,,1.885,,
2023-04-25 00:00:00+00:00,28295.4,1865.99,21.93,0.4695,0.07977,338.19,17.63,7.273,0.39449,,1.96,,
2023-04-26 00:00:00+00:00,28417.1,1865.75,21.268,0.46136,0.07857,330.25,17.18,7.004,0.40112,,1.89,,
2023-04-27 00:00:00+00:00,29480.3,1908.59,22.328,0.46653,0.08012,330.46,17.72,7.173,0.40987,,1.922,,
2023-04-28 00:00:00+00:00,29307.2,1890.69,23.343,0.47951,0.08032,323.69,17.55,7.038,0.40436,,1.916,,
2023-04-29 00:00:00+00:00,29231.4,1908.14,23.183,0.47805,0.08156,322.05,17.49,7.186,0.40263,,1.937,,
2023-04-30 00:00:00+00:00,29245.9,1870.12,22.745,0.47057,0.0795,336.46,17.09,7.025,0.39554,,1.929,,
2023-05-01 00:00:00+00:00,28077.2,1830.81,21.954,0.46481,0.07881,328.18,16.65,6.898,0.38668,,1.837,,
2023-05-02 00:00:00+00:00,28669.5,1869.6,22.253,0.46416,0.07876,321.89,16.83,6.986,0.39173,,1.834,,
2023-05-03 00:00:00+00:00,29036.4,1904.97,22.236,0.46317,0.07961,325.78,17.22,7.129,0.39418,,1.899,,
2023-05-04 00:00:00+00:00,28840.0,1877.36,21.735,0.46062,0.07839,323.87,16.92,6.997,0.38732,,1.843,,
2023-05-05 00:00:00+00:00,29501.0,1993.12,22.817,0.46676,0.08017,326.47,17.37,7.227,0.39403,1.3059,1.867,,
2023-05-06 00:00:00+00:00,28845.9,1896.25,21.92,0.45813,0.07673,321.91,16.59,6.921,0.37878,1.3298,1.766,,
2023-05-07 00:00:00+00:00,28431.9,1870.58,21.662,0.4489,0.07652,321.04,16.41,6.908,0.37606,1.2426,1.736,,
2023-05-08 00:00:00+00:00,27670.9,1847.25,20.623,0.42804,0.07238,313.75,15.4,6.581,0.3652,1.1363,1.642,,
2023-05-09 00:00:00+00:00,27632.1,1846.92,20.661,0.42839,0.0731,312.16,15.31,6.52,0.3634,1.1839,1.623,,
2023-05-10 00:00:00+00:00,27599.6,1841.09,20.926,0.4301,0.07312,314.44,15.52,6.587,0.36922,1.1794,1.66,,
2023-05-11 00:00:00+00:00,26971.6,1794.39,20.174,0.4206,0.07192,307.42,14.95,6.359,0.35972,1.0733,1.596,,
2023-05-12 00:00:00+00:00,26794.9,1807.54,20.914,0.43051,0.07234,308.55,15.18,6.62,0.37018,1.1152,1.648,,
2023-05-13 00:00:00+00:00,26768.1,1795.09,20.841,0.42408,0.07167,310.76,14.91,6.49,0.3646,1.0996,1.66,,
2023-05-14 00:00:00+00:00,26915.9,1799.27,20.926,0.42524,0.07196,311.99,15.01,6.548,0.37114,1.1594,1.656,,
2023-05-15 00:00:00+00:00,27167.2,1816.47,20.986,0.42716,0.07191,313.35,15.07,6.633,0.36687,1.193,1.657,,
2023-05-16 00:00:00+00:00,27037.6,1824.5,20.678,0.44247,0.07273,311.23,14.9,6.66,0.36828,1.1646,1.657,,
2023-05-17 00:00:00+00:00,27404.1,1822.39,21.052,0.44835,0.07482,314.24,15.16,6.756,0.37566,1.2121,1.697,,
2023-05-18 00:00:00+00:00,26820.0,1800.87,20.338,0.45961,0.07343,309.19,14.68,6.528,0.37147,1.1411,1.656,,
2023-05-19 00:00:00+00:00,26884.8,1812.48,20.349,0.46732,0.07348,308.84,14.66,6.511,0.36799,1.1312,1.663,,
2023-05-20 00:00:00+00:00,27105.2,1819.65,20.274,0.46841,0.0736,310.7,14.62,6.503,0.36617,1.1244,1.661,,
2023-05-21 00:00:00+00:00,26747.7,1804.97,19.61,0.45743,0.0721,306.38,14.32,6.432,0.36038,1.0726,1.61,,
2023-05-22 00:00:00+00:00,26850.0,1817.58,19.516,0.46156,0.07291,309.08,14.67,6.532,0.36784,1.0496,1.612,,
2023-05-23 00:00:00+00:00,27227.9,1853.84,20.026,0.46495,0.07288,313.42,14.72,6.505,0.37037,1.0528,1.644,,
2023-05-24 00:00:00+00:00,26327.7,1799.56,19.205,0.4529,0.07065,305.84,14.14,6.32,0.36398,0.9779,1.571,,
2023-05-25 00:00:00+00:00,26470.5,1805.08,19.253,0.45365,0.07089,304.7,14.07,6.279,0.35802,0.9819,1.563,,
2023-05-26 00:00:00+00:00,26703.4,1827.41,19.353,0.46828,0.07098,306.88,14.33,6.344,0.36266,0.9909,1.577,,
2023-05-27 00:00:00+00:00,26849.3,1829.27,20.42,0.47147,0.07255,307.51,14.55,6.435,0.36677,0.998,1.629,,
2023-05-28 00:00:00+00:00,28075.8,1909.34,20.805,0.4821,0.07352,314.24,14.9,6.635,0.38268,1.0614,1.666,,
2023-05-29 00:00:00+00:00,27730.2,1892.85,20.583,0.49429,0.07312,311.74,14.46,6.639,0.37876,1.0395,1.627,,
2023-05-30 00:00:00+00:00,27695.1,1901.23,21.255,0.52025,0.07228,311.33,14.43,6.612,0.37779,1.0001,1.609,,
2023-05-31 00:00:00+00:00,27206.5,1873.4,20.813,0.51692,0.07166,306.75,14.11,6.479,0.37448,0.9745,1.567,,
2023-06-01 00:00:00+00:00,26812.6,1861.77,20.489,0.50644,0.07144,305.09,14.08,6.345,0.36428,0.9458,1.546,,
2023-06-02 00:00:00+00:00,27238.0,1906.14,21.254,0.52438,0.07257,307.3,14.49,6.448,0.37805,0.9413,1.613,,
2023-06-03 00:00:00+00:00,27070.6,1892.06,21.184,0.51888,0.07271,306.53,14.57,6.423,0.37604,0.9335,1.617,,
2023-06-04 00:00:00+00:00,27116.5,1889.9,21.821,0.53561,0.07248,305.15,14.78,6.449,0.37741,0.9599,1.617,,
2023-06-05 00:00:00+00:00,25723.8,1810.67,20.007,0.50879,0.06641,276.91,13.87,6.052,0.35127,0.8166,1.497,,
2023-06-06 00:00:00+00:00,27232.9,1883.88,20.387,0.5299,0.07025,281.12,14.63,6.261,0.35312,0.8315,1.533,,
2023-06-07 00:00:00+00:00,26343.2,1832.56,18.634,0.51825,0.06727,259.21,14.0,5.915,0.32223,0.7571,1.414,,
2023-06-08 00:00:00+00:00,26502.4,1845.67,18.879,0.52373,0.06796,261.89,13.92,5.996,0.32281,0.7286,1.414,,
2023-06-09 00:00:00+00:00,26488.0,1840.94,17.395,0.53772,0.06947,260.69,13.75,5.993,0.29506,0.7383,1.386,,
2023-06-10 00:00:00+00:00,25837.9,1751.44,15.615,0.50667,0.06173,238.72,11.63,5.23,0.27474,0.6092,1.202,,
2023-06-11 00:00:00+00:00,25924.1,1752.74,15.541,0.52094,0.06151,235.17,11.57,5.175,0.27214,0.6051,1.208,,
2023-06-12 00:00:00+00:00,25902.1,1742.55,15.19,0.52497,0.06142,231.22,11.51,5.159,0.27477,0.6628,1.198,,
2023-06-13 00:00:00+00:00,25936.8,1740.49,15.037,0.51925,0.06174,244.2,11.79,5.299,0.27518,0.698,1.199,,
2023-06-14 00:00:00+00:00,25127.2,1650.88,14.483,0.48004,0.06034,237.79,11.38,5.25,0.26323,0.6507,1.175,,
2023-06-15 00:00:00+00:00,25595.0,1666.41,14.769,0.47992,0.06155,236.35,11.4,5.312,0.26201,0.6487,1.196,,
2023-06-16 00:00:00+00:00,26341.1,1717.4,15.317,0.47558,0.06216,239.29,11.54,5.322,0.2632,0.7069,1.214,,
2023-06-17 00:00:00+00:00,26513.3,1727.67,15.642,0.4794,0.06217,244.43,11.61,5.279,0.26659,0.7539,1.259,,
2023-06-18 00:00:00+00:00,26351.0,1721.37,15.444,0.48698,0.0621,244.15,11.33,5.157,0.26086,0.7202,1.236,,
2023-06-19 00:00:00+00:00,26847.0,1736.82,16.102,0.4934,0.06245,243.1,11.48,5.132,0.26337,0.7845,1.24,,
2023-06-20 00:00:00+00:00,28294.8,1791.74,16.642,0.49279,0.06313,247.85,12.12,5.268,0.27049,0.819,1.299,,
2023-06-21 00:00:00+00:00,30010.4,1889.2,17.233,0.5002,0.06561,248.78,12.89,5.557,0.28599,0.8314,1.338,,
2023-06-22 00:00:00+00:00,29890.0,1872.07,16.634,0.49376,0.06554,240.79,12.65,5.559,0.28993,0.8027,1.324,,
2023-06-23 00:00:00+00:00,30693.2,1892.65,17.137,0.49626,0.06824,244.44,13.29,6.071,0.29677,0.7986,1.383,,
2023-06-24 00:00:00+00:00,30538.1,1875.69,16.638,0.48657,0.06668,236.24,13.02,6.134,0.28944,0.7526,1.411,,
2023-06-25 00:00:00+00:00,30476.3,1898.96,16.957,0.49021,0.06671,238.86,13.43,6.156,0.29187,0.745,1.399,,
2023-06-26 00:00:00+00:00,30273.9,1858.61,16.269,0.47893,0.06473,236.0,13.15,6.06,0.28049,0.726,1.486,,
2023-06-27 00:00:00+00:00,30690.1,1890.06,16.627,0.48375,0.06557,237.41,13.2,6.199,0.28671,0.7206,1.477,,
2023-06-28 00:00:00+00:00,30081.7,1828.69,15.976,0.46459,0.06254,230.54,12.33,5.813,0.26685,0.6632,1.362,,
2023-06-29 00:00:00+00:00,30458.3,1852.21,17.996,0.47453,0.06343,233.13,12.67,5.892,0.27523,0.6807,1.349,,
2023-06-30 00:00:00+00:00,30475.1,1933.91,18.86,0.47327,0.06645,240.44,13.02,6.312,0.28702,0.689,1.385,,
2023-07-01 00:00:00+00:00,30593.9,1924.42,18.695,0.47339,0.06852,247.86,13.0,6.504,0.29242,0.689,1.4839,,
2023-07-02 00:00:00+00:00,30620.9,1937.99,19.457,0.48457,0.06801,246.56,13.11,6.541,0.29165,0.6908,1.467,,
2023-07-03 00:00:00+00:00,31157.2,1955.7,19.263,0.4892,0.06846,246.52,13.25,6.631,0.29682,0.6997,1.4565,,
2023-07-04 00:00:00+00:00,30767.4,1936.69,19.137,0.48724,0.0689,242.47,13.03,6.525,0.29231,0.6853,1.3981,,
2023-07-05 00:00:00+00:00,30497.4,1910.26,18.99,0.47758,0.06699,238.88,12.66,6.299,0.28404,0.6622,1.354,,
2023-07-06 00:00:00+00:00,29892.8,1845.87,19.609,0.46199,0.06483,231.8,12.35,6.078,0.27849,0.6494,1.3109,,
2023-07-07 00:00:00+00:00,30348.1,1871.53,21.497,0.46859,0.0654,235.5,12.74,6.161,0.28459,0.6612,1.3314,,
2023-07-08 00:00:00+00:00,30284.7,1865.26,21.809,0.47043,0.06571,236.26,13.64,6.196,0.29074,0.6526,1.3827,,
2023-07-09 00:00:00+00:00,30163.7,1862.8,21.326,0.46813,0.06536,233.99,13.58,6.148,0.28425,0.6587,1.3263,,
2023-07-10 00:00:00+00:00,30413.8,1880.6,21.292,0.4778,0.06523,246.06,13.36,6.169,0.28782,0.6551,1.3307,,
2023-07-11 00:00:00+00:00,30620.8,1877.99,22.067,0.47503,0.06525,248.4,13.27,6.203,0.29286,0.6554,1.3299,,
2023-07-12 00:00:00+00:00,30384.3,1872.16,21.948,0.47096,0.06502,243.66,13.02,6.251,0.28892,0.6553,1.3294,,
2023-07-13 00:00:00+00:00,31457.5,2005.19,26.024,0.81545,0.07043,256.27,14.11,7.131,0.35663,0.6984,1.4641,,
2023-07-14 00:00:00+00:00,30303.2,1937.32,26.664,0.71767,0.06845,247.73,14.63,6.955,0.32771,0.6799,1.4978,,
2023-07-15 00:00:00+00:00,30297.3,1931.19,27.458,0.71467,0.07197,251.0,14.84,6.917,0.32607,0.683,1.4914,,
2023-07-16 00:00:00+00:00,30230.8,1922.46,27.412,0.74697,0.06951,241.75,14.28,6.605,0.31437,0.672,1.4457,,
2023-07-17 00:00:00+00:00,30141.0,1911.1,26.794,0.73759,0.06981,244.35,14.4,7.186,0.31191,0.7197,1.5006,,
2023-07-18 00:00:00+00:00,29857.4,1897.62,25.555,0.77791,0.06866,240.42,13.81,6.913,0.30937,0.7361,1.4706,,
2023-07-19 00:00:00+00:00,29914.0,1888.74,26.304,0.81998,0.07002,240.94,13.98,6.913,0.32262,0.7098,1.4658,,
2023-07-20 00:00:00+00:00,29807.8,1891.56,25.38,0.79438,0.0706,242.89,13.86,8.358,0.31605,0.6885,1.5293,,
2023-07-21 00:00:00+00:00,29897.1,1891.92,25.503,0.77124,0.07321,243.74,13.98,8.129,0.31284,0.6835,1.4806,,
2023-07-22 00:00:00+00:00,29795.3,1866.42,24.526,0.73303,0.0705,241.1,13.52,7.885,0.31013,0.6935,1.4435,,
2023-07-23 00:00:00+00:00,30081.8,1888.58,24.755,0.73821,0.0718,242.41,13.53,7.891,0.31704,0.6789,1.4543,,
2023-07-24 00:00:00+00:00,29176.8,1849.79,23.365,0.70193,0.07423,238.94,13.1,7.587,0.3051,0.6364,1.38,,
2023-07-25 00:00:00+00:00,29224.8,1857.64,23.274,0.70895,0.08182,237.73,13.34,7.391,0.30366,0.6365,1.3482,,
2023-07-26 00:00:00+00:00,29351.3,1871.79,25.172,0.7161,0.07797,238.97,13.26,7.742,0.3067,0.6344,1.3642,,
2023-07-27 00:00:00+00:00,29226.4,1861.56,25.095,0.71388,0.07763,240.71,13.16,7.989,0.30778,0.6305,1.3785,,
2023-07-28 00:00:00+00:00,29311.5,1874.03,24.811,0.71176,0.07718,241.81,13.22,7.773,0.30987,0.6295,1.3896,,
2023-07-29 00:00:00+00:00,29349.4,1880.25,25.169,0.71214,0.08023,242.46,13.22,7.842,0.313,0.6385,1.4058,,
2023-07-30 00:00:00+00:00,29283.6,1861.97,24.252,0.7049,0.07803,242.61,13.12,7.556,0.31574,0.6199,1.3959,,
2023-07-31 00:00:00+00:00,29234.1,1857.01,23.731,0.69755,0.07786,240.99,12.81,7.552,0.30714,0.6321,1.371,,
2023-08-01 00:00:00+00:00,29708.4,1873.38,24.058,0.70694,0.07814,247.74,12.88,7.643,0.31029,0.6469,1.4142,,
2023-08-02 00:00:00+00:00,29180.6,1839.61,23.149,0.68501,0.07421,240.51,12.54,7.35,0.29931,0.614,1.3977,,
2023-08-03 00:00:00+00:00,29196.6,1836.11,22.641,0.66305,0.07358,240.9,12.43,7.124,0.29229,0.5927,1.3607,,
2023-08-04 00:00:00+00:00,29120.8,1830.67,22.808,0.63561,0.07348,241.68,12.41,7.144,0.29354,0.5921,1.34,,
2023-08-05 00:00:00+00:00,29071.8,1836.42,22.658,0.62897,0.07571,243.22,12.45,7.23,0.29372,0.5922,1.3533,,
2023-08-06 00:00:00+00:00,29088.8,1830.49,23.193,0.62414,0.07428,243.13,12.6,7.102,0.29219,0.592,1.338,,
2023-08-07 00:00:00+00:00,29211.5,1828.9,23.117,0.62346,0.07352,242.02,12.47,7.329,0.29091,0.5831,1.3397,,
2023-08-08 00:00:00+00:00,29773.4,1855.98,24.216,0.64181,0.07497,245.15,12.68,7.458,0.29742,0.5942,1.3604,,
2023-08-09 00:00:00+00:00,29584.4,1855.62,24.391,0.64359,0.07542,243.89,12.63,7.682,0.30136,0.5951,1.3504,,
2023-08-10 00:00:00+00:00,29459.6,1852.25,24.626,0.63331,0.07587,241.38,12.48,7.618,0.29647,0.6051,1.3365,,
2023-08-11 00:00:00+00:00,29435.0,1848.68,24.623,0.63178,0.07574,239.87,12.44,7.492,0.29331,0.605,1.3334,,
2023-08-12 00:00:00+00:00,29431.9,1850.42,24.913,0.62762,0.0767,240.28,12.38,7.443,0.29205,0.6076,1.3437,,
2023-08-13 00:00:00+00:00,29308.0,1841.4,24.227,0.6256,0.07477,239.99,12.27,7.368,0.28941,0.5982,1.3397,,
2023-08-14 00:00:00+00:00,29431.9,1845.78,25.185,0.63426,0.0747,240.42,12.37,7.412,0.29069,0.5994,1.3362,,
2023-08-15 00:00:00+00:00,29205.8,1829.39,23.905,0.61021,0.07091,236.67,11.82,7.042,0.28184,0.5606,1.2802,,
2023-08-16 00:00:00+00:00,28737.1,1807.96,22.823,0.58903,0.06718,232.14,11.37,6.763,0.27463,0.5268,1.2103,,
2023-08-17 00:00:00+00:00,26614.1,1680.4,21.666,0.50604,0.06097,217.73,10.56,6.185,0.25509,0.4746,1.1173,,
2023-08-18 00:00:00+00:00,26060.2,1661.61,21.342,0.50607,0.06325,216.03,10.8,6.176,0.26387,0.4835,1.1424,,
2023-08-19 00:00:00+00:00,26102.6,1669.94,21.893,0.51999,0.06378,216.92,10.81,6.18,0.26881,0.559,1.1654,,
2023-08-20 00:00:00+00:00,26188.4,1685.01,21.771,0.53846,0.06382,216.51,10.85,6.218,0.27032,0.5438,1.1679,,
2023-08-21 00:00:00+00:00,26125.9,1667.59,21.196,0.52423,0.06248,210.47,10.34,6.174,0.26281,0.514,1.1309,,
2023-08-22 00:00:00+00:00,26055.4,1635.16,20.584,0.52095,0.06257,210.94,10.13,6.115,0.25848,0.5357,1.1691,,
2023-08-23 00:00:00+00:00,26430.7,1679.44,21.721,0.52999,0.06378,216.52,10.32,6.352,0.26806,0.6015,1.2097,,
2023-08-24 00:00:00+00:00,26176.3,1660.8,21.052,0.51873,0.06307,219.11,10.118,6.083,0.26584,0.5726,1.1935,,
2023-08-25 00:00:00+00:00,26060.9,1653.73,20.414,0.52578,0.06311,218.44,10.047,6.014,0.26115,0.5568,1.1909,,
2023-08-26 00:00:00+00:00,26020.6,1647.21,20.283,0.52308,0.06289,216.41,10.092,6.004,0.261,0.588,1.1912,,
2023-08-27 00:00:00+00:00,26102.3,1658.31,20.792,0.52364,0.06317,218.38,10.202,6.031,0.26339,0.5835,1.1775,,
2023-08-28 00:00:00+00:00,26116.3,1653.23,20.553,0.523,0.06343,218.77,10.372,5.981,0.26754,0.5473,1.1944,,
2023-08-29 00:00:00+00:00,27720.4,1729.25,21.78,0.53979,0.06641,226.87,10.813,6.195,0.27272,0.545,1.2274,,
2023-08-30 00:00:00+00:00,27297.0,1705.37,20.817,0.52827,0.06586,223.82,10.406,5.924,0.26551,0.5254,1.2031,,
2023-08-31 00:00:00+00:00,25942.1,1646.13,19.733,0.51098,0.0638,216.59,9.983,5.878,0.25535,0.5004,1.1553,,
2023-09-01 00:00:00+00:00,25807.9,1629.05,19.325,0.49789,0.06387,213.65,9.927,5.939,0.2551,0.4886,1.1279,,
2023-09-02 00:00:00+00:00,25875.1,1637.28,19.491,0.49888,0.06345,214.4,9.911,5.97,0.25617,0.4905,1.1214,,
2023-09-03 00:00:00+00:00,25971.9,1635.9,19.563,0.50455,0.06318,214.4,9.874,6.029,0.25582,0.484,1.125,,
2023-09-04 00:00:00+00:00,25825.2,1630.65,19.525,0.50866,0.06324,215.27,9.806,6.014,0.25619,0.4835,1.1279,,
2023-09-05 00:00:00+00:00,25791.0,1634.78,20.266,0.50534,0.06404,214.5,9.913,6.136,0.25785,0.4907,1.128,,
2023-09-06 00:00:00+00:00,25761.4,1633.08,19.626,0.50321,0.06362,215.21,9.944,6.3,0.25774,0.4817,1.131,,
2023-09-07 00:00:00+00:00,26252.1,1647.67,19.909,0.50498,0.06365,217.16,10.095,6.385,0.25803,0.4855,1.1533,,
2023-09-08 00:00:00+00:00,25912.9,1636.27,19.606,0.50485,0.0637,214.71,9.925,6.279,0.25433,0.4815,1.1515,,
2023-09-09 00:00:00+00:00,25904.1,1635.41,19.441,0.50373,0.06338,214.22,9.834,6.163,0.25322,0.4814,1.165,,
2023-09-10 00:00:00+00:00,25838.1,1617.04,18.227,0.49691,0.06131,212.32,9.46,6.017,0.24898,0.4548,1.1508,,
2023-09-11 00:00:00+00:00,25166.1,1551.96,17.727,0.4743,0.06048,206.18,9.235,5.828,0.24207,0.4264,1.1023,,
2023-09-12 00:00:00+00:00,25844.2,1593.21,17.913,0.48026,0.06089,210.6,9.213,5.958,0.24554,0.4276,1.0703,,
2023-09-13 00:00:00+00:00,26223.0,1607.4,18.399,0.48324,0.06126,212.59,9.291,6.017,0.24864,0.4426,1.0902,,
2023-09-14 00:00:00+00:00,26526.6,1626.32,18.84,0.48912,0.06207,212.08,9.398,6.151,0.25119,0.4448,1.1082,,
2023-09-15 00:00:00+00:00,26600.7,1641.18,19.149,0.50036,0.06249,213.99,9.425,6.366,0.2505,0.4463,1.1302,,
2023-09-16 00:00:00+00:00,26560.6,1634.4,19.121,0.49978,0.06215,214.82,9.378,6.279,0.25032,0.4665,1.1282,,
2023-09-17 00:00:00+00:00,26528.0,1622.53,18.807,0.49255,0.06146,216.32,9.095,6.145,0.24699,0.4344,1.095,,
2023-09-18 00:00:00+00:00,26760.2,1636.62,19.64,0.50299,0.06199,215.96,9.103,6.563,0.25159,0.4477,1.0989,,
2023-09-19 00:00:00+00:00,27207.1,1643.49,20.021,0.51392,0.06269,217.09,9.21,6.845,0.25477,0.454,1.1215,,
2023-09-20 00:00:00+00:00,27120.0,1622.37,20.289,0.52116,0.06262,214.31,9.046,6.904,0.25166,0.4465,1.1205,,
2023-09-21 00:00:00+00:00,26563.6,1583.89,19.449,0.50703,0.06129,210.8,8.819,6.662,0.24502,0.44,1.1248,,
2023-09-22 00:00:00+00:00,26580.7,1593.32,19.429,0.5122,0.06153,211.03,8.863,6.956,0.245,0.4449,1.1223,,
2023-09-23 00:00:00+00:00,26577.3,1593.74,19.481,0.50762,0.06151,210.44,8.901,7.186,0.24614,0.4459,1.1154,,
2023-09-24 00:00:00+00:00,26241.5,1580.76,19.363,0.50206,0.0607,208.24,8.778,6.973,0.24277,0.439,1.0954,,
2023-09-25 00:00:00+00:00,26300.3,1588.38,19.39,0.50541,0.06094,209.98,8.949,7.489,0.2459,0.4427,1.1011,,
2023-09-26 00:00:00+00:00,26225.3,1593.79,19.029,0.50172,0.06062,212.62,9.047,7.355,0.24543,0.4386,1.0807,,
2023-09-27 00:00:00+00:00,26373.3,1598.64,19.132,0.49933,0.06052,212.02,8.931,7.641,0.24463,0.4372,1.0775,,
2023-09-28 00:00:00+00:00,27021.7,1652.88,19.954,0.50971,0.06151,214.93,9.269,7.809,0.24895,0.4474,1.1084,,
2023-09-29 00:00:00+00:00,26909.7,1667.41,20.267,0.52137,0.06213,215.11,9.175,7.948,0.24933,0.479,1.121,,
2023-09-30 00:00:00+00:00,26963.1,1671.32,21.361,0.51491,0.06206,214.63,9.241,8.19,0.25394,0.47,1.1338,,
2023-10-01 00:00:00+00:00,28005.1,1734.0,23.884,0.52424,0.06321,218.17,9.751,8.054,0.26591,0.507,1.1612,,
2023-10-02 00:00:00+00:00,27496.7,1662.41,23.382,0.51214,0.06199,214.56,9.316,7.466,0.2592,0.4664,1.1141,,
2023-10-03 00:00:00+00:00,27425.4,1657.08,23.615,0.53882,0.06139,213.41,9.413,7.409,0.26101,0.4445,1.0992,,
2023-10-04 00:00:00+00:00,27773.8,1646.44,23.12,0.53254,0.06144,213.31,10.097,7.669,0.25892,0.4416,1.0985,,
2023-10-05 00:00:00+00:00,27411.9,1612.05,22.693,0.52266,0.06085,210.63,10.133,7.466,0.26025,0.4343,1.0733,,
2023-10-06 00:00:00+00:00,27927.0,1644.92,23.402,0.52528,0.06137,213.37,10.655,7.638,0.26463,0.4435,1.0928,,
2023-10-07 00:00:00+00:00,27956.7,1634.2,23.299,0.52171,0.06144,212.21,10.347,7.525,0.25874,0.4427,1.0907,,
2023-10-08 00:00:00+00:00,27916.0,1632.83,23.218,0.51749,0.06096,211.31,10.083,7.674,0.25628,0.4378,1.0932,,
2023-10-09 00:00:00+00:00,27590.9,1580.1,22.089,0.50265,0.05875,205.8,9.541,7.278,0.25126,0.416,1.0406,,
2023-10-10 00:00:00+00:00,27390.0,1567.94,22.117,0.49646,0.05912,208.55,9.525,7.261,0.24912,0.4161,1.0428,,
2023-10-11 00:00:00+00:00,26876.0,1566.77,22.014,0.4887,0.05851,206.61,9.302,7.392,0.24807,0.4099,1.0282,,
2023-10-12 00:00:00+00:00,26760.1,1539.6,21.286,0.48299,0.05788,205.22,9.11,7.195,0.24605,0.4073,1.012,,
2023-10-13 00:00:00+00:00,26866.6,1552.28,21.837,0.48487,0.0584,205.97,9.155,7.256,0.24587,0.4133,1.0085,,
2023-10-14 00:00:00+00:00,26852.1,1554.77,21.994,0.48648,0.05983,206.49,9.145,7.329,0.24695,0.4157,1.0104,,
2023-10-15 00:00:00+00:00,27150.9,1557.85,21.932,0.48749,0.0593,209.79,9.179,7.422,0.24736,0.4104,1.0275,,
2023-10-16 00:00:00+00:00,28493.5,1599.29,23.952,0.49754,0.06,214.69,9.398,7.524,0.25127,0.4105,1.033,,
2023-10-17 00:00:00+00:00,28397.1,1564.7,23.937,0.49112,0.05904,211.45,9.107,7.319,0.24635,0.3806,1.0084,,
2023-10-18 00:00:00+00:00,28324.6,1563.71,23.418,0.48776,0.0586,210.24,8.908,7.357,0.24296,0.3823,0.9978,,
2023-10-19 00:00:00+00:00,28709.9,1566.97,24.923,0.51943,0.05885,211.16,9.064,7.305,0.24694,0.3704,0.9872,,
2023-10-20 00:00:00+00:00,29661.0,1603.9,27.011,0.51493,0.05989,212.0,9.215,7.573,0.25121,0.3825,1.0056,,
2023-10-21 00:00:00+00:00,29912.5,1628.97,29.327,0.52094,0.06121,214.13,9.638,8.916,0.25868,0.3907,1.0405,,
2023-10-22 00:00:00+00:00,29999.8,1663.56,29.047,0.52274,0.06169,217.77,10.086,10.195,0.26392,0.4043,1.0551,,
2023-10-23 00:00:00+00:00,33098.3,1767.0,31.926,0.54772,0.06749,228.71,10.594,10.581,0.28093,0.421,1.1009,,
2023-10-24 00:00:00+00:00,33926.0,1785.32,30.17,0.55872,0.06664,225.25,10.327,10.374,0.27926,0.4343,1.1388,,
2023-10-25 00:00:00+00:00,34502.9,1787.29,32.456,0.55529,0.06833,222.18,10.529,11.065,0.28087,0.4369,1.1438,,
2023-10-26 00:00:00+00:00,34156.1,1803.33,32.78,0.55359,0.07186,223.16,11.046,10.926,0.28715,0.4399,1.1921,,
2023-10-27 00:00:00+00:00,33891.2,1779.58,31.738,0.54298,0.06776,224.06,10.592,11.182,0.28923,0.4307,1.2201,,
2023-10-28 00:00:00+00:00,34085.3,1776.53,31.628,0.54474,0.06902,225.71,10.971,10.922,0.29106,0.467,1.2193,,
2023-10-29 00:00:00+00:00,34524.6,1795.47,32.835,0.55593,0.06936,227.07,11.379,11.082,0.29539,0.4527,1.2774,,
2023-10-30 00:00:00+00:00,34476.7,1809.01,34.945,0.57801,0.06961,227.95,11.464,11.221,0.30302,0.463,1.3207,,
2023-10-31 00:00:00+00:00,34642.2,1814.71,38.4,0.59958,0.06825,226.28,11.324,11.355,0.29301,0.443,1.332,,
2023-11-01 00:00:00+00:00,35418.3,1847.28,41.23,0.60896,0.06895,228.18,12.233,11.65,0.3074,0.4656,1.527,,
2023-11-02 00:00:00+00:00,34943.1,1800.86,40.241,0.60536,0.06791,231.92,11.88,11.011,0.32309,0.4586,1.5264,,
2023-11-03 00:00:00+00:00,34714.0,1832.44,39.469,0.61196,0.06809,230.34,12.112,11.469,0.32921,0.4555,1.4729,,
2023-11-04 00:00:00+00:00,35067.9,1856.15,42.412,0.61527,0.06908,237.14,12.22,11.508,0.32795,0.5064,1.5129,,
2023-11-05 00:00:00+00:00,35019.9,1891.72,41.157,0.66066,0.07108,243.98,12.35,12.23,0.34185,0.4999,1.6379,,
2023-11-06 00:00:00+00:00,35051.3,1901.0,42.166,0.71478,0.07636,255.11,13.076,12.993,0.36268,0.5287,1.5846,,
2023-11-07 00:00:00+00:00,35403.9,1885.14,42.945,0.68476,0.07336,246.29,12.813,13.039,0.35113,0.5236,1.4449,,
2023-11-08 00:00:00+00:00,35620.7,1888.61,43.117,0.6872,0.07536,246.59,12.989,14.922,0.3577,0.5783,1.4689,,
2023-11-09 00:00:00+00:00,36709.0,2121.23,45.286,0.66666,0.07355,251.68,12.97,14.599,0.3684,0.5607,1.436,,
2023-11-10 00:00:00+00:00,37307.3,2078.15,56.69,0.6596,0.0754,251.0,14.755,15.503,0.3862,0.61,1.554,,
2023-11-11 00:00:00+00:00,37141.3,2053.68,56.37,0.6629,0.07845,251.3,16.794,16.469,0.3844,0.5924,1.598,,
2023-11-12 00:00:00+00:00,37070.9,2044.98,56.29,0.6613,0.07797,247.5,18.968,16.021,0.3836,0.618,1.702,,
2023-11-13 00:00:00+00:00,36466.1,2053.83,51.63,0.6702,0.07454,240.9,16.117,14.357,0.3567,0.601,1.589,,
2023-11-14 00:00:00+00:00,35542.4,1979.1,56.79,0.6296,0.07243,242.1,17.045,13.95,0.3577,0.5662,1.537,,
2023-11-15 00:00:00+00:00,37869.8,2059.08,65.5,0.6482,0.07622,253.7,20.694,15.028,0.3787,0.6194,1.7,,
2023-11-16 00:00:00+00:00,36162.0,1961.81,57.78,0.6117,0.07942,242.5,21.693,13.865,0.3705,0.565,1.721,,
2023-11-17 00:00:00+00:00,36611.0,1960.46,58.49,0.6132,0.0864,244.9,21.946,13.709,0.3672,0.5539,1.871,,
2023-11-18 00:00:00+00:00,36578.3,1963.02,58.61,0.6106,0.08028,244.7,21.988,13.751,0.3772,0.5465,1.771,,
2023-11-19 00:00:00+00:00,37371.7,2011.94,61.11,0.626,0.08044,246.4,22.853,14.906,0.384,0.5628,1.986,,
2023-11-20 00:00:00+00:00,37446.9,2021.35,56.58,0.6119,0.07772,253.1,20.859,14.482,0.3803,0.5549,1.997,,
2023-11-21 00:00:00+00:00,35736.0,1933.42,51.66,0.5784,0.07176,225.7,19.029,13.367,0.3568,0.502,1.75,,
2023-11-22 00:00:00+00:00,37416.5,2063.34,57.58,0.611,0.07574,236.2,20.792,14.207,0.3802,0.5564,1.824,,
2023-11-23 00:00:00+00:00,37300.3,2061.43,56.51,0.6207,0.07618,233.6,20.642,14.395,0.3874,0.5888,1.808,,
2023-11-24 00:00:00+00:00,37712.9,2079.6,56.86,0.6209,0.07819,232.8,20.886,14.489,0.3861,0.6271,1.834,,
2023-11-25 00:00:00+00:00,37779.4,2082.62,58.84,0.6227,0.07892,234.3,21.373,14.765,0.3943,0.6557,1.885,,
2023-11-26 00:00:00+00:00,37450.0,2062.44,57.58,0.6159,0.07867,231.7,21.071,14.761,0.3872,0.635,1.829,,
2023-11-27 00:00:00+00:00,37245.9,2027.3,55.04,0.6038,0.07885,227.3,20.357,14.188,0.3779,0.5931,1.781,,
2023-11-28 00:00:00+00:00,37821.5,2048.64,58.19,0.6104,0.08088,229.5,20.692,14.528,0.3857,0.6182,1.821,,
2023-11-29 00:00:00+00:00,37855.2,2029.09,59.32,0.609,0.08046,227.3,21.108,14.512,0.3816,0.6007,1.799,,
2023-11-30 00:00:00+00:00,37729.7,2051.81,59.31,0.6064,0.08345,227.6,21.397,14.409,0.3758,0.5973,1.879,,
2023-12-01 00:00:00+00:00,38680.0,2087.66,59.77,0.6125,0.08385,228.5,21.867,14.987,0.3843,0.6132,1.892,,
2023-12-02 00:00:00+00:00,39453.0,2165.51,63.68,0.6208,0.08621,229.0,22.242,15.993,0.3978,0.6254,2.008,,
2023-12-03 00:00:00+00:00,39988.4,2193.39,62.98,0.6232,0.08573,228.2,21.946,15.714,0.3949,0.6152,1.98,,
2023-12-04 00:00:00+00:00,41993.4,2243.2,61.66,0.6248,0.09189,233.7,22.705,15.819,0.4069,0.629,2.147,,
2023-12-05 00:00:00+00:00,44091.9,2293.6,61.03,0.6214,0.09434,231.3,24.56,15.729,0.426,0.6444,2.256,,
2023-12-06 00:00:00+00:00,43761.4,2233.28,61.83,0.6403,0.09493,229.5,26.217,15.266,0.4428,0.6203,2.284,,
2023-12-07 00:00:00+00:00,43296.2,2356.27,67.77,0.6437,0.09587,232.8,26.267,15.7,0.4555,0.6716,2.267,,
2023-12-08 00:00:00+00:00,44182.8,2359.0,74.94,0.6725,0.10164,239.1,30.457,16.935,0.5457,0.7035,2.378,,
2023-12-09 00:00:00+00:00,43719.0,2340.73,72.33,0.6585,0.09849,237.7,31.919,16.194,0.579,0.678,2.422,,
2023-12-10 00:00:00+00:00,43788.1,2352.38,74.86,0.6619,0.1019,240.0,37.188,16.37,0.5947,0.6925,2.52,,
2023-12-11 00:00:00+00:00,41246.7,2225.2,70.23,0.6187,0.09416,246.4,38.049,14.766,0.5508,0.6292,2.24,,
2023-12-12 00:00:00+00:00,41504.0,2203.29,68.6,0.619,0.0938,253.8,37.465,14.526,0.5784,0.6601,2.305,,
2023-12-13 00:00:00+00:00,42874.1,2260.26,70.64,0.6275,0.09641,252.0,39.021,14.772,0.6675,0.6531,2.329,,
2023-12-14 00:00:00+00:00,43025.9,2316.08,75.7,0.6317,0.09834,253.3,39.293,15.38,0.6431,0.655,2.324,,
2023-12-15 00:00:00+00:00,41946.6,2221.0,72.52,0.6153,0.09302,244.5,39.705,14.277,0.6005,0.6176,2.19,,
2023-12-16 00:00:00+00:00,42283.3,2229.59,73.74,0.6203,0.09711,244.2,42.207,14.325,0.6079,0.6324,2.389,,
2023-12-17 00:00:00+00:00,41379.9,2196.87,70.87,0.6102,0.09292,239.0,40.619,14.02,0.5802,0.6109,2.267,,
2023-12-18 00:00:00+00:00,42647.4,2219.37,74.43,0.6123,0.09212,241.8,41.13,14.668,0.602,0.6104,2.289,,
2023-12-19 00:00:00+00:00,42284.0,2178.57,73.0,0.6046,0.09022,252.4,39.764,14.099,0.576,0.6788,2.433,,
2023-12-20 00:00:00+00:00,43682.6,2203.11,82.2,0.6171,0.09156,260.1,43.444,14.253,0.5898,0.6881,2.844,,
2023-12-21 00:00:00+00:00,43877.0,2240.03,93.9,0.6242,0.095,272.0,45.981,15.307,0.6355,0.6883,3.54,,
2023-12-22 00:00:00+00:00,43984.8,2324.99,97.9,0.6246,0.095,271.1,45.369,15.485,0.6227,0.6955,3.359,,
2023-12-23 00:00:00+00:00,43705.8,2308.6,107.99,0.6196,0.09346,271.0,48.093,15.68,0.6132,0.7536,3.904,,
2023-12-24 00:00:00+00:00,42987.6,2264.41,112.5,0.6123,0.0917,264.0,47.696,15.264,0.5919,0.7142,3.799,,
2023-12-25 00:00:00+00:00,43589.6,2271.43,120.85,0.6462,0.09437,266.6,48.201,15.589,0.6245,0.817,4.25,,
2023-12-26 00:00:00+00:00,42522.5,2231.13,112.42,0.622,0.09135,297.8,44.407,15.095,0.6088,0.8842,4.301,,
2023-12-27 00:00:00+00:00,43412.7,2378.52,107.01,0.6344,0.09368,324.1,42.44,16.72,0.6339,0.8302,4.085,,
2023-12-28 00:00:00+00:00,42580.0,2344.66,101.81,0.6348,0.09174,322.5,39.809,16.012,0.616,0.7966,3.754,,
2023-12-29 00:00:00+00:00,42071.0,2299.35,106.19,0.6228,0.091,313.5,40.19,15.544,0.6084,0.8061,3.62,,
2023-12-30 00:00:00+00:00,42158.0,2291.81,101.94,0.6209,0.09002,316.8,39.351,15.167,0.6011,0.8084,3.675,,
2023-12-31 00:00:00+00:00,42297.7,2282.75,101.74,0.6151,0.08955,311.5,38.567,14.946,0.5936,0.7757,3.649,,
2024-01-01 00:00:00+00:00,44220.0,2353.21,109.97,0.6301,0.09208,313.6,41.936,15.556,0.6237,0.8438,3.796,,
2024-01-02 00:00:00+00:00,44956.9,2355.39,106.75,0.6245,0.09111,312.2,40.632,15.166,0.6052,0.9056,3.921,,
2024-01-03 00:00:00+00:00,42851.0,2210.57,98.59,0.5824,0.08204,315.9,36.798,14.151,0.5571,0.8433,3.771,,
2024-01-04 00:00:00+00:00,44147.4,2267.84,104.92,0.5867,0.08398,323.2,38.712,14.523,0.5698,0.8539,3.911,,
2024-01-05 00:00:00+00:00,44154.9,2268.36,99.93,0.5757,0.08267,317.3,36.469,14.093,0.5413,0.8999,3.552,,
2024-01-06 00:00:00+00:00,43971.5,2240.8,93.79,0.5681,0.08059,307.2,34.627,13.435,0.5228,0.8316,3.478,,
2024-01-07 00:00:00+00:00,43935.2,2221.73,89.41,0.5513,0.07823,302.1,33.638,13.151,0.4945,0.8002,3.213,,
2024-01-08 00:00:00+00:00,46970.0,2331.27,97.94,0.5777,0.08132,303.9,36.084,14.146,0.5413,0.8606,3.416,,
2024-01-09 00:00:00+00:00,46120.9,2344.34,99.34,0.5669,0.07924,301.3,34.641,13.72,0.5121,0.7984,3.22,,
2024-01-10 00:00:00+00:00,46653.2,2584.8,102.07,0.6007,0.08307,305.7,38.561,15.076,0.5661,0.8422,3.602,,
2024-01-11 00:00:00+00:00,46335.8,2618.07,99.93,0.6018,0.08458,308.3,39.315,15.022,0.5819,1.0925,3.612,,
2024-01-12 00:00:00+00:00,42774.2,2522.77,92.08,0.5696,0.08005,296.7,35.918,14.152,0.5476,1.1682,3.458,,
2024-01-13 00:00:00+00:00,42846.3,2577.68,95.85,0.5746,0.08092,302.1,36.476,14.35,0.549,1.2897,3.404,,
2024-01-14 00:00:00+00:00,41740.8,2473.73,93.83,0.5763,0.08001,299.7,35.285,14.762,0.5251,1.2511,3.307,,
2024-01-15 00:00:00+00:00,42521.0,2512.14,94.38,0.5756,0.08105,317.1,35.605,15.182,0.5278,1.3718,3.303,,
2024-01-16 00:00:00+00:00,43139.9,2587.09,97.61,0.5757,0.08132,315.2,35.581,15.271,0.5355,1.2706,3.239,,
2024-01-17 00:00:00+00:00,42780.1,2531.0,102.15,0.5687,0.08061,309.3,36.067,15.763,0.5281,1.2934,3.31,,
2024-01-18 00:00:00+00:00,41324.8,2470.97,94.41,0.552,0.07809,312.8,33.593,14.653,0.5024,1.1585,3.082,,
2024-01-19 00:00:00+00:00,41665.0,2492.52,93.63,0.5443,0.07857,314.3,32.736,16.121,0.5041,1.1659,3.007,,
2024-01-20 00:00:00+00:00,41694.5,2472.32,92.91,0.5534,0.08773,317.3,32.888,15.782,0.5162,1.1022,2.965,,
2024-01-21 00:00:00+00:00,41586.3,2457.63,91.11,0.5465,0.08549,318.6,32.549,15.399,0.5032,1.0609,2.922,,
2024-01-22 00:00:00+00:00,39576.1,2314.62,83.86,0.5274,0.08057,305.9,29.538,14.594,0.4787,1.0738,2.649,,
2024-01-23 00:00:00+00:00,39903.0,2242.47,84.32,0.5181,0.07821,298.5,30.617,14.298,0.4773,1.186,2.652,,
2024-01-24 00:00:00+00:00,40093.9,2235.41,88.76,0.5181,0.07905,293.1,31.175,14.239,0.4766,1.2929,2.68,,
2024-01-25 00:00:00+00:00,39963.9,2218.88,86.91,0.5139,0.07795,292.1,30.505,13.742,0.4665,1.1788,2.697,,
2024-01-26 00:00:00+00:00,41822.0,2267.74,92.29,0.532,0.07987,302.2,32.263,14.188,0.4851,1.4583,2.916,,
2024-01-27 00:00:00+00:00,42118.5,2268.14,94.27,0.5303,0.08011,305.6,33.275,14.342,0.4862,1.3942,2.912,,
2024-01-28 00:00:00+00:00,42036.6,2256.9,95.99,0.5241,0.07881,305.3,34.819,14.482,0.4902,1.3329,2.88,,
2024-01-29 00:00:00+00:00,43305.5,2317.21,101.66,0.535,0.08138,310.7,36.055,15.009,0.5262,1.5622,3.009,,
2024-01-30 00:00:00+00:00,42942.3,2343.61,101.43,0.5107,0.0797,307.6,35.235,15.479,0.5139,1.5446,3.012,,
2024-01-31 00:00:00+00:00,42575.3,2283.43,96.94,0.5033,0.07873,300.4,33.187,15.429,0.4976,1.519,2.823,,
2024-02-01 00:00:00+00:00,43086.1,2304.13,97.8,0.5059,0.07936,300.2,33.855,17.192,0.5077,1.5253,2.855,,
2024-02-02 00:00:00+00:00,43200.0,2309.74,100.62,0.5105,0.07928,301.2,36.757,17.825,0.5145,1.4624,2.9,,
2024-02-03 00:00:00+00:00,43018.8,2296.55,97.96,0.5186,0.07876,299.7,35.969,17.663,0.5125,1.4381,2.815,,
2024-02-04 00:00:00+00:00,42590.2,2290.01,95.48,0.503,0.07831,304.7,34.859,18.155,0.4935,1.4647,2.752,,
2024-02-05 00:00:00+00:00,42713.5,2302.19,95.66,0.5069,0.07833,301.2,34.55,19.165,0.4943,1.5754,2.752,,
2024-02-06 00:00:00+00:00,43107.1,2372.42,96.87,0.505,0.0785,302.9,34.152,18.294,0.4983,1.5176,2.736,,
2024-02-07 00:00:00+00:00,44353.5,2425.33,101.15,0.5138,0.08014,307.5,35.305,18.818,0.5023,1.5406,2.871,,
2024-02-08 00:00:00+00:00,45286.0,2420.01,102.77,0.5145,0.07988,318.6,35.427,18.217,0.5304,1.5265,2.922,,
2024-02-09 00:00:00+00:00,47147.9,2487.13,106.99,0.5262,0.08158,323.9,38.013,18.481,0.541,1.7621,2.995,,
2024-02-10 00:00:00+00:00,47760.0,2500.2,109.0,0.5239,0.0814,322.7,40.208,19.087,0.5517,1.7309,3.043,,
2024-02-11 00:00:00+00:00,48313.8,2507.53,107.52,0.5262,0.08125,320.5,39.725,20.148,0.5414,1.6949,3.126,,
2024-02-12 00:00:00+00:00,49946.9,2660.56,111.71,0.5316,0.08227,327.3,40.979,20.464,0.5593,1.7623,3.381,,
2024-02-13 00:00:00+00:00,49687.9,2640.44,112.51,0.5245,0.08109,324.5,39.743,19.877,0.5448,1.8562,3.215,,
2024-02-14 00:00:00+00:00,51793.6,2775.34,117.01,0.5377,0.08554,333.5,42.222,20.247,0.5769,1.9067,3.332,,
2024-02-15 00:00:00+00:00,51896.5,2823.52,113.52,0.5622,0.0853,354.0,41.553,19.94,0.6087,1.8633,3.399,,
2024-02-16 00:00:00+00:00,52129.9,2802.56,110.36,0.5643,0.08594,360.5,40.252,19.553,0.5988,1.8079,3.279,,
2024-02-17 00:00:00+00:00,51654.2,2786.0,108.95,0.5496,0.08355,352.0,39.752,20.036,0.6096,1.7672,3.332,,
2024-02-18 00:00:00+00:00,52164.5,2882.46,112.26,0.5572,0.08522,349.8,40.294,20.121,0.6194,1.7998,3.521,,
2024-02-19 00:00:00+00:00,51784.3,2945.1,111.59,0.5629,0.08944,352.0,39.513,19.838,0.6309,1.774,3.532,,
2024-02-20 00:00:00+00:00,52277.2,3015.19,108.33,0.5623,0.08612,354.6,38.498,19.291,0.6219,1.7175,3.396,,
2024-02-21 00:00:00+00:00,51855.7,2967.93,105.03,0.5492,0.08458,378.9,37.6,18.59,0.5986,1.6924,3.239,,
2024-02-22 00:00:00+00:00,51285.0,2971.26,101.71,0.5411,0.08409,382.5,36.778,18.125,0.5858,1.7189,3.251,,
2024-02-23 00:00:00+00:00,50755.7,2922.57,99.88,0.5342,0.0845,375.3,35.926,17.942,0.5824,1.6036,3.364,,
2024-02-24 00:00:00+00:00,51574.0,2993.27,104.03,0.5451,0.08616,381.3,36.759,18.534,0.5973,1.6368,3.866,,
2024-02-25 00:00:00+00:00,51742.7,3112.97,103.53,0.5428,0.08614,388.3,37.483,18.726,0.5915,1.6459,3.707,,
2024-02-26 00:00:00+00:00,54490.0,3176.79,109.97,0.5507,0.08925,401.7,39.314,19.088,0.6195,1.671,4.097,,
2024-02-27 00:00:00+00:00,57047.3,3243.48,108.38,0.5865,0.09766,394.4,39.27,19.034,0.6241,1.6154,3.944,,
2024-02-28 00:00:00+00:00,62433.9,3384.0,119.42,0.5754,0.11589,414.9,40.358,19.442,0.6292,1.5844,3.899,,
2024-02-29 00:00:00+00:00,61176.6,3341.87,125.61,0.5867,0.11734,399.3,40.961,19.278,0.655,1.6768,3.878,,
2024-03-01 00:00:00+00:00,62391.7,3433.04,129.41,0.6016,0.13941,407.6,42.715,20.066,0.7201,1.6916,3.957,,
2024-03-02 00:00:00+00:00,62010.0,3422.14,130.13,0.6446,0.14209,411.1,44.393,21.413,0.742,1.622,4.487,,
2024-03-03 00:00:00+00:00,63145.8,3489.35,130.23,0.6269,0.15346,414.6,42.612,20.519,0.7285,1.56,4.435,,
2024-03-04 00:00:00+00:00,68306.2,3627.62,133.43,0.648,0.18205,418.7,43.095,20.435,0.7706,1.487,4.341,,
2024-03-05 00:00:00+00:00,63708.5,3552.24,125.3,0.5911,0.15309,394.3,39.442,18.964,0.6921,1.3952,4.244,,
2024-03-06 00:00:00+00:00,66081.9,3820.39,130.82,0.6123,0.1579,429.4,41.561,20.097,0.7351,1.4758,5.898,,
2024-03-07 00:00:00+00:00,66839.9,3869.13,143.85,0.6275,0.15771,474.2,43.232,20.098,0.7428,1.5813,5.525,,
2024-03-08 00:00:00+00:00,68131.9,3883.49,144.77,0.6201,0.16455,485.7,42.634,19.713,0.7232,1.5443,5.742,,
2024-03-09 00:00:00+00:00,68328.2,3906.07,144.34,0.6201,0.17886,488.3,42.937,19.985,0.7419,1.5853,6.192,,
2024-03-10 00:00:00+00:00,68947.7,3879.4,144.47,0.6084,0.16996,528.8,42.054,21.687,0.7169,1.5558,5.949,,
2024-03-11 00:00:00+00:00,72116.6,4067.5,148.97,0.7233,0.18221,523.2,49.135,21.303,0.776,1.5736,6.686,,
2024-03-12 00:00:00+00:00,71464.4,3982.18,151.14,0.6882,0.16821,537.5,55.508,20.711,0.7485,1.5992,8.076,,
2024-03-13 00:00:00+00:00,73092.7,4007.0,163.96,0.6895,0.16904,631.2,54.83,20.756,0.7641,1.6218,7.767,,
2024-03-14 00:00:00+00:00,71404.5,3882.4,176.69,0.6695,0.17735,603.5,53.994,20.894,0.751,1.5671,8.859,,
2024-03-15 00:00:00+00:00,69517.0,3742.67,184.12,0.6341,0.16361,635.1,58.421,19.636,0.7276,1.4924,7.486,,
2024-03-16 00:00:00+00:00,65324.5,3525.18,182.11,0.6032,0.14248,576.7,53.431,18.12,0.6593,1.6344,6.724,,
2024-03-17 00:00:00+00:00,68408.4,3645.4,201.82,0.6192,0.15429,571.3,58.443,18.664,0.681,1.6187,8.24,,
2024-03-18 00:00:00+00:00,67627.9,3521.79,195.98,0.6453,0.14355,555.2,60.658,18.306,0.6604,1.5239,7.026,,3.1216
2024-03-19 00:00:00+00:00,61939.0,3158.43,169.88,0.5844,0.12881,507.7,53.627,16.811,0.5865,1.6468,6.352,,3.0174
2024-03-20 00:00:00+00:00,67853.2,3515.21,191.84,0.6111,0.15207,556.7,57.029,18.416,0.6395,1.7526,6.911,,4.2055
2024-03-21 00:00:00+00:00,65510.0,3492.8,179.5,0.6407,0.15541,553.8,53.864,18.456,0.6319,1.8266,6.45,,3.8153
2024-03-22 00:00:00+00:00,63806.2,3337.91,175.11,0.6115,0.15297,553.8,53.438,18.373,0.6146,1.7316,6.49,,3.6925
2024-03-23 00:00:00+00:00,63985.9,3329.28,172.66,0.6166,0.16194,551.6,53.438,18.066,0.6231,1.6444,6.62,,4.2246
2024-03-24 00:00:00+00:00,67225.2,3455.79,183.93,0.6326,0.1765,568.0,55.7,18.526,0.6468,1.6789,7.001,,3.9857
2024-03-25 00:00:00+00:00,69890.1,3590.94,189.09,0.6402,0.17534,586.9,57.762,19.383,0.6568,1.7044,7.455,,4.46
2024-03-26 00:00:00+00:00,70008.0,3588.19,190.47,0.632,0.18224,580.3,55.795,20.013,0.6652,1.8862,7.663,,5.4704
2024-03-27 00:00:00+00:00,69492.7,3503.54,186.35,0.6119,0.1905,574.4,54.115,19.295,0.6479,2.0762,7.255,,7.9379
2024-03-28 00:00:00+00:00,70795.9,3562.28,189.76,0.6247,0.22015,583.8,54.661,19.162,0.6514,2.0227,7.193,,7.0088
2024-03-29 00:00:00+00:00,69870.0,3510.84,192.08,0.6304,0.21313,612.2,53.371,18.976,0.6648,1.9047,6.979,,6.683
2024-03-30 00:00:00+00:00,69609.9,3507.14,194.25,0.6214,0.19926,600.6,52.945,18.936,0.6437,1.8811,6.942,,6.4255
2024-03-31 00:00:00+00:00,71330.1,3646.72,202.66,0.6296,0.22013,606.2,54.121,19.181,0.6503,1.9146,7.295,,6.5394
2024-04-01 00:00:00+00:00,69677.7,3504.83,192.27,0.6111,0.20502,576.3,51.402,18.365,0.6212,1.9406,6.735,,5.7228
2024-04-02 00:00:00+00:00,65482.2,3279.5,181.55,0.5853,0.18255,551.5,46.862,17.956,0.5806,1.7334,6.214,,5.4326
2024-04-03 00:00:00+00:00,65964.5,3311.98,185.11,0.5743,0.17523,561.9,45.894,17.693,0.5694,1.6683,6.595,,5.0811
2024-04-04 00:00:00+00:00,68498.9,3328.79,184.05,0.5934,0.18,584.2,46.498,17.789,0.5829,1.6839,6.724,,5.253
2024-04-05 00:00:00+00:00,67832.3,3317.64,174.39,0.5871,0.17721,577.9,45.297,17.325,0.5741,1.6082,7.22,,5.3867
2024-04-06 00:00:00+00:00,68913.7,3351.38,178.68,0.5931,0.1858,585.4,48.171,17.561,0.5838,1.6252,7.019,,5.4356
2024-04-07 00:00:00+00:00,69362.7,3454.0,179.62,0.5945,0.19897,583.5,49.321,17.909,0.5891,1.6422,6.914,,5.7301
2024-04-08 00:00:00+00:00,71654.0,3695.88,180.71,0.6149,0.20262,586.6,49.878,18.11,0.614,1.7105,7.361,,6.3897
2024-04-09 00:00:00+00:00,69152.1,3506.0,172.43,0.6141,0.18913,580.5,46.484,17.36,0.5912,1.576,7.226,,5.5331
2024-04-10 00:00:00+00:00,70654.9,3546.59,173.37,0.6171,0.19969,609.9,47.313,17.422,0.5861,1.5216,6.987,,5.7449
2024-04-11 00:00:00+00:00,70010.1,3502.93,172.39,0.6087,0.19384,604.5,46.029,17.554,0.5858,1.4906,6.796,,5.223
2024-04-12 00:00:00+00:00,67125.1,3237.35,153.11,0.5469,0.17408,595.6,39.334,15.147,0.5024,1.2394,5.787,,4.3491
2024-04-13 00:00:00+00:00,63945.0,3005.44,138.47,0.4788,0.15264,553.5,33.907,13.285,0.4452,1.0605,5.218,,4.073
2024-04-14 00:00:00+00:00,65661.4,3154.03,151.25,0.5032,0.16209,566.4,37.275,14.094,0.4674,1.1981,5.717,,4.2158
2024-04-15 00:00:00+00:00,63433.2,3102.39,138.51,0.4976,0.16127,552.3,35.153,13.582,0.4609,1.1713,5.221,,3.8634
2024-04-16 00:00:00+00:00,63792.8,3083.89,136.23,0.4963,0.15599,537.7,34.751,13.466,0.4583,1.2234,5.492,,3.8204
2024-04-17 00:00:00+00:00,61280.4,2985.01,131.87,0.4949,0.14759,534.1,33.573,13.134,0.444,1.26,5.406,,3.5382
2024-04-18 00:00:00+00:00,63486.4,3064.49,142.0,0.5025,0.15228,552.0,34.848,13.888,0.4579,1.255,5.704,,3.5593
2024-04-19 00:00:00+00:00,63814.3,3056.13,142.47,0.5029,0.15631,553.8,34.677,13.945,0.468,1.3328,5.584,,3.6013
2024-04-20 00:00:00+00:00,64928.5,3155.12,151.24,0.5287,0.16263,570.5,38.321,14.957,0.507,1.4273,6.215,,4.1156
2024-04-21 00:00:00+00:00,64937.9,3147.43,148.82,0.5245,0.15823,579.5,37.147,15.103,0.4993,1.37,6.444,,3.9962
2024-04-22 00:00:00+00:00,66817.6,3199.96,156.91,0.556,0.16122,604.7,39.183,15.443,0.5165,1.3919,7.03,,4.0753
2024-04-23 00:00:00+00:00,66418.9,3219.43,154.77,0.5446,0.15982,605.7,38.311,15.179,0.4998,1.3263,6.891,,3.826
2024-04-24 00:00:00+00:00,64288.5,3140.66,147.76,0.5275,0.15146,608.5,36.365,14.539,0.4747,1.251,6.858,,3.7624
2024-04-25 00:00:00+00:00,64502.5,3155.92,144.87,0.5254,0.15131,612.7,35.591,14.593,0.4705,1.2239,7.129,,3.6355
2024-04-26 00:00:00+00:00,63774.6,3131.47,139.23,0.5261,0.148,597.7,34.43,14.493,0.463,1.1742,6.929,,3.4394
2024-04-27 00:00:00+00:00,63451.6,3255.04,141.28,0.518,0.14774,595.8,34.467,14.264,0.4676,1.2109,7.137,,3.7493
2024-04-28 00:00:00+00:00,63125.0,3263.54,137.99,0.5103,0.14668,599.7,33.955,13.808,0.4602,1.2174,7.045,,4.3689
2024-04-29 00:00:00+00:00,63879.9,3217.79,137.8,0.5151,0.14342,592.9,35.283,14.076,0.457,1.1922,6.865,,4.492
2024-04-30 00:00:00+00:00,60684.8,3014.72,126.74,0.5007,0.13338,578.1,32.699,13.131,0.4412,1.1435,6.189,,3.906
2024-05-01 00:00:00+00:00,58332.0,2971.79,134.6,0.5174,0.13018,561.7,33.315,13.347,0.45,1.1469,6.14,,3.7897
2024-05-02 00:00:00+00:00,59057.4,2986.32,137.57,0.518,0.13191,560.3,33.585,13.586,0.4577,1.1204,6.084,,3.7749
2024-05-03 00:00:00+00:00,62862.9,3103.0,143.7,0.5316,0.14603,586.9,35.544,14.091,0.4673,1.1122,6.871,,3.9659
2024-05-04 00:00:00+00:00,63896.1,3117.34,146.05,0.5301,0.16013,584.9,37.344,14.314,0.4632,1.0909,6.864,,4.0257
2024-05-05 00:00:00+00:00,64010.0,3136.39,145.73,0.5295,0.16098,591.9,37.354,14.373,0.4579,1.0957,7.486,,4.102
2024-05-06 00:00:00+00:00,63167.2,3062.53,152.83,0.5401,0.1565,588.0,37.13,14.487,0.454,1.0932,7.312,,3.9058
2024-05-07 00:00:00+00:00,62330.6,3006.05,148.04,0.5243,0.15004,576.2,35.316,14.0,0.4414,1.08,7.119,,3.7689
2024-05-08 00:00:00+00:00,61200.2,2974.24,142.15,0.5172,0.14324,588.4,34.012,13.901,0.4518,1.0108,6.808,,3.6103
2024-05-09 00:00:00+00:00,63065.4,3036.0,152.49,0.521,0.15216,596.6,35.062,14.236,0.4636,1.0258,7.479,,3.8166
2024-05-10 00:00:00+00:00,60811.3,2910.73,146.04,0.5021,0.14388,585.4,33.721,13.565,0.4479,1.0079,7.252,,3.6666
2024-05-11 00:00:00+00:00,60821.3,2912.4,145.39,0.506,0.14309,592.3,33.495,13.306,0.4389,0.9946,7.02,,3.6126
2024-05-12 00:00:00+00:00,61471.9,2929.28,143.41,0.4994,0.14123,594.4,33.13,13.561,0.4377,1.0043,6.885,,3.6686
2024-05-13 00:00:00+00:00,62935.5,2950.9,147.57,0.5053,0.14863,591.5,32.459,13.39,0.4367,0.9695,7.291,,3.505
2024-05-14 00:00:00+00:00,61564.9,2882.52,142.02,0.5002,0.14551,567.0,31.58,12.982,0.4285,0.896,7.021,,3.3015
2024-05-15 00:00:00+00:00,66222.3,3031.72,158.48,0.519,0.15534,581.1,34.668,13.869,0.4525,0.9921,8.054,,3.5218
2024-05-16 00:00:00+00:00,65241.7,2945.04,159.36,0.5157,0.14973,568.8,34.458,15.518,0.4598,1.0239,8.018,,3.2339
2024-05-17 00:00:00+00:00,67007.3,3092.23,169.48,0.5235,0.15555,580.8,36.422,16.234,0.4822,1.0762,8.038,,3.4602
2024-05-18 00:00:00+00:00,66910.1,3123.26,172.36,0.5211,0.15304,580.3,37.232,16.33,0.4819,1.0812,7.917,,3.4202
2024-05-19 00:00:00+00:00,66272.2,3071.4,169.94,0.5095,0.14905,574.5,35.602,16.56,0.4672,1.0269,7.778,,3.2628
2024-05-20 00:00:00+00:00,71481.8,3662.68,186.75,0.5379,0.16576,600.0,40.132,17.268,0.502,1.147,8.294,,4.0232
2024-05-21 00:00:00+00:00,70140.5,3790.27,178.16,0.5371,0.17025,619.0,41.204,16.746,0.4946,1.1414,7.819,,4.2007
2024-05-22 00:00:00+00:00,69182.1,3738.13,177.04,0.5269,0.16631,615.2,40.008,16.361,0.4836,1.1057,7.988,,4.0311
2024-05-23 00:00:00+00:00,67961.3,3783.29,176.18,0.5287,0.15973,599.2,38.517,16.6,0.4657,1.0762,7.691,,5.0169
2024-05-24 00:00:00+00:00,68562.8,3728.01,167.67,0.5359,0.16383,600.3,38.019,17.252,0.4601,1.0679,7.911,,4.8271
2024-05-25 00:00:00+00:00,69300.0,3750.62,168.35,0.5419,0.17397,602.1,38.292,17.441,0.4623,1.0628,8.231,,4.9076
2024-05-26 00:00:00+00:00,68515.1,3826.38,163.43,0.5283,0.16619,600.2,36.76,17.043,0.4582,1.0418,7.812,,5.0974
2024-05-27 00:00:00+00:00,69410.3,3894.55,170.16,0.534,0.16914,603.8,38.261,18.79,0.4686,1.0747,7.827,,4.9629
2024-05-28 00:00:00+00:00,68404.6,3844.66,168.68,0.5286,0.165,601.4,37.012,18.539,0.4575,1.0306,7.706,,4.7714
2024-05-29 00:00:00+00:00,67647.8,3767.81,168.36,0.5238,0.16388,595.4,36.193,18.459,0.4511,1.0168,7.583,,4.6105
2024-05-30 00:00:00+00:00,68366.0,3748.41,166.91,0.5187,0.15946,594.9,35.976,17.945,0.4465,1.0133,7.281,,4.5791
2024-05-31 00:00:00+00:00,67558.8,3762.68,165.68,0.5175,0.15902,593.7,36.013,18.415,0.447,1.0232,7.247,,4.7144
2024-06-01 00:00:00+00:00,67769.1,3815.61,166.14,0.5187,0.16033,602.1,35.772,18.44,0.4502,1.0238,7.377,,4.8162
2024-06-02 00:00:00+00:00,67766.9,3782.02,163.2,0.5136,0.15712,603.3,34.921,18.146,0.4464,1.0165,7.191,,4.5398
2024-06-03 00:00:00+00:00,68805.0,3767.36,164.9,0.5199,0.15834,626.9,35.033,17.625,0.4575,1.0398,7.118,,4.6872
2024-06-04 00:00:00+00:00,70543.6,3810.64,171.74,0.5257,0.16136,686.1,36.072,17.723,0.4615,1.0538,7.422,,4.7249
2024-06-05 00:00:00+00:00,71115.0,3866.25,173.57,0.5259,0.16333,699.5,36.576,17.745,0.4613,1.104,7.661,,4.8724
2024-06-06 00:00:00+00:00,70795.9,3813.75,170.2,0.5215,0.16019,710.8,35.899,17.255,0.4581,1.1134,7.329,,4.8356
2024-06-07 00:00:00+00:00,69350.1,3679.14,162.51,0.499,0.14824,683.9,33.528,16.32,0.4492,1.0809,6.872,,4.2444
2024-06-08 00:00:00+00:00,69309.3,3681.72,157.85,0.4927,0.1459,682.6,32.28,15.926,0.4367,1.104,6.566,,4.0294
2024-06-09 00:00:00+00:00,69641.2,3706.43,162.11,0.4985,0.14679,673.2,32.996,16.369,0.4442,1.0938,6.588,,4.0682
2024-06-10 00:00:00+00:00,69539.1,3668.77,159.08,0.4969,0.1448,625.0,32.279,15.908,0.4406,1.0342,6.396,,3.8731
2024-06-11 00:00:00+00:00,67309.4,3497.06,149.3,0.4801,0.13806,602.1,31.554,14.984,0.4218,0.9925,6.065,,3.6862
2024-06-12 00:00:00+00:00,68273.7,3560.65,155.2,0.4915,0.14622,619.3,33.276,16.008,0.4378,1.0185,6.401,,3.9379
2024-06-13 00:00:00+00:00,66772.7,3469.97,147.29,0.4767,0.14111,599.6,31.0,15.14,0.4211,0.9658,5.918,,3.7268
2024-06-14 00:00:00+00:00,66042.9,3481.28,143.01,0.4746,0.135,603.2,30.281,14.745,0.4119,0.9298,5.587,,3.6802
2024-06-15 00:00:00+00:00,66216.3,3569.09,145.47,0.4907,0.13674,608.1,30.002,14.858,0.4138,0.9444,5.605,,4.0431
2024-06-16 00:00:00+00:00,66682.1,3624.01,151.26,0.489,0.1371,610.8,30.072,15.142,0.4167,0.9699,5.642,,3.9881
2024-06-17 00:00:00+00:00,66484.1,3511.11,143.23,0.5047,0.12877,604.2,28.456,14.52,0.4012,0.8906,5.167,,3.4877
2024-06-18 00:00:00+00:00,65178.1,3483.11,137.37,0.4909,0.12224,588.7,26.6,13.98,0.3836,0.8001,4.727,,3.2703
2024-06-19 00:00:00+00:00,64970.1,3560.0,135.61,0.4933,0.12246,599.1,26.937,14.344,0.3844,0.8654,4.964,,3.39
2024-06-20 00:00:00+00:00,64887.9,3512.83,133.6,0.4887,0.12453,587.4,27.582,14.257,0.3843,0.8947,5.164,,3.4548
2024-06-21 00:00:00+00:00,64152.4,3518.42,134.58,0.489,0.12415,586.2,27.482,13.847,0.3759,0.9199,5.406,,3.4444
2024-06-22 00:00:00+00:00,64266.3,3495.44,133.67,0.4865,0.12375,591.0,25.617,13.479,0.3845,0.8905,5.182,,3.3643
2024-06-23 00:00:00+00:00,63203.8,3420.89,128.7,0.4798,0.12224,577.6,25.086,13.199,0.3801,0.881,5.192,,3.2227
2024-06-24 00:00:00+00:00,60280.3,3352.0,132.26,0.4741,0.119,568.2,24.794,13.616,0.3778,0.8946,5.372,,3.2782
2024-06-25 00:00:00+00:00,61793.8,3394.5,136.56,0.4758,0.12618,578.1,25.395,14.198,0.3917,0.8783,5.422,,3.2855
2024-06-26 00:00:00+00:00,60864.9,3371.76,136.81,0.4698,0.12278,573.0,25.823,13.917,0.385,0.8295,5.177,,3.2165
2024-06-27 00:00:00+00:00,61702.3,3450.76,149.7,0.4752,0.12709,581.5,27.912,14.429,0.3913,0.8366,5.22,,3.2963
2024-06-28 00:00:00+00:00,60430.9,3380.39,140.04,0.4716,0.12308,567.4,27.96,13.778,0.3857,0.7906,4.959,,3.1388
2024-06-29 00:00:00+00:00,60992.1,3379.24,140.31,0.4725,0.12191,570.1,27.765,13.544,0.384,0.7826,4.963,,2.9871
2024-06-30 00:00:00+00:00,62769.8,3438.0,146.67,0.476,0.1245,582.1,29.362,14.281,0.3925,0.8201,5.305,,3.085
2024-07-01 00:00:00+00:00,62905.3,3442.52,146.71,0.4771,0.12354,577.0,28.83,14.338,0.4032,0.809,5.268,,2.8946
2024-07-02 00:00:00+00:00,62129.9,3421.58,153.99,0.4854,0.12531,579.9,28.716,14.419,0.4182,0.8257,5.521,,2.6942
2024-07-03 00:00:00+00:00,60213.9,3295.58,140.82,0.4671,0.11849,556.7,26.506,13.593,0.4069,0.776,5.033,,2.3443
2024-07-04 00:00:00+00:00,57065.2,3060.31,127.83,0.4328,0.10502,513.3,24.449,12.528,0.3622,0.6738,4.619,,2.0728
2024-07-05 00:00:00+00:00,56620.0,2981.37,134.29,0.425,0.10542,497.7,25.125,12.31,0.3498,0.6437,4.422,,1.8071
2024-07-06 00:00:00+00:00,58233.1,3067.05,143.06,0.4489,0.11341,526.1,27.398,13.181,0.3707,0.6937,4.81,,2.0001
2024-07-07 00:00:00+00:00,55870.1,2931.69,131.65,0.4195,0.10416,490.7,25.753,12.352,0.3466,0.6399,4.4,,1.9027
2024-07-08 00:00:00+00:00,56719.1,3018.7,139.8,0.4316,0.10761,510.5,25.209,13.122,0.369,0.6734,4.467,,2.088
2024-07-09 00:00:00+00:00,58044.1,3066.61,141.45,0.4356,0.10756,516.7,26.435,12.843,0.3753,0.7436,4.533,,2.2208
2024-07-10 00:00:00+00:00,57720.4,3101.06,141.99,0.4387,0.10802,524.8,25.754,12.791,0.3884,0.7377,4.624,,2.2339
2024-07-11 00:00:00+00:00,57346.3,3099.8,135.74,0.4489,0.10662,524.8,25.197,12.347,0.3961,0.7559,4.929,,2.1048
2024-07-12 00:00:00+00:00,57902.0,3134.3,139.44,0.4743,0.10766,533.8,25.976,12.741,0.4164,0.7481,5.184,,2.0784
2024-07-13 00:00:00+00:00,59205.2,3175.96,141.83,0.5257,0.11231,532.3,25.848,13.02,0.4416,0.7577,5.203,,2.0553
2024-07-14 00:00:00+00:00,60789.8,3245.15,147.63,0.5203,0.11535,544.8,26.346,13.446,0.4316,0.8073,5.4,,2.1335
2024-07-15 00:00:00+00:00,64750.0,3483.72,159.36,0.5371,0.1249,585.2,27.832,14.392,0.4449,0.8441,5.916,,2.3682
2024-07-16 00:00:00+00:00,65047.1,3444.24,160.65,0.5794,0.1248,576.0,28.009,14.207,0.4382,0.8675,6.245,,2.3178
2024-07-17 00:00:00+00:00,64093.4,3387.8,155.54,0.6259,0.12177,568.8,27.232,13.739,0.4359,0.8401,6.069,,2.4195
2024-07-18 00:00:00+00:00,63985.6,3426.74,159.24,0.5695,0.11955,571.8,27.131,13.597,0.4235,0.8108,6.039,,2.3009
2024-07-19 00:00:00+00:00,66668.1,3504.38,169.18,0.5731,0.12544,593.5,28.161,14.079,0.4389,0.8543,6.434,,2.4258
2024-07-20 00:00:00+00:00,67135.8,3517.6,173.62,0.5938,0.13425,592.8,29.112,14.25,0.4373,0.8502,6.288,,2.4368
2024-07-21 00:00:00+00:00,68170.2,3536.22,184.53,0.5985,0.14027,602.2,32.642,14.816,0.447,0.8592,6.338,,2.484
2024-07-22 00:00:00+00:00,67523.1,3439.77,178.9,0.6079,0.13777,587.1,31.873,13.933,0.4262,0.8315,6.031,,2.4532
2024-07-23 00:00:00+00:00,65941.0,3482.61,173.04,0.5975,0.13031,582.0,29.811,13.91,0.4099,0.8144,5.763,,2.4272
2024-07-24 00:00:00+00:00,65377.4,3336.01,178.09,0.618,0.12793,574.9,28.37,13.403,0.4062,0.7707,5.619,,2.1793
2024-07-25 00:00:00+00:00,65799.9,3175.0,171.83,0.5993,0.12525,570.6,27.232,12.936,0.3946,0.7497,5.416,,2.0488
2024-07-26 00:00:00+00:00,67910.2,3274.4,183.11,0.6034,0.13422,580.8,28.704,13.528,0.4172,0.7872,5.716,,2.1938
2024-07-27 00:00:00+00:00,67905.4,3249.47,184.02,0.5959,0.13147,581.7,28.04,13.548,0.4175,0.7845,5.678,,2.1969
2024-07-28 00:00:00+00:00,68239.1,3270.28,184.87,0.6013,0.13004,583.8,27.386,13.302,0.4072,0.7493,5.443,,2.1297
2024-07-29 00:00:00+00:00,66787.3,3318.37,182.63,0.6018,0.12843,574.3,26.986,13.531,0.4032,0.7401,5.273,,2.1371
2024-07-30 00:00:00+00:00,66195.6,3279.59,179.12,0.6276,0.12552,588.1,26.318,13.136,0.4013,0.7078,5.152,,2.0679
2024-07-31 00:00:00+00:00,64635.1,3233.32,171.66,0.6232,0.12196,576.6,25.708,12.829,0.3882,0.7071,4.99,,1.9854
2024-08-01 00:00:00+00:00,65353.6,3203.52,167.37,0.5963,0.11899,575.0,25.704,12.883,0.3925,0.6958,4.978,,1.9125
2024-08-02 00:00:00+00:00,61490.7,2990.01,152.76,0.5605,0.11155,543.0,23.597,11.92,0.3637,0.638,4.603,,1.7365
2024-08-03 00:00:00+00:00,60711.2,2903.54,142.5,0.5559,0.10814,529.6,22.667,11.686,0.3647,0.6103,4.362,,1.5509
2024-08-04 00:00:00+00:00,58170.0,2689.08,138.34,0.5228,0.10375,496.7,21.253,10.887,0.3441,0.5775,4.134,,1.372
2024-08-05 00:00:00+00:00,54009.6,2419.96,129.8,0.489,0.09434,464.3,19.534,9.481,0.3119,0.5347,3.523,,1.2469
2024-08-06 00:00:00+00:00,56014.2,2461.05,144.4,0.5059,0.09646,485.0,20.886,10.063,0.3309,0.601,3.677,,1.3851
2024-08-07 00:00:00+00:00,55140.0,2342.41,144.77,0.6004,0.09561,475.0,19.854,9.49,0.3239,0.6165,3.569,,1.3251
2024-08-08 00:00:00+00:00,61697.1,2682.83,163.16,0.6166,0.10746,517.0,22.738,10.749,0.3516,0.8526,4.064,,1.5758
2024-08-09 00:00:00+00:00,60842.0,2598.71,156.28,0.5806,0.10385,508.8,21.744,10.533,0.3483,0.8558,4.055,,1.4857
2024-08-10 00:00:00+00:00,60919.5,2610.31,154.03,0.5839,0.10515,523.1,21.581,10.553,0.3457,0.9194,4.163,,1.4722
2024-08-11 00:00:00+00:00,58727.7,2555.82,141.52,0.5529,0.1006,503.5,20.403,9.997,0.3276,0.8738,3.866,,1.3304
2024-08-12 00:00:00+00:00,59348.6,2722.53,146.32,0.5684,0.10789,518.6,21.259,10.551,0.3388,1.0148,4.11,,1.5136
2024-08-13 00:00:00+00:00,60591.9,2702.53,146.62,0.5767,0.10637,524.0,21.38,10.571,0.3399,0.9554,4.306,,1.4849
2024-08-14 00:00:00+00:00,58685.2,2661.13,143.73,0.5688,0.10238,523.3,20.954,10.391,0.3352,0.9339,4.168,,1.4902
2024-08-15 00:00:00+00:00,57528.0,2570.18,142.58,0.5608,0.10021,519.0,20.126,10.171,0.3249,0.845,4.026,,1.448
2024-08-16 00:00:00+00:00,58892.2,2592.94,139.04,0.5637,0.10035,519.5,20.367,10.126,0.33,0.8117,3.967,,1.366
2024-08-17 00:00:00+00:00,59499.0,2614.71,141.9,0.5665,0.10278,541.5,20.704,10.156,0.3373,0.8281,3.992,,1.4049
2024-08-18 00:00:00+00:00,58435.8,2612.65,142.4,0.563,0.10003,531.0,20.817,10.081,0.3342,0.8242,3.9,,1.3841
2024-08-19 00:00:00+00:00,59433.0,2636.27,144.23,0.5982,0.10128,558.5,21.207,10.18,0.3366,0.9012,4.001,,1.3836
2024-08-20 00:00:00+00:00,59007.9,2572.63,142.29,0.5937,0.10288,569.5,22.261,10.238,0.3434,0.8708,4.0,,1.4096
2024-08-21 00:00:00+00:00,61158.7,2630.89,142.8,0.6001,0.10615,570.0,23.53,11.213,0.3688,0.8494,4.247,,1.4529
2024-08-22 00:00:00+00:00,60380.0,2622.86,143.26,0.5977,0.10525,582.8,25.207,11.476,0.3762,0.8522,4.303,,1.5142
2024-08-23 00:00:00+00:00,64050.0,2762.99,153.28,0.6109,0.11293,591.4,26.501,12.057,0.3911,1.0156,4.838,,1.6437
2024-08-24 00:00:00+00:00,64160.9,2768.14,160.64,0.6125,0.11259,580.7,27.115,12.341,0.3936,1.0184,5.04,,1.7186
2024-08-25 00:00:00+00:00,64222.0,2746.33,158.93,0.5999,0.10958,573.8,26.913,12.1,0.3848,0.9988,4.918,,1.6649
2024-08-26 00:00:00+00:00,62840.1,2680.86,157.11,0.5874,0.1052,548.4,25.939,11.837,0.3662,0.9263,4.782,,1.5101
2024-08-27 00:00:00+00:00,59405.3,2457.6,146.81,0.5665,0.09889,533.4,24.088,11.154,0.3502,0.8475,4.527,,1.372
2024-08-28 00:00:00+00:00,59040.2,2528.29,143.93,0.5693,0.09962,536.9,23.447,11.175,0.35,0.8096,4.342,,1.3442
2024-08-29 00:00:00+00:00,59350.1,2527.69,140.02,0.5618,0.10036,536.5,22.894,10.943,0.3577,0.8032,4.211,,1.3347
2024-08-30 00:00:00+00:00,59127.3,2525.99,137.99,0.5666,0.10178,535.1,23.284,11.114,0.3468,0.8318,4.113,,1.351
2024-08-31 00:00:00+00:00,58977.2,2513.37,135.35,0.5663,0.10127,532.9,22.803,11.014,0.3448,0.7961,4.031,,1.314
2024-09-01 00:00:00+00:00,57290.8,2425.7,128.45,0.5471,0.09508,512.3,21.408,10.363,0.331,0.7606,3.848,,1.233
2024-09-02 00:00:00+00:00,59146.9,2537.88,134.89,0.5677,0.09912,526.3,22.358,10.761,0.3361,0.7869,3.989,,1.3264
2024-09-03 00:00:00+00:00,57486.1,2425.13,127.54,0.5573,0.09678,518.7,21.38,10.31,0.3185,0.7855,3.726,,1.2518
2024-09-04 00:00:00+00:00,57974.0,2450.39,133.61,0.558,0.09798,507.6,21.904,10.334,0.3232,0.8089,3.889,,1.2756
2024-09-05 00:00:00+00:00,56180.0,2368.92,129.4,0.5444,0.09841,502.5,21.368,10.026,0.325,0.7971,3.711,,1.2721
2024-09-06 00:00:00+00:00,53956.4,2225.21,125.0,0.5209,0.09251,487.1,21.154,9.573,0.3146,0.8375,3.549,,1.2297
2024-09-07 00:00:00+00:00,54161.9,2273.71,127.71,0.5249,0.09536,493.5,21.79,10.026,0.3253,0.8911,3.666,,1.2508
2024-09-08 00:00:00+00:00,54879.7,2297.44,130.15,0.5295,0.09615,503.1,23.24,10.351,0.339,0.9392,3.756,,1.2995
2024-09-09 00:00:00+00:00,57035.2,2359.01,135.04,0.5394,0.10376,518.6,23.838,10.539,0.3434,0.9581,4.016,,1.3506
2024-09-10 00:00:00+00:00,57644.6,2388.62,135.62,0.5407,0.10279,516.9,24.346,10.591,0.3429,0.9178,4.033,,1.3446
2024-09-11 00:00:00+00:00,57342.8,2340.57,132.4,0.5347,0.1013,530.1,23.279,10.397,0.3532,0.9305,3.968,,1.2928
2024-09-12 00:00:00+00:00,58127.9,2362.12,136.05,0.5624,0.1027,544.6,24.018,10.786,0.3564,1.0392,4.248,,1.3515
2024-09-13 00:00:00+00:00,60495.9,2439.69,138.98,0.5726,0.10697,556.1,24.908,11.449,0.3605,1.0278,4.286,,1.3967
2024-09-14 00:00:00+00:00,59992.8,2418.29,137.15,0.5955,0.10538,553.3,25.328,11.298,0.3541,1.0446,4.193,,1.3585
2024-09-15 00:00:00+00:00,59130.0,2316.31,131.36,0.5706,0.1028,553.1,23.785,10.808,0.3385,1.0787,4.016,,1.2902
2024-09-16 00:00:00+00:00,58210.5,2295.6,131.46,0.5866,0.09964,533.6,23.511,10.544,0.3301,1.0419,3.879,,1.2534
2024-09-17 00:00:00+00:00,60318.4,2342.11,131.52,0.5837,0.10111,546.2,23.776,10.623,0.3337,1.1691,4.132,,1.3401
2024-09-18 00:00:00+00:00,61767.8,2375.16,134.33,0.5854,0.10387,559.6,24.708,10.895,0.3442,1.314,4.253,,1.4103
2024-09-19 00:00:00+00:00,62967.6,2465.41,142.88,0.5869,0.10501,567.1,26.664,11.204,0.3509,1.3792,4.364,,1.4622
2024-09-20 00:00:00+00:00,63208.1,2561.68,146.7,0.5852,0.10556,568.9,27.669,11.436,0.3522,1.4696,4.386,,1.4917
2024-09-21 00:00:00+00:00,63349.9,2613.46,149.48,0.5976,0.10995,588.8,27.783,11.491,0.3584,1.4817,4.666,,1.55
2024-09-22 00:00:00+00:00,63589.1,2581.13,144.67,0.587,0.10633,588.6,27.294,11.129,0.3516,1.5845,4.525,,1.4685
2024-09-23 00:00:00+00:00,63345.2,2647.55,144.8,0.5847,0.10804,604.7,27.392,11.392,0.3637,1.5352,5.174,,1.535
2024-09-24 00:00:00+00:00,64278.1,2653.59,152.75,0.591,0.10978,605.9,28.476,12.152,0.3877,1.7423,5.347,,1.5793
2024-09-25 00:00:00+00:00,63160.1,2580.9,147.96,0.583,0.10849,587.6,27.284,12.109,0.381,1.6985,5.143,,1.4893
2024-09-26 00:00:00+00:00,65166.1,2632.0,155.53,0.5905,0.11814,596.3,29.151,12.559,0.4016,1.6408,5.546,,1.6734
2024-09-27 00:00:00+00:00,65779.3,2694.88,157.67,0.5889,0.12353,606.9,30.435,12.669,0.4018,1.6574,5.453,,1.7526
2024-09-28 00:00:00+00:00,65857.2,2675.49,156.78,0.6138,0.12811,601.0,29.289,12.942,0.4004,1.6868,5.561,,1.6845
2024-09-29 00:00:00+00:00,65604.2,2657.96,158.47,0.6411,0.12435,595.6,29.039,12.463,0.3975,1.7588,5.502,,1.7645
2024-09-30 00:00:00+00:00,63330.5,2602.63,152.51,0.6114,0.1142,567.4,27.712,11.848,0.3733,1.7741,5.286,,1.7668
2024-10-01 00:00:00+00:00,60814.3,2447.79,145.16,0.5968,0.10684,547.2,25.818,11.015,0.352,1.7573,4.838,,1.4762
2024-10-02 00:00:00+00:00,60650.1,2364.0,140.19,0.5382,0.10463,542.5,25.334,10.653,0.3431,1.855,4.627,,1.4048
2024-10-03 00:00:00+00:00,60758.0,2349.61,136.77,0.5216,0.10507,544.7,24.65,10.655,0.3452,1.6625,4.64,,1.3538
2024-10-04 00:00:00+00:00,62093.8,2414.69,143.21,0.5339,0.10925,555.4,26.266,11.074,0.3517,1.7727,4.83,,1.4437
2024-10-05 00:00:00+00:00,62066.1,2414.81,142.61,0.5293,0.10941,563.0,25.662,11.262,0.3508,1.7543,4.776,,1.4061
2024-10-06 00:00:00+00:00,62825.5,2440.02,146.47,0.5337,0.11157,570.4,26.936,11.28,0.3575,1.8407,4.951,,1.4717
2024-10-07 00:00:00+00:00,62221.3,2422.48,143.96,0.5286,0.10842,564.4,26.557,11.157,0.3511,2.018,5.045,,1.4707
2024-10-08 00:00:00+00:00,62156.8,2440.59,143.49,0.5311,0.1071,580.3,26.347,10.833,0.3447,1.9866,4.893,,1.4526
2024-10-09 00:00:00+00:00,60646.9,2370.7,139.33,0.5244,0.10795,570.6,25.774,10.536,0.3395,1.875,4.608,,1.3804
2024-10-10 00:00:00+00:00,60317.3,2386.23,139.02,0.5304,0.106,563.8,25.858,10.557,0.3395,1.8342,4.594,,1.3788
2024-10-11 00:00:00+00:00,62539.3,2439.49,145.55,0.5388,0.11075,573.6,27.46,10.907,0.3517,2.0542,4.736,,1.465
2024-10-12 00:00:00+00:00,63210.3,2476.61,146.41,0.5394,0.11138,576.4,28.631,11.003,0.353,2.2418,4.846,,1.4809
2024-10-13 00:00:00+00:00,62877.9,2469.16,147.73,0.5318,0.1114,572.2,29.061,10.75,0.3486,2.3442,4.702,,1.4892
2024-10-14 00:00:00+00:00,66097.9,2630.19,157.58,0.5484,0.11673,589.1,29.061,11.285,0.3644,2.2503,5.026,,1.6832
2024-10-15 00:00:00+00:00,67083.0,2607.67,154.75,0.5417,0.11746,594.6,28.214,11.459,0.3591,2.0592,5.066,,1.7532
2024-10-16 00:00:00+00:00,67621.8,2611.32,154.26,0.548,0.12573,600.9,28.024,11.246,0.3521,2.0826,4.945,,1.6639
2024-10-17 00:00:00+00:00,67439.3,2605.76,150.51,0.5442,0.12962,592.7,27.299,11.028,0.3433,2.0253,4.769,,1.5707
2024-10-18 00:00:00+00:00,68437.2,2642.45,154.93,0.5467,0.13721,599.0,28.093,11.48,0.3507,2.1248,4.896,,1.6401
2024-10-19 00:00:00+00:00,68377.1,2648.83,159.85,0.544,0.14411,597.8,28.106,11.418,0.3514,2.0631,4.818,,1.6374
2024-10-20 00:00:00+00:00,69050.1,2747.38,167.48,0.5483,0.14218,606.1,28.971,11.975,0.365,2.128,4.983,,1.747
2024-10-21 00:00:00+00:00,67378.7,2666.91,166.19,0.5448,0.14367,598.7,27.753,11.706,0.3608,2.01,4.781,,1.6396
2024-10-22 00:00:00+00:00,67426.2,2623.15,167.63,0.5338,0.13971,593.7,27.643,11.975,0.3645,1.9393,4.681,,1.6248
2024-10-23 00:00:00+00:00,66662.1,2524.63,170.87,0.5258,0.13998,584.8,26.758,11.325,0.3498,1.9773,4.65,,1.5475
2024-10-24 00:00:00+00:00,68202.6,2535.95,177.18,0.5322,0.14192,594.5,26.837,11.615,0.3465,1.937,4.72,,1.5557
2024-10-25 00:00:00+00:00,66695.0,2440.44,164.84,0.5019,0.13158,574.8,24.926,11.132,0.326,1.7505,4.168,,1.3295
2024-10-26 00:00:00+00:00,67100.0,2482.5,170.88,0.5134,0.13745,583.3,25.399,11.008,0.3338,1.7949,4.236,,1.4115
2024-10-27 00:00:00+00:00,68028.2,2508.22,176.6,0.5169,0.14429,589.4,25.76,10.983,0.3398,1.7562,4.308,,1.4147
2024-10-28 00:00:00+00:00,69971.9,2567.46,178.28,0.5194,0.16145,601.1,26.263,11.184,0.3437,1.7725,4.299,,1.4235
2024-10-29 00:00:00+00:00,72751.3,2639.47,179.44,0.5287,0.17588,606.3,26.876,11.798,0.3563,2.071,4.438,,1.4943
2024-10-30 00:00:00+00:00,72343.2,2659.35,174.88,0.5229,0.16828,595.7,26.17,12.392,0.355,2.0829,4.31,,1.5299
2024-10-31 00:00:00+00:00,70304.3,2518.65,168.68,0.5095,0.16167,576.5,25.014,11.418,0.3416,1.9717,4.054,,1.4341
2024-11-01 00:00:00+00:00,69496.8,2511.73,166.11,0.5129,0.15915,573.0,24.787,11.248,0.3574,1.9895,3.929,,1.3966
2024-11-02 00:00:00+00:00,69382.9,2494.56,166.13,0.5103,0.15958,568.7,24.117,11.189,0.3481,1.908,3.809,,1.3344
2024-11-03 00:00:00+00:00,68776.9,2457.71,162.5,0.5029,0.15136,557.8,23.536,10.759,0.3339,1.9462,3.688,,1.2673
2024-11-04 00:00:00+00:00,67858.8,2398.51,157.94,0.5033,0.15824,552.5,22.728,10.254,0.3263,1.8494,3.62,,1.225
2024-11-05 00:00:00+00:00,69381.9,2422.7,166.62,0.514,0.16996,563.3,23.99,10.834,0.3336,2.009,3.809,,1.3053
2024-11-06 00:00:00+00:00,75598.2,2722.22,186.55,0.542,0.19656,592.2,27.018,12.175,0.3631,2.3034,4.234,,1.5229
2024-11-07 00:00:00+00:00,75856.0,2895.47,196.39,0.5556,0.19332,598.3,27.386,12.591,0.4065,2.3188,4.232,,1.5904
2024-11-08 00:00:00+00:00,76501.6,2961.94,199.87,0.5537,0.20199,598.0,28.784,13.693,0.4446,2.2886,4.334,,1.577
2024-11-09 00:00:00+00:00,76688.0,3126.85,199.96,0.5594,0.21893,624.7,30.378,13.778,0.4966,2.7482,4.641,,1.6797
2024-11-10 00:00:00+00:00,80379.4,3184.01,210.1,0.5885,0.27778,627.5,31.894,14.265,0.5902,3.0352,4.723,,1.8199
2024-11-11 00:00:00+00:00,88700.1,3373.14,222.2,0.6215,0.3518,660.4,35.719,14.915,0.6135,3.2764,5.566,,1.8715
2024-11-12 00:00:00+00:00,87948.8,3244.34,211.68,0.7044,0.38,625.4,33.952,13.95,0.5708,3.2154,5.341,,1.6918
2024-11-13 00:00:00+00:00,90383.8,3187.67,215.13,0.6896,0.39888,620.7,33.114,13.482,0.5782,3.3043,5.169,,1.5693
2024-11-14 00:00:00+00:00,87349.4,3058.96,209.59,0.7735,0.36239,622.3,31.201,12.998,0.5794,3.3534,5.417,,1.4536
2024-11-15 00:00:00+00:00,91050.0,3090.45,218.57,0.8919,0.38176,619.3,33.123,13.845,0.707,3.6111,5.559,,1.5344
2024-11-16 00:00:00+00:00,90575.4,3133.52,215.79,1.1212,0.36418,622.7,35.147,14.527,0.7417,3.7614,5.947,,1.6793
2024-11-17 00:00:00+00:00,89860.0,3076.78,237.46,1.0544,0.36714,618.7,34.72,13.786,0.7026,3.7843,5.705,,1.5475
2024-11-18 00:00:00+00:00,90472.9,3208.13,239.82,1.1143,0.37128,619.0,35.48,15.264,0.7327,3.7012,6.022,,1.6921
2024-11-19 00:00:00+00:00,92302.1,3108.11,237.62,1.1003,0.39065,615.8,34.216,14.623,0.7386,3.7232,5.781,,1.5842
2024-11-20 00:00:00+00:00,94299.0,3070.6,235.51,1.1042,0.37789,605.6,33.589,14.235,0.8,3.5254,5.477,,1.4786
2024-11-21 00:00:00+00:00,98338.5,3356.72,256.48,1.2474,0.38675,622.0,35.852,14.891,0.822,3.6267,5.789,,1.9089
2024-11-22 00:00:00+00:00,98899.5,3328.0,256.98,1.4727,0.41267,633.2,43.19,16.566,1.0175,3.5656,6.135,,1.8706
2024-11-23 00:00:00+00:00,97692.1,3394.59,254.91,1.469,0.43028,650.6,41.441,17.388,1.066,3.4373,6.192,,2.0981
2024-11-24 00:00:00+00:00,97909.0,3361.63,252.79,1.4329,0.43033,659.8,42.056,17.911,1.0227,3.3963,6.875,,2.2065
2024-11-25 00:00:00+00:00,93034.1,3415.59,234.22,1.414,0.39274,636.3,41.316,17.345,0.9439,3.1927,6.462,,2.2458
2024-11-26 00:00:00+00:00,91976.1,3325.66,230.72,1.3989,0.3871,613.8,42.716,17.335,0.9602,3.4946,6.519,,2.1638
2024-11-27 00:00:00+00:00,95868.0,3654.21,242.01,1.4702,0.40117,644.4,43.783,18.657,1.0117,3.4345,6.818,,2.5342
2024-11-28 00:00:00+00:00,95659.2,3579.79,237.59,1.5427,0.40171,654.1,42.777,17.941,1.0325,3.4437,7.019,,2.3814
2024-11-29 00:00:00+00:00,97465.9,3592.64,243.33,1.8007,0.42645,654.7,44.872,18.255,1.0752,3.4867,6.963,,2.3477
2024-11-30 00:00:00+00:00,96430.0,3703.88,237.65,1.9521,0.42164,653.6,44.81,19.002,1.0793,3.4763,7.006,,2.5561
2024-12-01 00:00:00+00:00,97197.4,3709.0,236.95,2.2943,0.44067,656.2,45.109,18.931,1.1505,3.4793,6.918,,2.5341
2024-12-02 00:00:00+00:00,95833.2,3644.64,225.86,2.7234,0.42475,648.0,52.261,25.228,1.2031,3.3908,7.483,,2.656
2024-12-03 00:00:00+00:00,95860.2,3615.37,234.05,2.5131,0.40669,736.1,50.901,24.105,1.1918,3.697,7.385,,2.6219
2024-12-04 00:00:00+00:00,98628.2,3839.42,229.27,2.359,0.4329,740.0,52.785,24.083,1.1878,3.6752,7.474,,2.7166
2024-12-05 00:00:00+00:00,96931.8,3786.4,235.94,2.2446,0.427,717.5,50.288,23.163,1.1598,4.2279,7.617,,2.6611
2024-12-06 00:00:00+00:00,99745.6,4000.25,236.98,2.4258,0.43485,730.5,52.492,25.872,1.2278,4.2183,8.023,,2.9652
2024-12-07 00:00:00+00:00,99853.4,3997.43,238.2,2.6098,0.45306,750.0,51.597,24.786,1.2106,4.2612,7.724,,2.9616
2024-12-08 00:00:00+00:00,101144.9,4005.45,237.13,2.6018,0.46654,742.2,54.011,26.097,1.1939,4.2327,7.823,,2.9587
2024-12-09 00:00:00+00:00,97279.5,3712.4,216.63,2.2119,0.41394,688.9,44.998,22.229,1.003,3.8338,6.502,,2.3902
2024-12-10 00:00:00+00:00,96601.5,3628.28,213.59,2.3701,0.39391,676.9,44.61,22.125,1.0214,3.7122,6.424,,2.381
2024-12-11 00:00:00+00:00,101131.4,3831.99,227.32,2.3949,0.41416,711.2,48.452,24.071,1.0869,4.372,6.849,,2.616
2024-12-12 00:00:00+00:00,100010.6,3881.58,226.95,2.3384,0.40614,705.8,53.137,29.126,1.1233,4.6199,6.913,,2.7212
2024-12-13 00:00:00+00:00,101422.7,3907.13,224.77,2.4223,0.409,725.5,52.794,28.991,1.1213,4.7622,6.936,,2.6822
2024-12-14 00:00:00+00:00,101416.2,3870.36,219.97,2.4007,0.39834,715.8,49.84,29.12,1.0606,4.459,6.681,,2.6094
2024-12-15 00:00:00+00:00,104507.9,3960.22,224.28,2.4476,0.40666,719.1,50.774,29.26,1.0998,4.7842,6.859,,2.7664
2024-12-16 00:00:00+00:00,106078.2,3986.22,216.22,2.4846,0.40196,720.6,48.988,28.743,1.0773,4.6284,6.618,,2.8176
2024-12-17 00:00:00+00:00,106120.9,3892.45,223.22,2.5664,0.39413,717.7,47.909,27.868,1.0521,4.6393,6.381,0.028667,2.6188
2024-12-18 00:00:00+00:00,100203.9,3627.74,206.55,2.3096,0.35823,686.3,42.771,24.869,0.9683,4.3368,5.686,0.035605,2.4329
2024-12-19 00:00:00+00:00,97451.1,3417.21,193.79,2.2393,0.31438,665.6,38.82,22.805,0.8804,4.0716,5.2,0.02862,2.0765
2024-12-20 00:00:00+00:00,97794.8,3472.2,194.44,2.2798,0.31793,678.5,39.845,23.396,0.9499,4.5814,5.35,0.027825,2.1374
2024-12-21 00:00:00+00:00,97286.2,3339.1,181.42,2.2384,0.32048,663.4,37.426,22.127,0.905,4.361,5.021,0.02863,1.9661
2024-12-22 00:00:00+00:00,95189.4,3281.88,180.51,2.2035,0.31268,649.8,36.582,22.087,0.8835,4.3236,5.037,0.025976,1.9507
2024-12-23 00:00:00+00:00,94886.4,3422.11,190.11,2.2613,0.32494,694.2,39.1,24.547,0.9266,4.7149,5.441,0.030235,2.099
2024-12-24 00:00:00+00:00,98655.9,3493.7,197.07,2.324,0.33712,696.9,41.239,25.432,0.9358,4.605,5.552,0.035895,2.1278
2024-12-25 00:00:00+00:00,99430.1,3497.25,197.42,2.2975,0.33432,702.4,40.244,24.437,0.9177,4.4984,5.446,0.037709,2.0539
2024-12-26 00:00:00+00:00,95783.7,3334.85,188.46,2.1558,0.31269,689.0,37.32,22.674,0.861,4.2017,5.087,0.038154,1.8895
2024-12-27 00:00:00+00:00,94306.4,3333.18,184.27,2.1463,0.31189,691.7,36.565,21.561,0.8771,4.0854,5.115,0.033919,2.0095
2024-12-28 00:00:00+00:00,95306.3,3404.0,195.51,2.1847,0.32439,722.2,37.743,21.982,0.8894,4.2136,5.342,0.03606,2.0938
2024-12-29 00:00:00+00:00,93740.0,3356.66,189.94,2.0938,0.31443,694.7,35.83,20.954,0.8589,4.0921,5.128,0.031918,1.9814
2024-12-30 00:00:00+00:00,92797.0,3361.32,191.33,2.0588,0.31397,705.3,35.982,20.579,0.8616,4.1811,5.047,0.031,2.1073
2024-12-31 00:00:00+00:00,93579.1,3337.53,189.33,2.0839,0.31596,702.4,35.699,20.016,0.8448,4.1221,4.913,0.033321,2.1757
2025-01-01 00:00:00+00:00,94600.0,3360.39,194.3,2.3329,0.32514,707.7,37.777,21.73,0.9222,4.2828,5.285,0.039294,2.1875
2025-01-02 00:00:00+00:00,97010.0,3456.14,208.3,2.4032,0.33895,706.4,39.278,22.069,0.9614,4.3523,5.445,0.037237,2.2338
2025-01-03 00:00:00+00:00,98195.2,3609.68,218.01,2.4543,0.37992,715.0,41.945,23.48,1.0891,4.986,5.819,0.037211,2.3926
2025-01-04 00:00:00+00:00,98220.8,3657.06,216.63,2.4198,0.39498,713.4,42.63,23.595,1.0708,5.289,5.789,0.040507,2.3895
2025-01-05 00:00:00+00:00,98369.5,3636.0,213.42,2.3989,0.38234,709.1,43.113,23.575,1.091,5.2455,5.908,0.040053,2.3746
2025-01-06 00:00:00+00:00,102223.3,3687.14,218.26,2.4201,0.38784,729.5,44.065,23.828,1.0936,5.0886,6.015,0.043037,2.3988
2025-01-07 00:00:00+00:00,96944.0,3380.78,202.14,2.2707,0.34792,697.3,39.196,21.384,0.9891,4.785,5.362,0.037294,2.0857
2025-01-08 00:00:00+00:00,95050.1,3327.31,197.47,2.3732,0.34224,695.9,37.418,20.44,0.9465,4.8943,5.151,0.035903,1.9446
2025-01-09 00:00:00+00:00,92554.9,3219.78,185.0,2.2721,0.32095,685.2,36.197,19.647,0.9043,4.7504,4.976,0.033292,1.8712
2025-01-10 00:00:00+00:00,94728.6,3267.16,187.7,2.3415,0.33387,693.2,36.663,20.242,0.9301,5.1222,5.084,0.033484,1.9226
2025-01-11 00:00:00+00:00,94615.1,3283.46,188.07,2.577,0.34121,696.7,37.13,20.213,0.9956,4.9699,5.085,0.032953,1.9074
2025-01-12 00:00:00+00:00,94550.0,3267.34,188.53,2.5045,0.3359,693.1,36.564,19.84,0.9677,4.733,4.971,0.032491,1.8623
2025-01-13 00:00:00+00:00,94539.9,3137.79,182.84,2.5238,0.33811,688.8,35.287,19.359,0.9443,4.7474,4.75,0.031352,1.7853
2025-01-14 00:00:00+00:00,96562.0,3225.4,187.56,2.6675,0.35594,698.8,36.567,20.328,0.997,4.5844,5.053,0.032045,1.904
2025-01-15 00:00:00+00:00,100510.8,3451.2,205.87,3.1433,0.38531,714.7,39.821,22.082,1.0756,4.8369,5.316,0.035543,2.0495
2025-01-16 00:00:00+00:00,99999.6,3308.31,211.15,3.2445,0.37645,708.0,40.07,23.026,1.0893,4.7488,5.158,0.032679,2.0239
2025-01-17 00:00:00+00:00,104100.1,3473.83,219.55,3.2929,0.41528,721.7,41.376,25.098,1.133,4.838,5.754,0.032476,2.1239
2025-01-18 00:00:00+00:00,104560.6,3308.2,261.98,3.2709,0.39642,709.7,39.24,24.112,1.1046,5.0046,5.445,0.029567,1.8878
2025-01-19 00:00:00+00:00,101326.8,3215.3,252.95,2.9565,0.35829,683.0,35.674,24.336,0.9924,4.5055,4.98,0.025348,1.7916
2025-01-20 00:00:00+00:00,102269.9,3284.21,242.05,3.1051,0.35454,682.5,36.022,25.083,1.0093,4.4179,5.1,0.024696,1.7859
2025-01-21 00:00:00+00:00,106161.9,3327.83,250.36,3.1742,0.37185,692.3,36.943,26.661,1.0059,4.6595,5.252,0.023597,1.8303
2025-01-22 00:00:00+00:00,103718.0,3243.39,257.3,3.1795,0.36287,695.6,36.807,25.298,0.9827,4.4713,5.097,0.024257,1.7432
2025-01-23 00:00:00+00:00,103925.7,3339.08,253.08,3.1193,0.35209,689.8,35.554,25.67,0.9867,4.3032,4.98,0.023895,1.7534
2025-01-24 00:00:00+00:00,104868.6,3310.69,253.37,3.1005,0.35088,680.3,35.344,25.185,0.9713,4.2014,5.002,0.022744,1.688
2025-01-25 00:00:00+00:00,104759.2,3319.54,256.46,3.1082,0.3536,686.4,36.615,24.924,0.9765,4.1309,4.927,0.023027,1.714
2025-01-26 00:00:00+00:00,102611.6,3232.27,240.51,3.0215,0.33596,666.7,35.735,24.871,0.953,3.8699,4.757,0.024744,1.669
2025-01-27 00:00:00+00:00,102075.7,3183.04,234.87,3.0541,0.33396,680.0,34.187,24.211,0.9346,3.9636,4.638,0.021265,1.6092
2025-01-28 00:00:00+00:00,101343.0,3077.36,227.03,3.0569,0.31867,661.2,32.067,22.61,0.9166,3.654,4.283,0.015526,1.4392
2025-01-29 00:00:00+00:00,103747.5,3114.16,228.15,3.0683,0.32402,667.8,32.79,23.656,0.9399,3.6988,4.416,0.015076,1.5295
2025-01-30 00:00:00+00:00,104742.3,3247.95,238.31,3.1283,0.3315,677.5,34.286,24.457,0.9595,4.1179,4.603,0.014693,1.5827
2025-01-31 00:00:00+00:00,102433.5,3301.49,231.74,3.0362,0.32893,677.6,34.435,25.163,0.9427,4.0885,4.619,0.01479,1.6458
2025-02-01 00:00:00+00:00,100633.9,3117.31,212.96,2.8773,0.30789,652.8,32.109,22.969,0.8947,3.7341,4.257,0.01356,1.4429
2025-02-02 00:00:00+00:00,97701.9,2869.54,203.48,2.5795,0.268,617.9,27.619,20.454,0.8045,3.3063,3.75,0.013041,1.1765
2025-02-03 00:00:00+00:00,101358.2,2879.7,216.31,2.6999,0.28484,616.9,28.402,21.647,0.812,3.6504,3.774,0.013564,1.2858
2025-02-04 00:00:00+00:00,97759.9,2731.26,206.6,2.5263,0.26342,572.7,26.461,19.974,0.7438,3.5934,3.393,0.013087,1.182
2025-02-05 00:00:00+00:00,96618.3,2788.24,196.12,2.3812,0.25619,569.5,25.85,19.193,0.7326,3.3297,3.279,0.011676,1.1612
2025-02-06 00:00:00+00:00,96555.9,2686.71,189.52,2.3249,0.24786,571.6,24.501,18.585,0.705,3.1363,3.142,0.010674,1.0867
2025-02-07 00:00:00+00:00,96490.8,2621.83,191.93,2.3963,0.24647,577.6,24.457,18.381,0.7072,3.0126,3.206,0.010148,1.0897
2025-02-08 00:00:00+00:00,96449.5,2632.11,199.26,2.4191,0.25293,612.6,24.584,18.439,0.7005,3.0624,3.284,0.010554,1.1351
2025-02-09 00:00:00+00:00,96465.0,2627.3,200.41,2.3922,0.24887,615.8,24.882,18.263,0.6813,2.9956,3.178,0.010035,1.1148
2025-02-10 00:00:00+00:00,97417.7,2661.35,200.48,2.4237,0.25537,618.5,25.665,18.8,0.7119,3.2148,3.209,0.010039,1.1297
2025-02-11 00:00:00+00:00,95783.7,2602.63,197.95,2.4132,0.25309,641.9,25.393,18.648,0.7781,3.327,3.201,0.010014,1.0967
2025-02-12 00:00:00+00:00,97885.8,2738.58,196.8,2.4734,0.26423,697.0,26.502,19.2,0.7996,3.582,3.43,0.010567,1.1872
2025-02-13 00:00:00+00:00,96611.0,2675.99,194.22,2.5595,0.26243,664.6,25.399,18.549,0.8105,3.4675,3.375,0.010148,1.1705
2025-02-14 00:00:00+00:00,97500.0,2726.28,199.46,2.7385,0.27179,659.8,26.382,19.381,0.7997,3.553,3.552,0.010782,1.1781
2025-02-15 00:00:00+00:00,97590.6,2693.27,194.48,2.7616,0.27178,662.2,25.483,18.994,0.7809,3.4177,3.404,0.010107,1.1107
2025-02-16 00:00:00+00:00,96113.5,2661.22,188.22,2.7283,0.26556,673.1,24.852,18.694,0.7713,3.2695,3.414,0.009658,1.0968
2025-02-17 00:00:00+00:00,95784.0,2744.29,177.55,2.6602,0.25822,667.6,25.035,19.111,0.8089,3.219,3.258,0.009242,1.1465
2025-02-18 00:00:00+00:00,95662.3,2672.09,169.29,2.5626,0.25134,648.2,23.531,17.87,0.7541,3.0653,3.14,0.008257,1.0921
2025-02-19 00:00:00+00:00,96641.3,2715.65,168.93,2.737,0.25474,653.5,23.731,17.977,0.7737,3.2177,3.157,0.007991,1.1142
2025-02-20 00:00:00+00:00,98299.5,2738.01,175.97,2.6877,0.25471,656.3,25.153,18.286,0.8036,3.45,3.469,0.008679,1.1616
2025-02-21 00:00:00+00:00,96138.4,2661.6,168.94,2.5708,0.23961,647.4,24.551,17.407,0.7617,3.2698,3.308,0.008398,1.1169
2025-02-22 00:00:00+00:00,96540.1,2763.4,172.08,2.5739,0.24658,668.5,25.84,17.749,0.7735,3.4215,3.468,0.008934,1.1712
2025-02-23 00:00:00+00:00,96268.1,2819.69,167.91,2.5758,0.24283,658.1,24.859,17.612,0.7695,3.3786,3.432,0.008643,1.1521
2025-02-24 00:00:00+00:00,91550.1,2513.95,141.8,2.278,0.21045,614.3,21.877,15.256,0.6814,2.8307,3.065,0.007222,0.95
2025-02-25 00:00:00+00:00,88676.4,2495.7,144.28,2.3219,0.21159,623.0,21.948,15.311,0.6831,2.9569,3.007,0.008058,0.9657
2025-02-26 00:00:00+00:00,84245.5,2336.49,135.33,2.1983,0.2036,611.6,21.873,15.256,0.6474,2.8834,3.023,0.008341,0.9562
2025-02-27 00:00:00+00:00,84701.5,2307.71,137.71,2.1984,0.20688,605.4,22.532,15.106,0.6451,2.7881,3.058,0.008099,0.9677
2025-02-28 00:00:00+00:00,84352.5,2237.58,148.17,2.1457,0.20181,587.9,22.382,14.818,0.6328,2.8306,3.066,0.009091,0.9486
2025-03-01 00:00:00+00:00,86056.9,2217.85,143.63,2.1912,0.20673,607.5,21.861,14.759,0.6593,2.8203,3.271,0.008762,0.9256
2025-03-02 00:00:00+00:00,94283.1,2518.74,178.72,2.9389,0.23931,623.6,24.956,17.42,1.1348,3.195,3.554,0.009244,1.0564
2025-03-03 00:00:00+00:00,86227.8,2149.29,142.12,2.3864,0.19912,576.0,20.942,14.447,0.8574,2.6176,2.972,0.007108,0.853
2025-03-04 00:00:00+00:00,87280.8,2171.84,144.76,2.4544,0.19905,584.1,19.998,14.864,0.9407,2.5258,2.811,0.006727,0.8434
2025-03-05 00:00:00+00:00,90610.9,2241.86,146.24,2.4998,0.20471,598.2,21.723,16.424,0.9739,2.6329,2.988,0.006567,0.8555
2025-03-06 00:00:00+00:00,89933.7,2202.51,143.27,2.6,0.20153,596.4,20.996,17.055,0.9063,2.7357,3.056,0.00621,0.8417
2025-03-07 00:00:00+00:00,86784.9,2141.83,139.4,2.3851,0.19843,594.8,20.142,15.94,0.818,2.583,2.941,0.006392,0.807
2025-03-08 00:00:00+00:00,86239.3,2203.76,136.98,2.3254,0.19234,593.0,20.497,15.267,0.805,2.483,2.885,0.00608,0.797
2025-03-09 00:00:00+00:00,80734.3,2020.48,126.5,2.1384,0.16809,554.6,17.965,13.806,0.7212,2.29,2.551,0.005521,0.6733
2025-03-10 00:00:00+00:00,78596.8,1864.99,118.31,2.0215,0.15411,531.5,16.26,12.651,0.6712,2.0889,2.284,0.005597,0.6471
2025-03-11 00:00:00+00:00,82944.2,1923.61,125.34,2.1711,0.16456,551.5,17.512,13.134,0.7239,2.2298,2.45,0.006209,0.6751
2025-03-12 00:00:00+00:00,83692.1,1908.36,126.6,2.2398,0.17239,569.9,18.915,13.488,0.7358,2.2859,2.555,0.006013,0.6846
2025-03-13 00:00:00+00:00,81121.9,1864.89,123.39,2.2522,0.16524,579.8,18.505,13.041,0.7028,2.1634,2.572,0.005946,0.6658
2025-03-14 00:00:00+00:00,83988.0,1911.55,133.55,2.3565,0.17195,587.9,18.567,13.667,0.7375,2.3256,2.608,0.006556,0.6875
2025-03-15 00:00:00+00:00,84344.0,1937.26,135.86,2.3912,0.17597,619.8,19.393,14.014,0.7467,2.3521,2.642,0.006713,0.7014
2025-03-16 00:00:00+00:00,82576.0,1887.04,126.11,2.2941,0.16814,602.3,18.255,13.368,0.7047,2.2305,2.515,0.006361,0.6616
2025-03-17 00:00:00+00:00,83994.1,1926.34,128.0,2.3378,0.17334,631.8,18.819,14.026,0.7174,2.3788,2.637,0.007048,0.6869
2025-03-18 00:00:00+00:00,82707.3,1931.5,125.31,2.2848,0.16801,627.9,18.985,13.919,0.7014,2.2846,2.585,0.006395,0.6731
2025-03-19 00:00:00+00:00,86847.4,2056.37,135.34,2.5473,0.17797,618.2,19.731,15.022,0.7436,2.4743,2.792,0.006766,0.7059
2025-03-20 00:00:00+00:00,84223.5,1983.92,127.6,2.4356,0.16949,630.2,18.751,14.223,0.7177,2.3568,2.741,0.006429,0.6613
2025-03-21 00:00:00+00:00,84087.4,1965.89,128.47,2.3804,0.16728,634.8,19.185,13.962,0.7047,2.2524,2.715,0.006396,0.6392
2025-03-22 00:00:00+00:00,83850.5,1980.5,128.49,2.3709,0.16738,626.8,19.427,14.249,0.7013,2.2637,2.732,0.006334,0.6583
2025-03-23 00:00:00+00:00,86081.2,2006.26,132.87,2.4387,0.17262,623.5,19.819,14.471,0.7106,2.2926,2.778,0.006278,0.6553
2025-03-24 00:00:00+00:00,87506.9,2081.31,140.99,2.4496,0.18298,637.0,21.479,15.126,0.732,2.3972,2.921,0.007119,0.6881
2025-03-25 00:00:00+00:00,87420.8,2066.39,143.66,2.4494,0.1907,629.8,22.897,15.435,0.7447,2.4574,3.026,0.007033,0.6905
2025-03-26 00:00:00+00:00,86919.0,2009.42,137.35,2.3488,0.19492,617.9,22.05,15.25,0.7286,2.6187,2.984,0.006993,0.6734
2025-03-27 00:00:00+00:00,87218.3,2004.0,138.45,2.341,0.19049,637.0,22.015,15.521,0.7382,2.7808,3.012,0.007141,0.6895
2025-03-28 00:00:00+00:00,84429.1,1897.23,129.45,2.2066,0.18027,619.5,20.361,14.253,0.706,2.5051,2.733,0.006262,0.6197
2025-03-29 00:00:00+00:00,82650.6,1828.42,124.57,2.1345,0.16957,602.7,19.599,13.554,0.6731,2.3108,2.566,0.005683,0.5914
2025-03-30 00:00:00+00:00,82403.4,1807.87,124.81,2.1367,0.1665,602.1,18.864,13.414,0.6612,2.3513,2.592,0.005952,0.5886
2025-03-31 00:00:00+00:00,82556.6,1822.61,124.54,2.0898,0.16666,604.8,18.771,13.507,0.6617,2.2671,2.51,0.005412,0.5781
2025-04-01 00:00:00+00:00,85162.6,1905.33,126.67,2.1386,0.174,611.1,19.819,14.044,0.6772,2.4073,2.649,0.00523,0.5864
2025-04-02 00:00:00+00:00,82513.5,1795.01,117.38,2.0221,0.16382,590.2,17.979,12.902,0.6399,2.3073,2.449,0.004753,0.5101
2025-04-03 00:00:00+00:00,83223.5,1817.34,117.15,2.0643,0.16231,592.5,18.158,12.901,0.6507,2.2632,2.51,0.00477,0.5222
2025-04-04 00:00:00+00:00,83900.0,1817.01,122.79,2.1305,0.17128,597.7,18.19,12.948,0.6603,2.2576,2.508,0.0047,0.5186
2025-04-05 00:00:00+00:00,83536.7,1805.77,120.31,2.1449,0.16899,593.2,17.878,12.849,0.6548,2.2161,2.442,0.004681,0.5198
2025-04-06 00:00:00+00:00,78419.9,1580.77,105.9,1.9213,0.14922,555.5,16.043,11.287,0.5736,1.9213,2.162,0.004046,0.4479
2025-04-07 00:00:00+00:00,79180.1,1553.2,106.96,1.8988,0.14959,554.6,16.686,11.454,0.5861,2.0194,2.118,0.004177,0.4624
2025-04-08 00:00:00+00:00,76332.0,1473.6,105.38,1.7965,0.1423,553.7,16.148,10.922,0.5584,1.9309,1.906,0.003868,0.4335
2025-04-09 00:00:00+00:00,82634.8,1669.44,119.07,2.0531,0.16032,582.3,18.441,12.655,0.6316,2.2216,2.102,0.004418,0.4934
2025-04-10 00:00:00+00:00,79606.0,1522.48,112.81,1.9656,0.15356,578.0,18.316,12.074,0.6094,2.1128,2.002,0.004237,0.4634
2025-04-11 00:00:00+00:00,83422.0,1566.5,121.39,2.0227,0.16004,586.1,19.123,12.644,0.6238,2.188,2.088,0.004759,0.4787
2025-04-12 00:00:00+00:00,85272.7,1644.31,132.27,2.1598,0.16766,597.2,20.488,13.145,0.6595,2.3463,2.212,0.005446,0.5032
2025-04-13 00:00:00+00:00,83765.0,1597.82,128.38,2.1193,0.16258,584.2,19.589,12.621,0.6382,2.2332,2.094,0.004975,0.4721
2025-04-14 00:00:00+00:00,84579.9,1623.72,129.41,2.1274,0.15851,584.3,20.116,12.631,0.6351,2.1925,2.114,0.004892,0.4643
2025-04-15 00:00:00+00:00,83649.6,1588.6,126.11,2.0844,0.15356,579.3,19.014,12.231,0.6089,2.0889,2.038,0.004522,0.4382
2025-04-16 00:00:00+00:00,84034.1,1577.39,131.37,2.0837,0.15469,582.8,18.755,12.35,0.6106,2.055,1.966,0.004621,0.4227
2025-04-17 00:00:00+00:00,84949.9,1583.71,134.81,2.0671,0.15587,590.6,19.053,12.527,0.6167,2.1226,2.052,0.004863,0.4281
2025-04-18 00:00:00+00:00,84467.8,1588.71,134.03,2.0616,0.1576,591.6,19.068,12.559,0.6276,2.12,2.054,0.004705,0.4411
2025-04-19 00:00:00+00:00,85091.6,1613.31,139.85,2.0878,0.15736,591.7,19.892,12.929,0.6281,2.1548,2.182,0.004957,0.4756
2025-04-20 00:00:00+00:00,85193.1,1587.63,137.83,2.0786,0.15525,592.6,19.506,13.278,0.6202,2.1133,2.242,0.004971,0.4759
2025-04-21 00:00:00+00:00,87505.0,1579.43,136.54,2.0856,0.15941,597.2,19.92,13.093,0.6242,2.1963,2.216,0.005015,0.5105
2025-04-22 00:00:00+00:00,93461.2,1756.06,148.8,2.2144,0.17868,618.4,22.11,14.125,0.6795,2.6674,2.403,0.007044,0.5424
2025-04-23 00:00:00+00:00,93683.6,1795.31,151.1,2.2184,0.17865,605.7,22.336,15.009,0.6977,2.9649,2.471,0.006623,0.5864
2025-04-24 00:00:00+00:00,93960.1,1769.12,152.5,2.2046,0.18251,601.3,22.372,15.05,0.7217,3.3431,2.543,0.007291,0.5878
2025-04-25 00:00:00+00:00,94601.9,1783.84,150.76,2.1804,0.18152,599.7,22.152,14.91,0.7131,3.5172,2.617,0.008628,0.6028
2025-04-26 00:00:00+00:00,94582.0,1819.99,149.14,2.1903,0.18185,606.9,22.401,14.858,0.7064,3.5187,2.621,0.009824,0.6123
2025-04-27 00:00:00+00:00,93708.0,1790.5,147.91,2.2514,0.17925,603.2,21.697,14.551,0.7028,3.5564,2.487,0.012738,0.5576
2025-04-28 00:00:00+00:00,94960.0,1799.0,147.76,2.2942,0.17896,606.0,21.825,15.017,0.7051,3.5249,2.583,0.01207,0.5854
2025-04-29 00:00:00+00:00,94196.0,1796.68,146.19,2.2364,0.17456,600.6,21.548,14.591,0.6953,3.5299,2.527,0.011098,0.5789
2025-04-30 00:00:00+00:00,94112.2,1792.57,147.47,2.1898,0.17217,599.2,20.892,14.284,0.6811,3.5032,2.461,0.011131,0.5896
2025-05-01 00:00:00+00:00,96443.3,1837.31,150.74,2.211,0.18056,599.1,21.62,14.737,0.7045,3.5498,2.54,0.010571,0.5932
2025-05-02 00:00:00+00:00,96837.0,1841.26,147.96,2.2081,0.18144,600.4,21.238,14.652,0.6979,3.4239,2.509,0.011842,0.5876
2025-05-03 00:00:00+00:00,95800.0,1832.59,146.64,2.186,0.17557,599.0,20.501,14.241,0.699,3.3336,2.419,0.010373,0.5365
2025-05-04 00:00:00+00:00,94232.0,1807.86,143.86,2.1548,0.1704,585.4,19.88,13.848,0.6757,3.273,2.318,0.010435,0.5189
2025-05-05 00:00:00+00:00,94694.1,1819.43,146.66,2.1294,0.1705,597.1,19.667,13.632,0.6617,3.4204,2.312,0.010903,0.5123
2025-05-06 00:00:00+00:00,96782.0,1816.0,146.82,2.1537,0.17208,602.2,19.999,13.813,0.6785,3.3428,2.326,0.011355,0.5045
2025-05-07 00:00:00+00:00,96984.0,1810.05,147.26,2.1254,0.17195,602.5,19.532,13.809,0.6711,3.329,2.283,0.01123,0.5485
2025-05-08 00:00:00+00:00,103234.1,2206.56,164.42,2.3271,0.19808,628.9,22.149,15.88,0.7693,4.0325,2.733,0.014124,0.7142
2025-05-09 00:00:00+00:00,102946.2,2344.13,172.74,2.3438,0.20522,666.1,23.265,16.01,0.7772,3.9475,2.9,0.014373,0.7482
2025-05-10 00:00:00+00:00,104787.8,2581.6,177.87,2.4716,0.25059,663.7,25.804,17.328,0.8404,4.1196,3.349,0.015091,1.1157
2025-05-11 00:00:00+00:00,104066.0,2513.37,173.09,2.3663,0.23176,650.8,24.773,17.101,0.805,4.0151,3.138,0.014091,1.0763
2025-05-12 00:00:00+00:00,102740.0,2494.04,174.16,2.5438,0.2309,659.9,24.82,16.726,0.8167,3.9607,3.185,0.013665,1.0543
2025-05-13 00:00:00+00:00,104088.1,2679.05,183.72,2.5821,0.24073,664.1,25.702,17.384,0.8297,4.0613,3.207,0.014283,1.3797
2025-05-14 00:00:00+00:00,103450.2,2608.88,176.52,2.5498,0.23267,652.1,24.939,17.006,0.798,3.9136,3.048,0.014826,1.3443
2025-05-15 00:00:00+00:00,103723.9,2547.79,169.07,2.3838,0.21925,651.5,23.491,16.033,0.7621,3.8463,2.88,0.013594,1.4368
2025-05-16 00:00:00+00:00,103411.5,2536.09,167.36,2.3786,0.22098,646.1,23.045,15.752,0.7582,3.7794,2.794,0.012925,1.3201
2025-05-17 00:00:00+00:00,103093.0,2474.6,165.89,2.3521,0.2145,639.0,22.16,15.314,0.7423,3.7992,2.69,0.012024,1.2388
2025-05-18 00:00:00+00:00,106435.0,2496.69,173.2,2.4268,0.233,651.1,23.043,15.864,0.7592,3.9403,2.865,0.013104,1.3575
2025-05-19 00:00:00+00:00,105534.5,2526.99,166.79,2.3794,0.22437,649.4,22.237,15.775,0.7421,3.8352,2.767,0.012937,1.2744
2025-05-20 00:00:00+00:00,106788.5,2522.99,168.49,2.3549,0.22616,649.9,22.595,15.692,0.7456,3.8529,2.81,0.012585,1.2743
2025-05-21 00:00:00+00:00,109609.1,2549.9,173.5,2.3946,0.23396,673.1,23.162,16.089,0.7689,3.9276,2.862,0.013875,1.329
2025-05-22 00:00:00+00:00,111645.9,2663.84,179.63,2.4298,0.24551,686.2,25.247,16.728,0.809,3.8911,3.076,0.014599,1.3568
2025-05-23 00:00:00+00:00,107272.3,2525.62,173.93,2.2952,0.22508,656.5,23.069,15.532,0.7468,3.5818,2.796,0.012846,1.2266
2025-05-24 00:00:00+00:00,107724.0,2529.06,175.81,2.3295,0.22501,667.6,22.938,15.331,0.7463,3.6255,2.772,0.013194,1.2323
2025-05-25 00:00:00+00:00,108962.2,2549.99,175.64,2.3404,0.22476,668.9,23.433,15.524,0.7594,3.599,2.794,0.012953,1.2363
2025-05-26 00:00:00+00:00,109391.9,2562.87,174.8,2.3091,0.22588,673.7,23.047,15.525,0.76,3.489,2.766,0.012501,1.2394
2025-05-27 00:00:00+00:00,108895.5,2660.0,176.62,2.3157,0.22591,686.6,23.358,15.902,0.7579,3.67,2.815,0.013063,1.3793
2025-05-28 00:00:00+00:00,107720.7,2679.98,172.12,2.2731,0.22086,686.4,23.595,15.682,0.7472,3.604,2.869,0.01242,1.3836
2025-05-29 00:00:00+00:00,105548.4,2630.42,166.64,2.2428,0.21478,674.6,22.237,15.034,0.7218,3.524,2.752,0.011559,1.3338
2025-05-30 00:00:00+00:00,103959.0,2529.79,156.1,2.1382,0.19346,654.9,20.536,13.881,0.6886,3.1862,2.441,0.010126,1.0762
2025-05-31 00:00:00+00:00,104550.0,2527.07,156.36,2.1729,0.1924,657.6,20.782,13.96,0.6854,3.2443,2.418,0.010155,1.1351
2025-06-01 00:00:00+00:00,105586.0,2538.13,157.6,2.1779,0.19349,660.3,20.866,14.054,0.685,3.3411,2.46,0.01082,1.1697
2025-06-02 00:00:00+00:00,105814.4,2606.63,156.74,2.1958,0.19498,665.5,21.145,14.072,0.6892,3.329,2.501,0.010878,1.2207
2025-06-03 00:00:00+00:00,105339.5,2592.2,155.11,2.2433,0.19302,661.0,21.123,14.105,0.6833,3.249,2.504,0.010408,1.2201
2025-06-04 00:00:00+00:00,104643.5,2606.77,153.2,2.1998,0.18802,662.8,20.075,13.824,0.665,3.1623,2.433,0.010084,1.1454
2025-06-05 00:00:00+00:00,101457.8,2413.23,144.2,2.0922,0.17096,632.8,18.728,12.875,0.625,2.9199,2.245,0.009287,1.056
2025-06-06 00:00:00+00:00,104234.8,2475.35,147.76,2.1586,0.1787,642.2,19.632,13.56,0.655,3.1914,2.312,0.009388,1.1282
2025-06-07 00:00:00+00:00,105502.9,2523.51,149.97,2.1757,0.18501,650.3,20.641,13.814,0.6641,3.2406,2.421,0.01008,1.164
2025-06-08 00:00:00+00:00,105680.0,2508.51,152.37,2.2661,0.18408,651.5,21.037,13.711,0.6699,3.2214,2.419,0.009917,1.154
2025-06-09 00:00:00+00:00,110220.0,2679.15,161.05,2.32,0.19481,665.3,21.94,14.344,0.7046,3.4472,2.542,0.011012,1.2764
2025-06-10 00:00:00+00:00,110237.4,2815.21,165.03,2.3065,0.19838,673.1,22.56,15.443,0.7164,3.491,2.661,0.012316,1.3765
2025-06-11 00:00:00+00:00,108596.4,2770.61,160.88,2.2689,0.19282,667.1,21.553,14.883,0.6974,3.3931,2.571,0.011248,1.2755
2025-06-12 00:00:00+00:00,105611.0,2641.5,152.25,2.1889,0.18101,654.2,20.271,13.966,0.6609,3.2063,2.366,0.010135,1.121
2025-06-13 00:00:00+00:00,106009.0,2577.64,148.51,2.1464,0.18032,654.9,19.4,13.433,0.6417,3.0733,2.237,0.009889,1.1124
2025-06-14 00:00:00+00:00,105363.4,2529.58,144.55,2.138,0.17813,645.1,18.921,13.142,0.6242,2.945,2.231,0.009582,1.0752
2025-06-15 00:00:00+00:00,105540.0,2546.2,152.88,2.1645,0.17544,647.8,19.097,13.289,0.633,3.0216,2.226,0.009774,1.0709
2025-06-16 00:00:00+00:00,106764.6,2543.29,150.65,2.2368,0.17262,650.3,19.047,13.554,0.6297,2.9948,2.27,0.010058,1.0742
2025-06-17 00:00:00+00:00,104516.5,2508.9,147.52,2.1581,0.16927,647.7,18.569,12.981,0.6085,2.8316,2.138,0.009222,1.009
2025-06-18 00:00:00+00:00,104834.2,2523.72,146.25,2.1698,0.17059,644.2,18.155,13.109,0.6037,2.8269,2.185,0.009543,1.0088
2025-06-19 00:00:00+00:00,104600.1,2519.93,146.96,2.1635,0.17083,644.1,18.044,13.062,0.6017,2.8267,2.18,0.009318,1.0033
2025-06-20 00:00:00+00:00,103250.1,2405.48,140.0,2.1185,0.16227,641.3,17.358,12.499,0.577,2.7145,2.073,0.009026,0.9394
2025-06-21 00:00:00+00:00,102070.0,2294.39,135.3,2.0618,0.15437,628.6,16.811,12.015,0.5558,2.567,1.972,0.008631,0.8598
2025-06-22 00:00:00+00:00,100898.2,2226.5,131.66,2.0158,0.15121,615.6,16.516,11.648,0.5414,2.448,1.895,0.008441,0.8381
2025-06-23 00:00:00+00:00,105288.1,2410.53,144.41,2.1572,0.16367,640.0,18.05,12.82,0.5817,2.825,2.121,0.009822,0.9682
2025-06-24 00:00:00+00:00,106040.5,2447.61,145.81,2.1886,0.1656,643.1,18.222,13.401,0.5873,2.7962,2.189,0.009963,0.9843
2025-06-25 00:00:00+00:00,107278.0,2417.39,143.46,2.1845,0.16453,645.7,17.558,13.129,0.5668,2.7307,2.136,0.009666,0.9202
2025-06-26 00:00:00+00:00,106915.3,2415.0,139.0,2.1047,0.15994,641.9,17.22,12.929,0.554,2.6,2.049,0.009177,0.9253
2025-06-27 00:00:00+00:00,107002.4,2422.0,142.03,2.1407,0.16094,645.4,17.564,13.044,0.5584,2.7193,2.111,0.010745,0.8979
2025-06-28 00:00:00+00:00,107234.6,2434.91,150.64,2.1842,0.16356,648.2,17.962,13.387,0.565,2.8004,2.165,0.013894,0.9203
2025-06-29 00:00:00+00:00,108308.8,2499.48,153.24,2.2054,0.16937,654.6,18.725,13.696,0.5771,2.8983,2.258,0.014046,1.0421
2025-06-30 00:00:00+00:00,107081.9,2483.83,154.73,2.2354,0.16508,656.5,17.958,13.365,0.5717,2.7751,2.146,0.014715,0.964
2025-07-01 00:00:00+00:00,105645.6,2403.85,146.78,2.1707,0.15768,645.9,17.093,12.883,0.5416,2.6707,2.038,0.014616,0.8935
2025-07-02 00:00:00+00:00,108797.8,2569.34,152.21,2.2326,0.16865,659.4,18.513,13.55,0.5838,2.898,2.219,0.015491,1.0086
2025-07-03 00:00:00+00:00,109548.8,2590.1,152.27,2.2561,0.17195,663.2,18.532,13.659,0.599,3.0211,2.273,0.016809,0.9956
2025-07-04 00:00:00+00:00,107941.9,2506.84,147.6,2.2193,0.16282,653.1,17.78,13.159,0.5721,2.8732,2.132,0.0164,0.9265
2025-07-05 00:00:00+00:00,108147.8,2514.96,147.46,2.2163,0.16413,655.7,17.904,13.22,0.5751,2.8964,2.147,0.016071,0.9318
2025-07-06 00:00:00+00:00,109142.0,2569.35,151.77,2.27,0.17186,662.7,18.28,13.48,0.5854,2.907,2.179,0.015906,0.9538
2025-07-07 00:00:00+00:00,108209.9,2541.35,148.81,2.2695,0.16783,660.6,17.987,13.426,0.5802,2.8565,2.157,0.014527,0.9706
2025-07-08 00:00:00+00:00,108878.4,2613.83,151.59,2.3097,0.17085,660.0,18.349,13.961,0.588,2.8932,2.243,0.014893,0.9356
2025-07-09 00:00:00+00:00,111198.6,2767.29,157.0,2.4029,0.18052,668.5,19.497,14.242,0.6222,3.072,2.337,0.015372,1.0805
2025-07-10 00:00:00+00:00,115993.0,2950.51,164.27,2.5464,0.19499,685.6,20.703,15.233,0.6774,3.4893,2.514,0.01911,1.1797
2025-07-11 00:00:00+00:00,117509.0,2957.22,162.84,2.7337,0.20109,689.5,20.672,15.285,0.7095,3.3854,2.504,0.023543,1.1339
2025-07-12 00:00:00+00:00,117398.7,2941.99,160.63,2.7392,0.19733,685.4,20.679,15.101,0.7088,3.4006,2.481,0.023299,1.1176
2025-07-13 00:00:00+00:00,119050.0,2970.6,161.02,2.8355,0.19847,691.7,21.183,15.645,0.7366,3.4886,2.529,0.029998,1.1493
2025-07-14 00:00:00+00:00,119840.1,3013.05,162.12,2.9596,0.19747,688.7,21.257,15.747,0.7353,3.8887,2.578,0.029897,1.1256
2025-07-15 00:00:00+00:00,117759.9,3138.63,163.97,2.922,0.19922,689.7,22.501,16.103,0.7469,4.1004,2.668,0.032362,1.2338
2025-07-16 00:00:00+00:00,118660.9,3371.52,173.64,3.0406,0.21281,708.7,22.651,16.67,0.7646,3.942,2.73,0.030809,1.307
2025-07-17 00:00:00+00:00,119215.0,3476.41,175.81,3.4846,0.21836,720.4,23.897,17.997,0.822,4.0097,2.815,0.030216,1.3197
2025-07-18 00:00:00+00:00,117987.6,3547.6,177.22,3.4147,0.2359,729.9,23.515,17.827,0.8162,3.7828,2.803,0.03226,1.2629
2025-07-19 00:00:00+00:00,117870.0,3591.48,176.91,3.426,0.24151,732.8,24.491,18.396,0.8302,3.836,2.917,0.030891,1.2867
2025-07-20 00:00:00+00:00,117305.7,3757.3,181.4,3.4548,0.27392,756.8,25.032,19.288,0.8585,3.892,2.975,0.030994,1.3237
2025-07-21 00:00:00+00:00,117411.9,3763.44,195.78,3.5512,0.2716,766.2,25.426,19.504,0.8896,3.9632,3.023,0.037218,1.3494
2025-07-22 00:00:00+00:00,120044.0,3747.2,205.85,3.5535,0.27123,787.4,25.897,19.675,0.9041,4.0128,3.032,0.04227,1.2969
2025-07-23 00:00:00+00:00,118788.8,3628.49,189.43,3.1848,0.24084,776.8,23.941,18.178,0.8162,3.7184,2.752,0.042871,1.1478
2025-07-24 00:00:00+00:00,118365.3,3706.98,182.88,3.1455,0.23219,770.7,23.657,17.906,0.8062,3.7199,2.715,0.037616,1.1175
2025-07-25 00:00:00+00:00,117629.2,3724.08,186.65,3.1421,0.23673,785.9,23.996,18.289,0.8161,3.9508,2.854,0.039172,1.1695
2025-07-26 00:00:00+00:00,117908.0,3740.57,184.79,3.1652,0.23545,793.4,24.925,18.406,0.8199,4.1618,2.88,0.041945,1.2196
2025-07-27 00:00:00+00:00,119472.0,3871.0,188.54,3.2392,0.2407,845.2,26.044,19.233,0.8322,4.3291,2.962,0.043098,1.2767
2025-07-28 00:00:00+00:00,118099.1,3796.98,183.03,3.1222,0.22614,824.5,25.19,18.112,0.7931,3.9083,2.748,0.040427,1.1626
2025-07-29 00:00:00+00:00,117940.8,3792.39,181.37,3.1269,0.22387,805.9,24.356,17.824,0.7824,3.8111,2.721,0.038008,1.2061
2025-07-30 00:00:00+00:00,117794.8,3808.28,177.67,3.0958,0.21992,793.9,23.296,17.696,0.7631,3.7568,2.655,0.03543,1.1593
2025-07-31 00:00:00+00:00,115706.6,3697.06,172.15,3.0203,0.2097,783.3,22.454,16.919,0.7388,3.6114,2.533,0.033691,1.0616
2025-08-01 00:00:00+00:00,113250.0,3486.0,162.61,2.9602,0.20086,757.0,21.507,16.061,0.7139,3.4566,2.412,0.034216,0.9436
2025-08-02 00:00:00+00:00,112502.1,3392.68,158.42,2.7681,0.19092,736.4,20.85,15.633,0.697,3.3331,2.346,0.033244,0.9286
2025-08-03 00:00:00+00:00,114152.5,3495.49,161.86,2.9464,0.19866,750.8,21.356,16.286,0.7265,3.4439,2.442,0.035299,0.9994
2025-08-04 00:00:00+00:00,115001.0,3719.2,169.46,3.0703,0.21029,768.2,23.096,17.106,0.7544,3.5875,2.551,0.036227,1.0428
2025-08-05 00:00:00+00:00,114075.8,3610.29,163.96,2.9605,0.19973,754.9,21.892,16.374,0.7253,3.4092,2.466,0.033439,0.9851
2025-08-06 00:00:00+00:00,114944.0,3680.97,168.01,2.9899,0.2052,769.1,22.219,16.668,0.741,3.4974,2.487,0.035617,1.031
2025-08-07 00:00:00+00:00,117428.8,3908.47,175.29,3.318,0.2222,788.3,23.344,18.458,0.7873,3.7878,2.649,0.037228,1.0993
2025-08-08 00:00:00+00:00,116620.8,4009.66,176.71,3.2855,0.23033,793.0,23.791,19.882,0.791,3.8381,2.711,0.03773,1.1422
2025-08-09 00:00:00+00:00,116450.1,4262.77,179.9,3.2236,0.24,798.4,24.238,21.935,0.8023,3.896,2.829,0.038578,1.228
2025-08-10 00:00:00+00:00,119306.0,4250.79,182.64,3.1861,0.23384,806.8,23.825,22.061,0.8009,3.8743,2.751,0.040277,1.2338
2025-08-11 00:00:00+00:00,118659.8,4221.91,174.75,3.1282,0.22207,804.7,22.777,21.064,0.7722,3.6511,2.599,0.036356,1.1908
2025-08-12 00:00:00+00:00,120108.0,4589.81,191.8,3.2672,0.2358,832.5,24.675,23.598,0.8411,3.8833,2.787,0.03727,1.2267
2025-08-13 00:00:00+00:00,123361.7,4749.93,201.55,3.2754,0.24489,848.0,25.475,23.964,0.9043,4.0057,2.997,0.037537,1.3772
2025-08-14 00:00:00+00:00,118260.1,4545.6,192.4,3.0779,0.22374,840.6,23.65,22.449,0.9251,3.7535,2.757,0.033046,1.18
2025-08-15 00:00:00+00:00,117285.1,4438.05,185.63,3.0768,0.22878,827.7,23.752,21.74,0.9449,3.7092,2.706,0.032372,1.1483
2025-08-16 00:00:00+00:00,117325.6,4420.28,189.49,3.1036,0.23103,838.5,24.288,22.622,0.9204,3.7718,2.741,0.033155,1.1751
2025-08-17 00:00:00+00:00,117346.9,4471.49,190.91,3.0857,0.23449,855.4,25.058,25.632,0.9605,3.7629,2.699,0.032831,1.2115
2025-08-18 00:00:00+00:00,116185.7,4312.51,182.82,3.0604,0.22256,846.9,23.677,25.76,0.9229,3.6006,2.573,0.031088,1.1188
2025-08-19 00:00:00+00:00,112826.1,4075.0,176.12,2.8595,0.20935,823.5,22.346,23.552,0.8459,3.4205,2.42,0.029544,1.0483
2025-08-20 00:00:00+00:00,114230.0,4334.59,187.86,2.95,0.22161,869.2,23.441,26.452,0.8807,3.5568,2.544,0.032068,1.1085
2025-08-21 00:00:00+00:00,112476.7,4224.5,180.21,2.8506,0.21468,839.1,22.76,24.805,0.8514,3.4114,2.444,0.030448,1.0768
2025-08-22 00:00:00+00:00,116915.9,4831.99,200.68,3.0743,0.24062,900.9,25.251,26.798,0.9315,3.7604,2.689,0.036229,1.2855
2025-08-23 00:00:00+00:00,115386.0,4777.47,204.25,3.0478,0.23637,880.3,26.251,26.278,0.914,3.7364,2.699,0.036304,1.2797
2025-08-24 00:00:00+00:00,113443.2,4778.86,206.06,3.0254,0.23181,876.2,25.816,25.82,0.9084,3.6792,2.654,0.0341,1.2766
2025-08-25 00:00:00+00:00,110074.0,4374.06,187.07,2.857,0.20955,838.9,23.338,23.378,0.8365,3.339,2.394,0.029915,1.096
2025-08-26 00:00:00+00:00,111711.3,4598.04,195.82,3.0111,0.21833,863.2,24.169,24.367,0.8661,3.4516,2.525,0.031122,1.0922
2025-08-27 00:00:00+00:00,111203.2,4505.6,202.96,2.9676,0.21887,854.8,24.416,23.777,0.8505,3.436,2.518,0.030003,1.0711
2025-08-28 00:00:00+00:00,112520.0,4509.15,214.36,2.9654,0.22432,873.0,24.925,25.168,0.8572,3.4908,2.544,0.030459,1.1354
2025-08-29 00:00:00+00:00,108335.7,4358.52,204.96,2.8182,0.21382,861.9,23.533,23.408,0.8262,3.2804,2.427,0.029271,1.0773
2025-08-30 00:00:00+00:00,108758.1,4372.12,202.59,2.8171,0.21588,861.6,23.765,23.493,0.8219,3.3054,2.434,0.029758,1.0815
2025-08-31 00:00:00+00:00,108199.7,4389.71,200.55,2.7745,0.21361,857.0,23.378,23.191,0.8107,3.2475,2.365,0.02894,1.0672
2025-09-01 00:00:00+00:00,109182.5,4312.2,197.2,2.7575,0.21064,845.3,23.204,22.506,0.8008,3.2028,2.338,0.02848,1.0274
2025-09-02 00:00:00+00:00,111185.5,4324.32,209.52,2.8608,0.2148,851.3,24.458,23.487,0.8346,3.3162,2.436,0.03092,1.1098
2025-09-03 00:00:00+00:00,111655.0,4448.3,210.61,2.8428,0.22025,854.4,25.193,23.686,0.8363,3.386,2.468,0.030597,1.1461
2025-09-04 00:00:00+00:00,110674.0,4295.1,202.23,2.7935,0.2123,843.0,24.202,22.303,0.8088,3.2842,2.373,0.028476,1.1047
2025-09-05 00:00:00+00:00,110627.4,4305.62,203.28,2.8131,0.21779,849.4,24.463,22.282,0.8302,3.3722,2.397,0.029136,1.1604
2025-09-06 00:00:00+00:00,110139.3,4271.6,200.1,2.8083,0.21582,860.5,24.364,22.189,0.8179,3.3336,2.4,0.02857,1.1551
2025-09-07 00:00:00+00:00,111079.0,4304.1,206.26,2.8754,0.22867,879.7,24.68,22.45,0.8349,3.3948,2.464,0.03062,1.1713
2025-09-08 00:00:00+00:00,112023.1,4305.16,214.05,2.9689,0.24168,877.6,25.279,23.038,0.8649,3.4974,2.577,0.033863,1.192
2025-09-09 00:00:00+00:00,111500.0,4309.56,217.09,2.9461,0.2406,879.6,25.933,23.044,0.8651,3.4683,2.633,0.033583,1.2543
2025-09-10 00:00:00+00:00,113899.9,4347.99,223.94,2.9825,0.24529,893.3,29.474,23.574,0.8854,3.6184,2.725,0.034762,1.3074
2025-09-11 00:00:00+00:00,115437.9,4456.5,228.56,3.039,0.25591,902.3,29.14,24.459,0.8939,3.6645,2.744,0.034836,1.4709
2025-09-12 00:00:00+00:00,115971.5,4711.81,242.09,3.1052,0.27559,924.8,28.983,25.118,0.9171,3.7193,2.79,0.036375,1.4452
2025-09-13 00:00:00+00:00,115888.5,4668.0,242.24,3.1195,0.28959,934.0,30.085,24.885,0.9294,3.8142,2.809,0.036471,1.5692
2025-09-14 00:00:00+00:00,115226.4,4606.11,239.63,3.0279,0.27795,925.9,29.436,24.098,0.8876,3.6853,2.704,0.034692,1.4682
2025-09-15 00:00:00+00:00,115314.7,4521.69,234.22,2.9965,0.2682,919.4,29.798,23.557,0.8627,3.5201,2.625,0.033127,1.4424
2025-09-16 00:00:00+00:00,116747.5,4499.0,236.84,3.0362,0.26983,955.7,30.057,23.474,0.8796,3.598,2.707,0.033956,1.5139
2025-09-17 00:00:00+00:00,116404.0,4587.77,244.74,3.0831,0.2824,990.2,31.826,23.988,0.9134,3.7704,2.823,0.035939,1.6022
2025-09-18 00:00:00+00:00,117020.1,4585.49,247.37,3.072,0.27847,981.2,35.193,24.627,0.9243,3.8881,3.177,0.038054,1.6055
2025-09-19 00:00:00+00:00,115571.1,4466.99,238.38,2.989,0.26511,983.6,33.725,23.461,0.8901,3.6362,3.118,0.035614,1.4889
2025-09-20 00:00:00+00:00,115623.2,4478.64,239.37,2.9737,0.26749,1043.5,33.161,23.316,0.8927,3.6555,3.153,0.035266,1.499
2025-09-21 00:00:00+00:00,115172.1,4443.26,236.05,2.9687,0.26064,1047.3,33.032,22.943,0.8837,3.6069,3.128,0.03388,1.462
2025-09-22 00:00:00+00:00,112609.9,4196.25,220.25,2.8508,0.24108,992.5,33.862,21.637,0.8251,3.3616,2.96,0.030852,1.4507
2025-09-23 00:00:00+00:00,111941.6,4162.17,213.21,2.8234,0.23698,1015.7,33.587,21.506,0.8055,3.3185,2.916,0.029335,1.4619
2025-09-24 00:00:00+00:00,113253.6,4150.28,211.44,2.9246,0.24097,1017.8,32.294,21.597,0.8122,3.3616,3.019,0.029893,1.656
2025-09-25 00:00:00+00:00,108939.6,3872.72,192.64,2.7417,0.22282,945.9,28.623,20.136,0.7633,3.1094,2.726,0.026755,1.4914
2025-09-26 00:00:00+00:00,109584.0,4029.78,204.99,2.7824,0.23233,960.4,29.078,21.06,0.7916,3.2208,2.775,0.028545,1.5844
2025-09-27 00:00:00+00:00,109581.8,4016.96,203.35,2.8033,0.2307,967.8,28.729,20.903,0.7804,3.1761,2.725,0.027882,1.6251
2025-09-28 00:00:00+00:00,112121.1,4139.36,210.68,2.8664,0.23721,992.3,29.968,21.665,0.8081,3.2754,2.798,0.029026,1.6001
2025-09-29 00:00:00+00:00,114246.0,4212.84,212.61,2.8789,0.2347,1029.3,30.389,21.717,0.8054,3.2783,2.773,0.028126,1.4981
2025-09-30 00:00:00+00:00,113998.7,4143.18,208.61,2.8455,0.23284,1007.8,30.006,21.303,0.807,3.2591,2.626,0.027892,1.4262
2025-10-01 00:00:00+00:00,118560.5,4346.11,221.94,2.9477,0.24893,1025.8,30.722,22.568,0.8502,3.5199,2.83,0.031443,1.4304
2025-10-02 00:00:00+00:00,120477.9,4481.85,234.6,3.0373,0.2619,1089.9,30.963,22.765,0.8703,3.5846,2.967,0.031808,1.753
2025-10-03 00:00:00+00:00,122189.0,4511.3,232.74,3.0394,0.25813,1189.0,31.313,22.494,0.8651,3.578,3.031,0.031894,1.805
2025-10-04 00:00:00+00:00,122352.5,4485.39,227.72,2.9674,0.25071,1150.4,30.096,22.009,0.8391,3.6218,2.959,0.030262,1.8243
2025-10-05 00:00:00+00:00,123434.4,4512.25,228.46,2.9676,0.25269,1167.0,30.051,21.985,0.8365,3.5626,2.954,0.031497,1.8089
2025-10-06 00:00:00+00:00,124622.6,4682.02,232.27,2.9878,0.26601,1222.5,30.612,23.37,0.8714,3.6217,3.049,0.032773,1.8197
2025-10-07 00:00:00+00:00,121281.8,4445.76,219.85,2.8508,0.24673,1304.1,27.912,21.795,0.8196,3.4488,2.946,0.030384,1.7856
2025-10-08 00:00:00+00:00,123235.7,4523.51,228.93,2.8783,0.25557,1305.9,28.802,22.619,0.8384,3.535,2.963,0.032486,1.6947
2025-10-09 00:00:00+00:00,121604.6,4366.61,220.82,2.8012,0.2484,1255.4,28.37,21.983,0.8149,3.4059,2.879,0.030124,1.6214
2025-10-10 00:00:00+00:00,112776.1,3823.96,187.88,2.375,0.19395,1102.0,20.704,17.271,0.6346,2.6012,2.379,0.023749,1.1792
2025-10-11 00:00:00+00:00,110614.0,3745.51,177.3,2.3809,0.18519,1134.6,21.44,17.19,0.631,2.5403,2.298,0.021702,1.1111
2025-10-12 00:00:00+00:00,114911.4,4149.75,196.89,2.5271,0.20706,1302.8,22.485,18.979,0.6996,2.8064,2.453,0.025672,1.2454
2025-10-13 00:00:00+00:00,115115.1,4239.8,208.57,2.6042,0.21373,1293.7,23.802,19.836,0.7282,2.9891,2.616,0.026367,1.2863
2025-10-14 00:00:00+00:00,112982.0,4122.74,202.36,2.5021,0.20426,1207.7,22.726,19.091,0.6985,2.8192,2.457,0.024534,1.2393
2025-10-15 00:00:00+00:00,110714.3,3983.71,193.73,2.4098,0.19614,1162.6,21.885,18.045,0.6679,2.6785,2.322,0.023181,1.1588
2025-10-16 00:00:00+00:00,108140.1,3892.37,184.78,2.3269,0.18839,1144.4,20.956,17.414,0.6448,2.5152,2.197,0.022059,1.1071
2025-10-17 00:00:00+00:00,106375.9,3829.71,181.88,2.2927,0.18464,1070.1,19.943,16.594,0.6243,2.4357,2.148,0.021171,1.073
2025-10-18 00:00:00+00:00,107118.7,3886.5,187.46,2.3584,0.18951,1092.2,20.203,16.805,0.6337,2.4998,2.164,0.02145,1.0701
2025-10-19 00:00:00+00:00,108588.5,3980.8,187.77,2.3892,0.19527,1109.1,20.58,17.273,0.6526,2.5808,2.257,0.022238,1.0746
2025-10-20 00:00:00+00:00,110487.8,3977.47,189.65,2.4934,0.19993,1099.8,20.333,18.642,0.6622,2.5734,2.256,0.0224,1.0682
2025-10-21 00:00:00+00:00,108243.0,3870.8,185.56,2.4209,0.19417,1056.3,19.529,17.594,0.6423,2.4867,2.216,0.021277,1.0051
2025-10-22 00:00:00+00:00,107530.5,3803.69,179.98,2.3633,0.18979,1071.3,19.003,17.192,0.6232,2.3807,2.161,0.019934,0.9599
2025-10-23 00:00:00+00:00,110009.7,3854.74,191.25,2.3936,0.19484,1125.5,19.118,17.418,0.6425,2.4284,2.201,0.020468,0.9705
2025-10-24 00:00:00+00:00,110961.5,3933.0,193.5,2.5096,0.19766,1108.2,19.491,17.889,0.6556,2.522,2.27,0.021163,1.0196
2025-10-25 00:00:00+00:00,111583.7,3951.76,193.75,2.5943,0.19641,1116.3,19.706,18.006,0.6539,2.532,2.276,0.021359,1.0262
2025-10-26 00:00:00+00:00,114508.4,4157.46,199.96,2.645,0.20571,1138.0,20.813,18.531,0.6809,2.6745,2.368,0.02231,1.0419
2025-10-27 00:00:00+00:00,114060.3,4118.31,198.6,2.6326,0.20026,1138.2,20.314,18.202,0.6666,2.609,2.329,0.021383,0.9694
2025-10-28 00:00:00+00:00,112848.6,3977.46,194.03,2.6025,0.19352,1102.2,19.457,17.816,0.6453,2.5032,2.231,0.02054,0.947
2025-10-29 00:00:00+00:00,109973.0,3900.8,193.78,2.5488,0.19227,1107.2,19.646,18.123,0.6397,2.5107,2.274,0.02114,0.9729
2025-10-30 00:00:00+00:00,108261.0,3802.66,184.53,2.4377,0.18254,1078.1,18.102,16.788,0.6011,2.2894,2.096,0.018566,0.9113
2025-10-31 00:00:00+00:00,109547.3,3845.8,187.12,2.5081,0.18632,1088.1,18.183,17.229,0.6085,2.3624,2.097,0.018113,0.9685
2025-11-01 00:00:00+00:00,110050.2,3871.9,186.31,2.5039,0.18728,1094.0,18.712,17.135,0.6124,2.3785,2.172,0.018156,1.0019
2025-11-02 00:00:00+00:00,110498.9,3904.4,187.67,2.5255,0.18625,1082.7,18.799,17.58,0.6102,2.3531,2.188,0.017778,0.9962
2025-11-03 00:00:00+00:00,106533.6,3601.85,165.96,2.3079,0.16729,993.0,16.64,15.234,0.5524,2.0685,1.91,0.015478,0.8586
2025-11-04 00:00:00+00:00,101436.4,3285.24,154.92,2.2038,0.16218,936.6,15.979,14.674,0.5205,1.9741,1.83,0.014354,0.825
2025-11-05 00:00:00+00:00,103830.4,3422.52,162.28,2.3417,0.16708,958.6,16.597,15.078,0.545,2.0306,1.948,0.015309,0.868
2025-11-06 00:00:00+00:00,101306.0,3313.98,155.19,2.2118,0.16156,950.2,16.119,14.735,0.5314,1.967,2.094,0.01446,0.8601
2025-11-07 00:00:00+00:00,103286.2,3434.1,161.73,2.3146,0.17871,990.7,17.736,15.791,0.5761,2.1438,2.765,0.015734,0.9833
2025-11-08 00:00:00+00:00,102268.9,3399.7,157.93,2.2854,0.17594,990.2,17.487,15.511,0.5683,2.1213,2.93,0.014798,0.9594
2025-11-09 00:00:00+00:00,104659.2,3581.16,164.47,2.3647,0.17922,995.7,17.765,15.918,0.5785,2.144,3.073,0.015267,0.9945
2025-11-10 00:00:00+00:00,105960.0,3566.49,167.26,2.5246,0.1817,991.6,18.167,16.355,0.5925,2.1614,2.785,0.016294,1.016
2025-11-11 00:00:00+00:00,103017.9,3416.21,154.49,2.39,0.17195,957.6,16.992,15.275,0.556,2.0065,2.545,0.014661,0.9478
2025-11-12 00:00:00+00:00,101607.9,3413.26,153.32,2.3865,0.17006,952.5,16.804,15.14,0.5455,1.9663,2.533,0.014307,0.9311
2025-11-13 00:00:00+00:00,99639.2,3229.61,144.61,2.3209,0.1637,926.4,16.09,14.537,0.5294,1.8717,2.446,0.013573,0.9709
2025-11-14 00:00:00+00:00,94533.0,3111.04,138.85,2.2431,0.15755,914.9,15.111,13.798,0.4981,1.7395,2.352,0.012869,0.898
2025-11-15 00:00:00+00:00,95557.1,3166.06,139.52,2.236,0.16307,931.6,15.516,14.128,0.5031,1.7689,2.406,0.013126,0.9275
2025-11-16 00:00:00+00:00,94224.4,3093.6,137.15,2.2137,0.15849,926.2,15.128,13.725,0.4842,1.6783,2.286,0.012475,0.8911
2025-11-17 00:00:00+00:00,92170.1,3029.84,130.92,2.1625,0.15205,906.6,14.512,13.324,0.466,1.6168,2.267,0.012016,0.8408
2025-11-18 00:00:00+00:00,92922.5,3122.45,140.63,2.2161,0.16166,932.8,14.581,13.796,0.4751,1.6679,2.275,0.012346,0.9205
2025-11-19 00:00:00+00:00,91520.6,3024.22,136.97,2.1087,0.15452,897.3,14.281,13.517,0.4636,1.6059,2.373,0.012059,0.907
2025-11-20 00:00:00+00:00,86595.1,2832.8,133.59,1.999,0.14884,866.1,13.8,12.933,0.4322,1.496,2.072,0.011475,0.8134
2025-11-21 00:00:00+00:00,85086.5,2764.25,128.59,1.9499,0.14021,830.2,13.279,12.107,0.409,1.3898,1.861,0.010496,0.7235
2025-11-22 00:00:00+00:00,84700.0,2768.84,127.5,1.9494,0.1402,833.3,13.227,12.168,0.4042,1.3444,1.839,0.010195,0.6756
2025-11-23 00:00:00+00:00,86803.9,2800.87,130.52,2.048,0.14494,843.2,13.265,12.512,0.4082,1.3676,1.82,0.010337,0.6767
2025-11-24 00:00:00+00:00,88241.8,2952.0,138.38,2.2268,0.15173,864.2,13.884,12.962,0.4273,1.5268,1.904,0.011253,0.766
2025-11-25 00:00:00+00:00,87312.0,2957.75,138.9,2.201,0.15294,862.3,14.167,13.077,0.4216,1.5627,1.91,0.011354,0.7597
2025-11-26 00:00:00+00:00,90425.8,3024.81,142.91,2.2218,0.15463,891.3,14.946,13.447,0.4354,1.5421,1.936,0.01162,0.7717
2025-11-27 00:00:00+00:00,91287.2,3013.76,140.76,2.1989,0.15256,895.1,15.008,13.328,0.4328,1.5425,1.905,0.011301,0.8021
2025-11-28 00:00:00+00:00,90850.0,3029.72,137.25,2.1779,0.1501,886.8,14.835,13.113,0.4198,1.5204,1.876,0.01118,0.8219
2025-11-29 00:00:00+00:00,90762.8,2987.98,135.86,2.1997,0.1483,872.3,14.241,12.975,0.4143,1.4981,1.848,0.010816,0.81
2025-11-30 00:00:00+00:00,90316.5,2989.83,133.35,2.1533,0.14591,874.4,13.701,12.943,0.4139,1.4958,1.802,0.010718,0.806
2025-12-01 00:00:00+00:00,86245.0,2797.35,126.54,2.0284,0.13537,826.1,12.743,12.067,0.3852,1.3438,1.623,0.009761,0.7441
2025-12-02 00:00:00+00:00,91246.6,2994.44,138.64,2.1523,0.14572,876.3,13.62,13.462,0.4334,1.6273,1.803,0.012239,0.8424
2025-12-03 00:00:00+00:00,93377.4,3186.54,144.59,2.1963,0.15161,920.2,14.774,14.628,0.4496,1.6883,1.843,0.011989,0.8509
2025-12-04 00:00:00+00:00,92036.3,3132.19,138.95,2.0948,0.14733,899.5,14.386,14.245,0.4391,1.6575,1.795,0.011651,0.8202
2025-12-05 00:00:00+00:00,89284.0,3020.16,133.21,2.0333,0.13948,883.1,13.204,13.583,0.4153,1.5544,1.679,0.010638,0.7758
2025-12-06 00:00:00+00:00,89186.8,3036.7,132.13,2.03,0.13968,889.9,13.391,13.913,0.4134,1.5625,1.707,0.011092,0.8001
2025-12-07 00:00:00+00:00,90335.6,3058.5,132.15,2.0427,0.13862,893.7,13.473,13.638,0.4169,1.5827,1.701,0.010978,0.7839
2025-12-08 00:00:00+00:00,90604.7,3123.15,133.17,2.071,0.14252,896.6,13.634,13.754,0.4323,1.6094,1.743,0.011443,0.8343
2025-12-09 00:00:00+00:00,92627.9,3316.81,137.81,2.1051,0.14791,896.8,14.6,14.403,0.4694,1.6583,1.809,0.012651,0.8772
2025-12-10 00:00:00+00:00,91979.7,3322.71,136.16,2.0404,0.14324,892.9,14.105,14.089,0.4533,1.6137,1.758,0.01174,0.8399
2025-12-11 00:00:00+00:00,92479.9,3236.26,136.36,2.0333,0.14028,885.5,13.41,14.058,0.425,1.6115,1.672,0.011218,0.8202
2025-12-12 00:00:00+00:00,90219.7,3083.09,132.21,2.0062,0.13682,881.1,13.1,13.627,0.4087,1.5586,1.636,0.0109,0.8022
2025-12-13 00:00:00+00:00,90204.1,3112.37,133.05,2.0213,0.13896,896.6,13.362,13.723,0.4103,1.604,1.662,0.011313,0.8062
2025-12-14 00:00:00+00:00,88114.6,3061.81,129.32,1.9772,0.134,876.8,12.868,13.272,0.3958,1.5527,1.589,0.01039,0.7863
2025-12-15 00:00:00+00:00,86390.9,2962.99,127.72,1.8967,0.12968,858.1,12.338,12.848,0.3878,1.4698,1.542,0.010253,0.782
2025-12-16 00:00:00+00:00,87825.7,2960.97,129.07,1.9285,0.13171,875.2,12.337,12.923,0.3858,1.5109,1.569,0.010117,0.7817
2025-12-17 00:00:00+00:00,86201.5,2832.2,123.19,1.8614,0.12628,842.5,11.856,12.259,0.3669,1.4227,1.48,0.009411,0.7205
2025-12-18 00:00:00+00:00,85458.2,2827.28,119.53,1.8066,0.12201,829.4,11.434,11.925,0.3513,1.3458,1.427,0.00865,0.6809
2025-12-19 00:00:00+00:00,88104.0,2977.97,126.2,1.9078,0.13215,856.0,12.249,12.532,0.3766,1.4813,1.538,0.009432,0.7479
2025-12-20 00:00:00+00:00,88322.0,2976.6,125.75,1.9323,0.13187,853.6,12.201,12.544,0.3727,1.4532,1.521,0.009299,0.7498
2025-12-21 00:00:00+00:00,88624.1,3000.6,125.97,1.921,0.13108,858.3,12.141,12.43,0.3658,1.4445,1.507,0.009055,0.7177
2025-12-22 00:00:00+00:00,88576.2,3008.0,125.86,1.9031,0.13249,858.1,12.409,12.578,0.3709,1.4615,1.503,0.009123,0.722
2025-12-23 00:00:00+00:00,87442.2,2963.11,123.94,1.8722,0.12921,843.5,12.174,12.388,0.3626,1.4349,1.486,0.008786,0.7077
2025-12-24 00:00:00+00:00,87630.1,2946.15,122.46,1.8618,0.12849,846.0,12.098,12.266,0.3564,1.4148,1.454,0.009221,0.7005
2025-12-25 00:00:00+00:00,87180.4,2902.31,119.96,1.8314,0.12358,828.9,12.07,12.054,0.3432,1.3618,1.437,0.008819,0.6635
2025-12-26 00:00:00+00:00,87328.0,2926.7,122.23,1.8426,0.12205,834.4,12.339,12.177,0.3494,1.3976,1.517,0.009016,0.6984
2025-12-27 00:00:00+00:00,87833.6,2947.56,124.67,1.8728,0.12432,845.0,12.691,12.512,0.3698,1.4506,1.593,0.009331,0.7145
2025-12-28 00:00:00+00:00,87913.0,2949.49,125.22,1.8646,0.12387,859.1,12.638,12.487,0.3683,1.4456,1.58,0.009301,0.7099
2025-12-29 00:00:00+00:00,87195.3,2936.28,123.19,1.8494,0.12281,851.9,12.363,12.296,0.3528,1.4389,1.521,0.008898,0.6891
2025-12-30 00:00:00+00:00,88450.1,2972.37,124.93,1.8763,0.12327,861.3,12.573,12.412,0.3511,1.4333,1.514,0.009002,0.7
2025-12-31 00:00:00+00:00,87593.1,2970.23,124.6,1.8412,0.11741,863.9,12.306,12.198,0.3331,1.4036,1.512,0.008668,0.6873
2026-01-01 00:00:00+00:00,88805.0,3002.49,126.84,1.879,0.12674,863.4,13.587,12.605,0.3564,1.4717,1.624,0.009471,0.7396
2026-01-02 00:00:00+00:00,89950.4,3123.99,132.2,2.006,0.14182,881.0,13.806,13.274,0.3947,1.6071,1.69,0.010853,0.7715
2026-01-03 00:00:00+00:00,90587.9,3125.0,133.27,2.017,0.14306,878.4,13.975,13.226,0.3891,1.6648,1.709,0.01148,0.7676
2026-01-04 00:00:00+00:00,91488.7,3143.15,134.03,2.0898,0.14943,895.2,14.232,13.415,0.4004,1.6913,1.726,0.012573,0.7748
2026-01-05 00:00:00+00:00,93817.8,3223.48,137.8,2.3467,0.15162,909.8,14.446,13.908,0.4209,1.899,1.771,0.013082,0.7971
2026-01-06 00:00:00+00:00,93712.9,3295.42,141.02,2.303,0.15049,917.2,14.59,14.027,0.4192,1.9024,1.806,0.013311,0.8056
2026-01-07 00:00:00+00:00,91330.4,3167.33,136.31,2.1647,0.14633,899.8,14.11,13.436,0.4019,1.8193,1.72,0.012011,0.758
2026-01-08 00:00:00+00:00,91055.7,3105.3,138.28,2.1219,0.14189,891.7,13.876,13.207,0.3954,1.8151,1.684,0.011963,0.7413
2026-01-09 00:00:00+00:00,90604.6,3087.19,135.88,2.0949,0.14065,896.2,13.783,13.134,0.3913,1.8106,1.703,0.012089,0.7415
2026-01-10 00:00:00+00:00,90471.7,3085.8,135.78,2.0897,0.13957,907.5,13.726,13.129,0.3883,1.7934,1.686,0.011875,0.7326
2026-01-11 00:00:00+00:00,90962.0,3121.58,139.6,2.0732,0.13797,903.6,13.692,13.199,0.3907,1.7954,1.7,0.012043,0.7403
2026-01-12 00:00:00+00:00,91250.2,3093.94,139.12,2.0528,0.13656,905.2,13.506,13.069,0.386,1.7611,1.673,0.01178,0.7223
2026-01-13 00:00:00+00:00,95394.2,3324.06,145.45,2.1645,0.14824,943.5,14.753,14.056,0.4219,1.8801,1.858,0.013335,0.7987
2026-01-14 00:00:00+00:00,96914.6,3352.97,146.61,2.1386,0.14714,948.2,14.602,14.101,0.4139,1.8518,1.799,0.012814,0.7792
2026-01-15 00:00:00+00:00,95570.0,3317.38,142.32,2.0775,0.13999,930.7,13.815,13.785,0.3933,1.7799,1.72,0.012066,0.7414
2026-01-16 00:00:00+00:00,95500.8,3294.7,144.84,2.0671,0.13806,937.5,13.575,13.72,0.3954,1.7881,1.729,0.012269,0.7451
2026-01-17 00:00:00+00:00,95114.0,3308.82,143.65,2.0623,0.13782,946.8,13.733,13.734,0.397,1.785,1.75,0.011813,0.7394
2026-01-18 00:00:00+00:00,93625.2,3282.91,137.8,1.9902,0.13155,931.8,12.973,13.299,0.3753,1.695,1.626,0.010697,0.6929
2026-01-19 00:00:00+00:00,92588.1,3188.01,133.39,1.9851,0.12908,923.0,12.726,12.876,0.37,1.567,1.596,0.010365,0.6482
2026-01-20 00:00:00+00:00,88387.3,2938.28,125.75,1.8888,0.12329,883.8,12.087,12.122,0.3504,1.469,1.503,0.009462,0.6069
2026-01-21 00:00:00+00:00,89401.0,2980.51,129.46,1.9466,0.12645,882.6,12.408,12.393,0.3658,1.5099,1.527,0.009957,0.6129
2026-01-22 00:00:00+00:00,89519.1,2951.07,128.41,1.9228,0.12429,887.5,12.187,12.252,0.3591,1.4947,1.511,0.009835,0.5983
2026-01-23 00:00:00+00:00,89556.0,2954.99,127.35,1.9185,0.1247,891.3,12.12,12.211,0.3601,1.4878,1.507,0.009934,0.6069
2026-01-24 00:00:00+00:00,89180.0,2952.05,127.15,1.9135,0.12415,886.6,12.041,12.199,0.3581,1.4838,1.504,0.009896,0.6061
2026-01-25 00:00:00+00:00,86628.9,2815.79,118.78,1.8344,0.1194,865.6,11.488,11.517,0.3387,1.3993,1.434,0.009187,0.5683
2026-01-26 00:00:00+00:00,88302.3,2928.74,124.16,1.9027,0.12227,879.0,11.714,11.94,0.3519,1.4431,1.462,0.00964,0.6017
2026-01-27 00:00:00+00:00,89209.1,3024.54,127.11,1.9146,0.12614,898.0,12.127,12.038,0.3606,1.4397,1.49,0.009972,0.635
2026-01-28 00:00:00+00:00,89264.3,3009.49,125.28,1.9103,0.12495,902.3,12.067,11.837,0.358,1.4068,1.488,0.009988,0.6202
2026-01-29 00:00:00+00:00,84603.8,2820.95,117.75,1.8064,0.11719,867.9,11.037,11.114,0.3342,1.3197,1.373,0.009074,0.5687
2026-01-30 00:00:00+00:00,84212.7,2705.47,117.52,1.734,0.11574,858.3,10.868,10.782,0.3206,1.2729,1.32,0.008853,0.5485
2026-01-31 00:00:00+00:00,78699.6,2450.74,105.44,1.6457,0.10418,780.8,10.111,9.981,0.2933,1.1523,1.205,0.007779,0.4958
2026-02-01 00:00:00+00:00,76946.4,2269.4,100.72,1.59,0.10422,758.1,9.908,9.403,0.2856,1.1007,1.173,0.007531,0.4843
2026-02-02 00:00:00+00:00,78698.6,2345.65,104.47,1.6186,0.10786,773.5,10.139,9.801,0.2989,1.1483,1.2,0.007801,0.4989
2026-02-03 00:00:00+00:00,75744.5,2232.41,97.81,1.5783,0.10596,754.5,9.922,9.483,0.2915,1.1115,1.175,0.007411,0.4985
2026-02-04 00:00:00+00:00,73130.5,2146.9,92.07,1.511,0.10377,696.7,9.709,9.249,0.2862,1.0837,1.158,0.007306,0.5015
2026-02-05 00:00:00+00:00,62873.6,1825.83,78.29,1.2137,0.08841,607.9,8.304,7.91,0.2452,0.8822,0.975,0.005972,0.4304
2026-02-06 00:00:00+00:00,70528.9,2062.5,87.42,1.4683,0.09841,656.6,9.268,8.877,0.2759,1.0142,1.087,0.00672,0.4873
2026-02-07 00:00:00+00:00,69260.0,2086.09,87.51,1.4224,0.09817,646.4,9.216,8.902,0.2719,1.0044,1.073,0.006616,0.4686
2026-02-08 00:00:00+00:00,70300.1,2088.97,86.9,1.4298,0.09657,639.5,9.071,8.818,0.2698,0.9715,1.037,0.006468,0.4563
2026-02-09 00:00:00+00:00,70115.4,2104.2,86.71,1.4364,0.09607,636.0,9.046,8.833,0.2697,0.9623,1.03,0.006365,0.4465
2026-02-10 00:00:00+00:00,68804.2,2021.85,82.95,1.3989,0.09273,619.3,8.744,8.57,0.2617,0.9296,0.991,0.006136,0.4333
2026-02-11 00:00:00+00:00,67051.5,1940.25,79.24,1.3689,0.09106,607.7,8.63,8.319,0.2557,0.8936,0.961,0.006025,0.442
2026-02-12 00:00:00+00:00,66243.0,1946.96,78.36,1.3628,0.09293,613.8,8.898,8.409,0.2641,0.9216,0.961,0.006301,0.462
2026-02-13 00:00:00+00:00,68814.9,2047.82,84.28,1.4065,0.09663,618.6,9.139,8.763,0.2727,0.9607,1.022,0.006634,0.4725
2026-02-14 00:00:00+00:00,69790.3,2085.65,88.0,1.5084,0.11096,632.5,9.589,9.085,0.2948,1.0287,1.084,0.00786,0.5024
2026-02-15 00:00:00+00:00,68796.6,1965.39,86.1,1.4741,0.10262,614.7,9.277,8.776,0.2815,0.9733,1.054,0.007043,0.4715
2026-02-16 00:00:00+00:00,68864.0,1997.28,86.41,1.4865,0.10096,626.9,9.256,8.93,0.2855,0.9919,1.0567,0.007291,0.481
2026-02-17 00:00:00+00:00,67480.6,1990.91,85.03,1.4735,0.10061,617.3,9.134,8.824,0.2808,0.9675,1.0426,0.007135,0.4771
2026-02-18 00:00:00+00:00,66428.1,1955.07,81.55,1.4211,0.09849,604.3,8.85,8.598,0.2732,0.9296,1.0165,0.006768,0.4631
2026-02-19 00:00:00+00:00,66969.9,1948.0,82.46,1.406,0.09829,607.5,8.896,8.572,0.2728,0.9278,1.0065,0.006626,0.4589
2026-02-20 00:00:00+00:00,67986.4,1967.7,84.62,1.4282,0.10006,625.9,9.164,8.939,0.2846,0.9536,1.0524,0.006912,0.4702
2026-02-21 00:00:00+00:00,67943.5,1972.67,85.12,1.4296,0.09836,625.5,9.108,8.866,0.2797,0.9489,1.0569,0.006813,0.4571
2026-02-22 00:00:00+00:00,67619.7,1956.92,82.74,1.3923,0.09552,614.5,8.873,8.675,0.2714,0.9247,1.0212,0.006571,0.4453
2026-02-23 00:00:00+00:00,64624.7,1855.63,77.86,1.3511,0.09265,595.9,8.359,8.264,0.2622,0.8793,0.9796,0.006316,0.4515
2026-02-24 00:00:00+00:00,64028.2,1851.12,78.93,1.3475,0.09133,583.2,8.278,8.192,0.2584,0.8591,0.9654,0.006438,0.4973
2026-02-25 00:00:00+00:00,67966.5,2057.06,88.01,1.4332,0.10093,629.6,9.515,9.267,0.2971,0.9685,1.172,0.007235,0.5177
2026-02-26 00:00:00+00:00,67448.4,2026.65,85.84,1.4015,0.09694,625.4,9.298,9.092,0.2867,0.9368,1.126,0.006942,0.5076
2026-02-27 00:00:00+00:00,65842.1,1928.55,81.78,1.3553,0.09331,613.6,8.944,8.707,0.2774,0.899,1.0927,0.00679,0.4931
2026-02-28 00:00:00+00:00,66938.2,1963.27,84.3,1.3754,0.094,616.9,9.161,8.842,0.2808,0.9035,1.1708,0.006984,0.509
2026-03-01 00:00:00+00:00,65739.9,1938.49,83.56,1.3516,0.09185,617.5,9.026,8.667,0.2732,0.8869,1.1493,0.006704,0.4999
2026-03-02 00:00:00+00:00,68799.5,2026.4,86.6,1.3894,0.0935,637.5,9.17,8.947,0.2768,0.9226,1.3589,0.00701,0.4998
2026-03-03 00:00:00+00:00,68294.3,1981.83,86.92,1.3598,0.08993,633.3,9.175,8.804,0.2623,0.9084,1.356,0.007029,0.5148
2026-03-04 00:00:00+00:00,72644.4,2126.27,90.8,1.4302,0.0989,657.7,9.493,9.346,0.2761,0.9568,1.3106,0.007199,0.541
2026-03-05 00:00:00+00:00,70851.8,2071.98,88.73,1.4028,0.09351,647.4,9.374,9.198,0.269,0.9528,1.271,0.007105,0.5473
2026-03-06 00:00:00+00:00,68076.9,1977.79,84.65,1.3624,0.09122,626.9,9.012,8.79,0.2588,0.901,1.2254,0.006832,0.5305
2026-03-07 00:00:00+00:00,67227.7,1968.49,83.17,1.3558,0.08987,619.8,8.901,8.692,0.2542,0.8943,1.2135,0.006564,0.5196
2026-03-08 00:00:00+00:00,65942.4,1935.99,81.54,1.3393,0.08908,611.4,8.808,8.508,0.249,0.8792,1.2109,0.006489,0.5173
2026-03-09 00:00:00+00:00,68387.6,1992.25,84.9,1.3622,0.09042,634.3,9.262,8.862,0.255,0.942,1.2331,0.006945,0.5562
2026-03-10 00:00:00+00:00,69912.9,2035.76,85.81,1.3856,0.0945,641.5,9.531,8.979,0.2619,0.9566,1.2833,0.006974,0.5853
2026-03-11 00:00:00+00:00,70151.5,2051.04,86.53,1.3838,0.09283,651.2,9.548,8.993,0.2625,0.9779,1.2977,0.007115,0.5639
2026-03-12 00:00:00+00:00,70479.6,2072.65,86.79,1.384,0.0947,651.4,9.674,9.052,0.2633,0.9903,1.3669,0.007212,0.5676
2026-03-13 00:00:00+00:00,70897.0,2091.16,88.12,1.398,0.09591,655.4,9.713,9.081,0.2654,0.9952,1.3341,0.007266,0.5534
2026-03-14 00:00:00+00:00,71172.8,2095.33,87.98,1.4056,0.09598,657.2,9.724,9.164,0.2633,1.0005,1.3239,0.007277,0.5421
2026-03-15 00:00:00+00:00,72774.1,2177.31,92.29,1.4482,0.09733,673.4,9.944,9.489,0.27,1.0227,1.3485,0.00747,0.5529
2026-03-16 00:00:00+00:00,74842.3,2351.83,96.14,1.5421,0.10298,679.1,10.481,9.914,0.2902,1.0727,1.4904,0.00799,0.585
2026-03-17 00:00:00+00:00,73870.6,2316.18,94.55,1.5174,0.10009,668.2,10.185,9.787,0.2888,1.0285,1.4509,0.007828,0.5711
2026-03-18 00:00:00+00:00,71211.6,2201.93,90.02,1.4638,0.09519,651.7,9.676,9.223,0.274,0.9875,1.3853,0.007468,0.5465
2026-03-19 00:00:00+00:00,69884.8,2136.55,88.84,1.4467,0.09347,638.6,9.464,9.038,0.2672,0.9579,1.3331,0.007098,0.5352
2026-03-20 00:00:00+00:00,70476.2,2145.0,89.79,1.4442,0.09411,641.8,9.566,9.107,0.2657,0.9673,1.3144,0.007127,0.569
2026-03-21 00:00:00+00:00,68889.3,2083.41,87.48,1.4078,0.09127,630.0,9.206,8.817,0.257,0.932,1.2807,0.006818,0.584
2026-03-22 00:00:00+00:00,67830.9,2052.78,86.16,1.3843,0.09009,625.9,9.018,8.683,0.2503,0.9047,1.2726,0.006684,0.5383
2026-03-23 00:00:00+00:00,70862.0,2150.98,91.4,1.4315,0.0941,639.0,9.561,9.102,0.2614,0.9524,1.3102,0.007007,0.5296
2026-03-24 00:00:00+00:00,70523.8,2155.16,90.75,1.415,0.09506,638.1,9.619,9.243,0.2662,0.952,1.2903,0.007089,0.5335
2026-03-25 00:00:00+00:00,71307.0,2168.29,91.66,1.4139,0.09615,647.4,9.676,9.371,0.2704,0.968,1.2785,0.007316,0.56
2026-03-26 00:00:00+00:00,68799.5,2059.36,86.48,1.3599,0.09199,628.5,9.094,8.907,0.2545,0.9247,1.2223,0.006836,0.516
2026-03-27 00:00:00+00:00,66363.1,1991.71,83.02,1.3247,0.09006,613.5,8.781,8.564,0.2457,0.88,1.179,0.006492,0.4622
2026-03-28 00:00:00+00:00,66340.0,1993.46,82.02,1.3326,0.09093,610.6,8.751,8.429,0.2457,0.8588,1.1722,0.006367,0.4599
2026-03-29 00:00:00+00:00,65980.4,1983.26,81.34,1.327,0.09039,605.6,8.592,8.409,0.2396,0.8462,1.1633,0.006246,0.4585
2026-03-30 00:00:00+00:00,66765.2,2025.71,82.51,1.3232,0.09079,609.0,8.804,8.621,0.2433,0.8632,1.1607,0.006384,0.4615
2026-03-31 00:00:00+00:00,68241.2,2104.51,83.15,1.3401,0.09229,617.2,8.908,8.777,0.2414,0.8777,1.1874,0.006506,0.4781
2026-04-01 00:00:00+00:00,68079.1,2138.86,81.14,1.3471,0.09215,610.5,9.122,8.939,0.2483,0.8815,1.1906,0.006531,0.4652
2026-04-02 00:00:00+00:00,66864.5,2056.03,78.89,1.3191,0.09035,583.2,8.745,8.625,0.2391,0.8607,1.1617,0.006217,0.4407
2026-04-03 00:00:00+00:00,66929.0,2052.95,80.33,1.3175,0.09149,587.7,8.909,8.653,0.2461,0.8731,1.208,0.006275,0.4413
2026-04-04 00:00:00+00:00,67267.4,2064.66,80.79,1.3147,0.09201,593.0,8.982,8.689,0.2478,0.8714,1.2544,0.006242,0.4398
2026-04-05 00:00:00+00:00,69008.0,2109.32,81.85,1.3257,0.09234,601.1,9.065,8.819,0.2508,0.8703,1.2463,0.006308,0.4513
2026-04-06 00:00:00+00:00,68812.9,2106.27,79.95,1.3202,0.09053,599.7,8.892,8.793,0.2459,0.87,1.2479,0.006254,0.4413
2026-04-07 00:00:00+00:00,71904.6,2239.25,85.51,1.378,0.09491,619.9,9.425,9.283,0.2627,0.9592,1.3092,0.006839,0.4626
2026-04-08 00:00:00+00:00,71041.7,2189.14,82.52,1.3419,0.09236,600.9,9.046,8.852,0.2505,0.913,1.3292,0.006511,0.4377
2026-04-09 00:00:00+00:00,71759.0,2189.02,83.29,1.343,0.09256,602.8,9.362,8.941,0.2539,0.9299,1.3654,0.006567,0.4428
2026-04-10 00:00:00+00:00,72925.8,2244.04,84.77,1.3553,0.09364,605.1,9.388,9.079,0.254,0.9436,1.3598,0.006769,0.44
2026-04-11 00:00:00+00:00,73014.7,2283.73,84.88,1.3541,0.09304,606.8,9.369,9.065,0.2492,0.9409,1.4014,0.006998,0.4422
2026-04-12 00:00:00+00:00,70707.9,2190.46,81.49,1.3238,0.09078,591.8,9.024,8.728,0.2359,0.9007,1.3449,0.006415,0.4097
2026-04-13 00:00:00+00:00,74385.5,2368.29,86.51,1.3753,0.09408,614.6,9.657,9.357,0.2486,0.9595,1.418,0.00703,0.4361
2026-04-14 00:00:00+00:00,74100.1,2321.26,83.65,1.3611,0.09291,613.6,9.296,9.013,0.2392,0.9319,1.358,0.006799,0.4234
2026-04-15 00:00:00+00:00,74773.4,2358.89,84.85,1.391,0.09484,622.4,9.43,9.257,0.2459,0.9584,1.408,0.007157,0.4523
2026-04-16 00:00:00+00:00,75106.7,2346.91,89.01,1.452,0.09913,635.3,9.723,9.596,0.2591,0.9999,1.431,0.007881,0.4809
2026-04-17 00:00:00+00:00,77033.1,2417.61,88.71,1.475,0.09938,642.8,9.713,9.607,0.2586,0.9961,1.407,0.007669,0.5125
2026-04-18 00:00:00+00:00,75649.6,2349.25,86.1,1.431,0.09474,629.4,9.326,9.274,0.2488,0.9558,1.341,0.007254,0.4735
2026-04-19 00:00:00+00:00,73767.8,2262.48,83.43,1.393,0.09298,615.7,8.999,9.055,0.2421,0.9221,1.325,0.006949,0.4529
2026-04-20 00:00:00+00:00,75803.4,2312.4,85.25,1.423,0.09518,628.8,9.269,9.281,0.2477,0.9435,1.361,0.007507,0.4577
2026-04-21 00:00:00+00:00,76302.1,2326.2,85.99,1.432,0.09514,631.2,9.387,9.393,0.2498,0.9488,1.384,0.007766,0.4634
2026-04-22 00:00:00+00:00,78147.0,2372.93,86.82,1.428,0.09556,637.0,9.329,9.283,0.2481,0.9436,1.401,0.008221,0.4556
2026-04-23 00:00:00+00:00,78209.7,2328.97,86.07,1.438,0.09705,638.1,9.374,9.343,0.2496,0.9451,1.404,0.008438,0.4551
2026-04-24 00:00:00+00:00,77386.8,2314.05,86.14,1.433,0.09836,635.9,9.393,9.371,0.2501,0.9452,1.406,0.008375,0.4471
2026-04-25 00:00:00+00:00,77587.9,2318.42,86.12,1.423,0.09794,628.1,9.357,9.342,0.25,0.9383,1.401,0.008617,0.439
2026-04-26 00:00:00+00:00,78621.5,2368.22,86.86,1.43,0.09914,635.3,9.448,9.48,0.2519,0.9447,1.393,0.008943,0.4452
2026-04-27 00:00:00+00:00,77327.6,2302.7,84.76,1.399,0.09888,626.4,9.262,9.316,0.248,0.9349,1.363,0.01032,0.4344
2026-04-28 00:00:00+00:00,76301.9,2288.27,84.01,1.379,0.09928,624.1,9.171,9.235,0.2467,0.9249,1.346,0.010176,0.4264
2026-04-29 00:00:00+00:00,75755.0,2251.92,83.02,1.368,0.10401,617.0,9.119,9.106,0.2443,0.9063,1.325,0.009693,0.4122
2026-04-30 00:00:00+00:00,76312.8,2256.74,83.04,1.367,0.10645,614.9,9.088,9.1,0.246,0.9077,1.295,0.009961,0.4097
2026-05-01 00:00:00+00:00,78195.4,2294.37,83.71,1.384,0.10846,615.2,9.083,9.09,0.248,0.9183,1.287,0.009849,0.4095
2026-05-02 00:00:00+00:00,78656.0,2316.25,84.24,1.393,0.10845,617.6,9.18,9.173,0.2501,0.9269,1.299,0.009869,0.4176
2026-05-03 00:00:00+00:00,78531.0,2321.95,83.87,1.386,0.10822,617.0,9.079,9.122,0.2493,0.9195,1.274,0.009877,0.4131
2026-05-04 00:00:00+00:00,79821.4,2346.0,84.03,1.39,0.11005,622.3,9.165,9.354,0.2497,0.9282,1.261,0.010088,0.4224
2026-05-05 00:00:00+00:00,80875.3,2359.7,86.24,1.412,0.11478,630.1,9.399,9.763,0.2619,0.966,1.295,0.011036,0.4257
2026-05-06 00:00:00+00:00,81395.7,2350.15,89.11,1.424,0.11242,647.4,9.611,9.993,0.2668,0.992,1.488,0.010734,0.4376
2026-05-07 00:00:00+00:00,79979.2,2290.61,88.39,1.385,0.10783,636.6,9.499,9.844,0.2625,0.9677,1.47,0.010273,0.4274
2026-05-08 00:00:00+00:00,80152.4,2306.34,91.96,1.417,0.10947,648.9,9.902,10.341,0.2734,1.0213,1.596,0.010492,0.4523
2026-05-09 00:00:00+00:00,80631.6,2325.42,93.06,1.419,0.10869,649.3,9.955,10.368,0.2706,1.0697,1.567,0.010685,0.4469
2026-05-10 00:00:00+00:00,82182.8,2370.61,96.43,1.473,0.1124,663.3,10.221,10.714,0.2821,1.332,1.563,0.010637,0.4631
2026-05-11 00:00:00+00:00,81696.6,2338.84,97.3,1.477,0.11123,670.1,10.13,10.588,0.2801,1.2903,1.548,0.010222,0.4538
2026-05-12 00:00:00+00:00,80460.2,2274.05,94.24,1.436,0.11008,664.5,9.831,10.283,0.2709,1.2374,1.607,0.009509,0.4522
2026-05-13 00:00:00+00:00,79288.2,2257.66,91.11,1.426,0.11259,671.1,9.752,10.212,0.2645,1.2072,1.574,0.008987,0.4535
2026-05-14 00:00:00+00:00,81060.0,2282.32,92.11,1.484,0.1154,677.8,9.898,10.477,0.2704,1.1874,1.572,0.009096,0.4432
2026-05-15 00:00:00+00:00,79082.4,2223.68,89.19,1.433,0.1133,671.9,9.534,10.064,0.2613,1.0986,1.545,0.008824,0.4087
2026-05-16 00:00:00+00:00,78106.9,2179.7,86.49,1.413,0.10931,655.6,9.284,9.712,0.2548,1.0604,1.497,0.00844,0.3852
2026-05-17 00:00:00+00:00,77415.0,2129.6,85.17,1.4,0.10893,649.1,9.19,9.56,0.2519,1.0435,1.507,0.008357,0.3774
2026-05-18 00:00:00+00:00,76962.2,2129.03,85.34,1.389,0.10472,643.1,9.246,9.601,0.2514,1.0638,1.626,0.008591,0.3765
2026-05-19 00:00:00+00:00,76800.0,2110.93,84.24,1.36,0.10296,639.5,9.099,9.443,0.2481,1.0515,1.602,0.00869,0.3702
2026-05-20 00:00:00+00:00,77512.3,2128.66,86.1,1.366,0.10365,648.9,9.29,9.629,0.249,1.0792,1.701,0.009121,0.3842
2026-05-21 00:00:00+00:00,77583.0,2132.91,87.3,1.373,0.10562,658.2,9.446,9.748,0.2505,1.1236,1.926,0.009474,0.3869
2026-05-22 00:00:00+00:00,75508.7,2065.14,84.34,1.334,0.1023,650.0,9.145,9.411,0.2422,1.0479,2.1,0.00875,0.3637
2026-05-23 00:00:00+00:00,76709.2,2116.72,85.71,1.357,0.10304,655.8,9.384,9.557,0.2458,1.0667,2.452,0.008983,0.3778
2026-05-24 00:00:00+00:00,77029.9,2099.01,85.22,1.349,0.10221,656.2,9.205,9.424,0.2421,1.032,2.393,0.008942,0.3677
2026-05-25 00:00:00+00:00,77283.3,2111.81,84.99,1.35,0.10208,662.7,9.304,9.499,0.2434,1.0422,2.769,0.008822,0.3732
2026-05-26 00:00:00+00:00,75898.2,2072.99,83.66,1.328,0.10097,655.9,9.133,9.381,0.2398,1.0003,2.551,0.008486,0.3813
2026-05-27 00:00:00+00:00,74414.1,2024.02,82.38,1.307,0.10043,648.4,9.034,9.132,0.2371,0.9595,2.489,0.008149,0.3866
2026-05-28 00:00:00+00:00,73586.0,2009.05,82.08,1.315,0.09952,637.8,8.922,8.999,0.2347,0.9289,2.417,0.007718,0.3926
2026-05-29 00:00:00+00:00,73431.4,2013.44,81.99,1.328,0.09965,642.8,8.82,9.015,0.2327,0.9042,2.377,0.007899,0.3863
2026-05-30 00:00:00+00:00,73850.0,2021.41,82.69,1.34,0.10056,718.3,8.939,9.184,0.2357,0.9078,2.249,0.007997,0.3802
2026-05-31 00:00:00+00:00,73649.1,2006.39,82.4,1.331,0.10036,710.4,8.978,9.144,0.2355,0.8949,2.319,0.00791,0.3764
2026-06-01 00:00:00+00:00,71389.7,2005.83,81.24,1.297,0.10102,692.7,8.932,9.052,0.231,0.879,2.637,0.007583,0.386
2026-06-02 00:00:00+00:00,66722.6,1858.82,74.18,1.211,0.09272,650.2,8.175,8.369,0.2127,0.8079,2.626,0.006846,0.3347
2026-06-03 00:00:00+00:00,64117.3,1812.56,71.57,1.201,0.09135,620.2,8.044,8.328,0.2001,0.8241,2.816,0.007101,0.3575
2026-06-04 00:00:00+00:00,63847.8,1770.01,68.81,1.168,0.08851,604.2,7.701,8.012,0.1796,0.7662,2.197,0.006814,0.3213
2026-06-05 00:00:00+00:00,61025.2,1582.49,63.6,1.097,0.08143,571.9,6.721,7.36,0.1565,0.7026,1.967,0.006255,0.2866
2026-06-06 00:00:00+00:00,60849.2,1568.62,62.15,1.093,0.08185,574.1,6.658,7.391,0.1571,0.7174,1.857,0.006286,0.2873
2026-06-07 00:00:00+00:00,63308.0,1689.63,66.46,1.155,0.08622,604.0,6.811,7.912,0.1652,0.758,2.058,0.006975,0.3002
2026-06-08 00:00:00+00:00,63061.9,1689.19,66.79,1.167,0.08627,601.4,6.762,7.994,0.1702,0.7549,2.128,0.006802,0.3067
2026-06-09 00:00:00+00:00,61698.2,1638.8,64.92,1.136,0.08474,593.0,6.635,7.835,0.1651,0.7489,2.15,0.006704,0.3044
2026-06-10 00:00:00+00:00,61475.3,1620.59,63.16,1.096,0.08289,586.2,6.375,7.555,0.1604,0.7258,1.967,0.006363,0.2919
2026-06-11 00:00:00+00:00,63596.9,1672.67,66.88,1.142,0.08603,605.3,6.642,7.881,0.1705,0.7544,2.064,0.006751,0.3044
2026-06-12 00:00:00+00:00,63541.9,1665.58,66.77,1.132,0.08594,603.4,6.565,7.861,0.1695,0.7505,2.01,0.006729,0.3119
2026-06-13 00:00:00+00:00,64417.1,1680.35,68.88,1.149,0.08784,609.3,6.714,7.981,0.1716,0.7678,2.128,0.00677,0.3169
2026-06-14 00:00:00+00:00,65697.7,1724.6,71.24,1.185,0.08885,616.5,6.787,8.177,0.1829,0.8024,2.216,0.006946,0.3303
2026-06-15 00:00:00+00:00,66292.8,1795.01,73.94,1.238,0.0881,617.5,6.834,8.294,0.1783,0.793,2.392,0.007112,0.3382
2026-06-16 00:00:00+00:00,65648.7,1792.41,73.5,1.217,0.08713,604.6,6.875,8.272,0.1723,0.7961,2.307,0.007134,0.3391
2026-06-17 00:00:00+00:00,64471.4,1749.66,71.99,1.185,0.08588,601.2,6.76,8.086,0.1667,0.7666,2.181,0.006871,0.3825
2026-06-18 00:00:00+00:00,62920.8,1710.14,69.68,1.146,0.08347,578.1,6.312,8.011,0.1635,0.7291,2.237,0.006745,0.3629
2026-06-19 00:00:00+00:00,63510.5,1710.09,69.69,1.135,0.08351,581.1,5.889,7.945,0.162,0.7162,2.186,0.006646,0.3463
2026-06-20 00:00:00+00:00,64261.7,1739.91,73.19,1.149,0.08366,587.6,6.234,7.984,0.163,0.7137,2.192,0.006794,0.3451
2026-06-21 00:00:00+00:00,63278.9,1706.12,72.42,1.123,0.08218,583.9,6.109,7.778,0.1565,0.6928,2.1,0.006621,0.3336
2026-06-22 00:00:00+00:00,63994.0,1727.4,71.91,1.1286,0.08242,589.9,6.235,7.869,0.1584,0.7191,2.066,0.006565,0.3411
2026-06-23 00:00:00+00:00,62701.4,1666.38,69.65,1.1094,0.07884,577.7,6.479,7.629,0.1514,0.7037,1.98,0.006268,0.3493
2026-06-24 00:00:00+00:00,61050.0,1621.55,68.08,1.0729,0.07609,564.2,6.442,7.421,0.1475,0.6851,1.964,0.006048,0.3403
2026-06-25 00:00:00+00:00,59767.2,1567.09,67.67,1.0427,0.07487,560.4,6.23,7.243,0.1436,0.6835,1.832,0.005856,0.3787
2026-06-26 00:00:00+00:00,60072.1,1577.89,71.86,1.0482,0.07573,567.3,6.629,7.347,0.1482,0.6979,1.803,0.006203,0.3609
2026-06-27 00:00:00+00:00,59996.6,1573.19,70.46,1.0469,0.07445,556.9,6.428,7.293,0.1451,0.684,1.867,0.006178,0.3466
2026-06-28 00:00:00+00:00,59548.9,1571.25,71.35,1.0478,0.07316,550.8,6.444,7.264,0.1437,0.6809,1.832,0.006087,0.3358
2026-06-29 00:00:00+00:00,60231.4,1612.26,75.13,1.0583,0.0734,559.3,6.673,7.377,0.1457,0.7024,1.864,0.006209,0.3349
2026-06-30 00:00:00+00:00,58604.0,1571.35,73.63,1.0395,0.07204,546.3,6.533,7.197,0.1441,0.6902,1.781,0.006007,0.321
2026-07-01 00:00:00+00:00,60003.2,1608.82,77.41,1.0525,0.07218,550.1,6.66,7.354,0.1538,0.715,1.805,0.006132,0.3197
2026-07-02 00:00:00+00:00,61537.1,1700.0,80.68,1.0874,0.07413,558.4,6.797,7.744,0.1614,0.7349,1.941,0.006327,0.3328
2026-07-03 00:00:00+00:00,62552.9,1757.25,82.3,1.1341,0.07751,573.7,6.944,7.969,0.1797,0.7691,2.043,0.006784,0.3743
2026-07-04 00:00:00+00:00,63119.3,1780.0,81.74,1.1567,0.07762,575.0,6.961,8.001,0.192,0.7615,1.997,0.006665,0.4114
2026-07-05 00:00:00+00:00,63613.5,1784.86,81.55,1.1567,0.07784,589.7,6.918,8.06,0.1893,0.7564,2.017,0.006794,0.4276
2026-07-06 00:00:00+00:00,64025.5,1798.99,81.9,1.1445,0.07663,585.6,6.927,8.018,0.1841,0.7497,2.051,0.006769,0.4348
2026-07-07 00:00:00+00:00,63338.7,1770.58,80.52,1.1115,0.07413,576.4,6.684,7.858,0.1745,0.7273,1.975,0.006459,0.4162
2026-07-08 00:00:00+00:00,62253.7,1742.58,77.78,1.0901,0.07237,568.3,6.469,7.636,0.167,0.7106,1.891,0.006157,0.3862
2026-07-09 00:00:00+00:00,63196.8,1744.33,78.0,1.0927,0.07286,568.3,6.673,7.729,0.1664,0.7167,1.918,0.006175,0.39
2026-07-10 00:00:00+00:00,64137.8,1795.99,78.08,1.1041,0.07409,574.9,6.733,7.963,0.1665,0.7385,1.891,0.006268,0.4065
2026-07-11 00:00:00+00:00,63780.1,1786.91,76.71,1.0962,0.07317,574.2,6.544,7.907,0.1655,0.7284,1.866,0.006041,0.414
2026-07-12 00:00:00+00:00,63750.1,1805.86,76.87,1.0853,0.07269,573.5,6.403,7.99,0.1619,0.7355,1.886,0.005988,0.4216
2026-07-13 00:00:00+00:00,62313.1,1775.82,74.95,1.0668,0.07193,567.2,6.447,7.885,0.1573,0.7214,1.92,0.005795,0.3799
2026-07-14 00:00:00+00:00,65010.0,1891.12,77.83,1.1111,0.07442,581.4,6.708,8.34,0.1654,0.762,2.012,0.005933,0.3933
2026-07-15 00:00:00+00:00,64725.0,1917.04,77.24,1.1127,0.07407,580.3,6.695,8.534,0.1649,0.7548,2.066,0.006223,0.4382
2026-07-16 00:00:00+00:00,63795.9,1863.86,75.27,1.0865,0.07232,572.1,6.508,8.335,0.1606,0.7384,1.963,0.006029,0.4187
2026-07-17 00:00:00+00:00,63908.2,1840.99,74.99,1.0883,0.07252,567.7,6.584,8.251,0.1665,0.7397,1.925,0.005927,0.4403
2026-07-18 00:00:00+00:00,64802.4,1861.76,75.46,1.0921,0.07249,570.3,6.569,8.343,0.1666,0.7429,1.93,0.006149,0.4482
2026-07-19 00:00:00+00:00,64700.0,1871.31,76.34,1.0972,0.07237,570.8,6.463,8.381,0.166,0.7491,1.916,0.00612,0.4448
2026-07-20 00:00:00+00:00,65224.1,1903.75,77.8,1.1118,0.07214,571.0,6.575,8.588,0.1696,0.7642,1.978,0.006346,0.4567
2026-07-21 00:00:00+00:00,66519.8,1929.21,78.09,1.1432,0.07335,573.7,6.567,8.655,0.1735,0.7715,1.935,0.006319,0.4593
2026-07-22 00:00:00+00:00,66080.8,1933.48,77.93,1.1413,0.07295,570.8,6.622,8.626,0.1743,0.7642,1.868,0.006284,0.4615
2026-07-23 00:00:00+00:00,65066.0,1877.45,75.83,1.1073,0.06915,566.9,6.262,8.466,0.1683,0.7439,1.882,0.006068,0.452
2026-07-24 00:00:00+00:00,64119.7,1860.75,73.91,1.0912,0.06951,564.6,6.3,8.337,0.1638,0.7106,1.805,0.006023,0.4194
2026-07-25 00:00:00+00:00,64344.3,1873.8,74.48,1.0971,0.07168,568.7,6.777,8.378,0.1647,0.7106,1.791,0.006205,0.4098
2026-07-26 00:00:00+00:00,65379.3,1953.75,76.73,1.1125,0.07336,575.0,6.744,8.824,0.1659,0.7228,1.837,0.006383,0.4277
2026-07-27 00:00:00+00:00,63727.4,1891.55,74.16,1.0654,0.07033,565.9,6.403,8.375,0.1553,0.6805,1.689,0.005952,0.4129
2026-07-28 00:00:00+00:00,63900.2,1921.15,73.78,1.0683,0.07084,571.0,6.573,8.441,0.1617,0.6922,1.652,0.00596,0.4153
2026-07-29 00:00:00+00:00,63955.1,1909.77,73.63,1.073,0.07011,571.7,6.425,8.329,0.1619,0.6857,1.621,0.005749,0.401
2026-07-30 00:00:00+00:00,64757.6,1917.53,74.45,1.0824,0.07055,591.9,6.431,8.449,0.1696,0.6916,1.676,0.006044,0.4
2026-07-31 00:00:00+00:00,62858.0,1861.69,72.82,1.0611,0.06956,586.7,6.381,8.167,0.1681,0.6816,1.663,0.005971,0.4125
2026-08-01 00:00:00+00:00,62788.9,1844.06,71.9,1.0599,0.06909,574.9,6.185,8.064,0.1744,0.6754,1.673,0.005914,0.3957
2026-08-02 00:00:00+00:00,63545.7,1884.16,73.58,1.0865,0.07076,588.0,6.551,8.378,0.1894,0.6894,1.716,0.006145,0.3994
2026-08-03 00:00:00+00:00,63503.5,1859.77,73.52,1.0753,0.07018,589.1,6.57,8.182,0.1934,0.6909,1.736,0.006157,0.4033
2026-08-04 00:00:00+00:00,64078.0,1868.76,73.71,1.0731,0.07003,593.0,6.683,8.143,0.1927,0.6928,1.73,0.006034,0.3558
2026-08-05 00:00:00+00:00,64626.8,1907.99,73.99,1.0617,0.07002,593.4,6.656,8.155,0.191,0.6899,1.697,0.006248,0.3716
2026-08-06 00:00:00+00:00,64297.6,1903.35,72.64,1.0346,0.06905,592.1,6.436,8.19,0.2009,0.672,1.657,0.005984,0.3613
2026-08-07 00:00:00+00:00,64886.0,1912.97,73.63,1.0202,0.0696,592.2,6.427,8.184,0.2006,0.6718,1.59,0.006004,0.3803
2026-08-08 00:00:00+00:00,64928.4,1916.29,75.98,1.0391,0.0704,600.4,6.475,8.302,0.1993,0.6921,1.61,0.006308,0.3827
2026-08-09 00:00:00+00:00,64870.1,1910.01,76.24,1.0294,0.06931,602.0,6.415,8.181,0.1943,0.6859,1.598,0.006445,0.3819
2026-08-10 00:00:00+00:00,63947.7,1872.29,75.96,1.0117,0.06968,599.0,6.43,8.296,0.1907,0.684,1.599,0.006523,0.387
2026-08-11 00:00:00+00:00,63566.1,1881.7,76.26,1.0223,0.07186,616.3,6.317,8.776,0.1869,0.6928,1.62,0.00644,0.3809
2026-08-12 00:00:00+00:00,63461.5,1878.99,75.58,1.0053,0.06966,609.9,6.313,8.669,0.1825,0.6809,1.643,0.006205,0.3775
2026-08-13 00:00:00+00:00,63456.8,1885.38,76.23,1.0089,0.07014,610.2,6.452,8.884,0.1822,0.6891,1.638,0.006259,0.4421
2026-08-14 00:00:00+00:00,63019.5,1881.26,75.35,0.9989,0.07004,607.7,6.473,8.967,0.18,0.6825,1.64,0.00611,0.4491
2026-08-15 00:00:00+00:00,63057.5,1881.98,75.3,1.0019,0.06957,607.3,6.328,9.465,0.1763,0.6769,1.618,0.00599,0.4776
2026-08-16 00:00:00+00:00,62878.8,1875.32,74.56,0.9929,0.06955,602.5,6.325,9.383,0.1748,0.6707,1.601,0.005919,0.5016
2026-08-17 00:00:00+00:00,64500.0,1912.81,75.97,1.0025,0.07037,605.4,6.347,9.536,0.174,0.6747,1.636,0.006015,0.4947
2026-08-18 00:00:00+00:00,64700.6,1916.94,77.01,1.0014,0.07022,603.6,6.33,9.531,0.1744,0.6511,1.586,0.006059,0.4849
2026-08-19 00:00:00+00:00,69307.8,2252.09,85.38,1.1058,0.07502,627.4,6.779,10.548,0.1871,0.7058,1.733,0.006462,0.525
2026-08-20 00:00:00+00:00,72996.6,2326.16,87.62,1.2678,0.08043,654.3,7.291,10.686,0.1989,0.7336,1.766,0.007174,0.5486
2026-08-21 00:00:00+00:00,78317.5,2515.9,93.7,1.454,0.09155,686.9,7.839,11.99,0.2292,0.8442,1.965,0.008919,0.6015
2026-08-22 00:00:00+00:00,77086.7,2421.74,93.82,1.4617,0.09184,695.2,7.491,11.649,0.226,0.8149,1.877,0.008405,0.5783
2026-08-23 00:00:00+00:00,77725.7,2462.67,95.42,1.5202,0.09339,702.4,7.607,11.539,0.227,0.8502,2.015,0.0099,0.6148
2026-08-24 00:00:00+00:00,78954.0,2481.08,98.94,1.4813,0.09008,704.1,7.542,11.626,0.2214,0.7996,1.952,0.009822,0.6167
2026-08-25 00:00:00+00:00,78506.1,2441.9,96.54,1.4336,0.08567,694.1,7.321,11.286,0.209,0.7571,1.859,0.009386,0.5542
2026-08-26 00:00:00+00:00,78993.2,2505.65,102.03,1.4217,0.08763,707.2,7.437,11.617,0.2121,0.7668,1.9,0.009604,0.5779
2026-08-27 00:00:00+00:00,80211.9,2509.78,109.08,1.4526,0.08908,711.6,7.521,11.911,0.2135,0.7791,1.926,0.00967,0.5779
2026-08-28 00:00:00+00:00,77813.0,2441.89,104.09,1.383,0.08521,690.9,7.303,11.424,0.2029,0.743,1.823,0.009187,0.5345
2026-08-29 00:00:00+00:00,78194.6,2456.4,105.54,1.3958,0.08524,692.1,7.325,11.45,0.2016,0.7444,1.867,0.009128,0.5453
2026-08-30 00:00:00+00:00,77640.2,2415.7,101.69,1.3563,0.082,684.2,7.107,11.135,0.1925,0.7105,1.818,0.008583,0.5225
2026-08-31 00:00:00+00:00,78549.9,2466.54,103.0,1.3794,0.0828,691.0,7.226,11.315,0.1977,0.7265,1.921,0.008725,0.5654
2026-09-01 00:00:00+00:00,77399.3,2417.5,99.91,1.3511,0.08163,682.5,7.212,11.226,0.1965,0.7212,1.885,0.008457,0.5627
2026-09-02 00:00:00+00:00,77303.8,2390.96,100.37,1.3506,0.08171,688.5,7.189,11.112,0.2009,0.7455,1.886,0.008354,0.5612
2026-09-03 00:00:00+00:00,81228.7,2506.23,103.87,1.4509,0.08778,725.0,7.515,11.826,0.2211,0.783,1.954,0.008703,0.5894
2026-09-04 00:00:00+00:00,79620.3,2454.98,101.86,1.3977,0.08473,721.3,7.381,11.627,0.2111,0.7551,2.173,0.008276,0.5588
2026-09-05 00:00:00+00:00,79792.3,2479.07,103.11,1.4116,0.08963,766.2,7.585,12.041,0.2181,0.7951,2.19,0.00861,0.5736
2026-09-06 00:00:00+00:00,80300.1,2513.22,106.49,1.4231,0.09085,752.7,7.902,13.223,0.2233,0.8115,2.438,0.008792,0.5783
2026-09-07 00:00:00+00:00,79074.5,2488.99,103.73,1.3961,0.09046,739.6,8.071,12.74,0.2204,0.8181,2.307,0.008444,0.5905
2026-09-08 00:00:00+00:00,78420.7,2484.11,103.32,1.4165,0.09,751.8,8.004,12.51,0.2192,0.8107,2.317,0.008075,0.6039
2026-09-09 00:00:00+00:00,78265.0,2467.02,101.5,1.3941,0.08611,721.9,7.791,11.796,0.2117,0.7717,2.482,0.00767,0.6177
2026-09-10 00:00:00+00:00,76540.0,2437.25,98.61,1.3335,0.08285,708.3,7.419,11.449,0.2045,0.7271,2.441,0.007345,0.6641
2026-09-11 00:00:00+00:00,77184.7,2515.45,102.42,1.3558,0.08427,726.4,7.457,11.543,0.2061,0.7252,2.364,0.00725,0.674
2026-09-12 00:00:00+00:00,77247.0,2524.86,101.71,1.3657,0.08479,727.2,7.393,11.499,0.207,0.7244,2.368,0.007241,0.7113
2026-09-13 00:00:00+00:00,76793.5,2475.66,99.21,1.3401,0.08235,716.0,7.284,11.199,0.2033,0.7012,2.296,0.006982,0.6235
2026-09-14 00:00:00+00:00,78158.4,2514.19,102.5,1.4229,0.0836,720.0,7.559,11.51,0.2084,0.7205,2.467,0.007109,0.6339
2026-09-15 00:00:00+00:00,75611.2,2397.08,96.81,1.2828,0.08005,711.7,7.265,10.878,0.1952,0.6863,2.335,0.006846,0.5939
2026-09-16 00:00:00+00:00,76168.1,2417.38,98.6,1.2987,0.08088,725.6,7.474,11.05,0.1961,0.7132,2.62,0.006982,0.5855
2026-09-17 00:00:00+00:00,76390.1,2446.27,101.58,1.2955,0.08167,738.2,7.606,11.384,0.2026,0.741,3.146,0.007258,0.6249
2026-09-18 00:00:00+00:00,80876.6,2611.05,112.69,1.3964,0.08745,761.0,8.202,12.226,0.2244,0.8141,3.763,0.007936,0.7257
2026-09-19 00:00:00+00:00,81231.2,2631.46,111.01,1.4103,0.08768,761.7,10.09,12.416,0.2279,0.8575,3.587,0.007946,0.7515
2026-09-20 00:00:00+00:00,81144.3,2643.36,111.12,1.4101,0.08727,772.3,11.309,12.515,0.228,0.8968,4.165,0.007857,0.7236
2026-09-21 00:00:00+00:00,86589.1,2774.62,118.87,1.536,0.09987,799.0,11.226,13.178,0.2452,1.0423,4.267,0.008782,0.7156
2026-09-22 00:00:00+00:00,86167.5,2752.68,118.49,1.5721,0.10038,787.9,11.311,13.043,0.2543,1.0233,4.422,0.010054,0.7091
2026-09-23 00:00:00+00:00,84366.1,2683.52,114.95,1.4999,0.09267,767.0,10.256,12.346,0.2382,0.9595,4.331,0.009743,0.6477
2026-09-24 00:00:00+00:00,84369.4,2686.69,116.98,1.534,0.09574,776.4,10.202,13.216,0.2476,1.0136,4.588,0.009723,0.6788
2026-09-25 00:00:00+00:00,84059.9,2690.29,122.08,1.5678,0.09894,776.7,10.643,13.926,0.2587,1.1942,4.947,0.010284,0.7199
2026-09-26 00:00:00+00:00,84394.1,2694.85,121.33,1.5264,0.09668,773.0,10.836,14.139,0.2538,1.1626,5.035,0.009901,0.7289
