ts,cash,margin_used,unrealized_pnl,equity,open_positions
2026-09-14T04:15:00+00:00,10000,0,0,10000,0
2026-09-14T04:30:00+00:00,10000,0,0,10000,0
2026-09-14T04:45:00+00:00,10000,0,0,10000,0
2026-09-14T05:00:00+00:00,10000,0,0,10000,0
2026-09-14T05:15:00+00:00,10000,0,0,10000,0
2026-09-14T05:30:00+00:00,10000,0,0,10000,0
2026-09-14T05:45:00+00:00,10000,0,0,10000,0
2026-09-14T06:00:00+00:00,10000,0,0,10000,0
2026-09-14T06:15:00+00:00,10000,0,0,10000,0
2026-09-14T06:30:00+00:00,10000,0,0,10000,0
2026-09-14T06:45:00+00:00,10000,0,0,10000,0
2026-09-14T07:00:00+00:00,10000,0,0,10000,0
2026-09-14T07:15:00+00:00,10000,0,0,10000,0
2026-09-14T07:30:00+00:00,10000,0,0,10000,0
2026-09-14T07:45:00+00:00,10000,0,0,10000,0
2026-09-14T08:00:00+00:00,10000,0,0,10000,0
2026-09-14T08:15:00+00:00,10000,0,0,10000,0
2026-09-14T08:30:00+00:00,10000,0,0,10000,0
2026-09-14T08:45:00+00:00,10000,0,0,10000,0
2026-09-14T09:00:00+00:00,10000,0,0,10000,0
2026-09-14T09:15:00+00:00,10000,0,0,10000,0
2026-09-14T09:30:00+00:00,10000,0,0,10000,0
2026-09-14T09:45:00+00:00,10000,0,0,10000,0
2026-09-14T10:00:00+00:00,10000,0,0,10000,0
2026-09-14T10:15:00+00:00,10000,0,0,10000,0
2026-09-14T10:30:00+00:00,10000,0,0,10000,0
2026-09-14T10:45:00+00:00,10000,0,0,10000,0
2026-09-14T11:00:00+00:00,10000,0,0,10000,0
2026-09-14T11:15:00+00:00,10000,0,0,10000,0
2026-09-14T11:30:00+00:00,10000,0,0,10000,0
2026-09-14T11:45:00+00:00,10000,0,0,10000,0
2026-09-14T12:00:00+00:00,10000,0,0,10000,0
2026-09-14T12:15:00+00:00,10000,0,0,10000,0
2026-09-14T12:30:00+00:00,10000,0,0,10000,0
2026-09-14T12:45:00+00:00,10000,0,0,10000,0
2026-09-14T13:00:00+00:00,10000,0,0,10000,0
2026-09-14T13:15:00+00:00,10000,0,0,10000,0
2026-09-14T13:30:00+00:00,10000,0,0,10000,0
2026-09-14T13:45:00+00:00,10000,0,0,10000,0
2026-09-14T14:00:00+00:00,10000,0,0,10000,0
2026-09-14T14:15:00+00:00,10000,0,0,10000,0
2026-09-14T14:30:00+00:00,10000,0,0,10000,0
2026-09-14T14:45:00+00:00,10000,0,0,10000,0
2026-09-14T15:00:00+00:00,10000,0,0,10000,0
2026-09-14T15:15:00+00:00,10000,0,0,10000,0
2026-09-14T15:30:00+00:00,10000,0,0,10000,0
2026-09-14T15:45:00+00:00,10000,0,0,10000,0
2026-09-14T16:00:00+00:00,10000,0,0,10000,0
2026-09-14T16:15:00+00:00,10000,0,0,10000,0
2026-09-14T16:30:00+00:00,10000,0,0,10000,0
2026-09-14T16:45:00+00:00,10000,0,0,10000,0
2026-09-14T17:00:00+00:00,10000,0,0,10000,0
2026-09-14T17:15:00+00:00,10000,0,0,10000,0
2026-09-14T17:30:00+00:00,10000,0,0,10000,0
2026-09-14T17:45:00+00:00,10000,0,0,10000,0
2026-09-14T18:00:00+00:00,10000,0,0,10000,0
2026-09-14T18:15:00+00:00,10000,0,0,10000,0
2026-09-14T18:30:00+00:00,10000,0,0,10000,0
2026-09-14T18:45:00+00:00,10000,0,0,10000,0
2026-09-14T19:00:00+00:00,10000,0,0,10000,0
2026-09-14T19:15:00+00:00,10000,0,0,10000,0
2026-09-14T19:30:00+00:00,10000,0,0,10000,0
2026-09-14T19:45:00+00:00,10000,0,0,10000,0
2026-09-14T20:00:00+00:00,10000,0,0,10000,0
2026-09-14T20:15:00+00:00,10000,0,0,10000,0
2026-09-14T20:30:00+00:00,10000,0,0,10000,0
2026-09-14T20:45:00+00:00,10000,0,0,10000,0
2026-09-14T21:00:00+00:00,10000,0,0,10000,0
2026-09-14T21:15:00+00:00,10000,0,0,10000,0
2026-09-14T21:30:00+00:00,10000,0,0,10000,0
2026-09-14T21:45:00+00:00,10000,0,0,10000,0
2026-09-14T22:00:00+00:00,10000,0,0,10000,0
2026-09-14T22:15:00+00:00,10000,0,0,10000,0
2026-09-14T22:30:00+00:00,10000,0,0,10000,0
2026-09-14T22:45:00+00:00,10000,0,0,10000,0
2026-09-14T23:00:00+00:00,10000,0,0,10000,0
2026-09-14T23:15:00+00:00,10000,0,0,10000,0
2026-09-14T23:30:00+00:00,10000,0,0,10000,0
2026-09-14T23:45:00+00:00,10000,0,0,10000,0
2026-09-15T00:00:00+00:00,10000,0,0,10000,0
2026-09-15T00:15:00+00:00,10000,0,0,10000,0
2026-09-15T00:30:00+00:00,10000,0,0,10000,0
2026-09-15T00:45:00+00:00,10000,0,0,10000,0
2026-09-15T01:00:00+00:00,10000,0,0,10000,0
2026-09-15T01:15:00+00:00,10000,0,0,10000,0
2026-09-15T01:30:00+00:00,10000,0,0,10000,0
2026-09-15T01:45:00+00:00,10000,0,0,10000,0
2026-09-15T02:00:00+00:00,10000,0,0,10000,0
2026-09-15T02:15:00+00:00,10000,0,0,10000,0
2026-09-15T02:30:00+00:00,10000,0,0,10000,0
2026-09-15T02:45:00+00:00,10000,0,0,10000,0
2026-09-15T03:00:00+00:00,10000,0,0,10000,0
2026-09-15T03:15:00+00:00,10000,0,0,10000,0
2026-09-15T03:30:00+00:00,10000,0,0,10000,0
2026-09-15T03:45:00+00:00,10000,0,0,10000,0
2026-09-15T04:00:00+00:00,10000,0,0,10000,0
2026-09-15T04:15:00+00:00,10000,0,0,10000,0
2026-09-15T04:30:00+00:00,10000,0,0,10000,0
2026-09-15T04:45:00+00:00,10000,0,0,10000,0
2026-09-15T05:00:00+00:00,10000,0,0,10000,0
2026-09-15T05:15:00+00:00,10000,0,0,10000,0
2026-09-15T05:30:00+00:00,10000,0,0,10000,0
2026-09-15T05:45:00+00:00,10000,0,0,10000,0
2026-09-15T06:00:00+00:00,10000,0,0,10000,0
2026-09-15T06:15:00+00:00,10000,0,0,10000,0
2026-09-15T06:30:00+00:00,10000,0,0,10000,0
2026-09-15T06:45:00+00:00,10000,0,0,10000,0
2026-09-15T07:00:00+00:00,10000,0,0,10000,0
2026-09-15T07:15:00+00:00,10000,0,0,10000,0
2026-09-15T07:30:00+00:00,10000,0,0,10000,0
2026-09-15T07:45:00+00:00,10000,0,0,10000,0
2026-09-15T08:00:00+00:00,10000,0,0,10000,0
2026-09-15T08:15:00+00:00,10000,0,0,10000,0
2026-09-15T08:30:00+00:00,10000,0,0,10000,0
2026-09-15T08:45:00+00:00,10000,0,0,10000,0
2026-09-15T09:00:00+00:00,10000,0,0,10000,0
2026-09-15T09:15:00+00:00,10000,0,0,10000,0
2026-09-15T09:30:00+00:00,10000,0,0,10000,0
2026-09-15T09:45:00+00:00,10000,0,0,10000,0
2026-09-15T10:00:00+00:00,10000,0,0,10000,0
2026-09-15T10:15:00+00:00,10000,0,0,10000,0
2026-09-15T10:30:00+00:00,10000,0,0,10000,0
2026-09-15T10:45:00+00:00,10000,0,0,10000,0
2026-09-15T11:00:00+00:00,10000,0,0,10000,0
2026-09-15T11:15:00+00:00,10000,0,0,10000,0
2026-09-15T11:30:00+00:00,10000,0,0,10000,0
2026-09-15T11:45:00+00:00,10000,0,0,10000,0
2026-09-15T12:00:00+00:00,10000,0,0,10000,0
2026-09-15T12:15:00+00:00,10000,0,0,10000,0
2026-09-15T12:30:00+00:00,10000,0,0,10000,0
2026-09-15T12:45:00+00:00,10000,0,0,10000,0
2026-09-15T13:00:00+00:00,10000,0,0,10000,0
2026-09-15T13:15:00+00:00,10000,0,0,10000,0
2026-09-15T13:30:00+00:00,10000,0,0,10000,0
2026-09-15T13:45:00+00:00,10000,0,0,10000,0
2026-09-15T14:00:00+00:00,10000,0,0,10000,0
2026-09-15T14:15:00+00:00,10000,0,0,10000,0
2026-09-15T14:30:00+00:00,10000,0,0,10000,0
2026-09-15T14:45:00+00:00,10000,0,0,10000,0
2026-09-15T15:00:00+00:00,10000,0,0,10000,0
2026-09-15T15:15:00+00:00,10000,0,0,10000,0
2026-09-15T15:30:00+00:00,10000,0,0,10000,0
2026-09-15T15:45:00+00:00,10000,0,0,10000,0
2026-09-15T16:00:00+00:00,10000,0,0,10000,0
2026-09-15T16:15:00+00:00,10000,0,0,10000,0
2026-09-15T16:30:00+00:00,10000,0,0,10000,0
2026-09-15T16:45:00+00:00,10000,0,0,10000,0
2026-09-15T17:00:00+00:00,10000,0,0,10000,0
2026-09-15T17:15:00+00:00,10000,0,0,10000,0
2026-09-15T17:30:00+00:00,10000,0,0,10000,0
2026-09-15T17:45:00+00:00,10000,0,0,10000,0
2026-09-15T18:00:00+00:00,10000,0,0,10000,0
2026-09-15T18:15:00+00:00,10000,0,0,10000,0
2026-09-15T18:30:00+00:00,10000,0,0,10000,0
2026-09-15T18:45:00+00:00,10000,0,0,10000,0
2026-09-15T19:00:00+00:00,10000,0,0,10000,0
2026-09-15T19:15:00+00:00,10000,0,0,10000,0
2026-09-15T19:30:00+00:00,10000,0,0,10000,0
2026-09-15T19:45:00+00:00,10000,0,0,10000,0
2026-09-15T20:00:00+00:00,10000,0,0,10000,0
2026-09-15T20:15:00+00:00,10000,0,0,10000,0
2026-09-15T20:30:00+00:00,10000,0,0,10000,0
2026-09-15T20:45:00+00:00,10000,0,0,10000,0
2026-09-15T21:00:00+00:00,10000,0,0,10000,0
2026-09-15T21:15:00+00:00,10000,0,0,10000,0
2026-09-15T21:30:00+00:00,10000,0,0,10000,0
2026-09-15T21:45:00+00:00,10000,0,0,10000,0
2026-09-15T22:00:00+00:00,10000,0,0,10000,0
2026-09-15T22:15:00+00:00,10000,0,0,10000,0
2026-09-15T22:30:00+00:00,10000,0,0,10000,0
2026-09-15T22:45:00+00:00,10000,0,0,10000,0
2026-09-15T23:00:00+00:00,10000,0,0,10000,0
2026-09-15T23:15:00+00:00,10000,0,0,10000,0
2026-09-15T23:30:00+00:00,10000,0,0,10000,0
2026-09-15T23:45:00+00:00,10000,0,0,10000,0
2026-09-16T00:00:00+00:00,10000,0,0,10000,0
2026-09-16T00:15:00+00:00,10000,0,0,10000,0
2026-09-16T00:30:00+00:00,10000,0,0,10000,0
2026-09-16T00:45:00+00:00,10000,0,0,10000,0
2026-09-16T01:00:00+00:00,10000,0,0,10000,0
2026-09-16T01:15:00+00:00,10000,0,0,10000,0
2026-09-16T01:30:00+00:00,10000,0,0,10000,0
2026-09-16T01:45:00+00:00,10000,0,0,10000,0
2026-09-16T02:00:00+00:00,10000,0,0,10000,0
2026-09-16T02:15:00+00:00,10000,0,0,10000,0
2026-09-16T02:30:00+00:00,10000,0,0,10000,0
2026-09-16T02:45:00+00:00,10000,0,0,10000,0
2026-09-16T03:00:00+00:00,10000,0,0,10000,0
2026-09-16T03:15:00+00:00,10000,0,0,10000,0
2026-09-16T03:30:00+00:00,10000,0,0,10000,0
2026-09-16T03:45:00+00:00,10000,0,0,10000,0
2026-09-16T04:00:00+00:00,10000,0,0,10000,0
2026-09-16T04:15:00+00:00,10000,0,0,10000,0
2026-09-16T04:30:00+00:00,10000,0,0,10000,0
2026-09-16T04:45:00+00:00,10000,0,0,10000,0
2026-09-16T05:00:00+00:00,10000,0,0,10000,0
2026-09-16T05:15:00+00:00,10000,0,0,10000,0
2026-09-16T05:30:00+00:00,10000,0,0,10000,0
2026-09-16T05:45:00+00:00,10000,0,0,10000,0
2026-09-16T06:00:00+00:00,10000,0,0,10000,0
2026-09-16T06:15:00+00:00,10000,0,0,10000,0
2026-09-16T06:30:00+00:00,10000,0,0,10000,0
2026-09-16T06:45:00+00:00,10000,0,0,10000,0
2026-09-16T07:00:00+00:00,10000,0,0,10000,0
2026-09-16T07:15:00+00:00,10000,0,0,10000,0
2026-09-16T07:30:00+00:00,10000,0,0,10000,0
2026-09-16T07:45:00+00:00,10000,0,0,10000,0
2026-09-16T08:00:00+00:00,10000,0,0,10000,0
2026-09-16T08:15:00+00:00,10000,0,0,10000,0
2026-09-16T08:30:00+00:00,10000,0,0,10000,0
2026-09-16T08:45:00+00:00,10000,0,0,10000,0
2026-09-16T09:00:00+00:00,10000,0,0,10000,0
2026-09-16T09:15:00+00:00,10000,0,0,10000,0
2026-09-16T09:30:00+00:00,10000,0,0,10000,0
2026-09-16T09:45:00+00:00,10000,0,0,10000,0
2026-09-16T10:00:00+00:00,10000,0,0,10000,0
2026-09-16T10:15:00+00:00,10000,0,0,10000,0
2026-09-16T10:30:00+00:00,10000,0,0,10000,0
2026-09-16T10:45:00+00:00,10000,0,0,10000,0
2026-09-16T11:00:00+00:00,10000,0,0,10000,0
2026-09-16T11:15:00+00:00,10000,0,0,10000,0
2026-09-16T11:30:00+00:00,10000,0,0,10000,0
2026-09-16T11:45:00+00:00,10000,0,0,10000,0
2026-09-16T12:00:00+00:00,10000,0,0,10000,0
2026-09-16T12:15:00+00:00,10000,0,0,10000,0
2026-09-16T12:30:00+00:00,10000,0,0,10000,0
2026-09-16T12:45:00+00:00,10000,0,0,10000,0
2026-09-16T13:00:00+00:00,10000,0,0,10000,0
2026-09-16T13:15:00+00:00,10000,0,0,10000,0
2026-09-16T13:30:00+00:00,10000,0,0,10000,0
2026-09-16T13:45:00+00:00,10000,0,0,10000,0
2026-09-16T14:00:00+00:00,10000,0,0,10000,0
2026-09-16T14:15:00+00:00,10000,0,0,10000,0
2026-09-16T14:30:00+00:00,10000,0,0,10000,0
2026-09-16T14:45:00+00:00,10000,0,0,10000,0
2026-09-16T15:00:00+00:00,10000,0,0,10000,0
2026-09-16T15:15:00+00:00,10000,0,0,10000,0
2026-09-16T15:30:00+00:00,10000,0,0,10000,0
2026-09-16T15:45:00+00:00,10000,0,0,10000,0
2026-09-16T16:00:00+00:00,10000,0,0,10000,0
2026-09-16T16:15:00+00:00,10000,0,0,10000,0
2026-09-16T16:30:00+00:00,10000,0,0,10000,0
2026-09-16T16:45:00+00:00,10000,0,0,10000,0
2026-09-16T17:00:00+00:00,10000,0,0,10000,0
2026-09-16T17:15:00+00:00,10000,0,0,10000,0
2026-09-16T17:30:00+00:00,10000,0,0,10000,0
2026-09-16T17:45:00+00:00,10000,0,0,10000,0
2026-09-16T18:00:00+00:00,10000,0,0,10000,0
2026-09-16T18:15:00+00:00,10000,0,0,10000,0
2026-09-16T18:30:00+00:00,10000,0,0,10000,0
2026-09-16T18:45:00+00:00,10000,0,0,10000,0
2026-09-16T19:00:00+00:00,10000,0,0,10000,0
2026-09-16T19:15:00+00:00,10000,0,0,10000,0
2026-09-16T19:30:00+00:00,10000,0,0,10000,0
2026-09-16T19:45:00+00:00,10000,0,0,10000,0
2026-09-16T20:00:00+00:00,10000,0,0,10000,0
2026-09-16T20:15:00+00:00,10000,0,0,10000,0
2026-09-16T20:30:00+00:00,10000,0,0,10000,0
2026-09-16T20:45:00+00:00,10000,0,0,10000,0
2026-09-16T21:00:00+00:00,10000,0,0,10000,0
2026-09-16T21:15:00+00:00,10000,0,0,10000,0
2026-09-16T21:30:00+00:00,10000,0,0,10000,0
2026-09-16T21:45:00+00:00,10000,0,0,10000,0
2026-09-16T22:00:00+00:00,10000,0,0,10000,0
2026-09-16T22:15:00+00:00,10000,0,0,10000,0
2026-09-16T22:30:00+00:00,10000,0,0,10000,0
2026-09-16T22:45:00+00:00,10000,0,0,10000,0
2026-09-16T23:00:00+00:00,10000,0,0,10000,0
2026-09-16T23:15:00+00:00,10000,0,0,10000,0
2026-09-16T23:30:00+00:00,10000,0,0,10000,0
2026-09-16T23:45:00+00:00,10000,0,0,10000,0
2026-09-17T00:00:00+00:00,3366.874935,6629.478852,-11.11968615,9985.2341,1
2026-09-17T00:15:00+00:00,3366.874935,6629.478852,-14.72120394,9981.632583,1
2026-09-17T00:30:00+00:00,3366.874935,6629.478852,-11.71993912,9984.633848,1
2026-09-17T00:45:00+00:00,3366.874935,6629.478852,23.09473278,10019.44852,1
2026-09-17T01:00:00+00:00,3366.874935,6629.478852,26.0959976,10022.44978,1
2026-09-17T01:15:00+00:00,3366.874935,6629.478852,-24.32525136,9972.028535,1
2026-09-17T01:30:00+00:00,3366.874935,6629.478852,-46.53461101,9949.819176,1
2026-09-17T01:45:00+00:00,3366.874935,6629.478852,-34.52955174,9961.824235,1
2026-09-17T02:00:00+00:00,3366.874935,6629.478852,-23.72499839,9972.628788,1
2026-09-17T02:15:00+00:00,3366.874935,6629.478852,-24.32525136,9972.028535,1
2026-09-17T02:30:00+00:00,3366.874935,6629.478852,-57.33916436,9939.014622,1
2026-09-17T02:45:00+00:00,3366.874935,6629.478852,-51.93688769,9944.416899,1
2026-09-17T03:00:00+00:00,3366.874935,6629.478852,-52.53714065,9943.816646,1
2026-09-17T03:15:00+00:00,3366.874935,6629.478852,-56.7389114,9939.614875,1
2026-09-17T03:30:00+00:00,3366.874935,6629.478852,-57.93941733,9938.414369,1
2026-09-17T03:45:00+00:00,3366.874935,6629.478852,-49.53587583,9946.817911,1
2026-09-17T04:00:00+00:00,3366.874935,6629.478852,-32.72879285,9963.624994,1
2026-09-17T04:15:00+00:00,9957.228727,0,0,9957.228727,0
2026-09-17T04:30:00+00:00,9957.228727,0,0,9957.228727,0
2026-09-17T04:45:00+00:00,9957.228727,0,0,9957.228727,0
2026-09-17T05:00:00+00:00,9957.228727,0,0,9957.228727,0
2026-09-17T05:15:00+00:00,9957.228727,0,0,9957.228727,0
2026-09-17T05:30:00+00:00,9957.228727,0,0,9957.228727,0
2026-09-17T05:45:00+00:00,9957.228727,0,0,9957.228727,0
2026-09-17T06:00:00+00:00,9957.228727,0,0,9957.228727,0
2026-09-17T06:15:00+00:00,9957.228727,0,0,9957.228727,0
2026-09-17T06:30:00+00:00,9957.228727,0,0,9957.228727,0
2026-09-17T06:45:00+00:00,9957.228727,0,0,9957.228727,0
2026-09-17T07:00:00+00:00,9957.228727,0,0,9957.228727,0
2026-09-17T07:15:00+00:00,9957.228727,0,0,9957.228727,0
2026-09-17T07:30:00+00:00,9957.228727,0,0,9957.228727,0
2026-09-17T07:45:00+00:00,9957.228727,0,0,9957.228727,0
2026-09-17T08:00:00+00:00,9957.228727,0,0,9957.228727,0
2026-09-17T08:15:00+00:00,9957.228727,0,0,9957.228727,0
2026-09-17T08:30:00+00:00,9957.228727,0,0,9957.228727,0
2026-09-17T08:45:00+00:00,9957.228727,0,0,9957.228727,0
2026-09-17T09:00:00+00:00,9957.228727,0,0,9957.228727,0
2026-09-17T09:15:00+00:00,9957.228727,0,0,9957.228727,0
2026-09-17T09:30:00+00:00,9957.228727,0,0,9957.228727,0
2026-09-17T09:45:00+00:00,9957.228727,0,0,9957.228727,0
2026-09-17T10:00:00+00:00,9957.228727,0,0,9957.228727,0
2026-09-17T10:15:00+00:00,9957.228727,0,0,9957.228727,0
2026-09-17T10:30:00+00:00,9957.228727,0,0,9957.228727,0
2026-09-17T10:45:00+00:00,9957.228727,0,0,9957.228727,0
2026-09-17T11:00:00+00:00,9957.228727,0,0,9957.228727,0
2026-09-17T11:15:00+00:00,9957.228727,0,0,9957.228727,0
2026-09-17T11:30:00+00:00,9957.228727,0,0,9957.228727,0
2026-09-17T11:45:00+00:00,9957.228727,0,0,9957.228727,0
2026-09-17T12:00:00+00:00,9957.228727,0,0,9957.228727,0
2026-09-17T12:15:00+00:00,9957.228727,0,0,9957.228727,0
2026-09-17T12:30:00+00:00,9957.228727,0,0,9957.228727,0
2026-09-17T12:45:00+00:00,9957.228727,0,0,9957.228727,0
2026-09-17T13:00:00+00:00,9957.228727,0,0,9957.228727,0
2026-09-17T13:15:00+00:00,9957.228727,0,0,9957.228727,0
2026-09-17T13:30:00+00:00,9957.228727,0,0,9957.228727,0
2026-09-17T13:45:00+00:00,9957.228727,0,0,9957.228727,0
2026-09-17T14:00:00+00:00,9957.228727,0,0,9957.228727,0
2026-09-17T14:15:00+00:00,9957.228727,0,0,9957.228727,0
2026-09-17T14:30:00+00:00,9957.228727,0,0,9957.228727,0
2026-09-17T14:45:00+00:00,9957.228727,0,0,9957.228727,0
2026-09-17T15:00:00+00:00,9957.228727,0,0,9957.228727,0
2026-09-17T15:15:00+00:00,9957.228727,0,0,9957.228727,0
2026-09-17T15:30:00+00:00,9957.228727,0,0,9957.228727,0
2026-09-17T15:45:00+00:00,9957.228727,0,0,9957.228727,0
2026-09-17T16:00:00+00:00,9957.228727,0,0,9957.228727,0
2026-09-17T16:15:00+00:00,9957.228727,0,0,9957.228727,0
2026-09-17T16:30:00+00:00,9957.228727,0,0,9957.228727,0
2026-09-17T16:45:00+00:00,9957.228727,0,0,9957.228727,0
2026-09-17T17:00:00+00:00,9957.228727,0,0,9957.228727,0
2026-09-17T17:15:00+00:00,9957.228727,0,0,9957.228727,0
2026-09-17T17:30:00+00:00,9957.228727,0,0,9957.228727,0
2026-09-17T17:45:00+00:00,9957.228727,0,0,9957.228727,0
2026-09-17T18:00:00+00:00,9957.228727,0,0,9957.228727,0
2026-09-17T18:15:00+00:00,9957.228727,0,0,9957.228727,0
2026-09-17T18:30:00+00:00,9957.228727,0,0,9957.228727,0
2026-09-17T18:45:00+00:00,9957.228727,0,0,9957.228727,0
2026-09-17T19:00:00+00:00,9957.228727,0,0,9957.228727,0
2026-09-17T19:15:00+00:00,9957.228727,0,0,9957.228727,0
2026-09-17T19:30:00+00:00,9957.228727,0,0,9957.228727,0
2026-09-17T19:45:00+00:00,9957.228727,0,0,9957.228727,0
2026-09-17T20:00:00+00:00,9957.228727,0,0,9957.228727,0
2026-09-17T20:15:00+00:00,9957.228727,0,0,9957.228727,0
2026-09-17T20:30:00+00:00,9957.228727,0,0,9957.228727,0
2026-09-17T20:45:00+00:00,9957.228727,0,0,9957.228727,0
2026-09-17T21:00:00+00:00,9957.228727,0,0,9957.228727,0
2026-09-17T21:15:00+00:00,9957.228727,0,0,9957.228727,0
2026-09-17T21:30:00+00:00,9957.228727,0,0,9957.228727,0
2026-09-17T21:45:00+00:00,9957.228727,0,0,9957.228727,0
2026-09-17T22:00:00+00:00,9957.228727,0,0,9957.228727,0
2026-09-17T22:15:00+00:00,9957.228727,0,0,9957.228727,0
2026-09-17T22:30:00+00:00,9957.228727,0,0,9957.228727,0
2026-09-17T22:45:00+00:00,9957.228727,0,0,9957.228727,0
2026-09-17T23:00:00+00:00,9957.228727,0,0,9957.228727,0
2026-09-17T23:15:00+00:00,9957.228727,0,0,9957.228727,0
2026-09-17T23:30:00+00:00,9957.228727,0,0,9957.228727,0
2026-09-17T23:45:00+00:00,7284.638175,2671.121435,-1.336228832,9954.423381,1
2026-09-18T00:00:00+00:00,7284.905336,2671.121435,-2.185706793,9953.841064,1
2026-09-18T00:15:00+00:00,7284.905336,2671.121435,41.98714716,9998.013918,1
2026-09-18T00:30:00+00:00,7284.905336,2671.121435,28.39549979,9984.422271,1
2026-09-18T00:45:00+00:00,7284.905336,2671.121435,-8.981530477,9947.045241,1
2026-09-18T01:00:00+00:00,7284.905336,2671.121435,-22.57317785,9933.453593,1
2026-09-18T01:15:00+00:00,7284.905336,2671.121435,-68.44498772,9887.581783,1
2026-09-18T01:30:00+00:00,9850.772276,0,0,9850.772276,0
2026-09-18T01:45:00+00:00,9850.772276,0,0,9850.772276,0
2026-09-18T02:00:00+00:00,9850.772276,0,0,9850.772276,0
2026-09-18T02:15:00+00:00,9850.772276,0,0,9850.772276,0
2026-09-18T02:30:00+00:00,9850.772276,0,0,9850.772276,0
2026-09-18T02:45:00+00:00,9850.772276,0,0,9850.772276,0
2026-09-18T03:00:00+00:00,9850.772276,0,0,9850.772276,0
2026-09-18T03:15:00+00:00,9850.772276,0,0,9850.772276,0
2026-09-18T03:30:00+00:00,9850.772276,0,0,9850.772276,0
2026-09-18T03:45:00+00:00,9850.772276,0,0,9850.772276,0
2026-09-18T04:00:00+00:00,9850.772276,0,0,9850.772276,0
2026-09-18T04:15:00+00:00,9850.772276,0,0,9850.772276,0
2026-09-18T04:30:00+00:00,9850.772276,0,0,9850.772276,0
2026-09-18T04:45:00+00:00,9850.772276,0,0,9850.772276,0
2026-09-18T05:00:00+00:00,9850.772276,0,0,9850.772276,0
2026-09-18T05:15:00+00:00,9850.772276,0,0,9850.772276,0
2026-09-18T05:30:00+00:00,9850.772276,0,0,9850.772276,0
2026-09-18T05:45:00+00:00,9850.772276,0,0,9850.772276,0
2026-09-18T06:00:00+00:00,9850.772276,0,0,9850.772276,0
2026-09-18T06:15:00+00:00,9850.772276,0,0,9850.772276,0
2026-09-18T06:30:00+00:00,9850.772276,0,0,9850.772276,0
2026-09-18T06:45:00+00:00,9850.772276,0,0,9850.772276,0
2026-09-18T07:00:00+00:00,9850.772276,0,0,9850.772276,0
2026-09-18T07:15:00+00:00,9850.772276,0,0,9850.772276,0
2026-09-18T07:30:00+00:00,9850.772276,0,0,9850.772276,0
2026-09-18T07:45:00+00:00,9850.772276,0,0,9850.772276,0
2026-09-18T08:00:00+00:00,9850.772276,0,0,9850.772276,0
2026-09-18T08:15:00+00:00,9850.772276,0,0,9850.772276,0
2026-09-18T08:30:00+00:00,9850.772276,0,0,9850.772276,0
2026-09-18T08:45:00+00:00,9850.772276,0,0,9850.772276,0
2026-09-18T09:00:00+00:00,9850.772276,0,0,9850.772276,0
2026-09-18T09:15:00+00:00,9850.772276,0,0,9850.772276,0
2026-09-18T09:30:00+00:00,9850.772276,0,0,9850.772276,0
2026-09-18T09:45:00+00:00,9850.772276,0,0,9850.772276,0
2026-09-18T10:00:00+00:00,9850.772276,0,0,9850.772276,0
2026-09-18T10:15:00+00:00,9850.772276,0,0,9850.772276,0
2026-09-18T10:30:00+00:00,9850.772276,0,0,9850.772276,0
2026-09-18T10:45:00+00:00,9850.772276,0,0,9850.772276,0
2026-09-18T11:00:00+00:00,9850.772276,0,0,9850.772276,0
2026-09-18T11:15:00+00:00,9850.772276,0,0,9850.772276,0
2026-09-18T11:30:00+00:00,9850.772276,0,0,9850.772276,0
2026-09-18T11:45:00+00:00,9850.772276,0,0,9850.772276,0
2026-09-18T12:00:00+00:00,9850.772276,0,0,9850.772276,0
2026-09-18T12:15:00+00:00,9850.772276,0,0,9850.772276,0
2026-09-18T12:30:00+00:00,9850.772276,0,0,9850.772276,0
2026-09-18T12:45:00+00:00,9850.772276,0,0,9850.772276,0
2026-09-18T13:00:00+00:00,9850.772276,0,0,9850.772276,0
2026-09-18T13:15:00+00:00,9850.772276,0,0,9850.772276,0
2026-09-18T13:30:00+00:00,9850.772276,0,0,9850.772276,0
2026-09-18T13:45:00+00:00,9850.772276,0,0,9850.772276,0
2026-09-18T14:00:00+00:00,9850.772276,0,0,9850.772276,0
2026-09-18T14:15:00+00:00,9850.772276,0,0,9850.772276,0
2026-09-18T14:30:00+00:00,9850.772276,0,0,9850.772276,0
2026-09-18T14:45:00+00:00,9850.772276,0,0,9850.772276,0
2026-09-18T15:00:00+00:00,9850.772276,0,0,9850.772276,0
2026-09-18T15:15:00+00:00,5681.325727,4167.154613,0.01923524444,9848.499576,1
2026-09-18T15:30:00+00:00,5681.325727,4167.154613,42.99798455,9891.478325,1
2026-09-18T15:45:00+00:00,5681.325727,4167.154613,4.828046355,9853.308387,1
2026-09-18T16:00:00+00:00,5681.74199,4167.154613,13.2434658,9862.140069,1
2026-09-18T16:15:00+00:00,5681.74199,4167.154613,7.533002605,9856.429606,1
2026-09-18T16:30:00+00:00,5681.74199,4167.154613,7.533002605,9856.429606,1
2026-09-18T16:45:00+00:00,5681.74199,4167.154613,18.95392899,9867.850533,1
2026-09-18T17:00:00+00:00,5681.74199,4167.154613,12.9429151,9861.839519,1
2026-09-18T17:15:00+00:00,5681.74199,4167.154613,3.926394272,9852.822998,1
2026-09-18T17:30:00+00:00,5681.74199,4167.154613,3.625843577,9852.522447,1
2026-09-18T17:45:00+00:00,5681.74199,4167.154613,-14.10664739,9834.789956,1
2026-09-18T18:00:00+00:00,5681.74199,4167.154613,-14.40719809,9834.489405,1
2026-09-18T18:15:00+00:00,5681.74199,4167.154613,-14.10664739,9834.789956,1
2026-09-18T18:30:00+00:00,5681.74199,4167.154613,-5.390677255,9843.505926,1
2026-09-18T18:45:00+00:00,5681.74199,4167.154613,0.9208873277,9849.817491,1
2026-09-18T19:00:00+00:00,5681.74199,4167.154613,-36.34739878,9812.549205,1
2026-09-18T19:15:00+00:00,5681.74199,4167.154613,-43.86116614,9805.035437,1
2026-09-18T19:30:00+00:00,9800.913579,0,0,9800.913579,0
2026-09-18T19:45:00+00:00,3113.047963,6684.189312,3.115277844,9800.352553,1
2026-09-18T20:00:00+00:00,3113.047963,6684.189312,26.52931374,9823.766589,1
2026-09-18T20:15:00+00:00,0,9793.237964,42.4961053,9835.73407,2
2026-09-18T20:30:00+00:00,0,9793.237964,9.668143117,9802.906107,2
2026-09-18T20:45:00+00:00,0,9793.237964,50.36586093,9843.603825,2
2026-09-18T21:00:00+00:00,0,9793.237964,-7.208536511,9786.029428,2
2026-09-18T21:15:00+00:00,0,9793.237964,-4.425721257,9788.812243,2
2026-09-18T21:30:00+00:00,0,9793.237964,-13.96538552,9779.272579,2
2026-09-18T21:45:00+00:00,0,9793.237964,21.20640643,9814.444371,2
2026-09-18T22:00:00+00:00,0,9793.237964,7.598953637,9800.836918,2
2026-09-18T22:15:00+00:00,0,9793.237964,42.93509079,9836.173055,2
2026-09-18T22:30:00+00:00,0,9793.237964,115.872883,9909.110847,2
2026-09-18T22:45:00+00:00,0,9793.237964,108.0891607,9901.327125,2
2026-09-18T23:00:00+00:00,0,9793.237964,113.0823463,9906.320311,2
2026-09-18T23:15:00+00:00,0,9793.237964,125.4357116,9918.673676,2
2026-09-18T23:30:00+00:00,0,9793.237964,147.916629,9941.154593,2
2026-09-18T23:45:00+00:00,0,9793.237964,146.0117847,9939.249749,2
2026-09-19T00:00:00+00:00,6740.669331,3109.048652,61.03010253,9910.748086,1
2026-09-19T00:15:00+00:00,6740.669331,3109.048652,31.63571239,9881.353695,1
2026-09-19T00:30:00+00:00,9873.161369,0,0,9873.161369,0
2026-09-19T00:45:00+00:00,9873.161369,0,0,9873.161369,0
2026-09-19T01:00:00+00:00,9873.161369,0,0,9873.161369,0
2026-09-19T01:15:00+00:00,9873.161369,0,0,9873.161369,0
2026-09-19T01:30:00+00:00,9873.161369,0,0,9873.161369,0
2026-09-19T01:45:00+00:00,9873.161369,0,0,9873.161369,0
2026-09-19T02:00:00+00:00,9873.161369,0,0,9873.161369,0
2026-09-19T02:15:00+00:00,9873.161369,0,0,9873.161369,0
2026-09-19T02:30:00+00:00,9873.161369,0,0,9873.161369,0
2026-09-19T02:45:00+00:00,9873.161369,0,0,9873.161369,0
2026-09-19T03:00:00+00:00,9873.161369,0,0,9873.161369,0
2026-09-19T03:15:00+00:00,9873.161369,0,0,9873.161369,0
2026-09-19T03:30:00+00:00,9873.161369,0,0,9873.161369,0
2026-09-19T03:45:00+00:00,9873.161369,0,0,9873.161369,0
2026-09-19T04:00:00+00:00,9873.161369,0,0,9873.161369,0
2026-09-19T04:15:00+00:00,9873.161369,0,0,9873.161369,0
2026-09-19T04:30:00+00:00,9873.161369,0,0,9873.161369,0
2026-09-19T04:45:00+00:00,9873.161369,0,0,9873.161369,0
2026-09-19T05:00:00+00:00,9873.161369,0,0,9873.161369,0
2026-09-19T05:15:00+00:00,9873.161369,0,0,9873.161369,0
2026-09-19T05:30:00+00:00,9873.161369,0,0,9873.161369,0
2026-09-19T05:45:00+00:00,9873.161369,0,0,9873.161369,0
2026-09-19T06:00:00+00:00,9873.161369,0,0,9873.161369,0
2026-09-19T06:15:00+00:00,9873.161369,0,0,9873.161369,0
2026-09-19T06:30:00+00:00,9873.161369,0,0,9873.161369,0
2026-09-19T06:45:00+00:00,9873.161369,0,0,9873.161369,0
2026-09-19T07:00:00+00:00,9873.161369,0,0,9873.161369,0
2026-09-19T07:15:00+00:00,9873.161369,0,0,9873.161369,0
2026-09-19T07:30:00+00:00,9873.161369,0,0,9873.161369,0
2026-09-19T07:45:00+00:00,9873.161369,0,0,9873.161369,0
2026-09-19T08:00:00+00:00,9873.161369,0,0,9873.161369,0
2026-09-19T08:15:00+00:00,9873.161369,0,0,9873.161369,0
2026-09-19T08:30:00+00:00,9873.161369,0,0,9873.161369,0
2026-09-19T08:45:00+00:00,9873.161369,0,0,9873.161369,0
2026-09-19T09:00:00+00:00,9873.161369,0,0,9873.161369,0
2026-09-19T09:15:00+00:00,9873.161369,0,0,9873.161369,0
2026-09-19T09:30:00+00:00,9873.161369,0,0,9873.161369,0
2026-09-19T09:45:00+00:00,9873.161369,0,0,9873.161369,0
2026-09-19T10:00:00+00:00,9873.161369,0,0,9873.161369,0
2026-09-19T10:15:00+00:00,9873.161369,0,0,9873.161369,0
2026-09-19T10:30:00+00:00,9873.161369,0,0,9873.161369,0
2026-09-19T10:45:00+00:00,9873.161369,0,0,9873.161369,0
2026-09-19T11:00:00+00:00,9873.161369,0,0,9873.161369,0
2026-09-19T11:15:00+00:00,9873.161369,0,0,9873.161369,0
2026-09-19T11:30:00+00:00,9873.161369,0,0,9873.161369,0
2026-09-19T11:45:00+00:00,9873.161369,0,0,9873.161369,0
2026-09-19T12:00:00+00:00,5530.933802,4339.840655,30.02185171,9900.796308,1
2026-09-19T12:15:00+00:00,5530.933802,4339.840655,57.18457526,9927.959032,1
2026-09-19T12:30:00+00:00,5530.933802,4339.840655,63.72374945,9934.498206,1
2026-09-19T12:45:00+00:00,5530.933802,4339.840655,58.69361546,9929.468072,1
2026-09-19T13:00:00+00:00,5530.933802,4339.840655,68.25087004,9939.025327,1
2026-09-19T13:15:00+00:00,5530.933802,4339.840655,79.82017822,9950.594635,1
2026-09-19T13:30:00+00:00,5530.933802,4339.840655,72.77799063,9943.552447,1
2026-09-19T13:45:00+00:00,5530.933802,4339.840655,61.71169585,9932.486152,1
2026-09-19T14:00:00+00:00,5530.933802,4339.840655,73.28100403,9944.055461,1
2026-09-19T14:15:00+00:00,5530.933802,4339.840655,47.62732068,9918.401777,1
2026-09-19T14:30:00+00:00,5530.933802,4339.840655,74.28703083,9945.061487,1
2026-09-19T14:45:00+00:00,5530.933802,4339.840655,87.86839261,9958.642849,1
2026-09-19T15:00:00+00:00,5530.933802,4339.840655,93.90455339,9964.67901,1
2026-09-19T15:15:00+00:00,5530.933802,4339.840655,111.5100224,9982.284479,1
2026-09-19T15:30:00+00:00,5530.933802,4339.840655,106.4798884,9977.254345,1
2026-09-19T15:45:00+00:00,5530.933802,4339.840655,97.92866059,9968.703117,1
2026-09-19T16:00:00+00:00,5531.357993,4339.840655,71.26895044,9942.467598,1
2026-09-19T16:15:00+00:00,9938.487966,0,0,9938.487966,0
2026-09-19T16:30:00+00:00,9938.487966,0,0,9938.487966,0
2026-09-19T16:45:00+00:00,9938.487966,0,0,9938.487966,0
2026-09-19T17:00:00+00:00,9938.487966,0,0,9938.487966,0
2026-09-19T17:15:00+00:00,9938.487966,0,0,9938.487966,0
2026-09-19T17:30:00+00:00,9938.487966,0,0,9938.487966,0
2026-09-19T17:45:00+00:00,9938.487966,0,0,9938.487966,0
2026-09-19T18:00:00+00:00,9938.487966,0,0,9938.487966,0
2026-09-19T18:15:00+00:00,9938.487966,0,0,9938.487966,0
2026-09-19T18:30:00+00:00,9938.487966,0,0,9938.487966,0
2026-09-19T18:45:00+00:00,9938.487966,0,0,9938.487966,0
2026-09-19T19:00:00+00:00,9938.487966,0,0,9938.487966,0
2026-09-19T19:15:00+00:00,9938.487966,0,0,9938.487966,0
2026-09-19T19:30:00+00:00,9938.487966,0,0,9938.487966,0
2026-09-19T19:45:00+00:00,9938.487966,0,0,9938.487966,0
2026-09-19T20:00:00+00:00,9938.487966,0,0,9938.487966,0
2026-09-19T20:15:00+00:00,9938.487966,0,0,9938.487966,0
2026-09-19T20:30:00+00:00,9938.487966,0,0,9938.487966,0
2026-09-19T20:45:00+00:00,9938.487966,0,0,9938.487966,0
2026-09-19T21:00:00+00:00,9938.487966,0,0,9938.487966,0
2026-09-19T21:15:00+00:00,9938.487966,0,0,9938.487966,0
2026-09-19T21:30:00+00:00,9938.487966,0,0,9938.487966,0
2026-09-19T21:45:00+00:00,9938.487966,0,0,9938.487966,0
2026-09-19T22:00:00+00:00,9938.487966,0,0,9938.487966,0
2026-09-19T22:15:00+00:00,9938.487966,0,0,9938.487966,0
2026-09-19T22:30:00+00:00,9938.487966,0,0,9938.487966,0
2026-09-19T22:45:00+00:00,9938.487966,0,0,9938.487966,0
2026-09-19T23:00:00+00:00,9938.487966,0,0,9938.487966,0
2026-09-19T23:15:00+00:00,9938.487966,0,0,9938.487966,0
2026-09-19T23:30:00+00:00,9938.487966,0,0,9938.487966,0
2026-09-19T23:45:00+00:00,9938.487966,0,0,9938.487966,0
2026-09-20T00:00:00+00:00,9938.487966,0,0,9938.487966,0
2026-09-20T00:15:00+00:00,9938.487966,0,0,9938.487966,0
2026-09-20T00:30:00+00:00,9938.487966,0,0,9938.487966,0
2026-09-20T00:45:00+00:00,9938.487966,0,0,9938.487966,0
2026-09-20T01:00:00+00:00,9938.487966,0,0,9938.487966,0
2026-09-20T01:15:00+00:00,9938.487966,0,0,9938.487966,0
2026-09-20T01:30:00+00:00,9938.487966,0,0,9938.487966,0
2026-09-20T01:45:00+00:00,9938.487966,0,0,9938.487966,0
2026-09-20T02:00:00+00:00,9938.487966,0,0,9938.487966,0
2026-09-20T02:15:00+00:00,9938.487966,0,0,9938.487966,0
2026-09-20T02:30:00+00:00,9938.487966,0,0,9938.487966,0
2026-09-20T02:45:00+00:00,9938.487966,0,0,9938.487966,0
2026-09-20T03:00:00+00:00,9938.487966,0,0,9938.487966,0
2026-09-20T03:15:00+00:00,9938.487966,0,0,9938.487966,0
2026-09-20T03:30:00+00:00,9938.487966,0,0,9938.487966,0
2026-09-20T03:45:00+00:00,9938.487966,0,0,9938.487966,0
2026-09-20T04:00:00+00:00,9938.487966,0,0,9938.487966,0
2026-09-20T04:15:00+00:00,9938.487966,0,0,9938.487966,0
2026-09-20T04:30:00+00:00,9938.487966,0,0,9938.487966,0
2026-09-20T04:45:00+00:00,9938.487966,0,0,9938.487966,0
2026-09-20T05:00:00+00:00,9938.487966,0,0,9938.487966,0
2026-09-20T05:15:00+00:00,9938.487966,0,0,9938.487966,0
2026-09-20T05:30:00+00:00,9938.487966,0,0,9938.487966,0
2026-09-20T05:45:00+00:00,9938.487966,0,0,9938.487966,0
2026-09-20T06:00:00+00:00,9938.487966,0,0,9938.487966,0
2026-09-20T06:15:00+00:00,9938.487966,0,0,9938.487966,0
2026-09-20T06:30:00+00:00,9938.487966,0,0,9938.487966,0
2026-09-20T06:45:00+00:00,9938.487966,0,0,9938.487966,0
2026-09-20T07:00:00+00:00,9938.487966,0,0,9938.487966,0
2026-09-20T07:15:00+00:00,9938.487966,0,0,9938.487966,0
2026-09-20T07:30:00+00:00,9938.487966,0,0,9938.487966,0
2026-09-20T07:45:00+00:00,9938.487966,0,0,9938.487966,0
2026-09-20T08:00:00+00:00,9938.487966,0,0,9938.487966,0
2026-09-20T08:15:00+00:00,9938.487966,0,0,9938.487966,0
2026-09-20T08:30:00+00:00,9938.487966,0,0,9938.487966,0
2026-09-20T08:45:00+00:00,9938.487966,0,0,9938.487966,0
2026-09-20T09:00:00+00:00,9938.487966,0,0,9938.487966,0
2026-09-20T09:15:00+00:00,9938.487966,0,0,9938.487966,0
2026-09-20T09:30:00+00:00,9938.487966,0,0,9938.487966,0
2026-09-20T09:45:00+00:00,9938.487966,0,0,9938.487966,0
2026-09-20T10:00:00+00:00,9938.487966,0,0,9938.487966,0
2026-09-20T10:15:00+00:00,9938.487966,0,0,9938.487966,0
2026-09-20T10:30:00+00:00,9938.487966,0,0,9938.487966,0
2026-09-20T10:45:00+00:00,9938.487966,0,0,9938.487966,0
2026-09-20T11:00:00+00:00,9938.487966,0,0,9938.487966,0
2026-09-20T11:15:00+00:00,9938.487966,0,0,9938.487966,0
2026-09-20T11:30:00+00:00,9938.487966,0,0,9938.487966,0
2026-09-20T11:45:00+00:00,9938.487966,0,0,9938.487966,0
2026-09-20T12:00:00+00:00,9938.487966,0,0,9938.487966,0
2026-09-20T12:15:00+00:00,9938.487966,0,0,9938.487966,0
2026-09-20T12:30:00+00:00,9938.487966,0,0,9938.487966,0
2026-09-20T12:45:00+00:00,9938.487966,0,0,9938.487966,0
2026-09-20T13:00:00+00:00,9938.487966,0,0,9938.487966,0
2026-09-20T13:15:00+00:00,9938.487966,0,0,9938.487966,0
2026-09-20T13:30:00+00:00,9938.487966,0,0,9938.487966,0
2026-09-20T13:45:00+00:00,9938.487966,0,0,9938.487966,0
2026-09-20T14:00:00+00:00,9938.487966,0,0,9938.487966,0
2026-09-20T14:15:00+00:00,9938.487966,0,0,9938.487966,0
2026-09-20T14:30:00+00:00,9938.487966,0,0,9938.487966,0
2026-09-20T14:45:00+00:00,9938.487966,0,0,9938.487966,0
2026-09-20T15:00:00+00:00,9938.487966,0,0,9938.487966,0
2026-09-20T15:15:00+00:00,9938.487966,0,0,9938.487966,0
2026-09-20T15:30:00+00:00,9938.487966,0,0,9938.487966,0
2026-09-20T15:45:00+00:00,9938.487966,0,0,9938.487966,0
2026-09-20T16:00:00+00:00,9938.487966,0,0,9938.487966,0
2026-09-20T16:15:00+00:00,8137.814037,1799.684103,24.77450079,9962.27264,1
2026-09-20T16:30:00+00:00,8137.814037,1799.684103,8.667953635,9946.166093,1
2026-09-20T16:45:00+00:00,8137.814037,1799.684103,-2.335529072,9935.16261,1
2026-09-20T17:00:00+00:00,6407.063663,3529.483087,79.9170161,10016.46377,2
2026-09-20T17:15:00+00:00,3908.784281,6026.389171,99.11383718,10034.28729,3
2026-09-20T17:30:00+00:00,3908.784281,6026.389171,69.53029856,10004.70375,3
2026-09-20T17:45:00+00:00,3908.784281,6026.389171,140.9682312,10076.14168,3
2026-09-20T18:00:00+00:00,3908.784281,6026.389171,115.2405459,10050.414,3
2026-09-20T18:15:00+00:00,3908.784281,6026.389171,110.3585787,10045.53203,3
2026-09-20T18:30:00+00:00,3908.784281,6026.389171,159.551153,10094.7246,3
2026-09-20T18:45:00+00:00,3908.784281,6026.389171,185.9718242,10121.14528,3
2026-09-20T19:00:00+00:00,3908.784281,6026.389171,166.7423881,10101.91584,3
2026-09-20T19:15:00+00:00,3908.784281,6026.389171,197.5469354,10132.72039,3
2026-09-20T19:30:00+00:00,3908.784281,6026.389171,123.1846335,10058.35809,3
2026-09-20T19:45:00+00:00,3908.784281,6026.389171,117.279073,10052.45252,3
2026-09-20T20:00:00+00:00,3908.784281,6026.389171,89.12539623,10024.29885,3
2026-09-20T20:15:00+00:00,3908.784281,6026.389171,72.94812941,10008.12158,3
2026-09-20T20:30:00+00:00,5702.484217,4226.705068,48.69458259,9977.883868,2
2026-09-20T20:45:00+00:00,5702.484217,4226.705068,63.82283723,9993.012123,2
2026-09-20T21:00:00+00:00,5702.484217,4226.705068,115.5321564,10044.72144,2
2026-09-20T21:15:00+00:00,7476.886763,2496.906084,51.41952881,10025.21238,1
2026-09-20T21:30:00+00:00,10022.92144,0,0,10022.92144,0
2026-09-20T21:45:00+00:00,10022.92144,0,0,10022.92144,0
2026-09-20T22:00:00+00:00,10022.92144,0,0,10022.92144,0
2026-09-20T22:15:00+00:00,10022.92144,0,0,10022.92144,0
2026-09-20T22:30:00+00:00,10022.92144,0,0,10022.92144,0
2026-09-20T22:45:00+00:00,10022.92144,0,0,10022.92144,0
2026-09-20T23:00:00+00:00,10022.92144,0,0,10022.92144,0
2026-09-20T23:15:00+00:00,10022.92144,0,0,10022.92144,0
2026-09-20T23:30:00+00:00,10022.92144,0,0,10022.92144,0
2026-09-20T23:45:00+00:00,10022.92144,0,0,10022.92144,0
2026-09-21T00:00:00+00:00,10022.92144,0,0,10022.92144,0
2026-09-21T00:15:00+00:00,10022.92144,0,0,10022.92144,0
2026-09-21T00:30:00+00:00,10022.92144,0,0,10022.92144,0
2026-09-21T00:45:00+00:00,10022.92144,0,0,10022.92144,0
2026-09-21T01:00:00+00:00,10022.92144,0,0,10022.92144,0
2026-09-21T01:15:00+00:00,10022.92144,0,0,10022.92144,0
2026-09-21T01:30:00+00:00,10022.92144,0,0,10022.92144,0
2026-09-21T01:45:00+00:00,10022.92144,0,0,10022.92144,0
2026-09-21T02:00:00+00:00,10022.92144,0,0,10022.92144,0
2026-09-21T02:15:00+00:00,10022.92144,0,0,10022.92144,0
2026-09-21T02:30:00+00:00,10022.92144,0,0,10022.92144,0
2026-09-21T02:45:00+00:00,10022.92144,0,0,10022.92144,0
2026-09-21T03:00:00+00:00,10022.92144,0,0,10022.92144,0
2026-09-21T03:15:00+00:00,10022.92144,0,0,10022.92144,0
2026-09-21T03:30:00+00:00,10022.92144,0,0,10022.92144,0
2026-09-21T03:45:00+00:00,10022.92144,0,0,10022.92144,0
2026-09-21T04:00:00+00:00,10022.92144,0,0,10022.92144,0
2026-09-21T04:15:00+00:00,10022.92144,0,0,10022.92144,0
2026-09-21T04:30:00+00:00,10022.92144,0,0,10022.92144,0
2026-09-21T04:45:00+00:00,10022.92144,0,0,10022.92144,0
2026-09-21T05:00:00+00:00,10022.92144,0,0,10022.92144,0
2026-09-21T05:15:00+00:00,10022.92144,0,0,10022.92144,0
2026-09-21T05:30:00+00:00,10022.92144,0,0,10022.92144,0
2026-09-21T05:45:00+00:00,10022.92144,0,0,10022.92144,0
2026-09-21T06:00:00+00:00,10022.92144,0,0,10022.92144,0
2026-09-21T06:15:00+00:00,10022.92144,0,0,10022.92144,0
2026-09-21T06:30:00+00:00,10022.92144,0,0,10022.92144,0
2026-09-21T06:45:00+00:00,10022.92144,0,0,10022.92144,0
2026-09-21T07:00:00+00:00,10022.92144,0,0,10022.92144,0
2026-09-21T07:15:00+00:00,10022.92144,0,0,10022.92144,0
2026-09-21T07:30:00+00:00,10022.92144,0,0,10022.92144,0
2026-09-21T07:45:00+00:00,10022.92144,0,0,10022.92144,0
2026-09-21T08:00:00+00:00,10022.92144,0,0,10022.92144,0
2026-09-21T08:15:00+00:00,10022.92144,0,0,10022.92144,0
2026-09-21T08:30:00+00:00,10022.92144,0,0,10022.92144,0
2026-09-21T08:45:00+00:00,10022.92144,0,0,10022.92144,0
2026-09-21T09:00:00+00:00,10022.92144,0,0,10022.92144,0
2026-09-21T09:15:00+00:00,10022.92144,0,0,10022.92144,0
2026-09-21T09:30:00+00:00,10022.92144,0,0,10022.92144,0
2026-09-21T09:45:00+00:00,10022.92144,0,0,10022.92144,0
2026-09-21T10:00:00+00:00,10022.92144,0,0,10022.92144,0
2026-09-21T10:15:00+00:00,10022.92144,0,0,10022.92144,0
2026-09-21T10:30:00+00:00,10022.92144,0,0,10022.92144,0
2026-09-21T10:45:00+00:00,10022.92144,0,0,10022.92144,0
2026-09-21T11:00:00+00:00,10022.92144,0,0,10022.92144,0
2026-09-21T11:15:00+00:00,10022.92144,0,0,10022.92144,0
2026-09-21T11:30:00+00:00,10022.92144,0,0,10022.92144,0
2026-09-21T11:45:00+00:00,10022.92144,0,0,10022.92144,0
2026-09-21T12:00:00+00:00,10022.92144,0,0,10022.92144,0
2026-09-21T12:15:00+00:00,10022.92144,0,0,10022.92144,0
2026-09-21T12:30:00+00:00,10022.92144,0,0,10022.92144,0
2026-09-21T12:45:00+00:00,10022.92144,0,0,10022.92144,0
2026-09-21T13:00:00+00:00,7397.933643,2623.544844,-36.24976502,9985.228722,1
2026-09-21T13:15:00+00:00,7397.933643,2623.544844,-14.47722206,10007.00127,1
2026-09-21T13:30:00+00:00,7397.933643,2623.544844,-25.11032444,9996.368163,1
2026-09-21T13:45:00+00:00,7397.933643,2623.544844,-2.578274158,10018.90021,1
2026-09-21T14:00:00+00:00,7397.933643,2623.544844,10.58651926,10032.06501,1
2026-09-21T14:15:00+00:00,7397.933643,2623.544844,-19.28743504,10002.19105,1
2026-09-21T14:30:00+00:00,7397.933643,2623.544844,13.87771762,10035.35621,1
2026-09-21T14:45:00+00:00,7397.933643,2623.544844,8.054828221,10029.53332,1
2026-09-21T15:00:00+00:00,7397.933643,2623.544844,26.28300373,10047.76149,1
2026-09-21T15:15:00+00:00,7397.933643,2623.544844,68.05590593,10089.53439,1
2026-09-21T15:30:00+00:00,7397.933643,2623.544844,30.8400476,10052.31854,1
2026-09-21T15:45:00+00:00,7397.933643,2623.544844,46.03019386,10067.50868,1
2026-09-21T16:00:00+00:00,7398.19142,2623.544844,6.029475387,10027.76574,1
2026-09-21T16:15:00+00:00,7398.19142,2623.544844,22.73863627,10044.4749,1
2026-09-21T16:30:00+00:00,7398.19142,2623.544844,43.75167192,10065.48794,1
2026-09-21T16:45:00+00:00,7398.19142,2623.544844,56.15695803,10077.89322,1
2026-09-21T17:00:00+00:00,7398.19142,2623.544844,58.18231086,10079.91858,1
2026-09-21T17:15:00+00:00,10077.22424,0,0,10077.22424,0
2026-09-21T17:30:00+00:00,7441.225635,2634.549602,-5.269430581,10070.50581,1
2026-09-21T17:45:00+00:00,7441.225635,2634.549602,-42.82116442,10032.95407,1
2026-09-21T18:00:00+00:00,7441.225635,2634.549602,-0.6578141445,10075.11742,1
2026-09-21T18:15:00+00:00,7441.225635,2634.549602,-0.6578141445,10075.11742,1
2026-09-21T18:30:00+00:00,7441.225635,2634.549602,7.247814032,10083.02305,1
2026-09-21T18:45:00+00:00,7441.225635,2634.549602,27.67068682,10103.44592,1
2026-09-21T19:00:00+00:00,7441.225635,2634.549602,67.85763005,10143.63287,1
2026-09-21T19:15:00+00:00,7441.225635,2634.549602,89.59810754,10165.37334,1
2026-09-21T19:30:00+00:00,7441.225635,2634.549602,94.86852632,10170.64376,1
2026-09-21T19:45:00+00:00,7441.225635,2634.549602,104.7505615,10180.5258,1
2026-09-21T20:00:00+00:00,7441.225635,2634.549602,59.95200187,10135.72724,1
2026-09-21T20:15:00+00:00,7441.225635,2634.549602,79.71607232,10155.49131,1
2026-09-21T20:30:00+00:00,7441.225635,2634.549602,38.21152439,10113.98676,1
2026-09-21T20:45:00+00:00,0,10071.42949,37.03717671,10108.46667,2
2026-09-21T21:00:00+00:00,0,10071.42949,105.0024784,10176.43197,2
2026-09-21T21:15:00+00:00,0,10071.42949,129.2788764,10200.70837,2
2026-09-21T21:30:00+00:00,0,10071.42949,90.94774074,10162.37724,2
2026-09-21T21:45:00+00:00,2715.365106,7436.879893,33.12553395,10185.37053,1
2026-09-21T22:00:00+00:00,2715.365106,7436.879893,8.871169031,10161.11617,1
2026-09-21T22:15:00+00:00,2715.365106,7436.879893,20.72822668,10172.97323,1
2026-09-21T22:30:00+00:00,4.547473509e-13,10150.06131,-2.684115698,10147.37719,2
2026-09-21T22:45:00+00:00,4.547473509e-13,10150.06131,-12.38288277,10137.67843,2
2026-09-21T23:00:00+00:00,4.547473509e-13,10150.06131,-30.10550758,10119.9558,2
2026-09-21T23:15:00+00:00,4.547473509e-13,10150.06131,41.15361987,10191.21493,2
2026-09-21T23:30:00+00:00,4.547473509e-13,10150.06131,64.0952723,10214.15658,2
2026-09-21T23:45:00+00:00,4.547473509e-13,10150.06131,46.34285932,10196.40417,2
2026-09-22T00:00:00+00:00,0.5572158809,10150.06131,69.51232377,10220.13085,2
2026-09-22T00:15:00+00:00,0.5572158809,10150.06131,67.59470874,10218.21324,2
2026-09-22T00:30:00+00:00,0.5572158809,10150.06131,52.19624075,10202.81477,2
2026-09-22T00:45:00+00:00,0.5572158809,10150.06131,142.6982072,10293.31673,2
2026-09-22T01:00:00+00:00,7500.639925,2713.181418,91.54370285,10305.36505,1
2026-09-22T01:15:00+00:00,7500.639925,2713.181418,82.83133165,10296.65267,1
2026-09-22T01:30:00+00:00,7500.639925,2713.181418,90.518718,10304.34006,1
2026-09-22T01:45:00+00:00,7500.639925,2713.181418,95.38739602,10309.20874,1
2026-09-22T02:00:00+00:00,7500.639925,2713.181418,95.13114981,10308.95249,1
2026-09-22T02:15:00+00:00,7500.639925,2713.181418,78.47514606,10292.29649,1
2026-09-22T02:30:00+00:00,7500.639925,2713.181418,69.50652865,10283.32787,1
2026-09-22T02:45:00+00:00,10279.48744,0,0,10279.48744,0
2026-09-22T03:00:00+00:00,10279.48744,0,0,10279.48744,0
2026-09-22T03:15:00+00:00,10279.48744,0,0,10279.48744,0
2026-09-22T03:30:00+00:00,10279.48744,0,0,10279.48744,0
2026-09-22T03:45:00+00:00,10279.48744,0,0,10279.48744,0
2026-09-22T04:00:00+00:00,10279.48744,0,0,10279.48744,0
2026-09-22T04:15:00+00:00,10279.48744,0,0,10279.48744,0
2026-09-22T04:30:00+00:00,10279.48744,0,0,10279.48744,0
2026-09-22T04:45:00+00:00,10279.48744,0,0,10279.48744,0
2026-09-22T05:00:00+00:00,10279.48744,0,0,10279.48744,0
2026-09-22T05:15:00+00:00,10279.48744,0,0,10279.48744,0
2026-09-22T05:30:00+00:00,10279.48744,0,0,10279.48744,0
2026-09-22T05:45:00+00:00,10279.48744,0,0,10279.48744,0
2026-09-22T06:00:00+00:00,10279.48744,0,0,10279.48744,0
2026-09-22T06:15:00+00:00,10279.48744,0,0,10279.48744,0
2026-09-22T06:30:00+00:00,10279.48744,0,0,10279.48744,0
2026-09-22T06:45:00+00:00,10279.48744,0,0,10279.48744,0
2026-09-22T07:00:00+00:00,10279.48744,0,0,10279.48744,0
2026-09-22T07:15:00+00:00,10279.48744,0,0,10279.48744,0
2026-09-22T07:30:00+00:00,10279.48744,0,0,10279.48744,0
2026-09-22T07:45:00+00:00,10279.48744,0,0,10279.48744,0
2026-09-22T08:00:00+00:00,10279.48744,0,0,10279.48744,0
2026-09-22T08:15:00+00:00,10279.48744,0,0,10279.48744,0
2026-09-22T08:30:00+00:00,10279.48744,0,0,10279.48744,0
2026-09-22T08:45:00+00:00,10279.48744,0,0,10279.48744,0
2026-09-22T09:00:00+00:00,10279.48744,0,0,10279.48744,0
2026-09-22T09:15:00+00:00,10279.48744,0,0,10279.48744,0
2026-09-22T09:30:00+00:00,10279.48744,0,0,10279.48744,0
2026-09-22T09:45:00+00:00,10279.48744,0,0,10279.48744,0
2026-09-22T10:00:00+00:00,10279.48744,0,0,10279.48744,0
2026-09-22T10:15:00+00:00,10279.48744,0,0,10279.48744,0
2026-09-22T10:30:00+00:00,10279.48744,0,0,10279.48744,0
2026-09-22T10:45:00+00:00,10279.48744,0,0,10279.48744,0
2026-09-22T11:00:00+00:00,10279.48744,0,0,10279.48744,0
2026-09-22T11:15:00+00:00,10279.48744,0,0,10279.48744,0
2026-09-22T11:30:00+00:00,10279.48744,0,0,10279.48744,0
2026-09-22T11:45:00+00:00,10279.48744,0,0,10279.48744,0
2026-09-22T12:00:00+00:00,10279.48744,0,0,10279.48744,0
2026-09-22T12:15:00+00:00,10279.48744,0,0,10279.48744,0
2026-09-22T12:30:00+00:00,10279.48744,0,0,10279.48744,0
2026-09-22T12:45:00+00:00,10279.48744,0,0,10279.48744,0
2026-09-22T13:00:00+00:00,10279.48744,0,0,10279.48744,0
2026-09-22T13:15:00+00:00,10279.48744,0,0,10279.48744,0
2026-09-22T13:30:00+00:00,10279.48744,0,0,10279.48744,0
2026-09-22T13:45:00+00:00,10279.48744,0,0,10279.48744,0
2026-09-22T14:00:00+00:00,10279.48744,0,0,10279.48744,0
2026-09-22T14:15:00+00:00,10279.48744,0,0,10279.48744,0
2026-09-22T14:30:00+00:00,10279.48744,0,0,10279.48744,0
2026-09-22T14:45:00+00:00,10279.48744,0,0,10279.48744,0
2026-09-22T15:00:00+00:00,10279.48744,0,0,10279.48744,0
2026-09-22T15:15:00+00:00,10279.48744,0,0,10279.48744,0
2026-09-22T15:30:00+00:00,10279.48744,0,0,10279.48744,0
2026-09-22T15:45:00+00:00,10279.48744,0,0,10279.48744,0
2026-09-22T16:00:00+00:00,10279.48744,0,0,10279.48744,0
2026-09-22T16:15:00+00:00,10279.48744,0,0,10279.48744,0
2026-09-22T16:30:00+00:00,10279.48744,0,0,10279.48744,0
2026-09-22T16:45:00+00:00,10279.48744,0,0,10279.48744,0
2026-09-22T17:00:00+00:00,10279.48744,0,0,10279.48744,0
2026-09-22T17:15:00+00:00,10279.48744,0,0,10279.48744,0
2026-09-22T17:30:00+00:00,10279.48744,0,0,10279.48744,0
2026-09-22T17:45:00+00:00,10279.48744,0,0,10279.48744,0
2026-09-22T18:00:00+00:00,10279.48744,0,0,10279.48744,0
2026-09-22T18:15:00+00:00,10279.48744,0,0,10279.48744,0
2026-09-22T18:30:00+00:00,10279.48744,0,0,10279.48744,0
2026-09-22T18:45:00+00:00,7522.985223,2754.986971,24.49383691,10302.46603,1
2026-09-22T19:00:00+00:00,7522.985223,2754.986971,-24.97573882,10252.99645,1
2026-09-22T19:15:00+00:00,7522.985223,2754.986971,-39.19113414,10238.78106,1
2026-09-22T19:30:00+00:00,7522.985223,2754.986971,-58.23976388,10219.73243,1
2026-09-22T19:45:00+00:00,10169.31651,0,0,10169.31651,0
2026-09-22T20:00:00+00:00,10169.31651,0,0,10169.31651,0
2026-09-22T20:15:00+00:00,10169.31651,0,0,10169.31651,0
2026-09-22T20:30:00+00:00,10169.31651,0,0,10169.31651,0
2026-09-22T20:45:00+00:00,10169.31651,0,0,10169.31651,0
2026-09-22T21:00:00+00:00,8127.730813,2040.46344,1.80010064,10169.99435,1
2026-09-22T21:15:00+00:00,8127.730813,2040.46344,-21.57259628,10146.62166,1
2026-09-22T21:30:00+00:00,8127.730813,2040.46344,24.16535373,10192.35961,1
2026-09-22T21:45:00+00:00,8127.730813,2040.46344,30.00852796,10198.20278,1
2026-09-22T22:00:00+00:00,8127.730813,2040.46344,37.66510108,10205.85935,1
2026-09-22T22:15:00+00:00,8127.730813,2040.46344,21.74748853,10189.94174,1
2026-09-22T22:30:00+00:00,8127.730813,2040.46344,-0.4162757917,10167.77798,1
2026-09-22T22:45:00+00:00,8127.730813,2040.46344,22.15046606,10190.34472,1
2026-09-22T23:00:00+00:00,8127.730813,2040.46344,-0.8192533248,10167.375,1
2026-09-22T23:15:00+00:00,8127.730813,2040.46344,1.397123107,10169.59138,1
2026-09-22T23:30:00+00:00,8127.730813,2040.46344,11.0685839,10179.26284,1
2026-09-22T23:45:00+00:00,8127.730813,2040.46344,14.6953817,10182.88964,1
2026-09-23T00:00:00+00:00,8127.832102,2040.46344,-0.6177645582,10167.67778,1
2026-09-23T00:15:00+00:00,8127.832102,2040.46344,24.76982003,10193.06536,1
2026-09-23T00:30:00+00:00,8127.832102,2040.46344,32.82937069,10201.12491,1
2026-09-23T00:45:00+00:00,8127.832102,2040.46344,24.76982003,10193.06536,1
2026-09-23T01:00:00+00:00,8127.832102,2040.46344,4.822432138,10173.11797,1
2026-09-23T01:15:00+00:00,10170.97999,0,0,10170.97999,0
2026-09-23T01:30:00+00:00,10170.97999,0,0,10170.97999,0
2026-09-23T01:45:00+00:00,10170.97999,0,0,10170.97999,0
2026-09-23T02:00:00+00:00,10170.97999,0,0,10170.97999,0
2026-09-23T02:15:00+00:00,10170.97999,0,0,10170.97999,0
2026-09-23T02:30:00+00:00,10170.97999,0,0,10170.97999,0
2026-09-23T02:45:00+00:00,10170.97999,0,0,10170.97999,0
2026-09-23T03:00:00+00:00,10170.97999,0,0,10170.97999,0
2026-09-23T03:15:00+00:00,10170.97999,0,0,10170.97999,0
2026-09-23T03:30:00+00:00,10170.97999,0,0,10170.97999,0
2026-09-23T03:45:00+00:00,10170.97999,0,0,10170.97999,0
2026-09-23T04:00:00+00:00,10170.97999,0,0,10170.97999,0
2026-09-23T04:15:00+00:00,10170.97999,0,0,10170.97999,0
2026-09-23T04:30:00+00:00,10170.97999,0,0,10170.97999,0
2026-09-23T04:45:00+00:00,10170.97999,0,0,10170.97999,0
2026-09-23T05:00:00+00:00,10170.97999,0,0,10170.97999,0
2026-09-23T05:15:00+00:00,10170.97999,0,0,10170.97999,0
2026-09-23T05:30:00+00:00,10170.97999,0,0,10170.97999,0
2026-09-23T05:45:00+00:00,10170.97999,0,0,10170.97999,0
2026-09-23T06:00:00+00:00,10170.97999,0,0,10170.97999,0
2026-09-23T06:15:00+00:00,10170.97999,0,0,10170.97999,0
2026-09-23T06:30:00+00:00,10170.97999,0,0,10170.97999,0
2026-09-23T06:45:00+00:00,10170.97999,0,0,10170.97999,0
2026-09-23T07:00:00+00:00,10170.97999,0,0,10170.97999,0
2026-09-23T07:15:00+00:00,10170.97999,0,0,10170.97999,0
2026-09-23T07:30:00+00:00,10170.97999,0,0,10170.97999,0
2026-09-23T07:45:00+00:00,10170.97999,0,0,10170.97999,0
2026-09-23T08:00:00+00:00,10170.97999,0,0,10170.97999,0
2026-09-23T08:15:00+00:00,10170.97999,0,0,10170.97999,0
2026-09-23T08:30:00+00:00,10170.97999,0,0,10170.97999,0
2026-09-23T08:45:00+00:00,10170.97999,0,0,10170.97999,0
2026-09-23T09:00:00+00:00,10170.97999,0,0,10170.97999,0
2026-09-23T09:15:00+00:00,10170.97999,0,0,10170.97999,0
2026-09-23T09:30:00+00:00,10170.97999,0,0,10170.97999,0
2026-09-23T09:45:00+00:00,10170.97999,0,0,10170.97999,0
2026-09-23T10:00:00+00:00,10170.97999,0,0,10170.97999,0
2026-09-23T10:15:00+00:00,10170.97999,0,0,10170.97999,0
2026-09-23T10:30:00+00:00,10170.97999,0,0,10170.97999,0
2026-09-23T10:45:00+00:00,10170.97999,0,0,10170.97999,0
2026-09-23T11:00:00+00:00,10170.97999,0,0,10170.97999,0
2026-09-23T11:15:00+00:00,10170.97999,0,0,10170.97999,0
2026-09-23T11:30:00+00:00,10170.97999,0,0,10170.97999,0
2026-09-23T11:45:00+00:00,10170.97999,0,0,10170.97999,0
2026-09-23T12:00:00+00:00,10170.97999,0,0,10170.97999,0
2026-09-23T12:15:00+00:00,10170.97999,0,0,10170.97999,0
2026-09-23T12:30:00+00:00,10170.97999,0,0,10170.97999,0
2026-09-23T12:45:00+00:00,10170.97999,0,0,10170.97999,0
2026-09-23T13:00:00+00:00,10170.97999,0,0,10170.97999,0
2026-09-23T13:15:00+00:00,10170.97999,0,0,10170.97999,0
2026-09-23T13:30:00+00:00,10170.97999,0,0,10170.97999,0
2026-09-23T13:45:00+00:00,10170.97999,0,0,10170.97999,0
2026-09-23T14:00:00+00:00,10170.97999,0,0,10170.97999,0
2026-09-23T14:15:00+00:00,10170.97999,0,0,10170.97999,0
2026-09-23T14:30:00+00:00,10170.97999,0,0,10170.97999,0
2026-09-23T14:45:00+00:00,10170.97999,0,0,10170.97999,0
2026-09-23T15:00:00+00:00,10170.97999,0,0,10170.97999,0
2026-09-23T15:15:00+00:00,10170.97999,0,0,10170.97999,0
2026-09-23T15:30:00+00:00,10170.97999,0,0,10170.97999,0
2026-09-23T15:45:00+00:00,10170.97999,0,0,10170.97999,0
2026-09-23T16:00:00+00:00,10170.97999,0,0,10170.97999,0
2026-09-23T16:15:00+00:00,10170.97999,0,0,10170.97999,0
2026-09-23T16:30:00+00:00,10170.97999,0,0,10170.97999,0
2026-09-23T16:45:00+00:00,10170.97999,0,0,10170.97999,0
2026-09-23T17:00:00+00:00,10170.97999,0,0,10170.97999,0
2026-09-23T17:15:00+00:00,10170.97999,0,0,10170.97999,0
2026-09-23T17:30:00+00:00,10170.97999,0,0,10170.97999,0
2026-09-23T17:45:00+00:00,10170.97999,0,0,10170.97999,0
2026-09-23T18:00:00+00:00,10170.97999,0,0,10170.97999,0
2026-09-23T18:15:00+00:00,10170.97999,0,0,10170.97999,0
2026-09-23T18:30:00+00:00,10170.97999,0,0,10170.97999,0
2026-09-23T18:45:00+00:00,10170.97999,0,0,10170.97999,0
2026-09-23T19:00:00+00:00,10170.97999,0,0,10170.97999,0
2026-09-23T19:15:00+00:00,10170.97999,0,0,10170.97999,0
2026-09-23T19:30:00+00:00,10170.97999,0,0,10170.97999,0
2026-09-23T19:45:00+00:00,10170.97999,0,0,10170.97999,0
2026-09-23T20:00:00+00:00,10170.97999,0,0,10170.97999,0
2026-09-23T20:15:00+00:00,10170.97999,0,0,10170.97999,0
2026-09-23T20:30:00+00:00,10170.97999,0,0,10170.97999,0
2026-09-23T20:45:00+00:00,10170.97999,0,0,10170.97999,0
2026-09-23T21:00:00+00:00,10170.97999,0,0,10170.97999,0
2026-09-23T21:15:00+00:00,10170.97999,0,0,10170.97999,0
2026-09-23T21:30:00+00:00,10170.97999,0,0,10170.97999,0
2026-09-23T21:45:00+00:00,10170.97999,0,0,10170.97999,0
2026-09-23T22:00:00+00:00,10170.97999,0,0,10170.97999,0
2026-09-23T22:15:00+00:00,10170.97999,0,0,10170.97999,0
2026-09-23T22:30:00+00:00,10170.97999,0,0,10170.97999,0
2026-09-23T22:45:00+00:00,10170.97999,0,0,10170.97999,0
2026-09-23T23:00:00+00:00,10170.97999,0,0,10170.97999,0
2026-09-23T23:15:00+00:00,10170.97999,0,0,10170.97999,0
2026-09-23T23:30:00+00:00,10170.97999,0,0,10170.97999,0
2026-09-23T23:45:00+00:00,10170.97999,0,0,10170.97999,0
2026-09-24T00:00:00+00:00,10170.97999,0,0,10170.97999,0
2026-09-24T00:15:00+00:00,10170.97999,0,0,10170.97999,0
2026-09-24T00:30:00+00:00,10170.97999,0,0,10170.97999,0
2026-09-24T00:45:00+00:00,10170.97999,0,0,10170.97999,0
2026-09-24T01:00:00+00:00,10170.97999,0,0,10170.97999,0
2026-09-24T01:15:00+00:00,10170.97999,0,0,10170.97999,0
2026-09-24T01:30:00+00:00,10170.97999,0,0,10170.97999,0
2026-09-24T01:45:00+00:00,10170.97999,0,0,10170.97999,0
2026-09-24T02:00:00+00:00,10170.97999,0,0,10170.97999,0
2026-09-24T02:15:00+00:00,10170.97999,0,0,10170.97999,0
2026-09-24T02:30:00+00:00,10170.97999,0,0,10170.97999,0
2026-09-24T02:45:00+00:00,10170.97999,0,0,10170.97999,0
2026-09-24T03:00:00+00:00,10170.97999,0,0,10170.97999,0
2026-09-24T03:15:00+00:00,10170.97999,0,0,10170.97999,0
2026-09-24T03:30:00+00:00,10170.97999,0,0,10170.97999,0
2026-09-24T03:45:00+00:00,10170.97999,0,0,10170.97999,0
2026-09-24T04:00:00+00:00,10170.97999,0,0,10170.97999,0
2026-09-24T04:15:00+00:00,10170.97999,0,0,10170.97999,0
2026-09-24T04:30:00+00:00,10170.97999,0,0,10170.97999,0
2026-09-24T04:45:00+00:00,10170.97999,0,0,10170.97999,0
2026-09-24T05:00:00+00:00,10170.97999,0,0,10170.97999,0
2026-09-24T05:15:00+00:00,10170.97999,0,0,10170.97999,0
2026-09-24T05:30:00+00:00,10170.97999,0,0,10170.97999,0
2026-09-24T05:45:00+00:00,10170.97999,0,0,10170.97999,0
2026-09-24T06:00:00+00:00,10170.97999,0,0,10170.97999,0
2026-09-24T06:15:00+00:00,10170.97999,0,0,10170.97999,0
2026-09-24T06:30:00+00:00,10170.97999,0,0,10170.97999,0
2026-09-24T06:45:00+00:00,10170.97999,0,0,10170.97999,0
2026-09-24T07:00:00+00:00,10170.97999,0,0,10170.97999,0
2026-09-24T07:15:00+00:00,10170.97999,0,0,10170.97999,0
2026-09-24T07:30:00+00:00,10170.97999,0,0,10170.97999,0
2026-09-24T07:45:00+00:00,10170.97999,0,0,10170.97999,0
2026-09-24T08:00:00+00:00,10170.97999,0,0,10170.97999,0
2026-09-24T08:15:00+00:00,10170.97999,0,0,10170.97999,0
2026-09-24T08:30:00+00:00,10170.97999,0,0,10170.97999,0
2026-09-24T08:45:00+00:00,10170.97999,0,0,10170.97999,0
2026-09-24T09:00:00+00:00,10170.97999,0,0,10170.97999,0
2026-09-24T09:15:00+00:00,10170.97999,0,0,10170.97999,0
2026-09-24T09:30:00+00:00,10170.97999,0,0,10170.97999,0
2026-09-24T09:45:00+00:00,10170.97999,0,0,10170.97999,0
2026-09-24T10:00:00+00:00,10170.97999,0,0,10170.97999,0
2026-09-24T10:15:00+00:00,10170.97999,0,0,10170.97999,0
2026-09-24T10:30:00+00:00,10170.97999,0,0,10170.97999,0
2026-09-24T10:45:00+00:00,10170.97999,0,0,10170.97999,0
2026-09-24T11:00:00+00:00,10170.97999,0,0,10170.97999,0
2026-09-24T11:15:00+00:00,10170.97999,0,0,10170.97999,0
2026-09-24T11:30:00+00:00,10170.97999,0,0,10170.97999,0
2026-09-24T11:45:00+00:00,10170.97999,0,0,10170.97999,0
2026-09-24T12:00:00+00:00,10170.97999,0,0,10170.97999,0
2026-09-24T12:15:00+00:00,10170.97999,0,0,10170.97999,0
2026-09-24T12:30:00+00:00,10170.97999,0,0,10170.97999,0
2026-09-24T12:45:00+00:00,10170.97999,0,0,10170.97999,0
2026-09-24T13:00:00+00:00,10170.97999,0,0,10170.97999,0
2026-09-24T13:15:00+00:00,10170.97999,0,0,10170.97999,0
2026-09-24T13:30:00+00:00,10170.97999,0,0,10170.97999,0
2026-09-24T13:45:00+00:00,10170.97999,0,0,10170.97999,0
2026-09-24T14:00:00+00:00,10170.97999,0,0,10170.97999,0
2026-09-24T14:15:00+00:00,10170.97999,0,0,10170.97999,0
2026-09-24T14:30:00+00:00,10170.97999,0,0,10170.97999,0
2026-09-24T14:45:00+00:00,3856.582561,6310.926421,78.25377969,10245.76276,1
2026-09-24T15:00:00+00:00,3856.582561,6310.926421,50.78387062,10218.29285,1
2026-09-24T15:15:00+00:00,3856.582561,6310.926421,36.79918964,10204.30817,1
2026-09-24T15:30:00+00:00,10154.56638,0,0,10154.56638,0
2026-09-24T15:45:00+00:00,10154.56638,0,0,10154.56638,0
2026-09-24T16:00:00+00:00,10154.56638,0,0,10154.56638,0
2026-09-24T16:15:00+00:00,10154.56638,0,0,10154.56638,0
2026-09-24T16:30:00+00:00,10154.56638,0,0,10154.56638,0
2026-09-24T16:45:00+00:00,10154.56638,0,0,10154.56638,0
2026-09-24T17:00:00+00:00,10154.56638,0,0,10154.56638,0
2026-09-24T17:15:00+00:00,10154.56638,0,0,10154.56638,0
2026-09-24T17:30:00+00:00,10154.56638,0,0,10154.56638,0
2026-09-24T17:45:00+00:00,10154.56638,0,0,10154.56638,0
2026-09-24T18:00:00+00:00,10154.56638,0,0,10154.56638,0
2026-09-24T18:15:00+00:00,10154.56638,0,0,10154.56638,0
2026-09-24T18:30:00+00:00,10154.56638,0,0,10154.56638,0
2026-09-24T18:45:00+00:00,10154.56638,0,0,10154.56638,0
2026-09-24T19:00:00+00:00,10154.56638,0,0,10154.56638,0
2026-09-24T19:15:00+00:00,6918.295658,3234.491748,14.73579612,10167.5232,1
2026-09-24T19:30:00+00:00,6918.295658,3234.491748,22.3025033,10175.08991,1
2026-09-24T19:45:00+00:00,6918.295658,3234.491748,-1.618054902,10151.16935,1
2026-09-24T20:00:00+00:00,6918.295658,3234.491748,21.08206666,10173.86947,1
2026-09-24T20:15:00+00:00,6918.295658,3234.491748,23.76702728,10176.55443,1
2026-09-24T20:30:00+00:00,6918.295658,3234.491748,34.50686974,10187.29428,1
2026-09-24T20:45:00+00:00,6918.295658,3234.491748,19.37345536,10172.16086,1
2026-09-24T21:00:00+00:00,6918.295658,3234.491748,26.45198789,10179.23939,1
2026-09-24T21:15:00+00:00,6918.295658,3234.491748,8.633612901,10161.42102,1
2026-09-24T21:30:00+00:00,6918.295658,3234.491748,-2.106229559,10150.68118,1
2026-09-24T21:45:00+00:00,6918.295658,3234.491748,-3.814840859,10148.97257,1
2026-09-24T22:00:00+00:00,6918.295658,3234.491748,2.287342357,10155.07475,1
2026-09-24T22:15:00+00:00,6918.295658,3234.491748,7.657263587,10160.44467,1
2026-09-24T22:30:00+00:00,6918.295658,3234.491748,14.49170879,10167.27911,1
2026-09-24T22:45:00+00:00,6918.295658,3234.491748,9.121787558,10161.90919,1
2026-09-24T23:00:00+00:00,6918.295658,3234.491748,11.56266084,10164.35007,1
2026-09-24T23:15:00+00:00,6918.295658,3234.491748,3.019604343,10155.80701,1
2026-09-24T23:30:00+00:00,10152.41308,0,0,10152.41308,0
2026-09-24T23:45:00+00:00,10152.41308,0,0,10152.41308,0
2026-09-25T00:00:00+00:00,10152.41308,0,0,10152.41308,0
2026-09-25T00:15:00+00:00,10152.41308,0,0,10152.41308,0
2026-09-25T00:30:00+00:00,10152.41308,0,0,10152.41308,0
2026-09-25T00:45:00+00:00,10152.41308,0,0,10152.41308,0
2026-09-25T01:00:00+00:00,10152.41308,0,0,10152.41308,0
2026-09-25T01:15:00+00:00,10152.41308,0,0,10152.41308,0
2026-09-25T01:30:00+00:00,10152.41308,0,0,10152.41308,0
2026-09-25T01:45:00+00:00,10152.41308,0,0,10152.41308,0
2026-09-25T02:00:00+00:00,10152.41308,0,0,10152.41308,0
2026-09-25T02:15:00+00:00,10152.41308,0,0,10152.41308,0
2026-09-25T02:30:00+00:00,10152.41308,0,0,10152.41308,0
2026-09-25T02:45:00+00:00,10152.41308,0,0,10152.41308,0
2026-09-25T03:00:00+00:00,10152.41308,0,0,10152.41308,0
2026-09-25T03:15:00+00:00,10152.41308,0,0,10152.41308,0
2026-09-25T03:30:00+00:00,10152.41308,0,0,10152.41308,0
2026-09-25T03:45:00+00:00,10152.41308,0,0,10152.41308,0
2026-09-25T04:00:00+00:00,10152.41308,0,0,10152.41308,0
2026-09-25T04:15:00+00:00,10152.41308,0,0,10152.41308,0
2026-09-25T04:30:00+00:00,10152.41308,0,0,10152.41308,0
2026-09-25T04:45:00+00:00,10152.41308,0,0,10152.41308,0
2026-09-25T05:00:00+00:00,10152.41308,0,0,10152.41308,0
2026-09-25T05:15:00+00:00,10152.41308,0,0,10152.41308,0
2026-09-25T05:30:00+00:00,10152.41308,0,0,10152.41308,0
2026-09-25T05:45:00+00:00,10152.41308,0,0,10152.41308,0
2026-09-25T06:00:00+00:00,10152.41308,0,0,10152.41308,0
2026-09-25T06:15:00+00:00,10152.41308,0,0,10152.41308,0
2026-09-25T06:30:00+00:00,10152.41308,0,0,10152.41308,0
2026-09-25T06:45:00+00:00,10152.41308,0,0,10152.41308,0
2026-09-25T07:00:00+00:00,10152.41308,0,0,10152.41308,0
2026-09-25T07:15:00+00:00,10152.41308,0,0,10152.41308,0
2026-09-25T07:30:00+00:00,10152.41308,0,0,10152.41308,0
2026-09-25T07:45:00+00:00,10152.41308,0,0,10152.41308,0
2026-09-25T08:00:00+00:00,10152.41308,0,0,10152.41308,0
2026-09-25T08:15:00+00:00,10152.41308,0,0,10152.41308,0
2026-09-25T08:30:00+00:00,10152.41308,0,0,10152.41308,0
2026-09-25T08:45:00+00:00,10152.41308,0,0,10152.41308,0
2026-09-25T09:00:00+00:00,10152.41308,0,0,10152.41308,0
2026-09-25T09:15:00+00:00,10152.41308,0,0,10152.41308,0
2026-09-25T09:30:00+00:00,10152.41308,0,0,10152.41308,0
2026-09-25T09:45:00+00:00,10152.41308,0,0,10152.41308,0
2026-09-25T10:00:00+00:00,10152.41308,0,0,10152.41308,0
2026-09-25T10:15:00+00:00,10152.41308,0,0,10152.41308,0
2026-09-25T10:30:00+00:00,10152.41308,0,0,10152.41308,0
2026-09-25T10:45:00+00:00,10152.41308,0,0,10152.41308,0
2026-09-25T11:00:00+00:00,10152.41308,0,0,10152.41308,0
2026-09-25T11:15:00+00:00,10152.41308,0,0,10152.41308,0
2026-09-25T11:30:00+00:00,10152.41308,0,0,10152.41308,0
2026-09-25T11:45:00+00:00,10152.41308,0,0,10152.41308,0
2026-09-25T12:00:00+00:00,10152.41308,0,0,10152.41308,0
2026-09-25T12:15:00+00:00,10152.41308,0,0,10152.41308,0
2026-09-25T12:30:00+00:00,10152.41308,0,0,10152.41308,0
2026-09-25T12:45:00+00:00,10152.41308,0,0,10152.41308,0
2026-09-25T13:00:00+00:00,10152.41308,0,0,10152.41308,0
2026-09-25T13:15:00+00:00,10152.41308,0,0,10152.41308,0
2026-09-25T13:30:00+00:00,10152.41308,0,0,10152.41308,0
2026-09-25T13:45:00+00:00,10152.41308,0,0,10152.41308,0
2026-09-25T14:00:00+00:00,10152.41308,0,0,10152.41308,0
2026-09-25T14:15:00+00:00,10152.41308,0,0,10152.41308,0
2026-09-25T14:30:00+00:00,10152.41308,0,0,10152.41308,0
2026-09-25T14:45:00+00:00,10152.41308,0,0,10152.41308,0
2026-09-25T15:00:00+00:00,10152.41308,0,0,10152.41308,0
2026-09-25T15:15:00+00:00,10152.41308,0,0,10152.41308,0
2026-09-25T15:30:00+00:00,10152.41308,0,0,10152.41308,0
2026-09-25T15:45:00+00:00,10152.41308,0,0,10152.41308,0
2026-09-25T16:00:00+00:00,10152.41308,0,0,10152.41308,0
2026-09-25T16:15:00+00:00,10152.41308,0,0,10152.41308,0
2026-09-25T16:30:00+00:00,10152.41308,0,0,10152.41308,0
2026-09-25T16:45:00+00:00,10152.41308,0,0,10152.41308,0
2026-09-25T17:00:00+00:00,10152.41308,0,0,10152.41308,0
2026-09-25T17:15:00+00:00,10152.41308,0,0,10152.41308,0
2026-09-25T17:30:00+00:00,10152.41308,0,0,10152.41308,0
2026-09-25T17:45:00+00:00,10152.41308,0,0,10152.41308,0
2026-09-25T18:00:00+00:00,10152.41308,0,0,10152.41308,0
2026-09-25T18:15:00+00:00,10152.41308,0,0,10152.41308,0
2026-09-25T18:30:00+00:00,10152.41308,0,0,10152.41308,0
2026-09-25T18:45:00+00:00,10152.41308,0,0,10152.41308,0
2026-09-25T19:00:00+00:00,10152.41308,0,0,10152.41308,0
2026-09-25T19:15:00+00:00,10152.41308,0,0,10152.41308,0
2026-09-25T19:30:00+00:00,10152.41308,0,0,10152.41308,0
2026-09-25T19:45:00+00:00,10152.41308,0,0,10152.41308,0
2026-09-25T20:00:00+00:00,10152.41308,0,0,10152.41308,0
2026-09-25T20:15:00+00:00,10152.41308,0,0,10152.41308,0
2026-09-25T20:30:00+00:00,10152.41308,0,0,10152.41308,0
2026-09-25T20:45:00+00:00,10152.41308,0,0,10152.41308,0
2026-09-25T21:00:00+00:00,10152.41308,0,0,10152.41308,0
2026-09-25T21:15:00+00:00,10152.41308,0,0,10152.41308,0
2026-09-25T21:30:00+00:00,10152.41308,0,0,10152.41308,0
2026-09-25T21:45:00+00:00,10152.41308,0,0,10152.41308,0
2026-09-25T22:00:00+00:00,10152.41308,0,0,10152.41308,0
2026-09-25T22:15:00+00:00,10152.41308,0,0,10152.41308,0
2026-09-25T22:30:00+00:00,10152.41308,0,0,10152.41308,0
2026-09-25T22:45:00+00:00,10152.41308,0,0,10152.41308,0
2026-09-25T23:00:00+00:00,6638.496055,3511.985429,-0.04685445738,10150.43463,1
2026-09-25T23:15:00+00:00,6638.496055,3511.985429,7.135215652,10157.6167,1
2026-09-25T23:30:00+00:00,6638.496055,3511.985429,-4.834901197,10145.64658,1
2026-09-25T23:45:00+00:00,6638.496055,3511.985429,-5.176904535,10145.30458,1
2026-09-26T00:00:00+00:00,6638.671896,3511.985429,-16.80501804,10133.85231,1
2026-09-26T00:15:00+00:00,6638.671896,3511.985429,-46.5593085,10104.09802,1
2026-09-26T00:30:00+00:00,6638.671896,3511.985429,-16.80501804,10133.85231,1
2026-09-26T00:45:00+00:00,6638.671896,3511.985429,-45.87530182,10104.78202,1
2026-09-26T01:00:00+00:00,6638.671896,3511.985429,-7.228924566,10143.4284,1
2026-09-26T01:15:00+00:00,6638.671896,3511.985429,19.44733584,10170.10466,1
2026-09-26T01:30:00+00:00,6638.671896,3511.985429,-18.51503474,10132.14229,1
2026-09-26T01:45:00+00:00,6638.671896,3511.985429,-1.072864473,10149.58446,1
2026-09-26T02:00:00+00:00,6638.671896,3511.985429,-13.726988,10136.93034,1
2026-09-26T02:15:00+00:00,6638.671896,3511.985429,-0.7308611344,10149.92646,1
2026-09-26T02:30:00+00:00,6638.671896,3511.985429,6.793212313,10157.45054,1
2026-09-26T02:45:00+00:00,6638.671896,3511.985429,13.97528242,10164.63261,1
2026-09-26T03:00:00+00:00,6638.671896,3511.985429,22.18336255,10172.84069,1
2026-09-26T03:15:00+00:00,10169.17544,0,0,10169.17544,0
2026-09-26T03:30:00+00:00,10169.17544,0,0,10169.17544,0
2026-09-26T03:45:00+00:00,10169.17544,0,0,10169.17544,0
2026-09-26T04:00:00+00:00,10169.17544,0,0,10169.17544,0
2026-09-26T04:15:00+00:00,10169.17544,0,0,10169.17544,0
2026-09-26T04:30:00+00:00,10169.17544,0,0,10169.17544,0
2026-09-26T04:45:00+00:00,10169.17544,0,0,10169.17544,0
2026-09-26T05:00:00+00:00,10169.17544,0,0,10169.17544,0
2026-09-26T05:15:00+00:00,10169.17544,0,0,10169.17544,0
2026-09-26T05:30:00+00:00,10169.17544,0,0,10169.17544,0
2026-09-26T05:45:00+00:00,10169.17544,0,0,10169.17544,0
2026-09-26T06:00:00+00:00,10169.17544,0,0,10169.17544,0
2026-09-26T06:15:00+00:00,10169.17544,0,0,10169.17544,0
2026-09-26T06:30:00+00:00,10169.17544,0,0,10169.17544,0
2026-09-26T06:45:00+00:00,10169.17544,0,0,10169.17544,0
2026-09-26T07:00:00+00:00,10169.17544,0,0,10169.17544,0
2026-09-26T07:15:00+00:00,10169.17544,0,0,10169.17544,0
2026-09-26T07:30:00+00:00,10169.17544,0,0,10169.17544,0
2026-09-26T07:45:00+00:00,10169.17544,0,0,10169.17544,0
2026-09-26T08:00:00+00:00,10169.17544,0,0,10169.17544,0
2026-09-26T08:15:00+00:00,10169.17544,0,0,10169.17544,0
2026-09-26T08:30:00+00:00,10169.17544,0,0,10169.17544,0
2026-09-26T08:45:00+00:00,10169.17544,0,0,10169.17544,0
2026-09-26T09:00:00+00:00,10169.17544,0,0,10169.17544,0
2026-09-26T09:15:00+00:00,10169.17544,0,0,10169.17544,0
2026-09-26T09:30:00+00:00,10169.17544,0,0,10169.17544,0
2026-09-26T09:45:00+00:00,10169.17544,0,0,10169.17544,0
2026-09-26T10:00:00+00:00,10169.17544,0,0,10169.17544,0
2026-09-26T10:15:00+00:00,10169.17544,0,0,10169.17544,0
2026-09-26T10:30:00+00:00,10169.17544,0,0,10169.17544,0
2026-09-26T10:45:00+00:00,10169.17544,0,0,10169.17544,0
2026-09-26T11:00:00+00:00,10169.17544,0,0,10169.17544,0
2026-09-26T11:15:00+00:00,10169.17544,0,0,10169.17544,0
2026-09-26T11:30:00+00:00,10169.17544,0,0,10169.17544,0
2026-09-26T11:45:00+00:00,10169.17544,0,0,10169.17544,0
2026-09-26T12:00:00+00:00,10169.17544,0,0,10169.17544,0
2026-09-26T12:15:00+00:00,10169.17544,0,0,10169.17544,0
2026-09-26T12:30:00+00:00,10169.17544,0,0,10169.17544,0
2026-09-26T12:45:00+00:00,10169.17544,0,0,10169.17544,0
2026-09-26T13:00:00+00:00,10169.17544,0,0,10169.17544,0
2026-09-26T13:15:00+00:00,10169.17544,0,0,10169.17544,0
2026-09-26T13:30:00+00:00,10169.17544,0,0,10169.17544,0
2026-09-26T13:45:00+00:00,10169.17544,0,0,10169.17544,0
2026-09-26T14:00:00+00:00,10169.17544,0,0,10169.17544,0
2026-09-26T14:15:00+00:00,10169.17544,0,0,10169.17544,0
2026-09-26T14:30:00+00:00,10169.17544,0,0,10169.17544,0
2026-09-26T14:45:00+00:00,10169.17544,0,0,10169.17544,0
2026-09-26T15:00:00+00:00,10169.17544,0,0,10169.17544,0
2026-09-26T15:15:00+00:00,10169.17544,0,0,10169.17544,0
2026-09-26T15:30:00+00:00,10169.17544,0,0,10169.17544,0
2026-09-26T15:45:00+00:00,10169.17544,0,0,10169.17544,0
2026-09-26T16:00:00+00:00,6368.8208,3798.26559,12.92308322,10180.00947,1
2026-09-26T16:15:00+00:00,6368.8208,3798.26559,26.26393268,10193.35032,1
2026-09-26T16:30:00+00:00,6368.8208,3798.26559,35.65193785,10202.73833,1
2026-09-26T16:45:00+00:00,6368.8208,3798.26559,66.28648105,10233.37287,1
2026-09-26T17:00:00+00:00,6368.8208,3798.26559,81.10964711,10248.19604,1
2026-09-26T17:15:00+00:00,6368.8208,3798.26559,79.6273305,10246.71372,1
2026-09-26T17:30:00+00:00,6368.8208,3798.26559,99.39155192,10266.47794,1
2026-09-26T17:45:00+00:00,6368.8208,3798.26559,95.93281317,10263.0192,1
2026-09-26T18:00:00+00:00,6368.8208,3798.26559,110.7559792,10277.84237,1
2026-09-26T18:15:00+00:00,6368.8208,3798.26559,114.214718,10281.30111,1
2026-09-26T18:30:00+00:00,6368.8208,3798.26559,128.049673,10295.13606,1
2026-09-26T18:45:00+00:00,6368.8208,3798.26559,126.5673564,10293.65375,1
2026-09-26T19:00:00+00:00,6368.8208,3798.26559,112.7324014,10279.81879,1
2026-09-26T19:15:00+00:00,6368.8208,3798.26559,134.4730449,10301.55943,1
2026-09-26T19:30:00+00:00,8342.307902,1899.132795,77.61273871,10319.05344,1
2026-09-26T19:45:00+00:00,10313.97114,0,0,10313.97114,0
2026-09-26T20:00:00+00:00,10313.97114,0,0,10313.97114,0
2026-09-26T20:15:00+00:00,10313.97114,0,0,10313.97114,0
2026-09-26T20:30:00+00:00,10201.43213,0,0,10201.43213,0
2026-09-26T20:45:00+00:00,10201.43213,0,0,10201.43213,0
2026-09-26T21:00:00+00:00,5129.082702,5069.56117,8.895090687,10207.53896,1
2026-09-26T21:15:00+00:00,5129.082702,5069.56117,49.93417054,10248.57804,1
2026-09-26T21:30:00+00:00,5129.082702,5069.56117,34.34970983,10232.99358,1
2026-09-26T21:45:00+00:00,5129.082702,5069.56117,46.29779637,10244.94167,1
2026-09-26T22:00:00+00:00,5129.082702,5069.56117,70.71345147,10269.35732,1
2026-09-26T22:15:00+00:00,5129.082702,5069.56117,63.96018517,10262.60406,1
2026-09-26T22:30:00+00:00,5129.082702,5069.56117,41.10297614,10239.74685,1
2026-09-26T22:45:00+00:00,5129.082702,5069.56117,48.89520649,10247.53908,1
2026-09-26T23:00:00+00:00,5129.082702,5069.56117,72.79137956,10271.43525,1
2026-09-26T23:15:00+00:00,5129.082702,5069.56117,64.99914921,10263.64302,1
2026-09-26T23:30:00+00:00,5129.082702,5069.56117,58.76536493,10257.40924,1
2026-09-26T23:45:00+00:00,5129.082702,5069.56117,73.83034361,10272.47422,1
2026-09-27T00:00:00+00:00,5128.825559,5069.56117,38.50556602,10236.89229,1
2026-09-27T00:15:00+00:00,5128.825559,5069.56117,22.40162329,10220.78835,1
2026-09-27T00:30:00+00:00,5128.825559,5069.56117,22.40162329,10220.78835,1
2026-09-27T00:45:00+00:00,5128.825559,5069.56117,7.336644616,10205.72337,1
2026-09-27T01:00:00+00:00,5128.825559,5069.56117,17.20680306,10215.59353,1
2026-09-27T01:15:00+00:00,10209.73489,0,0,10209.73489,0
2026-09-27T01:30:00+00:00,10209.73489,0,0,10209.73489,0
2026-09-27T01:45:00+00:00,10209.73489,0,0,10209.73489,0
2026-09-27T02:00:00+00:00,10209.73489,0,0,10209.73489,0
2026-09-27T02:15:00+00:00,10209.73489,0,0,10209.73489,0
2026-09-27T02:30:00+00:00,10209.73489,0,0,10209.73489,0
2026-09-27T02:45:00+00:00,10209.73489,0,0,10209.73489,0
2026-09-27T03:00:00+00:00,10209.73489,0,0,10209.73489,0
2026-09-27T03:15:00+00:00,10209.73489,0,0,10209.73489,0
2026-09-27T03:30:00+00:00,10209.73489,0,0,10209.73489,0
2026-09-27T03:45:00+00:00,10209.73489,0,0,10209.73489,0
2026-09-27T04:00:00+00:00,10209.73489,0,0,10209.73489,0
2026-09-27T04:15:00+00:00,10209.73489,0,0,10209.73489,0
2026-09-27T04:30:00+00:00,10209.73489,0,0,10209.73489,0
2026-09-27T04:45:00+00:00,10209.73489,0,0,10209.73489,0
2026-09-27T05:00:00+00:00,10209.73489,0,0,10209.73489,0
2026-09-27T05:15:00+00:00,10209.73489,0,0,10209.73489,0
2026-09-27T05:30:00+00:00,10209.73489,0,0,10209.73489,0
2026-09-27T05:45:00+00:00,10209.73489,0,0,10209.73489,0
2026-09-27T06:00:00+00:00,10209.73489,0,0,10209.73489,0
2026-09-27T06:15:00+00:00,10209.73489,0,0,10209.73489,0
2026-09-27T06:30:00+00:00,10209.73489,0,0,10209.73489,0
2026-09-27T06:45:00+00:00,10209.73489,0,0,10209.73489,0
2026-09-27T07:00:00+00:00,10209.73489,0,0,10209.73489,0
2026-09-27T07:15:00+00:00,10209.73489,0,0,10209.73489,0
2026-09-27T07:30:00+00:00,10209.73489,0,0,10209.73489,0
2026-09-27T07:45:00+00:00,10209.73489,0,0,10209.73489,0
2026-09-27T08:00:00+00:00,10209.73489,0,0,10209.73489,0
2026-09-27T08:15:00+00:00,10209.73489,0,0,10209.73489,0
2026-09-27T08:30:00+00:00,10209.73489,0,0,10209.73489,0
2026-09-27T08:45:00+00:00,10209.73489,0,0,10209.73489,0
2026-09-27T09:00:00+00:00,10209.73489,0,0,10209.73489,0
2026-09-27T09:15:00+00:00,10209.73489,0,0,10209.73489,0
2026-09-27T09:30:00+00:00,10209.73489,0,0,10209.73489,0
2026-09-27T09:45:00+00:00,10209.73489,0,0,10209.73489,0
2026-09-27T10:00:00+00:00,10209.73489,0,0,10209.73489,0
2026-09-27T10:15:00+00:00,10209.73489,0,0,10209.73489,0
2026-09-27T10:30:00+00:00,10209.73489,0,0,10209.73489,0
2026-09-27T10:45:00+00:00,10209.73489,0,0,10209.73489,0
2026-09-27T11:00:00+00:00,10209.73489,0,0,10209.73489,0
2026-09-27T11:15:00+00:00,10209.73489,0,0,10209.73489,0
2026-09-27T11:30:00+00:00,10209.73489,0,0,10209.73489,0
2026-09-27T11:45:00+00:00,10209.73489,0,0,10209.73489,0
2026-09-27T12:00:00+00:00,10209.73489,0,0,10209.73489,0
2026-09-27T12:15:00+00:00,10209.73489,0,0,10209.73489,0
2026-09-27T12:30:00+00:00,10209.73489,0,0,10209.73489,0
2026-09-27T12:45:00+00:00,10209.73489,0,0,10209.73489,0
2026-09-27T13:00:00+00:00,10209.73489,0,0,10209.73489,0
2026-09-27T13:15:00+00:00,10209.73489,0,0,10209.73489,0
2026-09-27T13:30:00+00:00,10209.73489,0,0,10209.73489,0
2026-09-27T13:45:00+00:00,10209.73489,0,0,10209.73489,0
2026-09-27T14:00:00+00:00,10209.73489,0,0,10209.73489,0
2026-09-27T14:15:00+00:00,10209.73489,0,0,10209.73489,0
2026-09-27T14:30:00+00:00,10209.73489,0,0,10209.73489,0
2026-09-27T14:45:00+00:00,10209.73489,0,0,10209.73489,0
2026-09-27T15:00:00+00:00,10209.73489,0,0,10209.73489,0
2026-09-27T15:15:00+00:00,10209.73489,0,0,10209.73489,0
2026-09-27T15:30:00+00:00,10209.73489,0,0,10209.73489,0
2026-09-27T15:45:00+00:00,10209.73489,0,0,10209.73489,0
2026-09-27T16:00:00+00:00,10209.73489,0,0,10209.73489,0
2026-09-27T16:15:00+00:00,10209.73489,0,0,10209.73489,0
2026-09-27T16:30:00+00:00,10209.73489,0,0,10209.73489,0
2026-09-27T16:45:00+00:00,10209.73489,0,0,10209.73489,0
2026-09-27T17:00:00+00:00,10209.73489,0,0,10209.73489,0
2026-09-27T17:15:00+00:00,10209.73489,0,0,10209.73489,0
2026-09-27T17:30:00+00:00,10209.73489,0,0,10209.73489,0
2026-09-27T17:45:00+00:00,10209.73489,0,0,10209.73489,0
2026-09-27T18:00:00+00:00,10209.73489,0,0,10209.73489,0
2026-09-27T18:15:00+00:00,10209.73489,0,0,10209.73489,0
2026-09-27T18:30:00+00:00,10209.73489,0,0,10209.73489,0
2026-09-27T18:45:00+00:00,10209.73489,0,0,10209.73489,0
2026-09-27T19:00:00+00:00,10209.73489,0,0,10209.73489,0
2026-09-27T19:15:00+00:00,10209.73489,0,0,10209.73489,0
2026-09-27T19:30:00+00:00,10209.73489,0,0,10209.73489,0
2026-09-27T19:45:00+00:00,10209.73489,0,0,10209.73489,0
2026-09-27T20:00:00+00:00,10209.73489,0,0,10209.73489,0
2026-09-27T20:15:00+00:00,10209.73489,0,0,10209.73489,0
2026-09-27T20:30:00+00:00,10209.73489,0,0,10209.73489,0
2026-09-27T20:45:00+00:00,10209.73489,0,0,10209.73489,0
2026-09-27T21:00:00+00:00,10209.73489,0,0,10209.73489,0
2026-09-27T21:15:00+00:00,10209.73489,0,0,10209.73489,0
2026-09-27T21:30:00+00:00,10209.73489,0,0,10209.73489,0
2026-09-27T21:45:00+00:00,10209.73489,0,0,10209.73489,0
2026-09-27T22:00:00+00:00,10209.73489,0,0,10209.73489,0
2026-09-27T22:15:00+00:00,10209.73489,0,0,10209.73489,0
2026-09-27T22:30:00+00:00,10209.73489,0,0,10209.73489,0
2026-09-27T22:45:00+00:00,10209.73489,0,0,10209.73489,0
2026-09-27T23:00:00+00:00,10209.73489,0,0,10209.73489,0
2026-09-27T23:15:00+00:00,10209.73489,0,0,10209.73489,0
2026-09-27T23:30:00+00:00,10209.73489,0,0,10209.73489,0
2026-09-27T23:45:00+00:00,10209.73489,0,0,10209.73489,0
2026-09-28T00:00:00+00:00,10209.73489,0,0,10209.73489,0
2026-09-28T00:15:00+00:00,10209.73489,0,0,10209.73489,0
2026-09-28T00:30:00+00:00,10209.73489,0,0,10209.73489,0
2026-09-28T00:45:00+00:00,10209.73489,0,0,10209.73489,0
2026-09-28T01:00:00+00:00,10209.73489,0,0,10209.73489,0
2026-09-28T01:15:00+00:00,10209.73489,0,0,10209.73489,0
2026-09-28T01:30:00+00:00,10209.73489,0,0,10209.73489,0
2026-09-28T01:45:00+00:00,10209.73489,0,0,10209.73489,0
2026-09-28T02:00:00+00:00,10209.73489,0,0,10209.73489,0
2026-09-28T02:15:00+00:00,10209.73489,0,0,10209.73489,0
2026-09-28T02:30:00+00:00,10209.73489,0,0,10209.73489,0
2026-09-28T02:45:00+00:00,10209.73489,0,0,10209.73489,0
2026-09-28T03:00:00+00:00,10209.73489,0,0,10209.73489,0
2026-09-28T03:15:00+00:00,10209.73489,0,0,10209.73489,0
2026-09-28T03:30:00+00:00,10209.73489,0,0,10209.73489,0
2026-09-28T03:45:00+00:00,10209.73489,0,0,10209.73489,0
2026-09-28T04:00:00+00:00,10209.73489,0,0,10209.73489,0
2026-09-28T04:15:00+00:00,10209.73489,0,0,10209.73489,0
2026-09-28T04:30:00+00:00,10209.73489,0,0,10209.73489,0
2026-09-28T04:45:00+00:00,10209.73489,0,0,10209.73489,0
2026-09-28T05:00:00+00:00,10209.73489,0,0,10209.73489,0
2026-09-28T05:15:00+00:00,10209.73489,0,0,10209.73489,0
2026-09-28T05:30:00+00:00,10209.73489,0,0,10209.73489,0
2026-09-28T05:45:00+00:00,10209.73489,0,0,10209.73489,0
2026-09-28T06:00:00+00:00,10209.73489,0,0,10209.73489,0
2026-09-28T06:15:00+00:00,10209.73489,0,0,10209.73489,0
2026-09-28T06:30:00+00:00,10209.73489,0,0,10209.73489,0
2026-09-28T06:45:00+00:00,10209.73489,0,0,10209.73489,0
2026-09-28T07:00:00+00:00,10209.73489,0,0,10209.73489,0
2026-09-28T07:15:00+00:00,10209.73489,0,0,10209.73489,0
2026-09-28T07:30:00+00:00,10209.73489,0,0,10209.73489,0
2026-09-28T07:45:00+00:00,10209.73489,0,0,10209.73489,0
2026-09-28T08:00:00+00:00,10209.73489,0,0,10209.73489,0
2026-09-28T08:15:00+00:00,10209.73489,0,0,10209.73489,0
2026-09-28T08:30:00+00:00,10209.73489,0,0,10209.73489,0
2026-09-28T08:45:00+00:00,10209.73489,0,0,10209.73489,0
2026-09-28T09:00:00+00:00,10209.73489,0,0,10209.73489,0
2026-09-28T09:15:00+00:00,10209.73489,0,0,10209.73489,0
2026-09-28T09:30:00+00:00,10209.73489,0,0,10209.73489,0
2026-09-28T09:45:00+00:00,10209.73489,0,0,10209.73489,0
2026-09-28T10:00:00+00:00,10209.73489,0,0,10209.73489,0
2026-09-28T10:15:00+00:00,10209.73489,0,0,10209.73489,0
2026-09-28T10:30:00+00:00,10209.73489,0,0,10209.73489,0
2026-09-28T10:45:00+00:00,10209.73489,0,0,10209.73489,0
2026-09-28T11:00:00+00:00,10209.73489,0,0,10209.73489,0
2026-09-28T11:15:00+00:00,10209.73489,0,0,10209.73489,0
2026-09-28T11:30:00+00:00,10209.73489,0,0,10209.73489,0
2026-09-28T11:45:00+00:00,10209.73489,0,0,10209.73489,0
2026-09-28T12:00:00+00:00,10209.73489,0,0,10209.73489,0
2026-09-28T12:15:00+00:00,10209.73489,0,0,10209.73489,0
2026-09-28T12:30:00+00:00,10209.73489,0,0,10209.73489,0
2026-09-28T12:45:00+00:00,10209.73489,0,0,10209.73489,0
2026-09-28T13:00:00+00:00,10209.73489,0,0,10209.73489,0
2026-09-28T13:15:00+00:00,10209.73489,0,0,10209.73489,0
2026-09-28T13:30:00+00:00,10209.73489,0,0,10209.73489,0
2026-09-28T13:45:00+00:00,10209.73489,0,0,10209.73489,0
2026-09-28T14:00:00+00:00,10209.73489,0,0,10209.73489,0
2026-09-28T14:15:00+00:00,10209.73489,0,0,10209.73489,0
2026-09-28T14:30:00+00:00,10209.73489,0,0,10209.73489,0
2026-09-28T14:45:00+00:00,10209.73489,0,0,10209.73489,0
2026-09-28T15:00:00+00:00,10209.73489,0,0,10209.73489,0
2026-09-28T15:15:00+00:00,10209.73489,0,0,10209.73489,0
2026-09-28T15:30:00+00:00,10209.73489,0,0,10209.73489,0
2026-09-28T15:45:00+00:00,10209.73489,0,0,10209.73489,0
2026-09-28T16:00:00+00:00,10209.73489,0,0,10209.73489,0
2026-09-28T16:15:00+00:00,10209.73489,0,0,10209.73489,0
2026-09-28T16:30:00+00:00,10209.73489,0,0,10209.73489,0
2026-09-28T16:45:00+00:00,10209.73489,0,0,10209.73489,0
2026-09-28T17:00:00+00:00,10209.73489,0,0,10209.73489,0
2026-09-28T17:15:00+00:00,10209.73489,0,0,10209.73489,0
2026-09-28T17:30:00+00:00,10209.73489,0,0,10209.73489,0
2026-09-28T17:45:00+00:00,10209.73489,0,0,10209.73489,0
2026-09-28T18:00:00+00:00,10209.73489,0,0,10209.73489,0
2026-09-28T18:15:00+00:00,10209.73489,0,0,10209.73489,0
2026-09-28T18:30:00+00:00,10209.73489,0,0,10209.73489,0
2026-09-28T18:45:00+00:00,10209.73489,0,0,10209.73489,0
2026-09-28T19:00:00+00:00,10209.73489,0,0,10209.73489,0
2026-09-28T19:15:00+00:00,10209.73489,0,0,10209.73489,0
2026-09-28T19:30:00+00:00,10209.73489,0,0,10209.73489,0
2026-09-28T19:45:00+00:00,10209.73489,0,0,10209.73489,0
2026-09-28T20:00:00+00:00,7890.867113,2317.593098,26.29582559,10234.75604,1
2026-09-28T20:15:00+00:00,7890.867113,2317.593098,33.15933635,10241.61955,1
2026-09-28T20:30:00+00:00,7890.867113,2317.593098,31.19833328,10239.65854,1
2026-09-28T20:45:00+00:00,7890.867113,2317.593098,20.41281637,10228.87303,1
2026-09-28T21:00:00+00:00,7890.867113,2317.593098,16.98106099,10225.44127,1
2026-09-28T21:15:00+00:00,7890.867113,2317.593098,-3.609471283,10204.85074,1
2026-09-28T21:30:00+00:00,7890.867113,2317.593098,-1.15821744,10207.30199,1
2026-09-28T21:45:00+00:00,7890.867113,2317.593098,-8.021728199,10200.43848,1
2026-09-28T22:00:00+00:00,7890.867113,2317.593098,0.3125348649,10208.77275,1
2026-09-28T22:15:00+00:00,7890.867113,2317.593098,1.78328717,10210.2435,1
2026-09-28T22:30:00+00:00,7890.867113,2317.593098,17.96156253,10226.42177,1
2026-09-28T22:45:00+00:00,7890.867113,2317.593098,31.19833328,10239.65854,1
2026-09-28T23:00:00+00:00,7890.867113,2317.593098,35.12033943,10243.58055,1
2026-09-28T23:15:00+00:00,7890.867113,2317.593098,48.84736094,10257.30757,1
2026-09-28T23:30:00+00:00,7890.867113,2317.593098,44.92535479,10253.38557,1
2026-09-28T23:45:00+00:00,7890.867113,2317.593098,44.43510403,10252.89532,1
2026-09-29T00:00:00+00:00,7890.787574,2317.593098,41.00334865,10249.38402,1
2026-09-29T00:15:00+00:00,10246.41841,0,0,10246.41841,0
2026-09-29T00:30:00+00:00,10246.41841,0,0,10246.41841,0
2026-09-29T00:45:00+00:00,10246.41841,0,0,10246.41841,0
2026-09-29T01:00:00+00:00,10246.41841,0,0,10246.41841,0
2026-09-29T01:15:00+00:00,10246.41841,0,0,10246.41841,0
2026-09-29T01:30:00+00:00,10246.41841,0,0,10246.41841,0
2026-09-29T01:45:00+00:00,10246.41841,0,0,10246.41841,0
2026-09-29T02:00:00+00:00,10246.41841,0,0,10246.41841,0
2026-09-29T02:15:00+00:00,10246.41841,0,0,10246.41841,0
2026-09-29T02:30:00+00:00,10246.41841,0,0,10246.41841,0
2026-09-29T02:45:00+00:00,10246.41841,0,0,10246.41841,0
2026-09-29T03:00:00+00:00,10246.41841,0,0,10246.41841,0
2026-09-29T03:15:00+00:00,10246.41841,0,0,10246.41841,0
2026-09-29T03:30:00+00:00,10246.41841,0,0,10246.41841,0
2026-09-29T03:45:00+00:00,10246.41841,0,0,10246.41841,0
2026-09-29T04:00:00+00:00,10246.41841,0,0,10246.41841,0
2026-09-29T04:15:00+00:00,10246.41841,0,0,10246.41841,0
2026-09-29T04:30:00+00:00,10246.41841,0,0,10246.41841,0
2026-09-29T04:45:00+00:00,10246.41841,0,0,10246.41841,0
2026-09-29T05:00:00+00:00,10246.41841,0,0,10246.41841,0
2026-09-29T05:15:00+00:00,10246.41841,0,0,10246.41841,0
2026-09-29T05:30:00+00:00,10246.41841,0,0,10246.41841,0
2026-09-29T05:45:00+00:00,10246.41841,0,0,10246.41841,0
2026-09-29T06:00:00+00:00,10246.41841,0,0,10246.41841,0
2026-09-29T06:15:00+00:00,10246.41841,0,0,10246.41841,0
2026-09-29T06:30:00+00:00,10246.41841,0,0,10246.41841,0
2026-09-29T06:45:00+00:00,10246.41841,0,0,10246.41841,0
2026-09-29T07:00:00+00:00,10246.41841,0,0,10246.41841,0
2026-09-29T07:15:00+00:00,10246.41841,0,0,10246.41841,0
2026-09-29T07:30:00+00:00,10246.41841,0,0,10246.41841,0
2026-09-29T07:45:00+00:00,10246.41841,0,0,10246.41841,0
2026-09-29T08:00:00+00:00,10246.41841,0,0,10246.41841,0
2026-09-29T08:15:00+00:00,10246.41841,0,0,10246.41841,0
2026-09-29T08:30:00+00:00,10246.41841,0,0,10246.41841,0
2026-09-29T08:45:00+00:00,10246.41841,0,0,10246.41841,0
2026-09-29T09:00:00+00:00,10246.41841,0,0,10246.41841,0
2026-09-29T09:15:00+00:00,10246.41841,0,0,10246.41841,0
2026-09-29T09:30:00+00:00,10246.41841,0,0,10246.41841,0
2026-09-29T09:45:00+00:00,10246.41841,0,0,10246.41841,0
2026-09-29T10:00:00+00:00,10246.41841,0,0,10246.41841,0
2026-09-29T10:15:00+00:00,10246.41841,0,0,10246.41841,0
2026-09-29T10:30:00+00:00,10246.41841,0,0,10246.41841,0
2026-09-29T10:45:00+00:00,10246.41841,0,0,10246.41841,0
2026-09-29T11:00:00+00:00,10246.41841,0,0,10246.41841,0
2026-09-29T11:15:00+00:00,10246.41841,0,0,10246.41841,0
2026-09-29T11:30:00+00:00,10246.41841,0,0,10246.41841,0
2026-09-29T11:45:00+00:00,10246.41841,0,0,10246.41841,0
2026-09-29T12:00:00+00:00,5613.450769,4630.420907,13.77906635,10257.65074,1
2026-09-29T12:15:00+00:00,5613.450769,4630.420907,22.02306964,10265.89475,1
2026-09-29T12:30:00+00:00,5613.450769,4630.420907,9.460778914,10253.33245,1
2026-09-29T12:45:00+00:00,5613.450769,4630.420907,17.31221062,10261.18389,1
2026-09-29T13:00:00+00:00,0,10240.0103,37.22386554,10277.23417,2
2026-09-29T13:15:00+00:00,0,10240.0103,37.77824945,10277.78855,2
2026-09-29T13:30:00+00:00,0,10240.0103,57.55207126,10297.56237,2
2026-09-29T13:45:00+00:00,0,10240.0103,60.62369702,10300.634,2
2026-09-29T14:00:00+00:00,0,10240.0103,109.3338408,10349.34414,2
2026-09-29T14:15:00+00:00,0,10240.0103,54.25062243,10294.26093,2
2026-09-29T14:30:00+00:00,0,10240.0103,-0.303066654,10239.70724,2
2026-09-29T14:45:00+00:00,0,10240.0103,65.81999303,10305.8303,2
2026-09-29T15:00:00+00:00,0,10240.0103,187.4583947,10427.4687,2
2026-09-29T15:15:00+00:00,7662.676361,2804.794698,75.90698793,10543.37805,1
2026-09-29T15:30:00+00:00,10536.33463,0,0,10536.33463,0
2026-09-29T15:45:00+00:00,10536.33463,0,0,10536.33463,0
2026-09-29T16:00:00+00:00,10536.33463,0,0,10536.33463,0
2026-09-29T16:15:00+00:00,10536.33463,0,0,10536.33463,0
2026-09-29T16:30:00+00:00,10536.33463,0,0,10536.33463,0
2026-09-29T16:45:00+00:00,10536.33463,0,0,10536.33463,0
2026-09-29T17:00:00+00:00,10536.33463,0,0,10536.33463,0
2026-09-29T17:15:00+00:00,10536.33463,0,0,10536.33463,0
2026-09-29T17:30:00+00:00,10536.33463,0,0,10536.33463,0
2026-09-29T17:45:00+00:00,10536.33463,0,0,10536.33463,0
2026-09-29T18:00:00+00:00,10536.33463,0,0,10536.33463,0
2026-09-29T18:15:00+00:00,10536.33463,0,0,10536.33463,0
2026-09-29T18:30:00+00:00,10536.33463,0,0,10536.33463,0
2026-09-29T18:45:00+00:00,10536.33463,0,0,10536.33463,0
2026-09-29T19:00:00+00:00,10536.33463,0,0,10536.33463,0
2026-09-29T19:15:00+00:00,10536.33463,0,0,10536.33463,0
2026-09-29T19:30:00+00:00,10536.33463,0,0,10536.33463,0
2026-09-29T19:45:00+00:00,10536.33463,0,0,10536.33463,0
2026-09-29T20:00:00+00:00,10536.33463,0,0,10536.33463,0
2026-09-29T20:15:00+00:00,10536.33463,0,0,10536.33463,0
2026-09-29T20:30:00+00:00,10536.33463,0,0,10536.33463,0
2026-09-29T20:45:00+00:00,10536.33463,0,0,10536.33463,0
2026-09-29T21:00:00+00:00,10536.33463,0,0,10536.33463,0
2026-09-29T21:15:00+00:00,10536.33463,0,0,10536.33463,0
2026-09-29T21:30:00+00:00,10536.33463,0,0,10536.33463,0
2026-09-29T21:45:00+00:00,10536.33463,0,0,10536.33463,0
2026-09-29T22:00:00+00:00,10536.33463,0,0,10536.33463,0
2026-09-29T22:15:00+00:00,10536.33463,0,0,10536.33463,0
2026-09-29T22:30:00+00:00,10536.33463,0,0,10536.33463,0
2026-09-29T22:45:00+00:00,10536.33463,0,0,10536.33463,0
2026-09-29T23:00:00+00:00,10536.33463,0,0,10536.33463,0
2026-09-29T23:15:00+00:00,10536.33463,0,0,10536.33463,0
2026-09-29T23:30:00+00:00,10536.33463,0,0,10536.33463,0
2026-09-29T23:45:00+00:00,10536.33463,0,0,10536.33463,0
2026-09-30T00:00:00+00:00,10536.33463,0,0,10536.33463,0
2026-09-30T00:15:00+00:00,10536.33463,0,0,10536.33463,0
2026-09-30T00:30:00+00:00,10536.33463,0,0,10536.33463,0
2026-09-30T00:45:00+00:00,10536.33463,0,0,10536.33463,0
2026-09-30T01:00:00+00:00,10536.33463,0,0,10536.33463,0
2026-09-30T01:15:00+00:00,10536.33463,0,0,10536.33463,0
2026-09-30T01:30:00+00:00,10536.33463,0,0,10536.33463,0
2026-09-30T01:45:00+00:00,10536.33463,0,0,10536.33463,0
2026-09-30T02:00:00+00:00,10536.33463,0,0,10536.33463,0
2026-09-30T02:15:00+00:00,10536.33463,0,0,10536.33463,0
2026-09-30T02:30:00+00:00,10536.33463,0,0,10536.33463,0
2026-09-30T02:45:00+00:00,10536.33463,0,0,10536.33463,0
2026-09-30T03:00:00+00:00,10536.33463,0,0,10536.33463,0
2026-09-30T03:15:00+00:00,10536.33463,0,0,10536.33463,0
2026-09-30T03:30:00+00:00,10536.33463,0,0,10536.33463,0
2026-09-30T03:45:00+00:00,10536.33463,0,0,10536.33463,0
2026-09-30T04:00:00+00:00,10536.33463,0,0,10536.33463,0
2026-09-30T04:15:00+00:00,10536.33463,0,0,10536.33463,0
2026-09-30T04:30:00+00:00,10536.33463,0,0,10536.33463,0
2026-09-30T04:45:00+00:00,10536.33463,0,0,10536.33463,0
2026-09-30T05:00:00+00:00,10536.33463,0,0,10536.33463,0
2026-09-30T05:15:00+00:00,10536.33463,0,0,10536.33463,0
2026-09-30T05:30:00+00:00,10536.33463,0,0,10536.33463,0
2026-09-30T05:45:00+00:00,10536.33463,0,0,10536.33463,0
2026-09-30T06:00:00+00:00,10536.33463,0,0,10536.33463,0
2026-09-30T06:15:00+00:00,10536.33463,0,0,10536.33463,0
2026-09-30T06:30:00+00:00,10536.33463,0,0,10536.33463,0
2026-09-30T06:45:00+00:00,10536.33463,0,0,10536.33463,0
2026-09-30T07:00:00+00:00,10536.33463,0,0,10536.33463,0
2026-09-30T07:15:00+00:00,10536.33463,0,0,10536.33463,0
2026-09-30T07:30:00+00:00,10536.33463,0,0,10536.33463,0
2026-09-30T07:45:00+00:00,10536.33463,0,0,10536.33463,0
2026-09-30T08:00:00+00:00,10536.33463,0,0,10536.33463,0
2026-09-30T08:15:00+00:00,10536.33463,0,0,10536.33463,0
2026-09-30T08:30:00+00:00,10536.33463,0,0,10536.33463,0
2026-09-30T08:45:00+00:00,10536.33463,0,0,10536.33463,0
2026-09-30T09:00:00+00:00,10536.33463,0,0,10536.33463,0
2026-09-30T09:15:00+00:00,10536.33463,0,0,10536.33463,0
2026-09-30T09:30:00+00:00,10536.33463,0,0,10536.33463,0
2026-09-30T09:45:00+00:00,10536.33463,0,0,10536.33463,0
2026-09-30T10:00:00+00:00,10536.33463,0,0,10536.33463,0
2026-09-30T10:15:00+00:00,10536.33463,0,0,10536.33463,0
2026-09-30T10:30:00+00:00,10536.33463,0,0,10536.33463,0
2026-09-30T10:45:00+00:00,10536.33463,0,0,10536.33463,0
2026-09-30T11:00:00+00:00,10536.33463,0,0,10536.33463,0
2026-09-30T11:15:00+00:00,10536.33463,0,0,10536.33463,0
2026-09-30T11:30:00+00:00,10536.33463,0,0,10536.33463,0
2026-09-30T11:45:00+00:00,10536.33463,0,0,10536.33463,0
2026-09-30T12:00:00+00:00,7076.547517,3457.885274,-15.44806976,10518.98472,1
2026-09-30T12:15:00+00:00,7076.547517,3457.885274,5.45594886,10539.88874,1
2026-09-30T12:30:00+00:00,10421.76184,0,0,10421.76184,0
2026-09-30T12:45:00+00:00,10421.76184,0,0,10421.76184,0
2026-09-30T13:00:00+00:00,10421.76184,0,0,10421.76184,0
2026-09-30T13:15:00+00:00,10421.76184,0,0,10421.76184,0
2026-09-30T13:30:00+00:00,10421.76184,0,0,10421.76184,0
2026-09-30T13:45:00+00:00,10421.76184,0,0,10421.76184,0
2026-09-30T14:00:00+00:00,10421.76184,0,0,10421.76184,0
2026-09-30T14:15:00+00:00,10421.76184,0,0,10421.76184,0
2026-09-30T14:30:00+00:00,10421.76184,0,0,10421.76184,0
2026-09-30T14:45:00+00:00,10421.76184,0,0,10421.76184,0
2026-09-30T15:00:00+00:00,10421.76184,0,0,10421.76184,0
2026-09-30T15:15:00+00:00,10421.76184,0,0,10421.76184,0
2026-09-30T15:30:00+00:00,10421.76184,0,0,10421.76184,0
2026-09-30T15:45:00+00:00,10421.76184,0,0,10421.76184,0
2026-09-30T16:00:00+00:00,10421.76184,0,0,10421.76184,0
2026-09-30T16:15:00+00:00,10421.76184,0,0,10421.76184,0
2026-09-30T16:30:00+00:00,10421.76184,0,0,10421.76184,0
2026-09-30T16:45:00+00:00,10421.76184,0,0,10421.76184,0
2026-09-30T17:00:00+00:00,10421.76184,0,0,10421.76184,0
2026-09-30T17:15:00+00:00,10421.76184,0,0,10421.76184,0
2026-09-30T17:30:00+00:00,10421.76184,0,0,10421.76184,0
2026-09-30T17:45:00+00:00,10421.76184,0,0,10421.76184,0
2026-09-30T18:00:00+00:00,10421.76184,0,0,10421.76184,0
2026-09-30T18:15:00+00:00,10421.76184,0,0,10421.76184,0
2026-09-30T18:30:00+00:00,10421.76184,0,0,10421.76184,0
2026-09-30T18:45:00+00:00,10421.76184,0,0,10421.76184,0
2026-09-30T19:00:00+00:00,10421.76184,0,0,10421.76184,0
2026-09-30T19:15:00+00:00,10421.76184,0,0,10421.76184,0
2026-09-30T19:30:00+00:00,10421.76184,0,0,10421.76184,0
2026-09-30T19:45:00+00:00,10421.76184,0,0,10421.76184,0
2026-09-30T20:00:00+00:00,10421.76184,0,0,10421.76184,0
2026-09-30T20:15:00+00:00,10421.76184,0,0,10421.76184,0
2026-09-30T20:30:00+00:00,10421.76184,0,0,10421.76184,0
2026-09-30T20:45:00+00:00,10421.76184,0,0,10421.76184,0
2026-09-30T21:00:00+00:00,10421.76184,0,0,10421.76184,0
2026-09-30T21:15:00+00:00,10421.76184,0,0,10421.76184,0
2026-09-30T21:30:00+00:00,10421.76184,0,0,10421.76184,0
2026-09-30T21:45:00+00:00,10421.76184,0,0,10421.76184,0
2026-09-30T22:00:00+00:00,10421.76184,0,0,10421.76184,0
2026-09-30T22:15:00+00:00,10421.76184,0,0,10421.76184,0
2026-09-30T22:30:00+00:00,6244.64588,4174.819814,14.87596436,10434.34166,1
2026-09-30T22:45:00+00:00,6244.64588,4174.819814,5.307469903,10424.77316,1
2026-09-30T23:00:00+00:00,6244.64588,4174.819814,14.4410328,10433.90673,1
2026-09-30T23:15:00+00:00,6244.64588,4174.819814,17.92048533,10437.38618,1
2026-09-30T23:30:00+00:00,6244.64588,4174.819814,15.74582749,10435.21152,1
2026-09-30T23:45:00+00:00,6244.64588,4174.819814,4.437606771,10423.9033,1
2026-10-01T00:00:00+00:00,6244.459644,4174.819814,-7.305545519,10411.97391,1
2026-10-01T00:15:00+00:00,6244.459644,4174.819814,3.567743638,10422.8472,1
2026-10-01T00:30:00+00:00,6244.459644,4174.819814,27.92391135,10447.20337,1
2026-10-01T00:45:00+00:00,6244.459644,4174.819814,13.1362381,10432.4157,1
2026-10-01T01:00:00+00:00,6244.459644,4174.819814,26.61911665,10445.89857,1
2026-10-01T01:15:00+00:00,6244.459644,4174.819814,43.14651617,10462.42597,1
2026-10-01T01:30:00+00:00,6244.459644,4174.819814,13.57116966,10432.85063,1
2026-10-01T01:45:00+00:00,6244.459644,4174.819814,1.393085807,10420.67254,1
2026-10-01T02:00:00+00:00,6244.459644,4174.819814,6.612264602,10425.89172,1
2026-10-01T02:15:00+00:00,6244.459644,4174.819814,17.48555376,10436.76501,1
2026-10-01T02:30:00+00:00,6244.459644,4174.819814,32.27322701,10451.55268,1
2026-10-01T02:45:00+00:00,10446.70192,0,0,10446.70192,0
2026-10-01T03:00:00+00:00,10446.70192,0,0,10446.70192,0
2026-10-01T03:15:00+00:00,10446.70192,0,0,10446.70192,0
2026-10-01T03:30:00+00:00,10446.70192,0,0,10446.70192,0
2026-10-01T03:45:00+00:00,10446.70192,0,0,10446.70192,0
2026-10-01T04:00:00+00:00,10446.70192,0,0,10446.70192,0
2026-10-01T04:15:00+00:00,10446.70192,0,0,10446.70192,0
2026-10-01T04:30:00+00:00,10446.70192,0,0,10446.70192,0
2026-10-01T04:45:00+00:00,10446.70192,0,0,10446.70192,0
2026-10-01T05:00:00+00:00,10446.70192,0,0,10446.70192,0
2026-10-01T05:15:00+00:00,10446.70192,0,0,10446.70192,0
2026-10-01T05:30:00+00:00,10446.70192,0,0,10446.70192,0
2026-10-01T05:45:00+00:00,10446.70192,0,0,10446.70192,0
2026-10-01T06:00:00+00:00,10446.70192,0,0,10446.70192,0
2026-10-01T06:15:00+00:00,10446.70192,0,0,10446.70192,0
2026-10-01T06:30:00+00:00,10446.70192,0,0,10446.70192,0
2026-10-01T06:45:00+00:00,10446.70192,0,0,10446.70192,0
2026-10-01T07:00:00+00:00,10446.70192,0,0,10446.70192,0
2026-10-01T07:15:00+00:00,10446.70192,0,0,10446.70192,0
2026-10-01T07:30:00+00:00,10446.70192,0,0,10446.70192,0
2026-10-01T07:45:00+00:00,10446.70192,0,0,10446.70192,0
2026-10-01T08:00:00+00:00,10446.70192,0,0,10446.70192,0
2026-10-01T08:15:00+00:00,10446.70192,0,0,10446.70192,0
2026-10-01T08:30:00+00:00,10446.70192,0,0,10446.70192,0
2026-10-01T08:45:00+00:00,10446.70192,0,0,10446.70192,0
2026-10-01T09:00:00+00:00,10446.70192,0,0,10446.70192,0
2026-10-01T09:15:00+00:00,10446.70192,0,0,10446.70192,0
2026-10-01T09:30:00+00:00,10446.70192,0,0,10446.70192,0
2026-10-01T09:45:00+00:00,10446.70192,0,0,10446.70192,0
2026-10-01T10:00:00+00:00,10446.70192,0,0,10446.70192,0
2026-10-01T10:15:00+00:00,10446.70192,0,0,10446.70192,0
2026-10-01T10:30:00+00:00,10446.70192,0,0,10446.70192,0
2026-10-01T10:45:00+00:00,10446.70192,0,0,10446.70192,0
2026-10-01T11:00:00+00:00,10446.70192,0,0,10446.70192,0
2026-10-01T11:15:00+00:00,10446.70192,0,0,10446.70192,0
2026-10-01T11:30:00+00:00,10446.70192,0,0,10446.70192,0
2026-10-01T11:45:00+00:00,10446.70192,0,0,10446.70192,0
2026-10-01T12:00:00+00:00,10446.70192,0,0,10446.70192,0
2026-10-01T12:15:00+00:00,10446.70192,0,0,10446.70192,0
2026-10-01T12:30:00+00:00,10446.70192,0,0,10446.70192,0
2026-10-01T12:45:00+00:00,10446.70192,0,0,10446.70192,0
2026-10-01T13:00:00+00:00,10446.70192,0,0,10446.70192,0
2026-10-01T13:15:00+00:00,10446.70192,0,0,10446.70192,0
2026-10-01T13:30:00+00:00,10446.70192,0,0,10446.70192,0
2026-10-01T13:45:00+00:00,10446.70192,0,0,10446.70192,0
2026-10-01T14:00:00+00:00,10446.70192,0,0,10446.70192,0
2026-10-01T14:15:00+00:00,10446.70192,0,0,10446.70192,0
2026-10-01T14:30:00+00:00,10446.70192,0,0,10446.70192,0
2026-10-01T14:45:00+00:00,10446.70192,0,0,10446.70192,0
2026-10-01T15:00:00+00:00,10446.70192,0,0,10446.70192,0
2026-10-01T15:15:00+00:00,10446.70192,0,0,10446.70192,0
2026-10-01T15:30:00+00:00,10446.70192,0,0,10446.70192,0
2026-10-01T15:45:00+00:00,10446.70192,0,0,10446.70192,0
2026-10-01T16:00:00+00:00,10446.70192,0,0,10446.70192,0
2026-10-01T16:15:00+00:00,10446.70192,0,0,10446.70192,0
2026-10-01T16:30:00+00:00,10446.70192,0,0,10446.70192,0
2026-10-01T16:45:00+00:00,10446.70192,0,0,10446.70192,0
2026-10-01T17:00:00+00:00,10446.70192,0,0,10446.70192,0
2026-10-01T17:15:00+00:00,10446.70192,0,0,10446.70192,0
2026-10-01T17:30:00+00:00,10446.70192,0,0,10446.70192,0
2026-10-01T17:45:00+00:00,10446.70192,0,0,10446.70192,0
2026-10-01T18:00:00+00:00,10446.70192,0,0,10446.70192,0
2026-10-01T18:15:00+00:00,10446.70192,0,0,10446.70192,0
2026-10-01T18:30:00+00:00,10446.70192,0,0,10446.70192,0
2026-10-01T18:45:00+00:00,10446.70192,0,0,10446.70192,0
2026-10-01T19:00:00+00:00,10446.70192,0,0,10446.70192,0
2026-10-01T19:15:00+00:00,10446.70192,0,0,10446.70192,0
2026-10-01T19:30:00+00:00,10446.70192,0,0,10446.70192,0
2026-10-01T19:45:00+00:00,10446.70192,0,0,10446.70192,0
2026-10-01T20:00:00+00:00,10446.70192,0,0,10446.70192,0
2026-10-01T20:15:00+00:00,10446.70192,0,0,10446.70192,0
2026-10-01T20:30:00+00:00,10446.70192,0,0,10446.70192,0
2026-10-01T20:45:00+00:00,10446.70192,0,0,10446.70192,0
2026-10-01T21:00:00+00:00,10446.70192,0,0,10446.70192,0
2026-10-01T21:15:00+00:00,10446.70192,0,0,10446.70192,0
2026-10-01T21:30:00+00:00,10446.70192,0,0,10446.70192,0
2026-10-01T21:45:00+00:00,10446.70192,0,0,10446.70192,0
2026-10-01T22:00:00+00:00,10446.70192,0,0,10446.70192,0
2026-10-01T22:15:00+00:00,10446.70192,0,0,10446.70192,0
2026-10-01T22:30:00+00:00,10446.70192,0,0,10446.70192,0
2026-10-01T22:45:00+00:00,10446.70192,0,0,10446.70192,0
2026-10-01T23:00:00+00:00,10446.70192,0,0,10446.70192,0
2026-10-01T23:15:00+00:00,10446.70192,0,0,10446.70192,0
2026-10-01T23:30:00+00:00,10446.70192,0,0,10446.70192,0
2026-10-01T23:45:00+00:00,10446.70192,0,0,10446.70192,0
2026-10-02T00:00:00+00:00,10446.70192,0,0,10446.70192,0
2026-10-02T00:15:00+00:00,10446.70192,0,0,10446.70192,0
2026-10-02T00:30:00+00:00,10446.70192,0,0,10446.70192,0
2026-10-02T00:45:00+00:00,10446.70192,0,0,10446.70192,0
2026-10-02T01:00:00+00:00,10446.70192,0,0,10446.70192,0
2026-10-02T01:15:00+00:00,10446.70192,0,0,10446.70192,0
2026-10-02T01:30:00+00:00,10446.70192,0,0,10446.70192,0
2026-10-02T01:45:00+00:00,10446.70192,0,0,10446.70192,0
2026-10-02T02:00:00+00:00,10446.70192,0,0,10446.70192,0
2026-10-02T02:15:00+00:00,10446.70192,0,0,10446.70192,0
2026-10-02T02:30:00+00:00,10446.70192,0,0,10446.70192,0
2026-10-02T02:45:00+00:00,10446.70192,0,0,10446.70192,0
2026-10-02T03:00:00+00:00,10446.70192,0,0,10446.70192,0
2026-10-02T03:15:00+00:00,10446.70192,0,0,10446.70192,0
2026-10-02T03:30:00+00:00,10446.70192,0,0,10446.70192,0
2026-10-02T03:45:00+00:00,10446.70192,0,0,10446.70192,0
2026-10-02T04:00:00+00:00,10446.70192,0,0,10446.70192,0
2026-10-02T04:15:00+00:00,10446.70192,0,0,10446.70192,0
2026-10-02T04:30:00+00:00,10446.70192,0,0,10446.70192,0
2026-10-02T04:45:00+00:00,10446.70192,0,0,10446.70192,0
2026-10-02T05:00:00+00:00,10446.70192,0,0,10446.70192,0
2026-10-02T05:15:00+00:00,10446.70192,0,0,10446.70192,0
2026-10-02T05:30:00+00:00,10446.70192,0,0,10446.70192,0
2026-10-02T05:45:00+00:00,10446.70192,0,0,10446.70192,0
2026-10-02T06:00:00+00:00,10446.70192,0,0,10446.70192,0
2026-10-02T06:15:00+00:00,10446.70192,0,0,10446.70192,0
2026-10-02T06:30:00+00:00,10446.70192,0,0,10446.70192,0
2026-10-02T06:45:00+00:00,10446.70192,0,0,10446.70192,0
2026-10-02T07:00:00+00:00,10446.70192,0,0,10446.70192,0
2026-10-02T07:15:00+00:00,10446.70192,0,0,10446.70192,0
2026-10-02T07:30:00+00:00,10446.70192,0,0,10446.70192,0
2026-10-02T07:45:00+00:00,10446.70192,0,0,10446.70192,0
2026-10-02T08:00:00+00:00,10446.70192,0,0,10446.70192,0
2026-10-02T08:15:00+00:00,10446.70192,0,0,10446.70192,0
2026-10-02T08:30:00+00:00,10446.70192,0,0,10446.70192,0
2026-10-02T08:45:00+00:00,10446.70192,0,0,10446.70192,0
2026-10-02T09:00:00+00:00,10446.70192,0,0,10446.70192,0
2026-10-02T09:15:00+00:00,10446.70192,0,0,10446.70192,0
2026-10-02T09:30:00+00:00,10446.70192,0,0,10446.70192,0
2026-10-02T09:45:00+00:00,10446.70192,0,0,10446.70192,0
2026-10-02T10:00:00+00:00,10446.70192,0,0,10446.70192,0
2026-10-02T10:15:00+00:00,10446.70192,0,0,10446.70192,0
2026-10-02T10:30:00+00:00,10446.70192,0,0,10446.70192,0
2026-10-02T10:45:00+00:00,10446.70192,0,0,10446.70192,0
2026-10-02T11:00:00+00:00,10446.70192,0,0,10446.70192,0
2026-10-02T11:15:00+00:00,10446.70192,0,0,10446.70192,0
2026-10-02T11:30:00+00:00,10446.70192,0,0,10446.70192,0
2026-10-02T11:45:00+00:00,10446.70192,0,0,10446.70192,0
2026-10-02T12:00:00+00:00,10446.70192,0,0,10446.70192,0
2026-10-02T12:15:00+00:00,10446.70192,0,0,10446.70192,0
2026-10-02T12:30:00+00:00,10446.70192,0,0,10446.70192,0
2026-10-02T12:45:00+00:00,10446.70192,0,0,10446.70192,0
2026-10-02T13:00:00+00:00,10446.70192,0,0,10446.70192,0
2026-10-02T13:15:00+00:00,10446.70192,0,0,10446.70192,0
2026-10-02T13:30:00+00:00,10446.70192,0,0,10446.70192,0
2026-10-02T13:45:00+00:00,10446.70192,0,0,10446.70192,0
2026-10-02T14:00:00+00:00,10446.70192,0,0,10446.70192,0
2026-10-02T14:15:00+00:00,10446.70192,0,0,10446.70192,0
2026-10-02T14:30:00+00:00,10446.70192,0,0,10446.70192,0
2026-10-02T14:45:00+00:00,10446.70192,0,0,10446.70192,0
2026-10-02T15:00:00+00:00,10446.70192,0,0,10446.70192,0
2026-10-02T15:15:00+00:00,10446.70192,0,0,10446.70192,0
2026-10-02T15:30:00+00:00,10446.70192,0,0,10446.70192,0
2026-10-02T15:45:00+00:00,10446.70192,0,0,10446.70192,0
2026-10-02T16:00:00+00:00,10446.70192,0,0,10446.70192,0
2026-10-02T16:15:00+00:00,10446.70192,0,0,10446.70192,0
2026-10-02T16:30:00+00:00,10446.70192,0,0,10446.70192,0
2026-10-02T16:45:00+00:00,10446.70192,0,0,10446.70192,0
2026-10-02T17:00:00+00:00,10446.70192,0,0,10446.70192,0
2026-10-02T17:15:00+00:00,10446.70192,0,0,10446.70192,0
2026-10-02T17:30:00+00:00,10446.70192,0,0,10446.70192,0
2026-10-02T17:45:00+00:00,10446.70192,0,0,10446.70192,0
2026-10-02T18:00:00+00:00,7084.013639,3360.839817,-30.06482546,10414.78863,1
2026-10-02T18:15:00+00:00,10336.96814,0,0,10336.96814,0
2026-10-02T18:30:00+00:00,10336.96814,0,0,10336.96814,0
2026-10-02T18:45:00+00:00,10336.96814,0,0,10336.96814,0
2026-10-02T19:00:00+00:00,6731.414541,3603.571636,-12.73288016,10322.2533,1
2026-10-02T19:15:00+00:00,6731.414541,3603.571636,-0.1932390842,10334.79294,1
2026-10-02T19:30:00+00:00,6731.414541,3603.571636,8.16652163,10343.1527,1
2026-10-02T19:45:00+00:00,6731.414541,3603.571636,-0.8362976007,10334.14988,1
2026-10-02T20:00:00+00:00,6731.414541,3603.571636,8.16652163,10343.1527,1
2026-10-02T20:15:00+00:00,3367.445755,6965.691257,17.53746578,10350.67448,2
2026-10-02T20:30:00+00:00,3367.445755,6965.691257,6.843634343,10339.98065,2
2026-10-02T20:45:00+00:00,3367.445755,6965.691257,-9.030468377,10324.10654,2
2026-10-02T21:00:00+00:00,0,10329.10287,40.10588387,10369.20876,3
2026-10-02T21:15:00+00:00,0,10329.10287,-11.11861958,10317.98425,3
2026-10-02T21:30:00+00:00,0,10329.10287,54.35035768,10383.45323,3
2026-10-02T21:45:00+00:00,0,10329.10287,63.82691379,10392.92979,3
2026-10-02T22:00:00+00:00,0,10329.10287,23.37258499,10352.47546,3
2026-10-02T22:15:00+00:00,0,10329.10287,54.86533829,10383.96821,3
2026-10-02T22:30:00+00:00,0,10329.10287,64.16884356,10393.27172,3
2026-10-02T22:45:00+00:00,0,10329.10287,83.55330953,10412.65618,3
2026-10-02T23:00:00+00:00,0,10329.10287,73.87158555,10402.97446,3
2026-10-02T23:15:00+00:00,3609.552785,6725.531236,80.39304373,10415.47706,2
2026-10-02T23:30:00+00:00,3609.552785,6725.531236,100.8420916,10435.92611,2
2026-10-02T23:45:00+00:00,3609.552785,6725.531236,94.61290202,10429.69692,2
2026-10-03T00:00:00+00:00,3610.005638,6725.531236,114.5406503,10450.07752,2
2026-10-03T00:15:00+00:00,3610.005638,6725.531236,139.2466254,10474.7835,2
2026-10-03T00:30:00+00:00,7032.227071,3363.411615,80.42849281,10476.06718,1
2026-10-03T00:45:00+00:00,7032.227071,3363.411615,75.44514114,10471.08383,1
2026-10-03T01:00:00+00:00,7032.227071,3363.411615,94.13270991,10489.7714,1
2026-10-03T01:15:00+00:00,10481.97306,0,0,10481.97306,0
2026-10-03T01:30:00+00:00,10481.97306,0,0,10481.97306,0
